solid OpenSCAD_Model
  facet normal 0 -1 0
    outer loop
      vertex -47.5488 11 0
      vertex 47.2127 11 2.5
      vertex -47.5488 11 2.5
    endloop
  endfacet
  facet normal 0 -1 -0
    outer loop
      vertex 47.2127 11 2.5
      vertex -47.5488 11 0
      vertex 47.2127 11 0
    endloop
  endfacet
  facet normal 0 1 -0
    outer loop
      vertex 50 21 0
      vertex -50 21 2.5
      vertex 50 21 2.5
    endloop
  endfacet
  facet normal 0 1 0
    outer loop
      vertex -50 21 2.5
      vertex 50 21 0
      vertex -50 21 0
    endloop
  endfacet
  facet normal 0.751771 0.659424 0
    outer loop
      vertex 53.9668 19.0438 2.5
      vertex 53.5355 19.5355 0
      vertex 53.5355 19.5355 2.5
    endloop
  endfacet
  facet normal 0.751771 0.659424 0
    outer loop
      vertex 53.5355 19.5355 0
      vertex 53.9668 19.0438 2.5
      vertex 53.9668 19.0438 0
    endloop
  endfacet
  facet normal -0.659424 0.751771 0
    outer loop
      vertex -53.0438 19.9668 0
      vertex -53.5355 19.5355 2.5
      vertex -53.0438 19.9668 2.5
    endloop
  endfacet
  facet normal -0.659424 0.751771 0
    outer loop
      vertex -53.5355 19.5355 2.5
      vertex -53.0438 19.9668 0
      vertex -53.5355 19.5355 0
    endloop
  endfacet
  facet normal 0 0 1
    outer loop
      vertex 63.27 5.65 2.5
      vertex 66.07 5.65 2.5
      vertex 66.0315 6.23737 2.5
    endloop
  endfacet
  facet normal 0 0 1
    outer loop
      vertex 63.2555 5.87189 2.5
      vertex 66.0315 6.23737 2.5
      vertex 65.9167 6.81469 2.5
    endloop
  endfacet
  facet normal 0 0 1
    outer loop
      vertex 66.07 5.65 2.5
      vertex 63.27 5.65 2.5
      vertex 66.0315 5.06263 2.5
    endloop
  endfacet
  facet normal 0 0 1
    outer loop
      vertex 63.2121 6.08999 2.5
      vertex 65.9167 6.81469 2.5
      vertex 65.7275 7.37208 2.5
    endloop
  endfacet
  facet normal -0 0 1
    outer loop
      vertex 63.2555 5.42811 2.5
      vertex 66.0315 5.06263 2.5
      vertex 63.27 5.65 2.5
    endloop
  endfacet
  facet normal 0 0 1
    outer loop
      vertex 63.1406 6.30056 2.5
      vertex 65.7275 7.37208 2.5
      vertex 65.4671 7.9 2.5
    endloop
  endfacet
  facet normal 0 0 1
    outer loop
      vertex 66.0315 5.06263 2.5
      vertex 63.2555 5.42811 2.5
      vertex 65.9167 4.48531 2.5
    endloop
  endfacet
  facet normal 0 0 1
    outer loop
      vertex 63.0422 6.5 2.5
      vertex 65.4671 7.9 2.5
      vertex 65.1401 8.38943 2.5
    endloop
  endfacet
  facet normal 0 0 1
    outer loop
      vertex 62.9187 6.68489 2.5
      vertex 65.1401 8.38943 2.5
      vertex 64.752 8.83198 2.5
    endloop
  endfacet
  facet normal 0 0 1
    outer loop
      vertex 62.7721 6.85208 2.5
      vertex 64.752 8.83198 2.5
      vertex 64.3094 9.22009 2.5
    endloop
  endfacet
  facet normal 0 0 1
    outer loop
      vertex 66.0315 6.23737 2.5
      vertex 63.2555 5.87189 2.5
      vertex 63.27 5.65 2.5
    endloop
  endfacet
  facet normal 0 0 1
    outer loop
      vertex 62.6049 6.9987 2.5
      vertex 64.3094 9.22009 2.5
      vertex 63.82 9.54711 2.5
    endloop
  endfacet
  facet normal 0 0 1
    outer loop
      vertex 63.27 -3.7 2.5
      vertex 66.07 -3.7 2.5
      vertex 66.0315 -3.11263 2.5
    endloop
  endfacet
  facet normal 0 0 1
    outer loop
      vertex 63.2555 -3.47811 2.5
      vertex 66.0315 -3.11263 2.5
      vertex 65.9167 -2.53531 2.5
    endloop
  endfacet
  facet normal 0 0 1
    outer loop
      vertex 66.07 -3.7 2.5
      vertex 63.27 -3.7 2.5
      vertex 66.0315 -4.28737 2.5
    endloop
  endfacet
  facet normal 0 0 1
    outer loop
      vertex 63.2121 -3.26001 2.5
      vertex 65.9167 -2.53531 2.5
      vertex 65.7275 -1.97793 2.5
    endloop
  endfacet
  facet normal -0 0 1
    outer loop
      vertex 63.2555 -3.9219 2.5
      vertex 66.0315 -4.28737 2.5
      vertex 63.27 -3.7 2.5
    endloop
  endfacet
  facet normal 0 0 1
    outer loop
      vertex 63.1406 -3.04944 2.5
      vertex 65.7275 -1.97793 2.5
      vertex 65.4671 -1.45 2.5
    endloop
  endfacet
  facet normal 0 0 1
    outer loop
      vertex 66.0315 -4.28737 2.5
      vertex 63.2555 -3.9219 2.5
      vertex 65.9167 -4.86469 2.5
    endloop
  endfacet
  facet normal -0 0 1
    outer loop
      vertex 63.2121 -4.13999 2.5
      vertex 65.9167 -4.86469 2.5
      vertex 63.2555 -3.9219 2.5
    endloop
  endfacet
  facet normal -0 0 1
    outer loop
      vertex 63.1406 -4.35056 2.5
      vertex 65.7275 -5.42208 2.5
      vertex 63.2121 -4.13999 2.5
    endloop
  endfacet
  facet normal 0 0 1
    outer loop
      vertex 65.7275 -5.42208 2.5
      vertex 63.1406 -4.35056 2.5
      vertex 65.4671 -5.95 2.5
    endloop
  endfacet
  facet normal 0 0 1
    outer loop
      vertex 62.6049 -2.3513 2.5
      vertex 65.4671 -1.45 2.5
      vertex 64.1764 0.862007 2.5
    endloop
  endfacet
  facet normal 0 0 1
    outer loop
      vertex 65.9167 4.48531 2.5
      vertex 63.2121 5.21001 2.5
      vertex 65.7275 3.92793 2.5
    endloop
  endfacet
  facet normal 0 0 1
    outer loop
      vertex 65.7275 3.92793 2.5
      vertex 63.1406 4.99944 2.5
      vertex 65.4671 3.4 2.5
    endloop
  endfacet
  facet normal 0 0 1
    outer loop
      vertex 62.42 7.12224 2.5
      vertex 63.82 9.54711 2.5
      vertex 63.2921 9.80746 2.5
    endloop
  endfacet
  facet normal -0 0 1
    outer loop
      vertex 63.1406 4.99944 2.5
      vertex 65.7275 3.92793 2.5
      vertex 63.2121 5.21001 2.5
    endloop
  endfacet
  facet normal 0 0 1
    outer loop
      vertex 66.0315 -3.11263 2.5
      vertex 63.2555 -3.47811 2.5
      vertex 63.27 -3.7 2.5
    endloop
  endfacet
  facet normal -0 0 1
    outer loop
      vertex 63.2121 5.21001 2.5
      vertex 65.9167 4.48531 2.5
      vertex 63.2555 5.42811 2.5
    endloop
  endfacet
  facet normal 0 0 1
    outer loop
      vertex 65.9167 6.81469 2.5
      vertex 63.2121 6.08999 2.5
      vertex 63.2555 5.87189 2.5
    endloop
  endfacet
  facet normal 0 0 1
    outer loop
      vertex 65.7275 7.37208 2.5
      vertex 63.1406 6.30056 2.5
      vertex 63.2121 6.08999 2.5
    endloop
  endfacet
  facet normal 0 0 1
    outer loop
      vertex 65.4671 7.9 2.5
      vertex 63.0422 6.5 2.5
      vertex 63.1406 6.30056 2.5
    endloop
  endfacet
  facet normal 0 0 1
    outer loop
      vertex 65.1401 8.38943 2.5
      vertex 62.9187 6.68489 2.5
      vertex 63.0422 6.5 2.5
    endloop
  endfacet
  facet normal 0 0 1
    outer loop
      vertex 64.752 8.83198 2.5
      vertex 62.7721 6.85208 2.5
      vertex 62.9187 6.68489 2.5
    endloop
  endfacet
  facet normal 0 0 1
    outer loop
      vertex 62.2206 7.2206 2.5
      vertex 63.2921 9.80746 2.5
      vertex 62.7347 9.99667 2.5
    endloop
  endfacet
  facet normal 0 0 1
    outer loop
      vertex 64.3094 9.22009 2.5
      vertex 62.6049 6.9987 2.5
      vertex 62.7721 6.85208 2.5
    endloop
  endfacet
  facet normal 0 0 1
    outer loop
      vertex 63.82 9.54711 2.5
      vertex 62.42 7.12224 2.5
      vertex 62.6049 6.9987 2.5
    endloop
  endfacet
  facet normal 0 0 1
    outer loop
      vertex 63.2921 9.80746 2.5
      vertex 62.2206 7.2206 2.5
      vertex 62.42 7.12224 2.5
    endloop
  endfacet
  facet normal 0 0 1
    outer loop
      vertex 62.01 7.29207 2.5
      vertex 62.7347 9.99667 2.5
      vertex 62.1574 10.1115 2.5
    endloop
  endfacet
  facet normal 0 0 1
    outer loop
      vertex 62.7347 9.99667 2.5
      vertex 62.01 7.29207 2.5
      vertex 62.2206 7.2206 2.5
    endloop
  endfacet
  facet normal 0 0 1
    outer loop
      vertex 62.1574 10.1115 2.5
      vertex 61.7919 7.33546 2.5
      vertex 62.01 7.29207 2.5
    endloop
  endfacet
  facet normal 0 0 1
    outer loop
      vertex 61.57 10.15 2.5
      vertex 61.7919 7.33546 2.5
      vertex 62.1574 10.1115 2.5
    endloop
  endfacet
  facet normal 0 0 1
    outer loop
      vertex 61.57 10.15 2.5
      vertex 61.57 7.35 2.5
      vertex 61.7919 7.33546 2.5
    endloop
  endfacet
  facet normal 0 0 1
    outer loop
      vertex 61.57 10.15 2.5
      vertex 61.3481 7.33546 2.5
      vertex 61.57 7.35 2.5
    endloop
  endfacet
  facet normal -0 0 1
    outer loop
      vertex 60.9826 10.1115 2.5
      vertex 61.3481 7.33546 2.5
      vertex 61.57 10.15 2.5
    endloop
  endfacet
  facet normal 0 0 1
    outer loop
      vertex 61.3481 7.33546 2.5
      vertex 60.9826 10.1115 2.5
      vertex 61.13 7.29207 2.5
    endloop
  endfacet
  facet normal -0 0 1
    outer loop
      vertex 60.4053 9.99667 2.5
      vertex 61.13 7.29207 2.5
      vertex 60.9826 10.1115 2.5
    endloop
  endfacet
  facet normal 0 0 1
    outer loop
      vertex 61.13 7.29207 2.5
      vertex 60.4053 9.99667 2.5
      vertex 60.9194 7.2206 2.5
    endloop
  endfacet
  facet normal -0 0 1
    outer loop
      vertex 59.8479 9.80746 2.5
      vertex 60.9194 7.2206 2.5
      vertex 60.4053 9.99667 2.5
    endloop
  endfacet
  facet normal 0 0 1
    outer loop
      vertex 60.9194 7.2206 2.5
      vertex 59.8479 9.80746 2.5
      vertex 60.72 7.12224 2.5
    endloop
  endfacet
  facet normal 0 0 1
    outer loop
      vertex -65.6649 -5.0487 2.5
      vertex -67.3694 -7.27009 2.5
      vertex -66.88 -7.59711 2.5
    endloop
  endfacet
  facet normal 0 0 1
    outer loop
      vertex -66.2006 -3.04944 2.5
      vertex -68.7875 -1.97793 2.5
      vertex -66.2721 -3.26001 2.5
    endloop
  endfacet
  facet normal 0 0 1
    outer loop
      vertex -66.3155 -3.47811 2.5
      vertex -67.812 -6.88198 2.5
      vertex -67.3694 -7.27009 2.5
    endloop
  endfacet
  facet normal 0 0 1
    outer loop
      vertex -66.3155 -3.47811 2.5
      vertex -68.2001 -6.43943 2.5
      vertex -67.812 -6.88198 2.5
    endloop
  endfacet
  facet normal -0 0 1
    outer loop
      vertex -68.9767 -2.53531 2.5
      vertex -66.2721 -3.26001 2.5
      vertex -68.7875 -1.97793 2.5
    endloop
  endfacet
  facet normal 0 0 1
    outer loop
      vertex -66.3155 -3.47811 2.5
      vertex -68.5271 -5.95 2.5
      vertex -68.2001 -6.43943 2.5
    endloop
  endfacet
  facet normal 0 0 1
    outer loop
      vertex -66.2721 -3.26001 2.5
      vertex -68.9767 -2.53531 2.5
      vertex -66.3155 -3.47811 2.5
    endloop
  endfacet
  facet normal 0 0 1
    outer loop
      vertex -66.3155 -3.47811 2.5
      vertex -68.7875 -5.42208 2.5
      vertex -68.5271 -5.95 2.5
    endloop
  endfacet
  facet normal -0 0 1
    outer loop
      vertex -69.0915 -3.11263 2.5
      vertex -66.3155 -3.47811 2.5
      vertex -68.9767 -2.53531 2.5
    endloop
  endfacet
  facet normal 0 0 1
    outer loop
      vertex -66.3155 -3.47811 2.5
      vertex -68.9767 -4.86469 2.5
      vertex -68.7875 -5.42208 2.5
    endloop
  endfacet
  facet normal 0 0 1
    outer loop
      vertex -69.13 -3.7 2.5
      vertex -66.3155 -3.47811 2.5
      vertex -69.0915 -3.11263 2.5
    endloop
  endfacet
  facet normal 0 0 1
    outer loop
      vertex -66.3155 -3.47811 2.5
      vertex -69.0915 -4.28737 2.5
      vertex -68.9767 -4.86469 2.5
    endloop
  endfacet
  facet normal 0 0 1
    outer loop
      vertex -66.3155 -3.47811 2.5
      vertex -69.13 -3.7 2.5
      vertex -69.0915 -4.28737 2.5
    endloop
  endfacet
  facet normal 0 0 1
    outer loop
      vertex -64.9982 -2.04364 2.5
      vertex -55.5906 0.620123 2.5
      vertex -64.7028 3.95477 2.5
    endloop
  endfacet
  facet normal 0 0 1
    outer loop
      vertex -66.8921 0.877804 2.5
      vertex -64.7028 3.95477 2.5
      vertex -64.8519 3.96454 2.5
    endloop
  endfacet
  facet normal 0 0 1
    outer loop
      vertex -55.5906 0.620123 2.5
      vertex -64.9982 -2.04364 2.5
      vertex -63.2672 -4.71382 2.5
    endloop
  endfacet
  facet normal 0 0 1
    outer loop
      vertex -66.8921 0.877804 2.5
      vertex -64.8519 3.96454 2.5
      vertex -65.07 4.00793 2.5
    endloop
  endfacet
  facet normal 0 0 1
    outer loop
      vertex -64.7028 3.95477 2.5
      vertex -66.8921 0.877804 2.5
      vertex -64.9982 -2.04364 2.5
    endloop
  endfacet
  facet normal 0 0 1
    outer loop
      vertex -66.8921 0.877804 2.5
      vertex -65.07 4.00793 2.5
      vertex -65.2806 4.0794 2.5
    endloop
  endfacet
  facet normal 0 0 1
    outer loop
      vertex -64.9982 -2.04364 2.5
      vertex -66.8921 0.877804 2.5
      vertex -65.07 -2.05793 2.5
    endloop
  endfacet
  facet normal 0 0 1
    outer loop
      vertex -66.8921 0.877804 2.5
      vertex -65.2806 4.0794 2.5
      vertex -65.48 4.17776 2.5
    endloop
  endfacet
  facet normal 0 0 1
    outer loop
      vertex -65.07 -2.05793 2.5
      vertex -66.8921 0.877804 2.5
      vertex -65.2806 -2.12941 2.5
    endloop
  endfacet
  facet normal 0 0 1
    outer loop
      vertex -66.8921 0.877804 2.5
      vertex -65.48 4.17776 2.5
      vertex -65.6649 4.3013 2.5
    endloop
  endfacet
  facet normal 0 0 1
    outer loop
      vertex -65.2806 -2.12941 2.5
      vertex -66.8921 0.877804 2.5
      vertex -65.48 -2.22776 2.5
    endloop
  endfacet
  facet normal 0 0 1
    outer loop
      vertex -66.8921 0.877804 2.5
      vertex -65.6649 4.3013 2.5
      vertex -65.8321 4.44792 2.5
    endloop
  endfacet
  facet normal -0 0 1
    outer loop
      vertex -68.2001 -0.960574 2.5
      vertex -65.48 -2.22776 2.5
      vertex -66.8921 0.877804 2.5
    endloop
  endfacet
  facet normal 0 0 1
    outer loop
      vertex -66.8921 0.877804 2.5
      vertex -65.8321 4.44792 2.5
      vertex -65.9787 4.61511 2.5
    endloop
  endfacet
  facet normal 0 0 1
    outer loop
      vertex -65.48 -2.22776 2.5
      vertex -68.2001 -0.960574 2.5
      vertex -65.6649 -2.3513 2.5
    endloop
  endfacet
  facet normal 0 0 1
    outer loop
      vertex -66.8921 0.877804 2.5
      vertex -65.9787 4.61511 2.5
      vertex -66.1022 4.8 2.5
    endloop
  endfacet
  facet normal 0 0 1
    outer loop
      vertex -65.6649 -2.3513 2.5
      vertex -68.2001 -0.960574 2.5
      vertex -65.8321 -2.49792 2.5
    endloop
  endfacet
  facet normal 0 0 1
    outer loop
      vertex -66.8921 0.877804 2.5
      vertex -66.1022 4.8 2.5
      vertex -66.2006 4.99944 2.5
    endloop
  endfacet
  facet normal 0 0 1
    outer loop
      vertex -65.8321 -2.49792 2.5
      vertex -68.2001 -0.960574 2.5
      vertex -65.9787 -2.66511 2.5
    endloop
  endfacet
  facet normal 0 0 1
    outer loop
      vertex -66.8921 0.877804 2.5
      vertex -66.2006 4.99944 2.5
      vertex -66.2721 5.21001 2.5
    endloop
  endfacet
  facet normal 0 0 1
    outer loop
      vertex -65.9787 -2.66511 2.5
      vertex -68.2001 -0.960574 2.5
      vertex -66.1022 -2.85 2.5
    endloop
  endfacet
  facet normal 0 0 1
    outer loop
      vertex -66.8921 0.877804 2.5
      vertex -66.2721 5.21001 2.5
      vertex -66.3155 5.42811 2.5
    endloop
  endfacet
  facet normal -0 0 1
    outer loop
      vertex -68.5271 -1.45 2.5
      vertex -66.1022 -2.85 2.5
      vertex -68.2001 -0.960574 2.5
    endloop
  endfacet
  facet normal 0 0 1
    outer loop
      vertex -66.8921 0.877804 2.5
      vertex -66.3155 5.42811 2.5
      vertex -66.33 5.65 2.5
    endloop
  endfacet
  facet normal 0 0 1
    outer loop
      vertex -66.1022 -2.85 2.5
      vertex -68.5271 -1.45 2.5
      vertex -66.2006 -3.04944 2.5
    endloop
  endfacet
  facet normal -0 0 1
    outer loop
      vertex -63.5951 -5.0487 2.5
      vertex -61.7117 -7.11326 2.5
      vertex -63.4279 -4.90208 2.5
    endloop
  endfacet
  facet normal 0 0 1
    outer loop
      vertex -61.7117 -7.11326 2.5
      vertex -63.5951 -5.0487 2.5
      vertex -61.8906 -7.27009 2.5
    endloop
  endfacet
  facet normal 0 0 1
    outer loop
      vertex -61.8906 -7.27009 2.5
      vertex -63.5951 -5.0487 2.5
      vertex -62.38 -7.59711 2.5
    endloop
  endfacet
  facet normal -0 0 1
    outer loop
      vertex -63.78 -5.17224 2.5
      vertex -62.38 -7.59711 2.5
      vertex -63.5951 -5.0487 2.5
    endloop
  endfacet
  facet normal 0 0 1
    outer loop
      vertex -62.38 -7.59711 2.5
      vertex -63.78 -5.17224 2.5
      vertex -62.9079 -7.85746 2.5
    endloop
  endfacet
  facet normal -0 0 1
    outer loop
      vertex -63.9794 -5.2706 2.5
      vertex -62.9079 -7.85746 2.5
      vertex -63.78 -5.17224 2.5
    endloop
  endfacet
  facet normal 0 0 1
    outer loop
      vertex -62.9079 -7.85746 2.5
      vertex -63.9794 -5.2706 2.5
      vertex -63.4653 -8.04667 2.5
    endloop
  endfacet
  facet normal -0 0 1
    outer loop
      vertex -64.19 -5.34207 2.5
      vertex -63.4653 -8.04667 2.5
      vertex -63.9794 -5.2706 2.5
    endloop
  endfacet
  facet normal 0 0 1
    outer loop
      vertex -63.4653 -8.04667 2.5
      vertex -64.19 -5.34207 2.5
      vertex -64.0426 -8.1615 2.5
    endloop
  endfacet
  facet normal -0 0 1
    outer loop
      vertex -64.4081 -5.38546 2.5
      vertex -64.0426 -8.1615 2.5
      vertex -64.19 -5.34207 2.5
    endloop
  endfacet
  facet normal -0 0 1
    outer loop
      vertex -64.63 -5.4 2.5
      vertex -64.0426 -8.1615 2.5
      vertex -64.4081 -5.38546 2.5
    endloop
  endfacet
  facet normal 0 0 1
    outer loop
      vertex -64.63 -5.4 2.5
      vertex -64.63 -8.2 2.5
      vertex -64.0426 -8.1615 2.5
    endloop
  endfacet
  facet normal 0 0 1
    outer loop
      vertex -64.8519 -5.38546 2.5
      vertex -64.63 -8.2 2.5
      vertex -64.63 -5.4 2.5
    endloop
  endfacet
  facet normal 0 0 1
    outer loop
      vertex -65.2174 -8.1615 2.5
      vertex -64.8519 -5.38546 2.5
      vertex -65.07 -5.34207 2.5
    endloop
  endfacet
  facet normal 0 0 1
    outer loop
      vertex -64.8519 -5.38546 2.5
      vertex -65.2174 -8.1615 2.5
      vertex -64.63 -8.2 2.5
    endloop
  endfacet
  facet normal 0 0 1
    outer loop
      vertex -65.7947 -8.04667 2.5
      vertex -65.07 -5.34207 2.5
      vertex -65.2806 -5.2706 2.5
    endloop
  endfacet
  facet normal 0 0 1
    outer loop
      vertex -66.3521 -7.85746 2.5
      vertex -65.2806 -5.2706 2.5
      vertex -65.48 -5.17224 2.5
    endloop
  endfacet
  facet normal 0 0 1
    outer loop
      vertex -66.88 -7.59711 2.5
      vertex -65.48 -5.17224 2.5
      vertex -65.6649 -5.0487 2.5
    endloop
  endfacet
  facet normal 0 0 1
    outer loop
      vertex -65.07 -5.34207 2.5
      vertex -65.7947 -8.04667 2.5
      vertex -65.2174 -8.1615 2.5
    endloop
  endfacet
  facet normal 0 0 1
    outer loop
      vertex -67.3694 -7.27009 2.5
      vertex -65.6649 -5.0487 2.5
      vertex -65.8321 -4.90208 2.5
    endloop
  endfacet
  facet normal 0 0 1
    outer loop
      vertex -67.3694 -7.27009 2.5
      vertex -65.8321 -4.90208 2.5
      vertex -65.9787 -4.73489 2.5
    endloop
  endfacet
  facet normal 0 0 1
    outer loop
      vertex -67.3694 -7.27009 2.5
      vertex -65.9787 -4.73489 2.5
      vertex -66.1022 -4.55 2.5
    endloop
  endfacet
  facet normal 0 0 1
    outer loop
      vertex -67.3694 -7.27009 2.5
      vertex -66.1022 -4.55 2.5
      vertex -66.2006 -4.35056 2.5
    endloop
  endfacet
  facet normal 0 0 1
    outer loop
      vertex -67.3694 -7.27009 2.5
      vertex -66.2006 -4.35056 2.5
      vertex -66.2721 -4.13999 2.5
    endloop
  endfacet
  facet normal 0 0 1
    outer loop
      vertex -67.3694 -7.27009 2.5
      vertex -66.2721 -4.13999 2.5
      vertex -66.3155 -3.9219 2.5
    endloop
  endfacet
  facet normal 0 0 1
    outer loop
      vertex -65.2806 -5.2706 2.5
      vertex -66.3521 -7.85746 2.5
      vertex -65.7947 -8.04667 2.5
    endloop
  endfacet
  facet normal 0 0 1
    outer loop
      vertex -67.3694 -7.27009 2.5
      vertex -66.3155 -3.9219 2.5
      vertex -66.33 -3.7 2.5
    endloop
  endfacet
  facet normal -0 0 1
    outer loop
      vertex -68.7875 -1.97793 2.5
      vertex -66.2006 -3.04944 2.5
      vertex -68.5271 -1.45 2.5
    endloop
  endfacet
  facet normal 0 0 1
    outer loop
      vertex -68.5271 3.4 2.5
      vertex -66.3521 9.80746 2.5
      vertex -66.88 9.54711 2.5
    endloop
  endfacet
  facet normal 0 0 1
    outer loop
      vertex -66.3155 -3.47811 2.5
      vertex -67.3694 -7.27009 2.5
      vertex -66.33 -3.7 2.5
    endloop
  endfacet
  facet normal 0 0 1
    outer loop
      vertex -65.48 -5.17224 2.5
      vertex -66.88 -7.59711 2.5
      vertex -66.3521 -7.85746 2.5
    endloop
  endfacet
  facet normal 0 0 1
    outer loop
      vertex -68.5271 3.4 2.5
      vertex -66.88 9.54711 2.5
      vertex -67.3694 9.22009 2.5
    endloop
  endfacet
  facet normal 0 0 1
    outer loop
      vertex -68.5271 3.4 2.5
      vertex -67.3694 9.22009 2.5
      vertex -67.812 8.83198 2.5
    endloop
  endfacet
  facet normal 0 0 1
    outer loop
      vertex -68.5271 3.4 2.5
      vertex -67.812 8.83198 2.5
      vertex -68.2001 8.38943 2.5
    endloop
  endfacet
  facet normal 0 0 1
    outer loop
      vertex -68.5271 3.4 2.5
      vertex -68.2001 8.38943 2.5
      vertex -68.5271 7.9 2.5
    endloop
  endfacet
  facet normal 0 0 1
    outer loop
      vertex -66.3521 9.80746 2.5
      vertex -68.5271 3.4 2.5
      vertex -66.8921 0.877804 2.5
    endloop
  endfacet
  facet normal -0 0 1
    outer loop
      vertex -68.7875 7.37208 2.5
      vertex -68.5271 3.4 2.5
      vertex -68.5271 7.9 2.5
    endloop
  endfacet
  facet normal 0 0 1
    outer loop
      vertex -68.7875 7.37208 2.5
      vertex -68.7875 3.92793 2.5
      vertex -68.5271 3.4 2.5
    endloop
  endfacet
  facet normal -0 0 1
    outer loop
      vertex -68.9767 6.81469 2.5
      vertex -68.7875 3.92793 2.5
      vertex -68.7875 7.37208 2.5
    endloop
  endfacet
  facet normal 0 0 1
    outer loop
      vertex -68.9767 6.81469 2.5
      vertex -68.9767 4.48531 2.5
      vertex -68.7875 3.92793 2.5
    endloop
  endfacet
  facet normal -0 0 1
    outer loop
      vertex -69.0915 6.23737 2.5
      vertex -68.9767 4.48531 2.5
      vertex -68.9767 6.81469 2.5
    endloop
  endfacet
  facet normal 0 0 1
    outer loop
      vertex -69.0915 6.23737 2.5
      vertex -69.0915 5.06263 2.5
      vertex -68.9767 4.48531 2.5
    endloop
  endfacet
  facet normal 0 -0 1
    outer loop
      vertex -69.0915 5.06263 2.5
      vertex -69.0915 6.23737 2.5
      vertex -69.13 5.65 2.5
    endloop
  endfacet
  facet normal 0 0 1
    outer loop
      vertex -47.4103 -11 2.5
      vertex -48.3145 -15.7781 2.5
      vertex -48.3 -16 2.5
    endloop
  endfacet
  facet normal 0 0 1
    outer loop
      vertex -47.4103 -11 2.5
      vertex -48.3579 -15.56 2.5
      vertex -48.3145 -15.7781 2.5
    endloop
  endfacet
  facet normal 0 0 1
    outer loop
      vertex -47.4103 -11 2.5
      vertex -48.4294 -15.3494 2.5
      vertex -48.3579 -15.56 2.5
    endloop
  endfacet
  facet normal 0 0 1
    outer loop
      vertex -47.4103 -11 2.5
      vertex -48.5278 -15.15 2.5
      vertex -48.4294 -15.3494 2.5
    endloop
  endfacet
  facet normal 0 0 1
    outer loop
      vertex -47.4103 -11 2.5
      vertex -48.6513 -14.9651 2.5
      vertex -48.5278 -15.15 2.5
    endloop
  endfacet
  facet normal 0 0 1
    outer loop
      vertex -47.4103 -11 2.5
      vertex -48.7979 -14.7979 2.5
      vertex -48.6513 -14.9651 2.5
    endloop
  endfacet
  facet normal 0 0 1
    outer loop
      vertex -47.4103 -11 2.5
      vertex -48.9651 -14.6513 2.5
      vertex -48.7979 -14.7979 2.5
    endloop
  endfacet
  facet normal 0 0 1
    outer loop
      vertex -47.4103 -11 2.5
      vertex -49.15 -14.5278 2.5
      vertex -48.9651 -14.6513 2.5
    endloop
  endfacet
  facet normal 0 0 1
    outer loop
      vertex -47.4103 -11 2.5
      vertex -49.3494 -14.4294 2.5
      vertex -49.15 -14.5278 2.5
    endloop
  endfacet
  facet normal 0 0 1
    outer loop
      vertex -47.4103 -11 2.5
      vertex -49.56 -14.3579 2.5
      vertex -49.3494 -14.4294 2.5
    endloop
  endfacet
  facet normal 0 0 1
    outer loop
      vertex -47.4103 -11 2.5
      vertex -49.7781 -14.3145 2.5
      vertex -49.56 -14.3579 2.5
    endloop
  endfacet
  facet normal 0 0 1
    outer loop
      vertex -47.4103 -11 2.5
      vertex -50 -14.3 2.5
      vertex -49.7781 -14.3145 2.5
    endloop
  endfacet
  facet normal 0 0 1
    outer loop
      vertex -47.4103 -11 2.5
      vertex -50.2219 -14.3145 2.5
      vertex -50 -14.3 2.5
    endloop
  endfacet
  facet normal 0 0 1
    outer loop
      vertex -47.4103 -11 2.5
      vertex -50.44 -14.3579 2.5
      vertex -50.2219 -14.3145 2.5
    endloop
  endfacet
  facet normal 0 0 1
    outer loop
      vertex -47.4103 -11 2.5
      vertex -50.6506 -14.4294 2.5
      vertex -50.44 -14.3579 2.5
    endloop
  endfacet
  facet normal 0 0 1
    outer loop
      vertex -47.4103 -11 2.5
      vertex -50.85 -14.5278 2.5
      vertex -50.6506 -14.4294 2.5
    endloop
  endfacet
  facet normal 0 0 1
    outer loop
      vertex -61.7117 -7.11326 2.5
      vertex -50.85 -14.5278 2.5
      vertex -47.4103 -11 2.5
    endloop
  endfacet
  facet normal 0 0 1
    outer loop
      vertex -50.85 -14.5278 2.5
      vertex -61.7117 -7.11326 2.5
      vertex -51.0349 -14.6513 2.5
    endloop
  endfacet
  facet normal 0 0 1
    outer loop
      vertex -50.85 -17.4722 2.5
      vertex -52.5 -20.3301 2.5
      vertex -51.9134 -20.6194 2.5
    endloop
  endfacet
  facet normal 0 0 1
    outer loop
      vertex -54.3301 -18.5 2.5
      vertex -51.7 -16 2.5
      vertex -51.6855 -15.7781 2.5
    endloop
  endfacet
  facet normal 0 0 1
    outer loop
      vertex -51.6855 -16.2219 2.5
      vertex -53.0438 -19.9668 2.5
      vertex -52.5 -20.3301 2.5
    endloop
  endfacet
  facet normal 0 0 1
    outer loop
      vertex -54.3301 -18.5 2.5
      vertex -51.6855 -15.7781 2.5
      vertex -51.6421 -15.56 2.5
    endloop
  endfacet
  facet normal 0 0 1
    outer loop
      vertex -51.6855 -16.2219 2.5
      vertex -53.5355 -19.5355 2.5
      vertex -53.0438 -19.9668 2.5
    endloop
  endfacet
  facet normal 0 0 1
    outer loop
      vertex -54.3301 -18.5 2.5
      vertex -51.6421 -15.56 2.5
      vertex -51.5706 -15.3494 2.5
    endloop
  endfacet
  facet normal 0 0 1
    outer loop
      vertex -51.6855 -16.2219 2.5
      vertex -53.9668 -19.0438 2.5
      vertex -53.5355 -19.5355 2.5
    endloop
  endfacet
  facet normal 0 0 1
    outer loop
      vertex -61.7117 -7.11326 2.5
      vertex -51.5706 -15.3494 2.5
      vertex -51.4722 -15.15 2.5
    endloop
  endfacet
  facet normal 0 0 1
    outer loop
      vertex -51.6855 -16.2219 2.5
      vertex -54.3301 -18.5 2.5
      vertex -53.9668 -19.0438 2.5
    endloop
  endfacet
  facet normal 0 0 1
    outer loop
      vertex -61.7117 -7.11326 2.5
      vertex -51.4722 -15.15 2.5
      vertex -51.3487 -14.9651 2.5
    endloop
  endfacet
  facet normal -0 0 1
    outer loop
      vertex -61.7117 -7.11326 2.5
      vertex -47.4103 -11 2.5
      vertex -55.5906 0.620123 2.5
    endloop
  endfacet
  facet normal 0 0 1
    outer loop
      vertex -51.0349 -14.6513 2.5
      vertex -61.7117 -7.11326 2.5
      vertex -51.2021 -14.7979 2.5
    endloop
  endfacet
  facet normal 0 0 1
    outer loop
      vertex -51.2021 -14.7979 2.5
      vertex -61.7117 -7.11326 2.5
      vertex -51.3487 -14.9651 2.5
    endloop
  endfacet
  facet normal -0 0 1
    outer loop
      vertex -63.0511 6.27612 2.5
      vertex -55.5906 0.620123 2.5
      vertex -61.3291 8.69636 2.5
    endloop
  endfacet
  facet normal 0 0 1
    outer loop
      vertex -63.4279 6.85208 2.5
      vertex -61.3291 8.69636 2.5
      vertex -61.448 8.83198 2.5
    endloop
  endfacet
  facet normal 0 0 1
    outer loop
      vertex -51.5706 -15.3494 2.5
      vertex -61.7117 -7.11326 2.5
      vertex -54.3301 -18.5 2.5
    endloop
  endfacet
  facet normal 0 0 1
    outer loop
      vertex -63.4279 6.85208 2.5
      vertex -61.448 8.83198 2.5
      vertex -61.8906 9.22009 2.5
    endloop
  endfacet
  facet normal -0 0 1
    outer loop
      vertex -64.7028 3.95477 2.5
      vertex -55.5906 0.620123 2.5
      vertex -63.0511 6.27612 2.5
    endloop
  endfacet
  facet normal 0 0 1
    outer loop
      vertex -63.5951 6.9987 2.5
      vertex -61.8906 9.22009 2.5
      vertex -62.38 9.54711 2.5
    endloop
  endfacet
  facet normal 0 0 1
    outer loop
      vertex -55.5906 0.620123 2.5
      vertex -63.2672 -4.71382 2.5
      vertex -61.7117 -7.11326 2.5
    endloop
  endfacet
  facet normal 0 0 1
    outer loop
      vertex -63.78 7.12224 2.5
      vertex -62.38 9.54711 2.5
      vertex -62.9079 9.80746 2.5
    endloop
  endfacet
  facet normal -0 0 1
    outer loop
      vertex -63.4279 -4.90208 2.5
      vertex -61.7117 -7.11326 2.5
      vertex -63.2813 -4.73489 2.5
    endloop
  endfacet
  facet normal -0 0 1
    outer loop
      vertex -63.2813 -4.73489 2.5
      vertex -61.7117 -7.11326 2.5
      vertex -63.2672 -4.71382 2.5
    endloop
  endfacet
  facet normal 0 0 1
    outer loop
      vertex -61.3291 8.69636 2.5
      vertex -63.0594 6.30056 2.5
      vertex -63.0511 6.27612 2.5
    endloop
  endfacet
  facet normal 0 0 1
    outer loop
      vertex -61.3291 8.69636 2.5
      vertex -63.1578 6.5 2.5
      vertex -63.0594 6.30056 2.5
    endloop
  endfacet
  facet normal 0 0 1
    outer loop
      vertex -61.3291 8.69636 2.5
      vertex -63.2813 6.68489 2.5
      vertex -63.1578 6.5 2.5
    endloop
  endfacet
  facet normal 0 0 1
    outer loop
      vertex -61.3291 8.69636 2.5
      vertex -63.4279 6.85208 2.5
      vertex -63.2813 6.68489 2.5
    endloop
  endfacet
  facet normal 0 0 1
    outer loop
      vertex -63.9794 7.2206 2.5
      vertex -62.9079 9.80746 2.5
      vertex -63.4653 9.99667 2.5
    endloop
  endfacet
  facet normal 0 0 1
    outer loop
      vertex -61.8906 9.22009 2.5
      vertex -63.5951 6.9987 2.5
      vertex -63.4279 6.85208 2.5
    endloop
  endfacet
  facet normal 0 0 1
    outer loop
      vertex -62.38 9.54711 2.5
      vertex -63.78 7.12224 2.5
      vertex -63.5951 6.9987 2.5
    endloop
  endfacet
  facet normal 0 0 1
    outer loop
      vertex -62.9079 9.80746 2.5
      vertex -63.9794 7.2206 2.5
      vertex -63.78 7.12224 2.5
    endloop
  endfacet
  facet normal 0 0 1
    outer loop
      vertex -64.19 7.29207 2.5
      vertex -63.4653 9.99667 2.5
      vertex -64.0426 10.1115 2.5
    endloop
  endfacet
  facet normal 0 0 1
    outer loop
      vertex -63.4653 9.99667 2.5
      vertex -64.19 7.29207 2.5
      vertex -63.9794 7.2206 2.5
    endloop
  endfacet
  facet normal 0 0 1
    outer loop
      vertex -64.0426 10.1115 2.5
      vertex -64.4081 7.33546 2.5
      vertex -64.19 7.29207 2.5
    endloop
  endfacet
  facet normal 0 0 1
    outer loop
      vertex -64.63 10.15 2.5
      vertex -64.4081 7.33546 2.5
      vertex -64.0426 10.1115 2.5
    endloop
  endfacet
  facet normal 0 0 1
    outer loop
      vertex -64.63 10.15 2.5
      vertex -64.63 7.35 2.5
      vertex -64.4081 7.33546 2.5
    endloop
  endfacet
  facet normal 0 0 1
    outer loop
      vertex -64.63 10.15 2.5
      vertex -64.8519 7.33546 2.5
      vertex -64.63 7.35 2.5
    endloop
  endfacet
  facet normal -0 0 1
    outer loop
      vertex -65.2174 10.1115 2.5
      vertex -64.8519 7.33546 2.5
      vertex -64.63 10.15 2.5
    endloop
  endfacet
  facet normal 0 0 1
    outer loop
      vertex -64.8519 7.33546 2.5
      vertex -65.2174 10.1115 2.5
      vertex -65.07 7.29207 2.5
    endloop
  endfacet
  facet normal -0 0 1
    outer loop
      vertex -65.7947 9.99667 2.5
      vertex -65.07 7.29207 2.5
      vertex -65.2174 10.1115 2.5
    endloop
  endfacet
  facet normal 0 0 1
    outer loop
      vertex -65.07 7.29207 2.5
      vertex -65.7947 9.99667 2.5
      vertex -65.2806 7.2206 2.5
    endloop
  endfacet
  facet normal -0 0 1
    outer loop
      vertex -66.3521 9.80746 2.5
      vertex -65.2806 7.2206 2.5
      vertex -65.7947 9.99667 2.5
    endloop
  endfacet
  facet normal 0 0 1
    outer loop
      vertex -65.2806 7.2206 2.5
      vertex -66.3521 9.80746 2.5
      vertex -65.48 7.12224 2.5
    endloop
  endfacet
  facet normal 0 0 1
    outer loop
      vertex -65.48 7.12224 2.5
      vertex -66.3521 9.80746 2.5
      vertex -65.6649 6.9987 2.5
    endloop
  endfacet
  facet normal 0 0 1
    outer loop
      vertex -65.6649 6.9987 2.5
      vertex -66.3521 9.80746 2.5
      vertex -65.8321 6.85208 2.5
    endloop
  endfacet
  facet normal 0 0 1
    outer loop
      vertex -65.8321 6.85208 2.5
      vertex -66.3521 9.80746 2.5
      vertex -65.9787 6.68489 2.5
    endloop
  endfacet
  facet normal 0 0 1
    outer loop
      vertex -65.9787 6.68489 2.5
      vertex -66.3521 9.80746 2.5
      vertex -66.1022 6.5 2.5
    endloop
  endfacet
  facet normal 0 0 1
    outer loop
      vertex -66.1022 6.5 2.5
      vertex -66.3521 9.80746 2.5
      vertex -66.2006 6.30056 2.5
    endloop
  endfacet
  facet normal 0 0 1
    outer loop
      vertex -66.2006 6.30056 2.5
      vertex -66.3521 9.80746 2.5
      vertex -66.2721 6.08999 2.5
    endloop
  endfacet
  facet normal 0 0 1
    outer loop
      vertex -66.8921 0.877804 2.5
      vertex -66.33 5.65 2.5
      vertex -66.3521 9.80746 2.5
    endloop
  endfacet
  facet normal 0 0 1
    outer loop
      vertex -66.3155 5.87189 2.5
      vertex -66.3521 9.80746 2.5
      vertex -66.33 5.65 2.5
    endloop
  endfacet
  facet normal 0 0 1
    outer loop
      vertex -66.2721 6.08999 2.5
      vertex -66.3521 9.80746 2.5
      vertex -66.3155 5.87189 2.5
    endloop
  endfacet
  facet normal -0 0 1
    outer loop
      vertex -48.3145 15.7781 2.5
      vertex -47.5488 11 2.5
      vertex -48.3 16 2.5
    endloop
  endfacet
  facet normal -0 0 1
    outer loop
      vertex -48.3579 15.56 2.5
      vertex -47.5488 11 2.5
      vertex -48.3145 15.7781 2.5
    endloop
  endfacet
  facet normal -0 0 1
    outer loop
      vertex -48.4294 15.3494 2.5
      vertex -47.5488 11 2.5
      vertex -48.3579 15.56 2.5
    endloop
  endfacet
  facet normal -0 0 1
    outer loop
      vertex -48.5278 15.15 2.5
      vertex -47.5488 11 2.5
      vertex -48.4294 15.3494 2.5
    endloop
  endfacet
  facet normal -0 0 1
    outer loop
      vertex -48.6513 14.9651 2.5
      vertex -47.5488 11 2.5
      vertex -48.5278 15.15 2.5
    endloop
  endfacet
  facet normal -0 0 1
    outer loop
      vertex -48.7979 14.7979 2.5
      vertex -47.5488 11 2.5
      vertex -48.6513 14.9651 2.5
    endloop
  endfacet
  facet normal -0 0 1
    outer loop
      vertex -48.9651 14.6513 2.5
      vertex -47.5488 11 2.5
      vertex -48.7979 14.7979 2.5
    endloop
  endfacet
  facet normal -0 0 1
    outer loop
      vertex -49.15 14.5278 2.5
      vertex -47.5488 11 2.5
      vertex -48.9651 14.6513 2.5
    endloop
  endfacet
  facet normal -0 0 1
    outer loop
      vertex -49.3494 14.4294 2.5
      vertex -47.5488 11 2.5
      vertex -49.15 14.5278 2.5
    endloop
  endfacet
  facet normal -0 0 1
    outer loop
      vertex -49.56 14.3579 2.5
      vertex -47.5488 11 2.5
      vertex -49.3494 14.4294 2.5
    endloop
  endfacet
  facet normal -0 0 1
    outer loop
      vertex -49.7781 14.3145 2.5
      vertex -47.5488 11 2.5
      vertex -49.56 14.3579 2.5
    endloop
  endfacet
  facet normal -0 0 1
    outer loop
      vertex -50 14.3 2.5
      vertex -47.5488 11 2.5
      vertex -49.7781 14.3145 2.5
    endloop
  endfacet
  facet normal 0 0 1
    outer loop
      vertex -50.2219 14.3145 2.5
      vertex -47.5488 11 2.5
      vertex -50 14.3 2.5
    endloop
  endfacet
  facet normal 0 0 1
    outer loop
      vertex -50.44 14.3579 2.5
      vertex -47.5488 11 2.5
      vertex -50.2219 14.3145 2.5
    endloop
  endfacet
  facet normal 0 0 1
    outer loop
      vertex -50.6506 14.4294 2.5
      vertex -47.5488 11 2.5
      vertex -50.44 14.3579 2.5
    endloop
  endfacet
  facet normal 0 0 1
    outer loop
      vertex -50.85 14.5278 2.5
      vertex -47.5488 11 2.5
      vertex -50.6506 14.4294 2.5
    endloop
  endfacet
  facet normal 0 0 1
    outer loop
      vertex -61.3291 8.69636 2.5
      vertex -50.85 14.5278 2.5
      vertex -51.0349 14.6513 2.5
    endloop
  endfacet
  facet normal 0 0 1
    outer loop
      vertex -61.3291 8.69636 2.5
      vertex -51.0349 14.6513 2.5
      vertex -51.2021 14.7979 2.5
    endloop
  endfacet
  facet normal 0 0 1
    outer loop
      vertex -51.4722 16.85 2.5
      vertex -53.9668 19.0438 2.5
      vertex -51.5706 16.6506 2.5
    endloop
  endfacet
  facet normal 0 0 1
    outer loop
      vertex -51.5706 16.6506 2.5
      vertex -53.9668 19.0438 2.5
      vertex -51.6421 16.44 2.5
    endloop
  endfacet
  facet normal 0 0 1
    outer loop
      vertex -51.6421 16.44 2.5
      vertex -53.9668 19.0438 2.5
      vertex -51.6855 16.2219 2.5
    endloop
  endfacet
  facet normal 0 0 1
    outer loop
      vertex -51.6855 16.2219 2.5
      vertex -53.9668 19.0438 2.5
      vertex -51.7 16 2.5
    endloop
  endfacet
  facet normal 0 0 1
    outer loop
      vertex -51.7 16 2.5
      vertex -53.9668 19.0438 2.5
      vertex -51.6855 15.7781 2.5
    endloop
  endfacet
  facet normal 0 0 1
    outer loop
      vertex -51.6855 15.7781 2.5
      vertex -53.9668 19.0438 2.5
      vertex -51.6421 15.56 2.5
    endloop
  endfacet
  facet normal 0 0 1
    outer loop
      vertex -61.3291 8.69636 2.5
      vertex -51.6421 15.56 2.5
      vertex -53.9668 19.0438 2.5
    endloop
  endfacet
  facet normal 0 0 1
    outer loop
      vertex -51.6421 15.56 2.5
      vertex -61.3291 8.69636 2.5
      vertex -51.5706 15.3494 2.5
    endloop
  endfacet
  facet normal 0 0 1
    outer loop
      vertex -50.85 14.5278 2.5
      vertex -61.3291 8.69636 2.5
      vertex -47.5488 11 2.5
    endloop
  endfacet
  facet normal 0 0 1
    outer loop
      vertex -61.3291 8.69636 2.5
      vertex -51.2021 14.7979 2.5
      vertex -51.3487 14.9651 2.5
    endloop
  endfacet
  facet normal 0 0 1
    outer loop
      vertex -61.3291 8.69636 2.5
      vertex -51.3487 14.9651 2.5
      vertex -51.4722 15.15 2.5
    endloop
  endfacet
  facet normal 0 0 1
    outer loop
      vertex -51.5706 15.3494 2.5
      vertex -61.3291 8.69636 2.5
      vertex -51.4722 15.15 2.5
    endloop
  endfacet
  facet normal 0 0 1
    outer loop
      vertex -47.5488 11 2.5
      vertex -61.3291 8.69636 2.5
      vertex -55.5906 0.620123 2.5
    endloop
  endfacet
  facet normal 0 0 1
    outer loop
      vertex 54.3301 18.5 2.5
      vertex 51.6855 16.2219 2.5
      vertex 51.7 16 2.5
    endloop
  endfacet
  facet normal 0 0 1
    outer loop
      vertex 52.5 20.3301 2.5
      vertex 51.6421 16.44 2.5
      vertex 51.6855 16.2219 2.5
    endloop
  endfacet
  facet normal 0 0 1
    outer loop
      vertex 52.5 20.3301 2.5
      vertex 51.5706 16.6506 2.5
      vertex 51.6421 16.44 2.5
    endloop
  endfacet
  facet normal 0 0 1
    outer loop
      vertex 52.5 20.3301 2.5
      vertex 51.4722 16.85 2.5
      vertex 51.5706 16.6506 2.5
    endloop
  endfacet
  facet normal 0 0 1
    outer loop
      vertex 52.5 20.3301 2.5
      vertex 51.3487 17.0349 2.5
      vertex 51.4722 16.85 2.5
    endloop
  endfacet
  facet normal 0 0 1
    outer loop
      vertex 50.6506 17.5706 2.5
      vertex 51.9134 20.6194 2.5
      vertex 51.2941 20.8296 2.5
    endloop
  endfacet
  facet normal 0 0 1
    outer loop
      vertex 52.5 20.3301 2.5
      vertex 51.2021 17.2021 2.5
      vertex 51.3487 17.0349 2.5
    endloop
  endfacet
  facet normal 0 0 1
    outer loop
      vertex 52.5 20.3301 2.5
      vertex 51.0349 17.3487 2.5
      vertex 51.2021 17.2021 2.5
    endloop
  endfacet
  facet normal 0 0 1
    outer loop
      vertex 52.5 20.3301 2.5
      vertex 50.85 17.4722 2.5
      vertex 51.0349 17.3487 2.5
    endloop
  endfacet
  facet normal 0 0 1
    outer loop
      vertex 50.44 17.6421 2.5
      vertex 51.2941 20.8296 2.5
      vertex 50.6526 20.9572 2.5
    endloop
  endfacet
  facet normal 0 0 1
    outer loop
      vertex 51.9134 20.6194 2.5
      vertex 50.6506 17.5706 2.5
      vertex 50.85 17.4722 2.5
    endloop
  endfacet
  facet normal 0 0 1
    outer loop
      vertex 51.2941 20.8296 2.5
      vertex 50.44 17.6421 2.5
      vertex 50.6506 17.5706 2.5
    endloop
  endfacet
  facet normal 0 0 1
    outer loop
      vertex 50.6526 20.9572 2.5
      vertex 50.2219 17.6855 2.5
      vertex 50.44 17.6421 2.5
    endloop
  endfacet
  facet normal 0 0 1
    outer loop
      vertex 50 21 2.5
      vertex 50.2219 17.6855 2.5
      vertex 50.6526 20.9572 2.5
    endloop
  endfacet
  facet normal 0 0 1
    outer loop
      vertex 50 21 2.5
      vertex 50 17.7 2.5
      vertex 50.2219 17.6855 2.5
    endloop
  endfacet
  facet normal 0 0 1
    outer loop
      vertex 50 21 2.5
      vertex 49.7781 17.6855 2.5
      vertex 50 17.7 2.5
    endloop
  endfacet
  facet normal 0 0 1
    outer loop
      vertex 50 21 2.5
      vertex 49.56 17.6421 2.5
      vertex 49.7781 17.6855 2.5
    endloop
  endfacet
  facet normal 0 0 1
    outer loop
      vertex 50 21 2.5
      vertex 49.3494 17.5706 2.5
      vertex 49.56 17.6421 2.5
    endloop
  endfacet
  facet normal 0 0 1
    outer loop
      vertex 50 21 2.5
      vertex 49.15 17.4722 2.5
      vertex 49.3494 17.5706 2.5
    endloop
  endfacet
  facet normal 0 0 1
    outer loop
      vertex 50 21 2.5
      vertex 48.9651 17.3487 2.5
      vertex 49.15 17.4722 2.5
    endloop
  endfacet
  facet normal 0 0 1
    outer loop
      vertex 50 21 2.5
      vertex 48.7979 17.2021 2.5
      vertex 48.9651 17.3487 2.5
    endloop
  endfacet
  facet normal 0 0 1
    outer loop
      vertex 50 21 2.5
      vertex 48.6513 17.0349 2.5
      vertex 48.7979 17.2021 2.5
    endloop
  endfacet
  facet normal 0 0 1
    outer loop
      vertex 50 21 2.5
      vertex 48.5278 16.85 2.5
      vertex 48.6513 17.0349 2.5
    endloop
  endfacet
  facet normal 0 0 1
    outer loop
      vertex 50 21 2.5
      vertex 48.4294 16.6506 2.5
      vertex 48.5278 16.85 2.5
    endloop
  endfacet
  facet normal 0 0 1
    outer loop
      vertex 48.3145 16.2219 2.5
      vertex 47.2127 11 2.5
      vertex 48.3 16 2.5
    endloop
  endfacet
  facet normal 0 0 1
    outer loop
      vertex -48.3145 16.2219 2.5
      vertex 48.3145 16.2219 2.5
      vertex 48.3579 16.44 2.5
    endloop
  endfacet
  facet normal 0 0 1
    outer loop
      vertex 48.3145 16.2219 2.5
      vertex -48.3145 16.2219 2.5
      vertex 47.2127 11 2.5
    endloop
  endfacet
  facet normal 0 0 1
    outer loop
      vertex -48.3579 16.44 2.5
      vertex 48.3579 16.44 2.5
      vertex 48.4294 16.6506 2.5
    endloop
  endfacet
  facet normal 0 0 1
    outer loop
      vertex -48.4294 16.6506 2.5
      vertex 48.4294 16.6506 2.5
      vertex 50 21 2.5
    endloop
  endfacet
  facet normal 0 0 1
    outer loop
      vertex 47.2127 11 2.5
      vertex -48.3145 16.2219 2.5
      vertex -47.5488 11 2.5
    endloop
  endfacet
  facet normal 0 0 1
    outer loop
      vertex -47.5488 11 2.5
      vertex -48.3145 16.2219 2.5
      vertex -48.3 16 2.5
    endloop
  endfacet
  facet normal 0 0 1
    outer loop
      vertex 48.3579 16.44 2.5
      vertex -48.3579 16.44 2.5
      vertex -48.3145 16.2219 2.5
    endloop
  endfacet
  facet normal 0 0 1
    outer loop
      vertex 48.4294 16.6506 2.5
      vertex -48.4294 16.6506 2.5
      vertex -48.3579 16.44 2.5
    endloop
  endfacet
  facet normal -0 0 1
    outer loop
      vertex -50 21 2.5
      vertex -48.4294 16.6506 2.5
      vertex 50 21 2.5
    endloop
  endfacet
  facet normal 0 0 1
    outer loop
      vertex -48.4294 16.6506 2.5
      vertex -50 21 2.5
      vertex -48.5278 16.85 2.5
    endloop
  endfacet
  facet normal 0 0 1
    outer loop
      vertex -48.5278 16.85 2.5
      vertex -50 21 2.5
      vertex -48.6513 17.0349 2.5
    endloop
  endfacet
  facet normal 0 0 1
    outer loop
      vertex -48.6513 17.0349 2.5
      vertex -50 21 2.5
      vertex -48.7979 17.2021 2.5
    endloop
  endfacet
  facet normal 0 0 1
    outer loop
      vertex -48.7979 17.2021 2.5
      vertex -50 21 2.5
      vertex -48.9651 17.3487 2.5
    endloop
  endfacet
  facet normal 0 0 1
    outer loop
      vertex -48.9651 17.3487 2.5
      vertex -50 21 2.5
      vertex -49.15 17.4722 2.5
    endloop
  endfacet
  facet normal 0 0 1
    outer loop
      vertex -49.15 17.4722 2.5
      vertex -50 21 2.5
      vertex -49.3494 17.5706 2.5
    endloop
  endfacet
  facet normal 0 0 1
    outer loop
      vertex -49.3494 17.5706 2.5
      vertex -50 21 2.5
      vertex -49.56 17.6421 2.5
    endloop
  endfacet
  facet normal 0 0 1
    outer loop
      vertex -49.56 17.6421 2.5
      vertex -50 21 2.5
      vertex -49.7781 17.6855 2.5
    endloop
  endfacet
  facet normal 0 0 1
    outer loop
      vertex -50 21 2.5
      vertex -50 17.7 2.5
      vertex -49.7781 17.6855 2.5
    endloop
  endfacet
  facet normal 0 0 1
    outer loop
      vertex -50 21 2.5
      vertex -50.2219 17.6855 2.5
      vertex -50 17.7 2.5
    endloop
  endfacet
  facet normal -0 0 1
    outer loop
      vertex -50.6526 20.9572 2.5
      vertex -50.2219 17.6855 2.5
      vertex -50 21 2.5
    endloop
  endfacet
  facet normal 0 0 1
    outer loop
      vertex -50.2219 17.6855 2.5
      vertex -50.6526 20.9572 2.5
      vertex -50.44 17.6421 2.5
    endloop
  endfacet
  facet normal -0 0 1
    outer loop
      vertex -51.2941 20.8296 2.5
      vertex -50.44 17.6421 2.5
      vertex -50.6526 20.9572 2.5
    endloop
  endfacet
  facet normal 0 0 1
    outer loop
      vertex -50.44 17.6421 2.5
      vertex -51.2941 20.8296 2.5
      vertex -50.6506 17.5706 2.5
    endloop
  endfacet
  facet normal -0 0 1
    outer loop
      vertex -51.9134 20.6194 2.5
      vertex -50.6506 17.5706 2.5
      vertex -51.2941 20.8296 2.5
    endloop
  endfacet
  facet normal 0 0 1
    outer loop
      vertex -50.6506 17.5706 2.5
      vertex -51.9134 20.6194 2.5
      vertex -50.85 17.4722 2.5
    endloop
  endfacet
  facet normal -0 0 1
    outer loop
      vertex -52.5 20.3301 2.5
      vertex -50.85 17.4722 2.5
      vertex -51.9134 20.6194 2.5
    endloop
  endfacet
  facet normal 0 0 1
    outer loop
      vertex -50.85 17.4722 2.5
      vertex -52.5 20.3301 2.5
      vertex -51.0349 17.3487 2.5
    endloop
  endfacet
  facet normal -0 0 1
    outer loop
      vertex -53.0438 19.9668 2.5
      vertex -51.0349 17.3487 2.5
      vertex -52.5 20.3301 2.5
    endloop
  endfacet
  facet normal 0 0 1
    outer loop
      vertex -51.0349 17.3487 2.5
      vertex -53.0438 19.9668 2.5
      vertex -51.2021 17.2021 2.5
    endloop
  endfacet
  facet normal -0 0 1
    outer loop
      vertex -53.5355 19.5355 2.5
      vertex -51.2021 17.2021 2.5
      vertex -53.0438 19.9668 2.5
    endloop
  endfacet
  facet normal 0 0 1
    outer loop
      vertex -51.2021 17.2021 2.5
      vertex -53.5355 19.5355 2.5
      vertex -51.3487 17.0349 2.5
    endloop
  endfacet
  facet normal 0 0 1
    outer loop
      vertex -51.3487 17.0349 2.5
      vertex -53.9668 19.0438 2.5
      vertex -51.4722 16.85 2.5
    endloop
  endfacet
  facet normal -0 0 1
    outer loop
      vertex -53.9668 19.0438 2.5
      vertex -51.3487 17.0349 2.5
      vertex -53.5355 19.5355 2.5
    endloop
  endfacet
  facet normal 0 0 1
    outer loop
      vertex 54.3301 -18.5 2.5
      vertex 53.5355 -19.5355 2.5
      vertex 53.9668 -19.0438 2.5
    endloop
  endfacet
  facet normal -0 -0 1
    outer loop
      vertex 51.6855 -15.7781 2.5
      vertex 54.3301 -18.5 2.5
      vertex 51.6421 -15.56 2.5
    endloop
  endfacet
  facet normal -0 -0 1
    outer loop
      vertex 51.7 -16 2.5
      vertex 54.3301 -18.5 2.5
      vertex 51.6855 -15.7781 2.5
    endloop
  endfacet
  facet normal -0 0 1
    outer loop
      vertex 51.6421 -16.44 2.5
      vertex 54.3301 -18.5 2.5
      vertex 51.6855 -16.2219 2.5
    endloop
  endfacet
  facet normal -0 0 1
    outer loop
      vertex 51.4722 -16.85 2.5
      vertex 54.3301 -18.5 2.5
      vertex 51.5706 -16.6506 2.5
    endloop
  endfacet
  facet normal -0 0 1
    outer loop
      vertex 51.5706 -16.6506 2.5
      vertex 54.3301 -18.5 2.5
      vertex 51.6421 -16.44 2.5
    endloop
  endfacet
  facet normal -0 0 1
    outer loop
      vertex 51.6855 -16.2219 2.5
      vertex 54.3301 -18.5 2.5
      vertex 51.7 -16 2.5
    endloop
  endfacet
  facet normal 0 0 1
    outer loop
      vertex 54.3301 -18.5 2.5
      vertex 51.5706 -15.3494 2.5
      vertex 51.6421 -15.56 2.5
    endloop
  endfacet
  facet normal 0 0 1
    outer loop
      vertex 59.7635 -7.8158 2.5
      vertex 51.5706 -15.3494 2.5
      vertex 54.3301 -18.5 2.5
    endloop
  endfacet
  facet normal 0 0 1
    outer loop
      vertex 53.6033 0.644431 2.5
      vertex 51.3487 -14.9651 2.5
      vertex 51.4722 -15.15 2.5
    endloop
  endfacet
  facet normal 0 0 1
    outer loop
      vertex 53.6033 0.644431 2.5
      vertex 51.2021 -14.7979 2.5
      vertex 51.3487 -14.9651 2.5
    endloop
  endfacet
  facet normal 0 0 1
    outer loop
      vertex 53.6033 0.644431 2.5
      vertex 51.0349 -14.6513 2.5
      vertex 51.2021 -14.7979 2.5
    endloop
  endfacet
  facet normal 0 0 1
    outer loop
      vertex 53.6033 0.644431 2.5
      vertex 50.85 -14.5278 2.5
      vertex 51.0349 -14.6513 2.5
    endloop
  endfacet
  facet normal 0 0 1
    outer loop
      vertex 53.6033 0.644431 2.5
      vertex 50.6506 -14.4294 2.5
      vertex 50.85 -14.5278 2.5
    endloop
  endfacet
  facet normal -0 0 1
    outer loop
      vertex 47.0721 -11 2.5
      vertex 50.6506 -14.4294 2.5
      vertex 53.6033 0.644431 2.5
    endloop
  endfacet
  facet normal 0 0 1
    outer loop
      vertex 50.6506 -14.4294 2.5
      vertex 47.0721 -11 2.5
      vertex 50.44 -14.3579 2.5
    endloop
  endfacet
  facet normal 0 0 1
    outer loop
      vertex 50.44 -14.3579 2.5
      vertex 47.0721 -11 2.5
      vertex 50.2219 -14.3145 2.5
    endloop
  endfacet
  facet normal 0 0 1
    outer loop
      vertex 50.2219 -14.3145 2.5
      vertex 47.0721 -11 2.5
      vertex 50 -14.3 2.5
    endloop
  endfacet
  facet normal 0 0 1
    outer loop
      vertex 50 -14.3 2.5
      vertex 47.0721 -11 2.5
      vertex 49.7781 -14.3145 2.5
    endloop
  endfacet
  facet normal 0 0 1
    outer loop
      vertex 49.7781 -14.3145 2.5
      vertex 47.0721 -11 2.5
      vertex 49.56 -14.3579 2.5
    endloop
  endfacet
  facet normal 0 0 1
    outer loop
      vertex 49.56 -14.3579 2.5
      vertex 47.0721 -11 2.5
      vertex 49.3494 -14.4294 2.5
    endloop
  endfacet
  facet normal 0 0 1
    outer loop
      vertex 49.3494 -14.4294 2.5
      vertex 47.0721 -11 2.5
      vertex 49.15 -14.5278 2.5
    endloop
  endfacet
  facet normal 0 0 1
    outer loop
      vertex 49.15 -14.5278 2.5
      vertex 47.0721 -11 2.5
      vertex 48.9651 -14.6513 2.5
    endloop
  endfacet
  facet normal 0 0 1
    outer loop
      vertex 48.9651 -14.6513 2.5
      vertex 47.0721 -11 2.5
      vertex 48.7979 -14.7979 2.5
    endloop
  endfacet
  facet normal 0 0 1
    outer loop
      vertex 48.7979 -14.7979 2.5
      vertex 47.0721 -11 2.5
      vertex 48.6513 -14.9651 2.5
    endloop
  endfacet
  facet normal 0 0 1
    outer loop
      vertex 48.6513 -14.9651 2.5
      vertex 47.0721 -11 2.5
      vertex 48.5278 -15.15 2.5
    endloop
  endfacet
  facet normal 0 0 1
    outer loop
      vertex 48.5278 -15.15 2.5
      vertex 47.0721 -11 2.5
      vertex 48.4294 -15.3494 2.5
    endloop
  endfacet
  facet normal 0 0 1
    outer loop
      vertex 48.3145 -15.7781 2.5
      vertex 47.0721 -11 2.5
      vertex 48.3 -16 2.5
    endloop
  endfacet
  facet normal 0 0 1
    outer loop
      vertex 48.3579 -15.56 2.5
      vertex 47.0721 -11 2.5
      vertex 48.3145 -15.7781 2.5
    endloop
  endfacet
  facet normal 0 0 1
    outer loop
      vertex 48.4294 -15.3494 2.5
      vertex 47.0721 -11 2.5
      vertex 48.3579 -15.56 2.5
    endloop
  endfacet
  facet normal -0 0 1
    outer loop
      vertex 51.3487 -17.0349 2.5
      vertex 54.3301 -18.5 2.5
      vertex 51.4722 -16.85 2.5
    endloop
  endfacet
  facet normal 0 0 1
    outer loop
      vertex 54.3301 -18.5 2.5
      vertex 51.3487 -17.0349 2.5
      vertex 53.5355 -19.5355 2.5
    endloop
  endfacet
  facet normal -0 0 1
    outer loop
      vertex 51.2021 -17.2021 2.5
      vertex 53.5355 -19.5355 2.5
      vertex 51.3487 -17.0349 2.5
    endloop
  endfacet
  facet normal 0 0 1
    outer loop
      vertex 53.5355 -19.5355 2.5
      vertex 51.2021 -17.2021 2.5
      vertex 53.0438 -19.9668 2.5
    endloop
  endfacet
  facet normal -0 0 1
    outer loop
      vertex 51.0349 -17.3487 2.5
      vertex 53.0438 -19.9668 2.5
      vertex 51.2021 -17.2021 2.5
    endloop
  endfacet
  facet normal 0 0 1
    outer loop
      vertex 53.0438 -19.9668 2.5
      vertex 51.0349 -17.3487 2.5
      vertex 52.5 -20.3301 2.5
    endloop
  endfacet
  facet normal -0 0 1
    outer loop
      vertex 50.85 -17.4722 2.5
      vertex 52.5 -20.3301 2.5
      vertex 51.0349 -17.3487 2.5
    endloop
  endfacet
  facet normal 0 0 1
    outer loop
      vertex 52.5 -20.3301 2.5
      vertex 50.85 -17.4722 2.5
      vertex 51.9134 -20.6194 2.5
    endloop
  endfacet
  facet normal -0 0 1
    outer loop
      vertex 50.6506 -17.5706 2.5
      vertex 51.9134 -20.6194 2.5
      vertex 50.85 -17.4722 2.5
    endloop
  endfacet
  facet normal 0 0 1
    outer loop
      vertex 51.9134 -20.6194 2.5
      vertex 50.6506 -17.5706 2.5
      vertex 51.2941 -20.8296 2.5
    endloop
  endfacet
  facet normal -0 0 1
    outer loop
      vertex 50.44 -17.6421 2.5
      vertex 51.2941 -20.8296 2.5
      vertex 50.6506 -17.5706 2.5
    endloop
  endfacet
  facet normal 0 0 1
    outer loop
      vertex 51.2941 -20.8296 2.5
      vertex 50.44 -17.6421 2.5
      vertex 50.6526 -20.9572 2.5
    endloop
  endfacet
  facet normal -0 0 1
    outer loop
      vertex 50.2219 -17.6855 2.5
      vertex 50.6526 -20.9572 2.5
      vertex 50.44 -17.6421 2.5
    endloop
  endfacet
  facet normal -0 0 1
    outer loop
      vertex 50 -17.7 2.5
      vertex 50.6526 -20.9572 2.5
      vertex 50.2219 -17.6855 2.5
    endloop
  endfacet
  facet normal 0 0 1
    outer loop
      vertex 50 -17.7 2.5
      vertex 50 -21 2.5
      vertex 50.6526 -20.9572 2.5
    endloop
  endfacet
  facet normal 0 0 1
    outer loop
      vertex 49.7781 -17.6855 2.5
      vertex 50 -21 2.5
      vertex 50 -17.7 2.5
    endloop
  endfacet
  facet normal 0 0 1
    outer loop
      vertex 49.56 -17.6421 2.5
      vertex 50 -21 2.5
      vertex 49.7781 -17.6855 2.5
    endloop
  endfacet
  facet normal 0 0 1
    outer loop
      vertex 49.3494 -17.5706 2.5
      vertex 50 -21 2.5
      vertex 49.56 -17.6421 2.5
    endloop
  endfacet
  facet normal 0 0 1
    outer loop
      vertex 49.15 -17.4722 2.5
      vertex 50 -21 2.5
      vertex 49.3494 -17.5706 2.5
    endloop
  endfacet
  facet normal 0 0 1
    outer loop
      vertex 48.9651 -17.3487 2.5
      vertex 50 -21 2.5
      vertex 49.15 -17.4722 2.5
    endloop
  endfacet
  facet normal 0 0 1
    outer loop
      vertex 48.7979 -17.2021 2.5
      vertex 50 -21 2.5
      vertex 48.9651 -17.3487 2.5
    endloop
  endfacet
  facet normal 0 0 1
    outer loop
      vertex 48.6513 -17.0349 2.5
      vertex 50 -21 2.5
      vertex 48.7979 -17.2021 2.5
    endloop
  endfacet
  facet normal 0 0 1
    outer loop
      vertex 48.5278 -16.85 2.5
      vertex 50 -21 2.5
      vertex 48.6513 -17.0349 2.5
    endloop
  endfacet
  facet normal 0 0 1
    outer loop
      vertex 48.4294 -16.6506 2.5
      vertex 50 -21 2.5
      vertex 48.5278 -16.85 2.5
    endloop
  endfacet
  facet normal 0 0 1
    outer loop
      vertex 47.0721 -11 2.5
      vertex 48.3145 -16.2219 2.5
      vertex 48.3 -16 2.5
    endloop
  endfacet
  facet normal 0 0 1
    outer loop
      vertex -48.3145 -16.2219 2.5
      vertex 48.3145 -16.2219 2.5
      vertex 47.0721 -11 2.5
    endloop
  endfacet
  facet normal 0 0 1
    outer loop
      vertex -48.3145 -16.2219 2.5
      vertex 47.0721 -11 2.5
      vertex -47.4103 -11 2.5
    endloop
  endfacet
  facet normal 0 0 1
    outer loop
      vertex 48.3145 -16.2219 2.5
      vertex -48.3145 -16.2219 2.5
      vertex 48.3579 -16.44 2.5
    endloop
  endfacet
  facet normal 0 0 1
    outer loop
      vertex -48.3579 -16.44 2.5
      vertex 48.3579 -16.44 2.5
      vertex -48.3145 -16.2219 2.5
    endloop
  endfacet
  facet normal 0 0 1
    outer loop
      vertex -48.3145 -16.2219 2.5
      vertex -47.4103 -11 2.5
      vertex -48.3 -16 2.5
    endloop
  endfacet
  facet normal 0 0 1
    outer loop
      vertex 48.3579 -16.44 2.5
      vertex -48.3579 -16.44 2.5
      vertex 48.4294 -16.6506 2.5
    endloop
  endfacet
  facet normal 0 0 1
    outer loop
      vertex -48.4294 -16.6506 2.5
      vertex 48.4294 -16.6506 2.5
      vertex -48.3579 -16.44 2.5
    endloop
  endfacet
  facet normal 0 0 1
    outer loop
      vertex 48.4294 -16.6506 2.5
      vertex -48.4294 -16.6506 2.5
      vertex 50 -21 2.5
    endloop
  endfacet
  facet normal 0 0 1
    outer loop
      vertex -50 -21 2.5
      vertex -48.4294 -16.6506 2.5
      vertex -48.5278 -16.85 2.5
    endloop
  endfacet
  facet normal 0 0 1
    outer loop
      vertex -50 -21 2.5
      vertex -48.5278 -16.85 2.5
      vertex -48.6513 -17.0349 2.5
    endloop
  endfacet
  facet normal 0 0 1
    outer loop
      vertex -50 -21 2.5
      vertex -48.6513 -17.0349 2.5
      vertex -48.7979 -17.2021 2.5
    endloop
  endfacet
  facet normal 0 0 1
    outer loop
      vertex -50 -21 2.5
      vertex -48.7979 -17.2021 2.5
      vertex -48.9651 -17.3487 2.5
    endloop
  endfacet
  facet normal 0 0 1
    outer loop
      vertex -50 -21 2.5
      vertex -48.9651 -17.3487 2.5
      vertex -49.15 -17.4722 2.5
    endloop
  endfacet
  facet normal 0 0 1
    outer loop
      vertex -50 -21 2.5
      vertex -49.15 -17.4722 2.5
      vertex -49.3494 -17.5706 2.5
    endloop
  endfacet
  facet normal 0 0 1
    outer loop
      vertex -50 -21 2.5
      vertex -49.3494 -17.5706 2.5
      vertex -49.56 -17.6421 2.5
    endloop
  endfacet
  facet normal 0 0 1
    outer loop
      vertex -50 -21 2.5
      vertex -49.56 -17.6421 2.5
      vertex -49.7781 -17.6855 2.5
    endloop
  endfacet
  facet normal 0 0 1
    outer loop
      vertex -50 -21 2.5
      vertex -49.7781 -17.6855 2.5
      vertex -50 -17.7 2.5
    endloop
  endfacet
  facet normal 0 0 1
    outer loop
      vertex -48.4294 -16.6506 2.5
      vertex -50 -21 2.5
      vertex 50 -21 2.5
    endloop
  endfacet
  facet normal 0 0 1
    outer loop
      vertex -50.2219 -17.6855 2.5
      vertex -50 -21 2.5
      vertex -50 -17.7 2.5
    endloop
  endfacet
  facet normal 0 0 1
    outer loop
      vertex -50.6526 -20.9572 2.5
      vertex -50.2219 -17.6855 2.5
      vertex -50.44 -17.6421 2.5
    endloop
  endfacet
  facet normal 0 0 1
    outer loop
      vertex -51.2941 -20.8296 2.5
      vertex -50.44 -17.6421 2.5
      vertex -50.6506 -17.5706 2.5
    endloop
  endfacet
  facet normal 0 0 1
    outer loop
      vertex -50.2219 -17.6855 2.5
      vertex -50.6526 -20.9572 2.5
      vertex -50 -21 2.5
    endloop
  endfacet
  facet normal 0 0 1
    outer loop
      vertex -51.9134 -20.6194 2.5
      vertex -50.6506 -17.5706 2.5
      vertex -50.85 -17.4722 2.5
    endloop
  endfacet
  facet normal 0 0 1
    outer loop
      vertex -52.5 -20.3301 2.5
      vertex -50.85 -17.4722 2.5
      vertex -51.0349 -17.3487 2.5
    endloop
  endfacet
  facet normal 0 0 1
    outer loop
      vertex -52.5 -20.3301 2.5
      vertex -51.0349 -17.3487 2.5
      vertex -51.2021 -17.2021 2.5
    endloop
  endfacet
  facet normal 0 0 1
    outer loop
      vertex -50.44 -17.6421 2.5
      vertex -51.2941 -20.8296 2.5
      vertex -50.6526 -20.9572 2.5
    endloop
  endfacet
  facet normal 0 0 1
    outer loop
      vertex -52.5 -20.3301 2.5
      vertex -51.2021 -17.2021 2.5
      vertex -51.3487 -17.0349 2.5
    endloop
  endfacet
  facet normal 0 0 1
    outer loop
      vertex -52.5 -20.3301 2.5
      vertex -51.3487 -17.0349 2.5
      vertex -51.4722 -16.85 2.5
    endloop
  endfacet
  facet normal 0 0 1
    outer loop
      vertex -52.5 -20.3301 2.5
      vertex -51.4722 -16.85 2.5
      vertex -51.5706 -16.6506 2.5
    endloop
  endfacet
  facet normal 0 0 1
    outer loop
      vertex -52.5 -20.3301 2.5
      vertex -51.5706 -16.6506 2.5
      vertex -51.6421 -16.44 2.5
    endloop
  endfacet
  facet normal 0 0 1
    outer loop
      vertex -52.5 -20.3301 2.5
      vertex -51.6421 -16.44 2.5
      vertex -51.6855 -16.2219 2.5
    endloop
  endfacet
  facet normal 0 0 1
    outer loop
      vertex -50.6506 -17.5706 2.5
      vertex -51.9134 -20.6194 2.5
      vertex -51.2941 -20.8296 2.5
    endloop
  endfacet
  facet normal 0 0 1
    outer loop
      vertex -54.3301 -18.5 2.5
      vertex -51.6855 -16.2219 2.5
      vertex -51.7 -16 2.5
    endloop
  endfacet
  facet normal 0 0 1
    outer loop
      vertex 65.9167 -4.86469 2.5
      vertex 63.2121 -4.13999 2.5
      vertex 65.7275 -5.42208 2.5
    endloop
  endfacet
  facet normal -0 0 1
    outer loop
      vertex 63.0422 -4.55 2.5
      vertex 65.4671 -5.95 2.5
      vertex 63.1406 -4.35056 2.5
    endloop
  endfacet
  facet normal -0 0 1
    outer loop
      vertex 63.0422 4.8 2.5
      vertex 65.4671 3.4 2.5
      vertex 63.1406 4.99944 2.5
    endloop
  endfacet
  facet normal 0 0 1
    outer loop
      vertex 65.9167 -2.53531 2.5
      vertex 63.2121 -3.26001 2.5
      vertex 63.2555 -3.47811 2.5
    endloop
  endfacet
  facet normal -0 0 1
    outer loop
      vertex 62.9187 4.61511 2.5
      vertex 65.4671 3.4 2.5
      vertex 63.0422 4.8 2.5
    endloop
  endfacet
  facet normal 0 0 1
    outer loop
      vertex 65.7275 -1.97793 2.5
      vertex 63.1406 -3.04944 2.5
      vertex 63.2121 -3.26001 2.5
    endloop
  endfacet
  facet normal -0 0 1
    outer loop
      vertex 62.7721 4.44792 2.5
      vertex 65.4671 3.4 2.5
      vertex 62.9187 4.61511 2.5
    endloop
  endfacet
  facet normal 0 0 1
    outer loop
      vertex 65.4671 -1.45 2.5
      vertex 63.0422 -2.85 2.5
      vertex 63.1406 -3.04944 2.5
    endloop
  endfacet
  facet normal -0 0 1
    outer loop
      vertex 62.6049 4.3013 2.5
      vertex 65.4671 3.4 2.5
      vertex 62.7721 4.44792 2.5
    endloop
  endfacet
  facet normal 0 0 1
    outer loop
      vertex 65.4671 -1.45 2.5
      vertex 62.9187 -2.66511 2.5
      vertex 63.0422 -2.85 2.5
    endloop
  endfacet
  facet normal 0 0 1
    outer loop
      vertex 65.4671 3.4 2.5
      vertex 62.6049 4.3013 2.5
      vertex 64.1764 0.862007 2.5
    endloop
  endfacet
  facet normal 0 0 1
    outer loop
      vertex 65.4671 -1.45 2.5
      vertex 62.7721 -2.49792 2.5
      vertex 62.9187 -2.66511 2.5
    endloop
  endfacet
  facet normal -0 0 1
    outer loop
      vertex 62.42 4.17776 2.5
      vertex 64.1764 0.862007 2.5
      vertex 62.6049 4.3013 2.5
    endloop
  endfacet
  facet normal 0 0 1
    outer loop
      vertex 65.4671 -1.45 2.5
      vertex 62.6049 -2.3513 2.5
      vertex 62.7721 -2.49792 2.5
    endloop
  endfacet
  facet normal 0 0 1
    outer loop
      vertex 64.1764 0.862007 2.5
      vertex 62.5582 -2.32011 2.5
      vertex 62.6049 -2.3513 2.5
    endloop
  endfacet
  facet normal -0 0 1
    outer loop
      vertex 62.3459 4.14119 2.5
      vertex 64.1764 0.862007 2.5
      vertex 62.42 4.17776 2.5
    endloop
  endfacet
  facet normal 0 0 1
    outer loop
      vertex 64.1764 0.862007 2.5
      vertex 62.3459 4.14119 2.5
      vertex 62.5582 -2.32011 2.5
    endloop
  endfacet
  facet normal -0 0 1
    outer loop
      vertex 53.6033 0.644431 2.5
      vertex 62.5582 -2.32011 2.5
      vertex 62.3459 4.14119 2.5
    endloop
  endfacet
  facet normal 0 0 1
    outer loop
      vertex 53.6033 0.644431 2.5
      vertex 62.3459 4.14119 2.5
      vertex 60.6921 7.10361 2.5
    endloop
  endfacet
  facet normal 0 0 1
    outer loop
      vertex 62.5582 -2.32011 2.5
      vertex 53.6033 0.644431 2.5
      vertex 61.0374 -5.31064 2.5
    endloop
  endfacet
  facet normal -0 0 1
    outer loop
      vertex 59.3263 9.55022 2.5
      vertex 60.72 7.12224 2.5
      vertex 59.8479 9.80746 2.5
    endloop
  endfacet
  facet normal 0 0 1
    outer loop
      vertex 53.6033 0.644431 2.5
      vertex 60.6921 7.10361 2.5
      vertex 59.3263 9.55022 2.5
    endloop
  endfacet
  facet normal 0 0 1
    outer loop
      vertex 60.72 7.12224 2.5
      vertex 59.3263 9.55022 2.5
      vertex 60.6921 7.10361 2.5
    endloop
  endfacet
  facet normal 0 -0 1
    outer loop
      vertex 59.8479 -7.85746 2.5
      vertex 61.0374 -5.31064 2.5
      vertex 59.7635 -7.8158 2.5
    endloop
  endfacet
  facet normal 0 0 1
    outer loop
      vertex 61.0374 -5.31064 2.5
      vertex 59.8479 -7.85746 2.5
      vertex 60.4053 -8.04667 2.5
    endloop
  endfacet
  facet normal 0 0 1
    outer loop
      vertex 61.0374 -5.31064 2.5
      vertex 60.4053 -8.04667 2.5
      vertex 60.9826 -8.1615 2.5
    endloop
  endfacet
  facet normal -0 0 1
    outer loop
      vertex 51.5706 15.3494 2.5
      vertex 59.3263 9.55022 2.5
      vertex 54.3301 18.5 2.5
    endloop
  endfacet
  facet normal 0 0 1
    outer loop
      vertex 61.0374 -5.31064 2.5
      vertex 53.6033 0.644431 2.5
      vertex 59.7635 -7.8158 2.5
    endloop
  endfacet
  facet normal 0 0 1
    outer loop
      vertex 51.6855 16.2219 2.5
      vertex 54.3301 18.5 2.5
      vertex 53.9668 19.0438 2.5
    endloop
  endfacet
  facet normal 0 0 1
    outer loop
      vertex 51.4722 -15.15 2.5
      vertex 59.7635 -7.8158 2.5
      vertex 53.6033 0.644431 2.5
    endloop
  endfacet
  facet normal 0 -0 1
    outer loop
      vertex 51.5706 -15.3494 2.5
      vertex 59.7635 -7.8158 2.5
      vertex 51.4722 -15.15 2.5
    endloop
  endfacet
  facet normal 0 0 1
    outer loop
      vertex 51.6855 16.2219 2.5
      vertex 53.9668 19.0438 2.5
      vertex 53.5355 19.5355 2.5
    endloop
  endfacet
  facet normal 0 0 1
    outer loop
      vertex 51.6855 16.2219 2.5
      vertex 53.5355 19.5355 2.5
      vertex 53.0438 19.9668 2.5
    endloop
  endfacet
  facet normal 0 0 1
    outer loop
      vertex 51.6855 16.2219 2.5
      vertex 53.0438 19.9668 2.5
      vertex 52.5 20.3301 2.5
    endloop
  endfacet
  facet normal 0 0 1
    outer loop
      vertex 50.85 17.4722 2.5
      vertex 52.5 20.3301 2.5
      vertex 51.9134 20.6194 2.5
    endloop
  endfacet
  facet normal 0 0 1
    outer loop
      vertex 54.3301 18.5 2.5
      vertex 51.7 16 2.5
      vertex 51.6855 15.7781 2.5
    endloop
  endfacet
  facet normal 0 0 1
    outer loop
      vertex 54.3301 18.5 2.5
      vertex 51.6855 15.7781 2.5
      vertex 51.6421 15.56 2.5
    endloop
  endfacet
  facet normal 0 0 1
    outer loop
      vertex 54.3301 18.5 2.5
      vertex 51.6421 15.56 2.5
      vertex 51.5706 15.3494 2.5
    endloop
  endfacet
  facet normal 0 0 1
    outer loop
      vertex 59.3263 9.55022 2.5
      vertex 51.5706 15.3494 2.5
      vertex 51.4722 15.15 2.5
    endloop
  endfacet
  facet normal -0 0 1
    outer loop
      vertex 51.3487 14.9651 2.5
      vertex 59.3263 9.55022 2.5
      vertex 51.4722 15.15 2.5
    endloop
  endfacet
  facet normal -0 0 1
    outer loop
      vertex 51.2021 14.7979 2.5
      vertex 59.3263 9.55022 2.5
      vertex 51.3487 14.9651 2.5
    endloop
  endfacet
  facet normal -0 0 1
    outer loop
      vertex 51.0349 14.6513 2.5
      vertex 59.3263 9.55022 2.5
      vertex 51.2021 14.7979 2.5
    endloop
  endfacet
  facet normal -0 0 1
    outer loop
      vertex 50.85 14.5278 2.5
      vertex 59.3263 9.55022 2.5
      vertex 51.0349 14.6513 2.5
    endloop
  endfacet
  facet normal -0 0 1
    outer loop
      vertex 50.6506 14.4294 2.5
      vertex 59.3263 9.55022 2.5
      vertex 50.85 14.5278 2.5
    endloop
  endfacet
  facet normal -0 0 1
    outer loop
      vertex 47.2127 11 2.5
      vertex 59.3263 9.55022 2.5
      vertex 50.6506 14.4294 2.5
    endloop
  endfacet
  facet normal 0 0 1
    outer loop
      vertex 47.2127 11 2.5
      vertex 50.6506 14.4294 2.5
      vertex 50.44 14.3579 2.5
    endloop
  endfacet
  facet normal 0 0 1
    outer loop
      vertex 47.2127 11 2.5
      vertex 50.44 14.3579 2.5
      vertex 50.2219 14.3145 2.5
    endloop
  endfacet
  facet normal 0 0 1
    outer loop
      vertex 47.2127 11 2.5
      vertex 50.2219 14.3145 2.5
      vertex 50 14.3 2.5
    endloop
  endfacet
  facet normal 0 0 1
    outer loop
      vertex 47.2127 11 2.5
      vertex 50 14.3 2.5
      vertex 49.7781 14.3145 2.5
    endloop
  endfacet
  facet normal 0 0 1
    outer loop
      vertex 47.2127 11 2.5
      vertex 49.7781 14.3145 2.5
      vertex 49.56 14.3579 2.5
    endloop
  endfacet
  facet normal 0 0 1
    outer loop
      vertex 47.2127 11 2.5
      vertex 49.56 14.3579 2.5
      vertex 49.3494 14.4294 2.5
    endloop
  endfacet
  facet normal 0 0 1
    outer loop
      vertex 47.2127 11 2.5
      vertex 49.3494 14.4294 2.5
      vertex 49.15 14.5278 2.5
    endloop
  endfacet
  facet normal 0 0 1
    outer loop
      vertex 47.2127 11 2.5
      vertex 49.15 14.5278 2.5
      vertex 48.9651 14.6513 2.5
    endloop
  endfacet
  facet normal 0 0 1
    outer loop
      vertex 47.2127 11 2.5
      vertex 48.9651 14.6513 2.5
      vertex 48.7979 14.7979 2.5
    endloop
  endfacet
  facet normal 0 0 1
    outer loop
      vertex 47.2127 11 2.5
      vertex 48.7979 14.7979 2.5
      vertex 48.6513 14.9651 2.5
    endloop
  endfacet
  facet normal 0 0 1
    outer loop
      vertex 47.2127 11 2.5
      vertex 48.6513 14.9651 2.5
      vertex 48.5278 15.15 2.5
    endloop
  endfacet
  facet normal 0 0 1
    outer loop
      vertex 47.2127 11 2.5
      vertex 48.5278 15.15 2.5
      vertex 48.4294 15.3494 2.5
    endloop
  endfacet
  facet normal 0 0 1
    outer loop
      vertex 59.3263 9.55022 2.5
      vertex 47.2127 11 2.5
      vertex 53.6033 0.644431 2.5
    endloop
  endfacet
  facet normal 0 0 1
    outer loop
      vertex 48.3579 15.56 2.5
      vertex 47.2127 11 2.5
      vertex 48.4294 15.3494 2.5
    endloop
  endfacet
  facet normal 0 0 1
    outer loop
      vertex 48.3145 15.7781 2.5
      vertex 47.2127 11 2.5
      vertex 48.3579 15.56 2.5
    endloop
  endfacet
  facet normal 0 0 1
    outer loop
      vertex 47.2127 11 2.5
      vertex 48.3145 15.7781 2.5
      vertex 48.3 16 2.5
    endloop
  endfacet
  facet normal 0 0 1
    outer loop
      vertex 65.4671 -5.95 2.5
      vertex 63.0422 -4.55 2.5
      vertex 65.1401 -6.43943 2.5
    endloop
  endfacet
  facet normal -0 0 1
    outer loop
      vertex 62.9187 -4.73489 2.5
      vertex 65.1401 -6.43943 2.5
      vertex 63.0422 -4.55 2.5
    endloop
  endfacet
  facet normal 0 0 1
    outer loop
      vertex 65.1401 -6.43943 2.5
      vertex 62.9187 -4.73489 2.5
      vertex 64.752 -6.88198 2.5
    endloop
  endfacet
  facet normal -0 0 1
    outer loop
      vertex 62.7721 -4.90208 2.5
      vertex 64.752 -6.88198 2.5
      vertex 62.9187 -4.73489 2.5
    endloop
  endfacet
  facet normal 0 0 1
    outer loop
      vertex 64.752 -6.88198 2.5
      vertex 62.7721 -4.90208 2.5
      vertex 64.3094 -7.27009 2.5
    endloop
  endfacet
  facet normal -0 0 1
    outer loop
      vertex 62.6049 -5.0487 2.5
      vertex 64.3094 -7.27009 2.5
      vertex 62.7721 -4.90208 2.5
    endloop
  endfacet
  facet normal 0 0 1
    outer loop
      vertex 64.3094 -7.27009 2.5
      vertex 62.6049 -5.0487 2.5
      vertex 63.82 -7.59711 2.5
    endloop
  endfacet
  facet normal -0 0 1
    outer loop
      vertex 62.42 -5.17224 2.5
      vertex 63.82 -7.59711 2.5
      vertex 62.6049 -5.0487 2.5
    endloop
  endfacet
  facet normal 0 0 1
    outer loop
      vertex 63.82 -7.59711 2.5
      vertex 62.42 -5.17224 2.5
      vertex 63.2921 -7.85746 2.5
    endloop
  endfacet
  facet normal -0 0 1
    outer loop
      vertex 62.2206 -5.2706 2.5
      vertex 63.2921 -7.85746 2.5
      vertex 62.42 -5.17224 2.5
    endloop
  endfacet
  facet normal 0 0 1
    outer loop
      vertex 63.2921 -7.85746 2.5
      vertex 62.2206 -5.2706 2.5
      vertex 62.7347 -8.04667 2.5
    endloop
  endfacet
  facet normal -0 0 1
    outer loop
      vertex 62.01 -5.34207 2.5
      vertex 62.7347 -8.04667 2.5
      vertex 62.2206 -5.2706 2.5
    endloop
  endfacet
  facet normal 0 0 1
    outer loop
      vertex 62.7347 -8.04667 2.5
      vertex 62.01 -5.34207 2.5
      vertex 62.1574 -8.1615 2.5
    endloop
  endfacet
  facet normal -0 0 1
    outer loop
      vertex 61.7919 -5.38546 2.5
      vertex 62.1574 -8.1615 2.5
      vertex 62.01 -5.34207 2.5
    endloop
  endfacet
  facet normal -0 0 1
    outer loop
      vertex 61.57 -5.4 2.5
      vertex 62.1574 -8.1615 2.5
      vertex 61.7919 -5.38546 2.5
    endloop
  endfacet
  facet normal 0 0 1
    outer loop
      vertex 61.57 -5.4 2.5
      vertex 61.57 -8.2 2.5
      vertex 62.1574 -8.1615 2.5
    endloop
  endfacet
  facet normal 0 0 1
    outer loop
      vertex 61.3481 -5.38546 2.5
      vertex 61.57 -8.2 2.5
      vertex 61.57 -5.4 2.5
    endloop
  endfacet
  facet normal 0 0 1
    outer loop
      vertex 60.9826 -8.1615 2.5
      vertex 61.3481 -5.38546 2.5
      vertex 61.13 -5.34207 2.5
    endloop
  endfacet
  facet normal 0 0 1
    outer loop
      vertex 60.9826 -8.1615 2.5
      vertex 61.13 -5.34207 2.5
      vertex 61.0374 -5.31064 2.5
    endloop
  endfacet
  facet normal 0 0 1
    outer loop
      vertex 61.3481 -5.38546 2.5
      vertex 60.9826 -8.1615 2.5
      vertex 61.57 -8.2 2.5
    endloop
  endfacet
  facet normal 0 0 -1
    outer loop
      vertex 63.27 -3.7 0
      vertex 66.07 -3.7 0
      vertex 66.0315 -4.28737 0
    endloop
  endfacet
  facet normal 0 0 -1
    outer loop
      vertex 63.2555 -3.9219 0
      vertex 66.0315 -4.28737 0
      vertex 65.9167 -4.86469 0
    endloop
  endfacet
  facet normal 0 0 -1
    outer loop
      vertex 66.07 -3.7 0
      vertex 63.27 -3.7 0
      vertex 66.0315 -3.11263 0
    endloop
  endfacet
  facet normal 0 0 -1
    outer loop
      vertex 63.2121 -4.13999 0
      vertex 65.9167 -4.86469 0
      vertex 65.7275 -5.42208 0
    endloop
  endfacet
  facet normal 0 0 -1
    outer loop
      vertex 63.2555 -3.47811 0
      vertex 66.0315 -3.11263 0
      vertex 63.27 -3.7 0
    endloop
  endfacet
  facet normal 0 0 -1
    outer loop
      vertex 63.1406 -4.35056 0
      vertex 65.7275 -5.42208 0
      vertex 65.4671 -5.95 0
    endloop
  endfacet
  facet normal -0 0 -1
    outer loop
      vertex 66.0315 -3.11263 0
      vertex 63.2555 -3.47811 0
      vertex 65.9167 -2.53531 0
    endloop
  endfacet
  facet normal 0 0 -1
    outer loop
      vertex 63.0422 -4.55 0
      vertex 65.4671 -5.95 0
      vertex 65.1401 -6.43943 0
    endloop
  endfacet
  facet normal 0 0 -1
    outer loop
      vertex 62.9187 -4.73489 0
      vertex 65.1401 -6.43943 0
      vertex 64.752 -6.88198 0
    endloop
  endfacet
  facet normal 0 0 -1
    outer loop
      vertex 62.7721 -4.90208 0
      vertex 64.752 -6.88198 0
      vertex 64.3094 -7.27009 0
    endloop
  endfacet
  facet normal 0 0 -1
    outer loop
      vertex 66.0315 -4.28737 0
      vertex 63.2555 -3.9219 0
      vertex 63.27 -3.7 0
    endloop
  endfacet
  facet normal 0 0 -1
    outer loop
      vertex 62.6049 -5.0487 0
      vertex 64.3094 -7.27009 0
      vertex 63.82 -7.59711 0
    endloop
  endfacet
  facet normal 0 0 -1
    outer loop
      vertex 63.27 5.65 0
      vertex 66.07 5.65 0
      vertex 66.0315 5.06263 0
    endloop
  endfacet
  facet normal 0 0 -1
    outer loop
      vertex 63.2555 5.42811 0
      vertex 66.0315 5.06263 0
      vertex 65.9167 4.48531 0
    endloop
  endfacet
  facet normal 0 0 -1
    outer loop
      vertex 66.07 5.65 0
      vertex 63.27 5.65 0
      vertex 66.0315 6.23737 0
    endloop
  endfacet
  facet normal 0 0 -1
    outer loop
      vertex 63.2121 5.21001 0
      vertex 65.9167 4.48531 0
      vertex 65.7275 3.92793 0
    endloop
  endfacet
  facet normal 0 0 -1
    outer loop
      vertex 63.2555 5.87189 0
      vertex 66.0315 6.23737 0
      vertex 63.27 5.65 0
    endloop
  endfacet
  facet normal 0 0 -1
    outer loop
      vertex 63.1406 4.99944 0
      vertex 65.7275 3.92793 0
      vertex 65.4671 3.4 0
    endloop
  endfacet
  facet normal -0 0 -1
    outer loop
      vertex 66.0315 6.23737 0
      vertex 63.2555 5.87189 0
      vertex 65.9167 6.81469 0
    endloop
  endfacet
  facet normal 0 0 -1
    outer loop
      vertex 63.2121 6.08999 0
      vertex 65.9167 6.81469 0
      vertex 63.2555 5.87189 0
    endloop
  endfacet
  facet normal 0 0 -1
    outer loop
      vertex 63.1406 6.30056 0
      vertex 65.7275 7.37208 0
      vertex 63.2121 6.08999 0
    endloop
  endfacet
  facet normal -0 0 -1
    outer loop
      vertex 65.7275 7.37208 0
      vertex 63.1406 6.30056 0
      vertex 65.4671 7.9 0
    endloop
  endfacet
  facet normal 0 0 -1
    outer loop
      vertex 62.6049 4.3013 0
      vertex 65.4671 3.4 0
      vertex 64.1764 0.862007 0
    endloop
  endfacet
  facet normal -0 0 -1
    outer loop
      vertex 65.9167 -2.53531 0
      vertex 63.2121 -3.26001 0
      vertex 65.7275 -1.97793 0
    endloop
  endfacet
  facet normal -0 0 -1
    outer loop
      vertex 65.7275 -1.97793 0
      vertex 63.1406 -3.04944 0
      vertex 65.4671 -1.45 0
    endloop
  endfacet
  facet normal 0 0 -1
    outer loop
      vertex 62.42 -5.17224 0
      vertex 63.82 -7.59711 0
      vertex 63.2921 -7.85746 0
    endloop
  endfacet
  facet normal 0 0 -1
    outer loop
      vertex 63.1406 -3.04944 0
      vertex 65.7275 -1.97793 0
      vertex 63.2121 -3.26001 0
    endloop
  endfacet
  facet normal 0 0 -1
    outer loop
      vertex 66.0315 5.06263 0
      vertex 63.2555 5.42811 0
      vertex 63.27 5.65 0
    endloop
  endfacet
  facet normal 0 0 -1
    outer loop
      vertex 63.2121 -3.26001 0
      vertex 65.9167 -2.53531 0
      vertex 63.2555 -3.47811 0
    endloop
  endfacet
  facet normal 0 0 -1
    outer loop
      vertex 65.9167 -4.86469 0
      vertex 63.2121 -4.13999 0
      vertex 63.2555 -3.9219 0
    endloop
  endfacet
  facet normal 0 0 -1
    outer loop
      vertex 65.7275 -5.42208 0
      vertex 63.1406 -4.35056 0
      vertex 63.2121 -4.13999 0
    endloop
  endfacet
  facet normal 0 0 -1
    outer loop
      vertex 65.4671 -5.95 0
      vertex 63.0422 -4.55 0
      vertex 63.1406 -4.35056 0
    endloop
  endfacet
  facet normal 0 0 -1
    outer loop
      vertex 65.1401 -6.43943 0
      vertex 62.9187 -4.73489 0
      vertex 63.0422 -4.55 0
    endloop
  endfacet
  facet normal 0 0 -1
    outer loop
      vertex 64.752 -6.88198 0
      vertex 62.7721 -4.90208 0
      vertex 62.9187 -4.73489 0
    endloop
  endfacet
  facet normal 0 0 -1
    outer loop
      vertex 62.2206 -5.2706 0
      vertex 63.2921 -7.85746 0
      vertex 62.7347 -8.04667 0
    endloop
  endfacet
  facet normal 0 0 -1
    outer loop
      vertex 64.3094 -7.27009 0
      vertex 62.6049 -5.0487 0
      vertex 62.7721 -4.90208 0
    endloop
  endfacet
  facet normal 0 0 -1
    outer loop
      vertex 63.82 -7.59711 0
      vertex 62.42 -5.17224 0
      vertex 62.6049 -5.0487 0
    endloop
  endfacet
  facet normal 0 0 -1
    outer loop
      vertex 63.2921 -7.85746 0
      vertex 62.2206 -5.2706 0
      vertex 62.42 -5.17224 0
    endloop
  endfacet
  facet normal 0 0 -1
    outer loop
      vertex 62.01 -5.34207 0
      vertex 62.7347 -8.04667 0
      vertex 62.1574 -8.1615 0
    endloop
  endfacet
  facet normal 0 0 -1
    outer loop
      vertex 62.7347 -8.04667 0
      vertex 62.01 -5.34207 0
      vertex 62.2206 -5.2706 0
    endloop
  endfacet
  facet normal 0 0 -1
    outer loop
      vertex 62.1574 -8.1615 0
      vertex 61.7919 -5.38546 0
      vertex 62.01 -5.34207 0
    endloop
  endfacet
  facet normal 0 0 -1
    outer loop
      vertex 61.57 -8.2 0
      vertex 61.7919 -5.38546 0
      vertex 62.1574 -8.1615 0
    endloop
  endfacet
  facet normal 0 0 -1
    outer loop
      vertex 61.57 -8.2 0
      vertex 61.57 -5.4 0
      vertex 61.7919 -5.38546 0
    endloop
  endfacet
  facet normal 0 0 -1
    outer loop
      vertex 61.57 -8.2 0
      vertex 61.3481 -5.38546 0
      vertex 61.57 -5.4 0
    endloop
  endfacet
  facet normal 0 0 -1
    outer loop
      vertex 60.9826 -8.1615 0
      vertex 61.3481 -5.38546 0
      vertex 61.57 -8.2 0
    endloop
  endfacet
  facet normal -0 0 -1
    outer loop
      vertex 61.3481 -5.38546 0
      vertex 60.9826 -8.1615 0
      vertex 61.13 -5.34207 0
    endloop
  endfacet
  facet normal 0 0 -1
    outer loop
      vertex 60.4053 -8.04667 0
      vertex 61.13 -5.34207 0
      vertex 60.9826 -8.1615 0
    endloop
  endfacet
  facet normal 0 0 -1
    outer loop
      vertex -65.6649 6.9987 0
      vertex -67.3694 9.22009 0
      vertex -66.88 9.54711 0
    endloop
  endfacet
  facet normal 0 0 -1
    outer loop
      vertex -68.9767 4.48531 0
      vertex -66.2721 5.21001 0
      vertex -68.7875 3.92793 0
    endloop
  endfacet
  facet normal 0 0 -1
    outer loop
      vertex -66.3155 5.42811 0
      vertex -67.812 8.83198 0
      vertex -67.3694 9.22009 0
    endloop
  endfacet
  facet normal 0 0 -1
    outer loop
      vertex -66.3155 5.42811 0
      vertex -68.2001 8.38943 0
      vertex -67.812 8.83198 0
    endloop
  endfacet
  facet normal 0 0 -1
    outer loop
      vertex -66.3155 5.42811 0
      vertex -68.5271 7.9 0
      vertex -68.2001 8.38943 0
    endloop
  endfacet
  facet normal -0 0 -1
    outer loop
      vertex -66.2721 5.21001 0
      vertex -68.9767 4.48531 0
      vertex -66.3155 5.42811 0
    endloop
  endfacet
  facet normal 0 0 -1
    outer loop
      vertex -66.3155 5.42811 0
      vertex -68.7875 7.37208 0
      vertex -68.5271 7.9 0
    endloop
  endfacet
  facet normal 0 0 -1
    outer loop
      vertex -69.0915 5.06263 0
      vertex -66.3155 5.42811 0
      vertex -68.9767 4.48531 0
    endloop
  endfacet
  facet normal 0 0 -1
    outer loop
      vertex -66.3155 5.42811 0
      vertex -68.9767 6.81469 0
      vertex -68.7875 7.37208 0
    endloop
  endfacet
  facet normal 0 0 -1
    outer loop
      vertex -69.13 5.65 0
      vertex -66.3155 5.42811 0
      vertex -69.0915 5.06263 0
    endloop
  endfacet
  facet normal 0 0 -1
    outer loop
      vertex -66.3155 5.42811 0
      vertex -69.0915 6.23737 0
      vertex -68.9767 6.81469 0
    endloop
  endfacet
  facet normal 0 0 -1
    outer loop
      vertex -66.3155 5.42811 0
      vertex -69.13 5.65 0
      vertex -69.0915 6.23737 0
    endloop
  endfacet
  facet normal -0 0 -1
    outer loop
      vertex -61.3291 8.69636 0
      vertex -63.4279 6.85208 0
      vertex -61.448 8.83198 0
    endloop
  endfacet
  facet normal -0 0 -1
    outer loop
      vertex -61.448 8.83198 0
      vertex -63.4279 6.85208 0
      vertex -61.8906 9.22009 0
    endloop
  endfacet
  facet normal 0 0 -1
    outer loop
      vertex -63.5951 6.9987 0
      vertex -61.8906 9.22009 0
      vertex -63.4279 6.85208 0
    endloop
  endfacet
  facet normal -0 0 -1
    outer loop
      vertex -61.8906 9.22009 0
      vertex -63.5951 6.9987 0
      vertex -62.38 9.54711 0
    endloop
  endfacet
  facet normal 0 0 -1
    outer loop
      vertex -63.78 7.12224 0
      vertex -62.38 9.54711 0
      vertex -63.5951 6.9987 0
    endloop
  endfacet
  facet normal -0 0 -1
    outer loop
      vertex -62.38 9.54711 0
      vertex -63.78 7.12224 0
      vertex -62.9079 9.80746 0
    endloop
  endfacet
  facet normal 0 0 -1
    outer loop
      vertex -63.9794 7.2206 0
      vertex -62.9079 9.80746 0
      vertex -63.78 7.12224 0
    endloop
  endfacet
  facet normal -0 0 -1
    outer loop
      vertex -62.9079 9.80746 0
      vertex -63.9794 7.2206 0
      vertex -63.4653 9.99667 0
    endloop
  endfacet
  facet normal 0 0 -1
    outer loop
      vertex -64.19 7.29207 0
      vertex -63.4653 9.99667 0
      vertex -63.9794 7.2206 0
    endloop
  endfacet
  facet normal -0 0 -1
    outer loop
      vertex -63.4653 9.99667 0
      vertex -64.19 7.29207 0
      vertex -64.0426 10.1115 0
    endloop
  endfacet
  facet normal 0 0 -1
    outer loop
      vertex -64.4081 7.33546 0
      vertex -64.0426 10.1115 0
      vertex -64.19 7.29207 0
    endloop
  endfacet
  facet normal 0 0 -1
    outer loop
      vertex -64.63 7.35 0
      vertex -64.0426 10.1115 0
      vertex -64.4081 7.33546 0
    endloop
  endfacet
  facet normal 0 0 -1
    outer loop
      vertex -64.63 7.35 0
      vertex -64.63 10.15 0
      vertex -64.0426 10.1115 0
    endloop
  endfacet
  facet normal 0 0 -1
    outer loop
      vertex -64.8519 7.33546 0
      vertex -64.63 10.15 0
      vertex -64.63 7.35 0
    endloop
  endfacet
  facet normal 0 0 -1
    outer loop
      vertex -65.2174 10.1115 0
      vertex -64.8519 7.33546 0
      vertex -65.07 7.29207 0
    endloop
  endfacet
  facet normal 0 0 -1
    outer loop
      vertex -64.8519 7.33546 0
      vertex -65.2174 10.1115 0
      vertex -64.63 10.15 0
    endloop
  endfacet
  facet normal 0 0 -1
    outer loop
      vertex -65.7947 9.99667 0
      vertex -65.07 7.29207 0
      vertex -65.2806 7.2206 0
    endloop
  endfacet
  facet normal 0 0 -1
    outer loop
      vertex -66.3521 9.80746 0
      vertex -65.2806 7.2206 0
      vertex -65.48 7.12224 0
    endloop
  endfacet
  facet normal 0 0 -1
    outer loop
      vertex -66.88 9.54711 0
      vertex -65.48 7.12224 0
      vertex -65.6649 6.9987 0
    endloop
  endfacet
  facet normal 0 0 -1
    outer loop
      vertex -65.07 7.29207 0
      vertex -65.7947 9.99667 0
      vertex -65.2174 10.1115 0
    endloop
  endfacet
  facet normal 0 0 -1
    outer loop
      vertex -67.3694 9.22009 0
      vertex -65.6649 6.9987 0
      vertex -65.8321 6.85208 0
    endloop
  endfacet
  facet normal 0 0 -1
    outer loop
      vertex -67.3694 9.22009 0
      vertex -65.8321 6.85208 0
      vertex -65.9787 6.68489 0
    endloop
  endfacet
  facet normal 0 0 -1
    outer loop
      vertex -67.3694 9.22009 0
      vertex -65.9787 6.68489 0
      vertex -66.1022 6.5 0
    endloop
  endfacet
  facet normal 0 0 -1
    outer loop
      vertex -67.3694 9.22009 0
      vertex -66.1022 6.5 0
      vertex -66.2006 6.30056 0
    endloop
  endfacet
  facet normal 0 0 -1
    outer loop
      vertex -67.3694 9.22009 0
      vertex -66.2006 6.30056 0
      vertex -66.2721 6.08999 0
    endloop
  endfacet
  facet normal 0 0 -1
    outer loop
      vertex -67.3694 9.22009 0
      vertex -66.2721 6.08999 0
      vertex -66.3155 5.87189 0
    endloop
  endfacet
  facet normal 0 0 -1
    outer loop
      vertex -65.2806 7.2206 0
      vertex -66.3521 9.80746 0
      vertex -65.7947 9.99667 0
    endloop
  endfacet
  facet normal 0 0 -1
    outer loop
      vertex -67.3694 9.22009 0
      vertex -66.3155 5.87189 0
      vertex -66.33 5.65 0
    endloop
  endfacet
  facet normal -0 0 -1
    outer loop
      vertex -66.2006 4.99944 0
      vertex -68.7875 3.92793 0
      vertex -66.2721 5.21001 0
    endloop
  endfacet
  facet normal 0 0 -1
    outer loop
      vertex -68.2001 -0.960574 0
      vertex -66.3521 -7.85746 0
      vertex -66.88 -7.59711 0
    endloop
  endfacet
  facet normal 0 0 -1
    outer loop
      vertex -66.3155 5.42811 0
      vertex -67.3694 9.22009 0
      vertex -66.33 5.65 0
    endloop
  endfacet
  facet normal 0 0 -1
    outer loop
      vertex -65.48 7.12224 0
      vertex -66.88 9.54711 0
      vertex -66.3521 9.80746 0
    endloop
  endfacet
  facet normal 0 0 -1
    outer loop
      vertex -68.2001 -0.960574 0
      vertex -66.88 -7.59711 0
      vertex -67.3694 -7.27009 0
    endloop
  endfacet
  facet normal 0 0 -1
    outer loop
      vertex -68.2001 -0.960574 0
      vertex -67.3694 -7.27009 0
      vertex -67.812 -6.88198 0
    endloop
  endfacet
  facet normal 0 0 -1
    outer loop
      vertex -68.2001 -0.960574 0
      vertex -67.812 -6.88198 0
      vertex -68.2001 -6.43943 0
    endloop
  endfacet
  facet normal 0 0 -1
    outer loop
      vertex -66.3521 -7.85746 0
      vertex -68.2001 -0.960574 0
      vertex -66.8921 0.877804 0
    endloop
  endfacet
  facet normal 0 0 -1
    outer loop
      vertex -68.5271 -5.95 0
      vertex -68.2001 -0.960574 0
      vertex -68.2001 -6.43943 0
    endloop
  endfacet
  facet normal 0 0 -1
    outer loop
      vertex -68.5271 -5.95 0
      vertex -68.5271 -1.45 0
      vertex -68.2001 -0.960574 0
    endloop
  endfacet
  facet normal 0 0 -1
    outer loop
      vertex -68.7875 -5.42208 0
      vertex -68.5271 -1.45 0
      vertex -68.5271 -5.95 0
    endloop
  endfacet
  facet normal 0 0 -1
    outer loop
      vertex -68.7875 -5.42208 0
      vertex -68.7875 -1.97793 0
      vertex -68.5271 -1.45 0
    endloop
  endfacet
  facet normal 0 0 -1
    outer loop
      vertex -68.9767 -4.86469 0
      vertex -68.7875 -1.97793 0
      vertex -68.7875 -5.42208 0
    endloop
  endfacet
  facet normal 0 0 -1
    outer loop
      vertex -68.9767 -4.86469 0
      vertex -68.9767 -2.53531 0
      vertex -68.7875 -1.97793 0
    endloop
  endfacet
  facet normal 0 0 -1
    outer loop
      vertex -69.0915 -4.28737 0
      vertex -68.9767 -2.53531 0
      vertex -68.9767 -4.86469 0
    endloop
  endfacet
  facet normal 0 0 -1
    outer loop
      vertex -69.0915 -4.28737 0
      vertex -69.0915 -3.11263 0
      vertex -68.9767 -2.53531 0
    endloop
  endfacet
  facet normal 0 -0 -1
    outer loop
      vertex -69.0915 -3.11263 0
      vertex -69.0915 -4.28737 0
      vertex -69.13 -3.7 0
    endloop
  endfacet
  facet normal 0 0 -1
    outer loop
      vertex -55.5906 0.620123 0
      vertex -64.7028 3.95477 0
      vertex -63.0511 6.27612 0
    endloop
  endfacet
  facet normal -0 0 -1
    outer loop
      vertex -55.5906 0.620123 0
      vertex -64.9982 -2.04364 0
      vertex -64.7028 3.95477 0
    endloop
  endfacet
  facet normal 0 0 -1
    outer loop
      vertex -66.8921 0.877804 0
      vertex -64.7028 3.95477 0
      vertex -64.9982 -2.04364 0
    endloop
  endfacet
  facet normal 0 0 -1
    outer loop
      vertex -66.8921 0.877804 0
      vertex -64.9982 -2.04364 0
      vertex -65.07 -2.05793 0
    endloop
  endfacet
  facet normal -0 0 -1
    outer loop
      vertex -64.7028 3.95477 0
      vertex -66.8921 0.877804 0
      vertex -64.8519 3.96454 0
    endloop
  endfacet
  facet normal 0 0 -1
    outer loop
      vertex -66.8921 0.877804 0
      vertex -65.07 -2.05793 0
      vertex -65.2806 -2.12941 0
    endloop
  endfacet
  facet normal -0 0 -1
    outer loop
      vertex -64.8519 3.96454 0
      vertex -66.8921 0.877804 0
      vertex -65.07 4.00793 0
    endloop
  endfacet
  facet normal 0 0 -1
    outer loop
      vertex -66.8921 0.877804 0
      vertex -65.2806 -2.12941 0
      vertex -65.48 -2.22776 0
    endloop
  endfacet
  facet normal -0 0 -1
    outer loop
      vertex -65.07 4.00793 0
      vertex -66.8921 0.877804 0
      vertex -65.2806 4.0794 0
    endloop
  endfacet
  facet normal 0 0 -1
    outer loop
      vertex -66.8921 0.877804 0
      vertex -65.48 -2.22776 0
      vertex -65.6649 -2.3513 0
    endloop
  endfacet
  facet normal -0 0 -1
    outer loop
      vertex -65.2806 4.0794 0
      vertex -66.8921 0.877804 0
      vertex -65.48 4.17776 0
    endloop
  endfacet
  facet normal 0 0 -1
    outer loop
      vertex -66.8921 0.877804 0
      vertex -65.6649 -2.3513 0
      vertex -65.8321 -2.49792 0
    endloop
  endfacet
  facet normal -0 0 -1
    outer loop
      vertex -65.48 4.17776 0
      vertex -66.8921 0.877804 0
      vertex -65.6649 4.3013 0
    endloop
  endfacet
  facet normal 0 0 -1
    outer loop
      vertex -66.8921 0.877804 0
      vertex -65.8321 -2.49792 0
      vertex -65.9787 -2.66511 0
    endloop
  endfacet
  facet normal 0 0 -1
    outer loop
      vertex -68.5271 3.4 0
      vertex -65.6649 4.3013 0
      vertex -66.8921 0.877804 0
    endloop
  endfacet
  facet normal 0 0 -1
    outer loop
      vertex -66.8921 0.877804 0
      vertex -65.9787 -2.66511 0
      vertex -66.1022 -2.85 0
    endloop
  endfacet
  facet normal -0 0 -1
    outer loop
      vertex -65.6649 4.3013 0
      vertex -68.5271 3.4 0
      vertex -65.8321 4.44792 0
    endloop
  endfacet
  facet normal 0 0 -1
    outer loop
      vertex -66.8921 0.877804 0
      vertex -66.1022 -2.85 0
      vertex -66.2006 -3.04944 0
    endloop
  endfacet
  facet normal -0 0 -1
    outer loop
      vertex -65.8321 4.44792 0
      vertex -68.5271 3.4 0
      vertex -65.9787 4.61511 0
    endloop
  endfacet
  facet normal 0 0 -1
    outer loop
      vertex -66.8921 0.877804 0
      vertex -66.2006 -3.04944 0
      vertex -66.2721 -3.26001 0
    endloop
  endfacet
  facet normal -0 0 -1
    outer loop
      vertex -65.9787 4.61511 0
      vertex -68.5271 3.4 0
      vertex -66.1022 4.8 0
    endloop
  endfacet
  facet normal 0 0 -1
    outer loop
      vertex -66.8921 0.877804 0
      vertex -66.2721 -3.26001 0
      vertex -66.3155 -3.47811 0
    endloop
  endfacet
  facet normal -0 0 -1
    outer loop
      vertex -66.1022 4.8 0
      vertex -68.5271 3.4 0
      vertex -66.2006 4.99944 0
    endloop
  endfacet
  facet normal 0 0 -1
    outer loop
      vertex -66.8921 0.877804 0
      vertex -66.3155 -3.47811 0
      vertex -66.33 -3.7 0
    endloop
  endfacet
  facet normal 0 0 -1
    outer loop
      vertex -68.7875 3.92793 0
      vertex -66.2006 4.99944 0
      vertex -68.5271 3.4 0
    endloop
  endfacet
  facet normal 0 0 -1
    outer loop
      vertex -47.5488 11 0
      vertex -48.3145 15.7781 0
      vertex -48.3 16 0
    endloop
  endfacet
  facet normal 0 0 -1
    outer loop
      vertex -47.5488 11 0
      vertex -48.3579 15.56 0
      vertex -48.3145 15.7781 0
    endloop
  endfacet
  facet normal 0 0 -1
    outer loop
      vertex -47.5488 11 0
      vertex -48.4294 15.3494 0
      vertex -48.3579 15.56 0
    endloop
  endfacet
  facet normal 0 0 -1
    outer loop
      vertex -47.5488 11 0
      vertex -48.5278 15.15 0
      vertex -48.4294 15.3494 0
    endloop
  endfacet
  facet normal 0 0 -1
    outer loop
      vertex -47.5488 11 0
      vertex -48.6513 14.9651 0
      vertex -48.5278 15.15 0
    endloop
  endfacet
  facet normal 0 0 -1
    outer loop
      vertex -47.5488 11 0
      vertex -48.7979 14.7979 0
      vertex -48.6513 14.9651 0
    endloop
  endfacet
  facet normal 0 0 -1
    outer loop
      vertex -47.5488 11 0
      vertex -48.9651 14.6513 0
      vertex -48.7979 14.7979 0
    endloop
  endfacet
  facet normal 0 0 -1
    outer loop
      vertex -47.5488 11 0
      vertex -49.15 14.5278 0
      vertex -48.9651 14.6513 0
    endloop
  endfacet
  facet normal 0 0 -1
    outer loop
      vertex -47.5488 11 0
      vertex -49.3494 14.4294 0
      vertex -49.15 14.5278 0
    endloop
  endfacet
  facet normal 0 0 -1
    outer loop
      vertex -47.5488 11 0
      vertex -49.56 14.3579 0
      vertex -49.3494 14.4294 0
    endloop
  endfacet
  facet normal 0 0 -1
    outer loop
      vertex -47.5488 11 0
      vertex -49.7781 14.3145 0
      vertex -49.56 14.3579 0
    endloop
  endfacet
  facet normal 0 0 -1
    outer loop
      vertex -47.5488 11 0
      vertex -50 14.3 0
      vertex -49.7781 14.3145 0
    endloop
  endfacet
  facet normal 0 0 -1
    outer loop
      vertex -47.5488 11 0
      vertex -50.2219 14.3145 0
      vertex -50 14.3 0
    endloop
  endfacet
  facet normal 0 0 -1
    outer loop
      vertex -47.5488 11 0
      vertex -50.44 14.3579 0
      vertex -50.2219 14.3145 0
    endloop
  endfacet
  facet normal 0 0 -1
    outer loop
      vertex -47.5488 11 0
      vertex -50.6506 14.4294 0
      vertex -50.44 14.3579 0
    endloop
  endfacet
  facet normal 0 0 -1
    outer loop
      vertex -47.5488 11 0
      vertex -50.85 14.5278 0
      vertex -50.6506 14.4294 0
    endloop
  endfacet
  facet normal 0 0 -1
    outer loop
      vertex -61.3291 8.69636 0
      vertex -50.85 14.5278 0
      vertex -47.5488 11 0
    endloop
  endfacet
  facet normal -0 0 -1
    outer loop
      vertex -50.85 14.5278 0
      vertex -61.3291 8.69636 0
      vertex -51.0349 14.6513 0
    endloop
  endfacet
  facet normal 0 0 -1
    outer loop
      vertex -50.85 17.4722 0
      vertex -52.5 20.3301 0
      vertex -51.9134 20.6194 0
    endloop
  endfacet
  facet normal 0 0 -1
    outer loop
      vertex -53.9668 19.0438 0
      vertex -51.7 16 0
      vertex -51.6855 15.7781 0
    endloop
  endfacet
  facet normal 0 0 -1
    outer loop
      vertex -51.6855 16.2219 0
      vertex -53.0438 19.9668 0
      vertex -52.5 20.3301 0
    endloop
  endfacet
  facet normal 0 0 -1
    outer loop
      vertex -53.9668 19.0438 0
      vertex -51.6855 15.7781 0
      vertex -51.6421 15.56 0
    endloop
  endfacet
  facet normal 0 0 -1
    outer loop
      vertex -51.6855 16.2219 0
      vertex -53.5355 19.5355 0
      vertex -53.0438 19.9668 0
    endloop
  endfacet
  facet normal 0 0 -1
    outer loop
      vertex -61.3291 8.69636 0
      vertex -51.6421 15.56 0
      vertex -51.5706 15.3494 0
    endloop
  endfacet
  facet normal 0 0 -1
    outer loop
      vertex -51.6855 16.2219 0
      vertex -53.9668 19.0438 0
      vertex -53.5355 19.5355 0
    endloop
  endfacet
  facet normal 0 0 -1
    outer loop
      vertex -61.3291 8.69636 0
      vertex -51.5706 15.3494 0
      vertex -51.4722 15.15 0
    endloop
  endfacet
  facet normal 0 0 -1
    outer loop
      vertex -61.3291 8.69636 0
      vertex -47.5488 11 0
      vertex -55.5906 0.620123 0
    endloop
  endfacet
  facet normal -0 0 -1
    outer loop
      vertex -51.0349 14.6513 0
      vertex -61.3291 8.69636 0
      vertex -51.2021 14.7979 0
    endloop
  endfacet
  facet normal -0 0 -1
    outer loop
      vertex -51.2021 14.7979 0
      vertex -61.3291 8.69636 0
      vertex -51.3487 14.9651 0
    endloop
  endfacet
  facet normal -0 0 -1
    outer loop
      vertex -51.3487 14.9651 0
      vertex -61.3291 8.69636 0
      vertex -51.4722 15.15 0
    endloop
  endfacet
  facet normal -0 0 -1
    outer loop
      vertex -51.6421 15.56 0
      vertex -61.3291 8.69636 0
      vertex -53.9668 19.0438 0
    endloop
  endfacet
  facet normal 0 0 -1
    outer loop
      vertex -48.3145 -15.7781 0
      vertex -47.4103 -11 0
      vertex -48.3 -16 0
    endloop
  endfacet
  facet normal 0 0 -1
    outer loop
      vertex -48.3579 -15.56 0
      vertex -47.4103 -11 0
      vertex -48.3145 -15.7781 0
    endloop
  endfacet
  facet normal 0 0 -1
    outer loop
      vertex -48.4294 -15.3494 0
      vertex -47.4103 -11 0
      vertex -48.3579 -15.56 0
    endloop
  endfacet
  facet normal 0 0 -1
    outer loop
      vertex -48.5278 -15.15 0
      vertex -47.4103 -11 0
      vertex -48.4294 -15.3494 0
    endloop
  endfacet
  facet normal 0 0 -1
    outer loop
      vertex -48.6513 -14.9651 0
      vertex -47.4103 -11 0
      vertex -48.5278 -15.15 0
    endloop
  endfacet
  facet normal 0 0 -1
    outer loop
      vertex -48.7979 -14.7979 0
      vertex -47.4103 -11 0
      vertex -48.6513 -14.9651 0
    endloop
  endfacet
  facet normal 0 0 -1
    outer loop
      vertex -48.9651 -14.6513 0
      vertex -47.4103 -11 0
      vertex -48.7979 -14.7979 0
    endloop
  endfacet
  facet normal 0 0 -1
    outer loop
      vertex -49.15 -14.5278 0
      vertex -47.4103 -11 0
      vertex -48.9651 -14.6513 0
    endloop
  endfacet
  facet normal 0 0 -1
    outer loop
      vertex -49.3494 -14.4294 0
      vertex -47.4103 -11 0
      vertex -49.15 -14.5278 0
    endloop
  endfacet
  facet normal 0 0 -1
    outer loop
      vertex -49.56 -14.3579 0
      vertex -47.4103 -11 0
      vertex -49.3494 -14.4294 0
    endloop
  endfacet
  facet normal 0 0 -1
    outer loop
      vertex -49.7781 -14.3145 0
      vertex -47.4103 -11 0
      vertex -49.56 -14.3579 0
    endloop
  endfacet
  facet normal 0 0 -1
    outer loop
      vertex -50 -14.3 0
      vertex -47.4103 -11 0
      vertex -49.7781 -14.3145 0
    endloop
  endfacet
  facet normal 0 0 -1
    outer loop
      vertex -50.2219 -14.3145 0
      vertex -47.4103 -11 0
      vertex -50 -14.3 0
    endloop
  endfacet
  facet normal 0 0 -1
    outer loop
      vertex -50.44 -14.3579 0
      vertex -47.4103 -11 0
      vertex -50.2219 -14.3145 0
    endloop
  endfacet
  facet normal 0 0 -1
    outer loop
      vertex -50.6506 -14.4294 0
      vertex -47.4103 -11 0
      vertex -50.44 -14.3579 0
    endloop
  endfacet
  facet normal 0 0 -1
    outer loop
      vertex -50.85 -14.5278 0
      vertex -47.4103 -11 0
      vertex -50.6506 -14.4294 0
    endloop
  endfacet
  facet normal 0 0 -1
    outer loop
      vertex -61.7117 -7.11326 0
      vertex -50.85 -14.5278 0
      vertex -51.0349 -14.6513 0
    endloop
  endfacet
  facet normal 0 0 -1
    outer loop
      vertex -61.7117 -7.11326 0
      vertex -51.0349 -14.6513 0
      vertex -51.2021 -14.7979 0
    endloop
  endfacet
  facet normal 0 0 -1
    outer loop
      vertex -54.3301 -18.5 0
      vertex -51.4722 -16.85 0
      vertex -53.9668 -19.0438 0
    endloop
  endfacet
  facet normal -0 0 -1
    outer loop
      vertex -51.4722 -16.85 0
      vertex -54.3301 -18.5 0
      vertex -51.5706 -16.6506 0
    endloop
  endfacet
  facet normal -0 0 -1
    outer loop
      vertex -51.5706 -16.6506 0
      vertex -54.3301 -18.5 0
      vertex -51.6421 -16.44 0
    endloop
  endfacet
  facet normal -0 0 -1
    outer loop
      vertex -51.6421 -16.44 0
      vertex -54.3301 -18.5 0
      vertex -51.6855 -16.2219 0
    endloop
  endfacet
  facet normal -0 0 -1
    outer loop
      vertex -51.6855 -16.2219 0
      vertex -54.3301 -18.5 0
      vertex -51.7 -16 0
    endloop
  endfacet
  facet normal -0 0 -1
    outer loop
      vertex -51.7 -16 0
      vertex -54.3301 -18.5 0
      vertex -51.6855 -15.7781 0
    endloop
  endfacet
  facet normal -0 0 -1
    outer loop
      vertex -51.6855 -15.7781 0
      vertex -54.3301 -18.5 0
      vertex -51.6421 -15.56 0
    endloop
  endfacet
  facet normal -0 0 -1
    outer loop
      vertex -51.6421 -15.56 0
      vertex -54.3301 -18.5 0
      vertex -51.5706 -15.3494 0
    endloop
  endfacet
  facet normal 0 0 -1
    outer loop
      vertex -61.7117 -7.11326 0
      vertex -51.5706 -15.3494 0
      vertex -54.3301 -18.5 0
    endloop
  endfacet
  facet normal 0 0 -1
    outer loop
      vertex -51.5706 -15.3494 0
      vertex -61.7117 -7.11326 0
      vertex -51.4722 -15.15 0
    endloop
  endfacet
  facet normal 0 0 -1
    outer loop
      vertex -50.85 -14.5278 0
      vertex -61.7117 -7.11326 0
      vertex -47.4103 -11 0
    endloop
  endfacet
  facet normal 0 0 -1
    outer loop
      vertex -61.7117 -7.11326 0
      vertex -51.2021 -14.7979 0
      vertex -51.3487 -14.9651 0
    endloop
  endfacet
  facet normal 0 0 -1
    outer loop
      vertex -51.4722 -15.15 0
      vertex -61.7117 -7.11326 0
      vertex -51.3487 -14.9651 0
    endloop
  endfacet
  facet normal 0 0 -1
    outer loop
      vertex -47.4103 -11 0
      vertex -61.7117 -7.11326 0
      vertex -55.5906 0.620123 0
    endloop
  endfacet
  facet normal 0 0 -1
    outer loop
      vertex -63.2672 -4.71382 0
      vertex -55.5906 0.620123 0
      vertex -61.7117 -7.11326 0
    endloop
  endfacet
  facet normal 0 0 -1
    outer loop
      vertex -55.5906 0.620123 0
      vertex -63.0511 6.27612 0
      vertex -61.3291 8.69636 0
    endloop
  endfacet
  facet normal 0 0 -1
    outer loop
      vertex -63.5951 -5.0487 0
      vertex -61.7117 -7.11326 0
      vertex -61.8906 -7.27009 0
    endloop
  endfacet
  facet normal 0 0 -1
    outer loop
      vertex -64.9982 -2.04364 0
      vertex -55.5906 0.620123 0
      vertex -63.2672 -4.71382 0
    endloop
  endfacet
  facet normal 0 0 -1
    outer loop
      vertex -63.5951 -5.0487 0
      vertex -61.8906 -7.27009 0
      vertex -62.38 -7.59711 0
    endloop
  endfacet
  facet normal 0 0 -1
    outer loop
      vertex -63.0594 6.30056 0
      vertex -61.3291 8.69636 0
      vertex -63.0511 6.27612 0
    endloop
  endfacet
  facet normal 0 0 -1
    outer loop
      vertex -63.78 -5.17224 0
      vertex -62.38 -7.59711 0
      vertex -62.9079 -7.85746 0
    endloop
  endfacet
  facet normal 0 0 -1
    outer loop
      vertex -63.1578 6.5 0
      vertex -61.3291 8.69636 0
      vertex -63.0594 6.30056 0
    endloop
  endfacet
  facet normal 0 0 -1
    outer loop
      vertex -63.4279 6.85208 0
      vertex -61.3291 8.69636 0
      vertex -63.2813 6.68489 0
    endloop
  endfacet
  facet normal 0 0 -1
    outer loop
      vertex -63.2813 6.68489 0
      vertex -61.3291 8.69636 0
      vertex -63.1578 6.5 0
    endloop
  endfacet
  facet normal 0 0 -1
    outer loop
      vertex -61.7117 -7.11326 0
      vertex -63.2813 -4.73489 0
      vertex -63.2672 -4.71382 0
    endloop
  endfacet
  facet normal 0 0 -1
    outer loop
      vertex -61.7117 -7.11326 0
      vertex -63.4279 -4.90208 0
      vertex -63.2813 -4.73489 0
    endloop
  endfacet
  facet normal 0 0 -1
    outer loop
      vertex -63.9794 -5.2706 0
      vertex -62.9079 -7.85746 0
      vertex -63.4653 -8.04667 0
    endloop
  endfacet
  facet normal 0 0 -1
    outer loop
      vertex -61.7117 -7.11326 0
      vertex -63.5951 -5.0487 0
      vertex -63.4279 -4.90208 0
    endloop
  endfacet
  facet normal 0 0 -1
    outer loop
      vertex -62.38 -7.59711 0
      vertex -63.78 -5.17224 0
      vertex -63.5951 -5.0487 0
    endloop
  endfacet
  facet normal 0 0 -1
    outer loop
      vertex -62.9079 -7.85746 0
      vertex -63.9794 -5.2706 0
      vertex -63.78 -5.17224 0
    endloop
  endfacet
  facet normal 0 0 -1
    outer loop
      vertex -64.19 -5.34207 0
      vertex -63.4653 -8.04667 0
      vertex -64.0426 -8.1615 0
    endloop
  endfacet
  facet normal 0 0 -1
    outer loop
      vertex -63.4653 -8.04667 0
      vertex -64.19 -5.34207 0
      vertex -63.9794 -5.2706 0
    endloop
  endfacet
  facet normal 0 0 -1
    outer loop
      vertex -64.0426 -8.1615 0
      vertex -64.4081 -5.38546 0
      vertex -64.19 -5.34207 0
    endloop
  endfacet
  facet normal 0 0 -1
    outer loop
      vertex -64.63 -8.2 0
      vertex -64.4081 -5.38546 0
      vertex -64.0426 -8.1615 0
    endloop
  endfacet
  facet normal 0 0 -1
    outer loop
      vertex -64.63 -8.2 0
      vertex -64.63 -5.4 0
      vertex -64.4081 -5.38546 0
    endloop
  endfacet
  facet normal 0 0 -1
    outer loop
      vertex -64.63 -8.2 0
      vertex -64.8519 -5.38546 0
      vertex -64.63 -5.4 0
    endloop
  endfacet
  facet normal 0 0 -1
    outer loop
      vertex -65.2174 -8.1615 0
      vertex -64.8519 -5.38546 0
      vertex -64.63 -8.2 0
    endloop
  endfacet
  facet normal -0 0 -1
    outer loop
      vertex -64.8519 -5.38546 0
      vertex -65.2174 -8.1615 0
      vertex -65.07 -5.34207 0
    endloop
  endfacet
  facet normal 0 0 -1
    outer loop
      vertex -65.7947 -8.04667 0
      vertex -65.07 -5.34207 0
      vertex -65.2174 -8.1615 0
    endloop
  endfacet
  facet normal -0 0 -1
    outer loop
      vertex -65.07 -5.34207 0
      vertex -65.7947 -8.04667 0
      vertex -65.2806 -5.2706 0
    endloop
  endfacet
  facet normal 0 0 -1
    outer loop
      vertex -66.3521 -7.85746 0
      vertex -65.2806 -5.2706 0
      vertex -65.7947 -8.04667 0
    endloop
  endfacet
  facet normal -0 0 -1
    outer loop
      vertex -65.2806 -5.2706 0
      vertex -66.3521 -7.85746 0
      vertex -65.48 -5.17224 0
    endloop
  endfacet
  facet normal -0 0 -1
    outer loop
      vertex -65.48 -5.17224 0
      vertex -66.3521 -7.85746 0
      vertex -65.6649 -5.0487 0
    endloop
  endfacet
  facet normal -0 0 -1
    outer loop
      vertex -65.6649 -5.0487 0
      vertex -66.3521 -7.85746 0
      vertex -65.8321 -4.90208 0
    endloop
  endfacet
  facet normal -0 0 -1
    outer loop
      vertex -65.8321 -4.90208 0
      vertex -66.3521 -7.85746 0
      vertex -65.9787 -4.73489 0
    endloop
  endfacet
  facet normal -0 0 -1
    outer loop
      vertex -65.9787 -4.73489 0
      vertex -66.3521 -7.85746 0
      vertex -66.1022 -4.55 0
    endloop
  endfacet
  facet normal -0 0 -1
    outer loop
      vertex -66.1022 -4.55 0
      vertex -66.3521 -7.85746 0
      vertex -66.2006 -4.35056 0
    endloop
  endfacet
  facet normal -0 0 -1
    outer loop
      vertex -66.2006 -4.35056 0
      vertex -66.3521 -7.85746 0
      vertex -66.2721 -4.13999 0
    endloop
  endfacet
  facet normal 0 0 -1
    outer loop
      vertex -66.8921 0.877804 0
      vertex -66.33 -3.7 0
      vertex -66.3521 -7.85746 0
    endloop
  endfacet
  facet normal -0 0 -1
    outer loop
      vertex -66.3155 -3.9219 0
      vertex -66.3521 -7.85746 0
      vertex -66.33 -3.7 0
    endloop
  endfacet
  facet normal -0 0 -1
    outer loop
      vertex -66.2721 -4.13999 0
      vertex -66.3521 -7.85746 0
      vertex -66.3155 -3.9219 0
    endloop
  endfacet
  facet normal 0 0 -1
    outer loop
      vertex 54.3301 -18.5 0
      vertex 51.6855 -16.2219 0
      vertex 51.7 -16 0
    endloop
  endfacet
  facet normal 0 0 -1
    outer loop
      vertex 52.5 -20.3301 0
      vertex 51.6421 -16.44 0
      vertex 51.6855 -16.2219 0
    endloop
  endfacet
  facet normal 0 0 -1
    outer loop
      vertex 52.5 -20.3301 0
      vertex 51.5706 -16.6506 0
      vertex 51.6421 -16.44 0
    endloop
  endfacet
  facet normal 0 0 -1
    outer loop
      vertex 52.5 -20.3301 0
      vertex 51.4722 -16.85 0
      vertex 51.5706 -16.6506 0
    endloop
  endfacet
  facet normal 0 0 -1
    outer loop
      vertex 52.5 -20.3301 0
      vertex 51.3487 -17.0349 0
      vertex 51.4722 -16.85 0
    endloop
  endfacet
  facet normal 0 0 -1
    outer loop
      vertex 50.6506 -17.5706 0
      vertex 51.9134 -20.6194 0
      vertex 51.2941 -20.8296 0
    endloop
  endfacet
  facet normal 0 0 -1
    outer loop
      vertex 52.5 -20.3301 0
      vertex 51.2021 -17.2021 0
      vertex 51.3487 -17.0349 0
    endloop
  endfacet
  facet normal 0 0 -1
    outer loop
      vertex 52.5 -20.3301 0
      vertex 51.0349 -17.3487 0
      vertex 51.2021 -17.2021 0
    endloop
  endfacet
  facet normal 0 0 -1
    outer loop
      vertex 52.5 -20.3301 0
      vertex 50.85 -17.4722 0
      vertex 51.0349 -17.3487 0
    endloop
  endfacet
  facet normal 0 0 -1
    outer loop
      vertex 50.44 -17.6421 0
      vertex 51.2941 -20.8296 0
      vertex 50.6526 -20.9572 0
    endloop
  endfacet
  facet normal 0 0 -1
    outer loop
      vertex 51.9134 -20.6194 0
      vertex 50.6506 -17.5706 0
      vertex 50.85 -17.4722 0
    endloop
  endfacet
  facet normal 0 0 -1
    outer loop
      vertex 51.2941 -20.8296 0
      vertex 50.44 -17.6421 0
      vertex 50.6506 -17.5706 0
    endloop
  endfacet
  facet normal 0 0 -1
    outer loop
      vertex 50.6526 -20.9572 0
      vertex 50.2219 -17.6855 0
      vertex 50.44 -17.6421 0
    endloop
  endfacet
  facet normal 0 0 -1
    outer loop
      vertex 50 -21 0
      vertex 50.2219 -17.6855 0
      vertex 50.6526 -20.9572 0
    endloop
  endfacet
  facet normal 0 0 -1
    outer loop
      vertex 50 -21 0
      vertex 50 -17.7 0
      vertex 50.2219 -17.6855 0
    endloop
  endfacet
  facet normal 0 0 -1
    outer loop
      vertex 50 -21 0
      vertex 49.7781 -17.6855 0
      vertex 50 -17.7 0
    endloop
  endfacet
  facet normal 0 0 -1
    outer loop
      vertex 50 -21 0
      vertex 49.56 -17.6421 0
      vertex 49.7781 -17.6855 0
    endloop
  endfacet
  facet normal 0 0 -1
    outer loop
      vertex 50 -21 0
      vertex 49.3494 -17.5706 0
      vertex 49.56 -17.6421 0
    endloop
  endfacet
  facet normal 0 0 -1
    outer loop
      vertex 50 -21 0
      vertex 49.15 -17.4722 0
      vertex 49.3494 -17.5706 0
    endloop
  endfacet
  facet normal 0 0 -1
    outer loop
      vertex 50 -21 0
      vertex 48.9651 -17.3487 0
      vertex 49.15 -17.4722 0
    endloop
  endfacet
  facet normal 0 0 -1
    outer loop
      vertex 50 -21 0
      vertex 48.7979 -17.2021 0
      vertex 48.9651 -17.3487 0
    endloop
  endfacet
  facet normal 0 0 -1
    outer loop
      vertex 50 -21 0
      vertex 48.6513 -17.0349 0
      vertex 48.7979 -17.2021 0
    endloop
  endfacet
  facet normal 0 0 -1
    outer loop
      vertex 50 -21 0
      vertex 48.5278 -16.85 0
      vertex 48.6513 -17.0349 0
    endloop
  endfacet
  facet normal 0 0 -1
    outer loop
      vertex 50 -21 0
      vertex 48.4294 -16.6506 0
      vertex 48.5278 -16.85 0
    endloop
  endfacet
  facet normal 0 0 -1
    outer loop
      vertex 48.3145 -16.2219 0
      vertex 47.0721 -11 0
      vertex 48.3 -16 0
    endloop
  endfacet
  facet normal 0 0 -1
    outer loop
      vertex -48.3145 -16.2219 0
      vertex 48.3145 -16.2219 0
      vertex 48.3579 -16.44 0
    endloop
  endfacet
  facet normal 0 0 -1
    outer loop
      vertex 48.3145 -16.2219 0
      vertex -48.3145 -16.2219 0
      vertex 47.0721 -11 0
    endloop
  endfacet
  facet normal 0 0 -1
    outer loop
      vertex -48.3579 -16.44 0
      vertex 48.3579 -16.44 0
      vertex 48.4294 -16.6506 0
    endloop
  endfacet
  facet normal 0 0 -1
    outer loop
      vertex -48.4294 -16.6506 0
      vertex 48.4294 -16.6506 0
      vertex 50 -21 0
    endloop
  endfacet
  facet normal -0 0 -1
    outer loop
      vertex 47.0721 -11 0
      vertex -48.3145 -16.2219 0
      vertex -47.4103 -11 0
    endloop
  endfacet
  facet normal 0 0 -1
    outer loop
      vertex -47.4103 -11 0
      vertex -48.3145 -16.2219 0
      vertex -48.3 -16 0
    endloop
  endfacet
  facet normal 0 0 -1
    outer loop
      vertex 48.3579 -16.44 0
      vertex -48.3579 -16.44 0
      vertex -48.3145 -16.2219 0
    endloop
  endfacet
  facet normal 0 0 -1
    outer loop
      vertex 48.4294 -16.6506 0
      vertex -48.4294 -16.6506 0
      vertex -48.3579 -16.44 0
    endloop
  endfacet
  facet normal 0 0 -1
    outer loop
      vertex -50 -21 0
      vertex -48.4294 -16.6506 0
      vertex 50 -21 0
    endloop
  endfacet
  facet normal 0 0 -1
    outer loop
      vertex -48.4294 -16.6506 0
      vertex -50 -21 0
      vertex -48.5278 -16.85 0
    endloop
  endfacet
  facet normal 0 0 -1
    outer loop
      vertex -48.5278 -16.85 0
      vertex -50 -21 0
      vertex -48.6513 -17.0349 0
    endloop
  endfacet
  facet normal 0 0 -1
    outer loop
      vertex -48.6513 -17.0349 0
      vertex -50 -21 0
      vertex -48.7979 -17.2021 0
    endloop
  endfacet
  facet normal 0 0 -1
    outer loop
      vertex -48.7979 -17.2021 0
      vertex -50 -21 0
      vertex -48.9651 -17.3487 0
    endloop
  endfacet
  facet normal 0 0 -1
    outer loop
      vertex -48.9651 -17.3487 0
      vertex -50 -21 0
      vertex -49.15 -17.4722 0
    endloop
  endfacet
  facet normal 0 0 -1
    outer loop
      vertex -49.15 -17.4722 0
      vertex -50 -21 0
      vertex -49.3494 -17.5706 0
    endloop
  endfacet
  facet normal 0 0 -1
    outer loop
      vertex -49.3494 -17.5706 0
      vertex -50 -21 0
      vertex -49.56 -17.6421 0
    endloop
  endfacet
  facet normal 0 0 -1
    outer loop
      vertex -49.56 -17.6421 0
      vertex -50 -21 0
      vertex -49.7781 -17.6855 0
    endloop
  endfacet
  facet normal 0 0 -1
    outer loop
      vertex -50 -21 0
      vertex -50 -17.7 0
      vertex -49.7781 -17.6855 0
    endloop
  endfacet
  facet normal 0 0 -1
    outer loop
      vertex -50 -21 0
      vertex -50.2219 -17.6855 0
      vertex -50 -17.7 0
    endloop
  endfacet
  facet normal 0 0 -1
    outer loop
      vertex -50.6526 -20.9572 0
      vertex -50.2219 -17.6855 0
      vertex -50 -21 0
    endloop
  endfacet
  facet normal -0 0 -1
    outer loop
      vertex -50.2219 -17.6855 0
      vertex -50.6526 -20.9572 0
      vertex -50.44 -17.6421 0
    endloop
  endfacet
  facet normal 0 0 -1
    outer loop
      vertex -51.2941 -20.8296 0
      vertex -50.44 -17.6421 0
      vertex -50.6526 -20.9572 0
    endloop
  endfacet
  facet normal -0 0 -1
    outer loop
      vertex -50.44 -17.6421 0
      vertex -51.2941 -20.8296 0
      vertex -50.6506 -17.5706 0
    endloop
  endfacet
  facet normal 0 0 -1
    outer loop
      vertex -51.9134 -20.6194 0
      vertex -50.6506 -17.5706 0
      vertex -51.2941 -20.8296 0
    endloop
  endfacet
  facet normal -0 0 -1
    outer loop
      vertex -50.6506 -17.5706 0
      vertex -51.9134 -20.6194 0
      vertex -50.85 -17.4722 0
    endloop
  endfacet
  facet normal 0 0 -1
    outer loop
      vertex -52.5 -20.3301 0
      vertex -50.85 -17.4722 0
      vertex -51.9134 -20.6194 0
    endloop
  endfacet
  facet normal -0 0 -1
    outer loop
      vertex -50.85 -17.4722 0
      vertex -52.5 -20.3301 0
      vertex -51.0349 -17.3487 0
    endloop
  endfacet
  facet normal 0 0 -1
    outer loop
      vertex -53.0438 -19.9668 0
      vertex -51.0349 -17.3487 0
      vertex -52.5 -20.3301 0
    endloop
  endfacet
  facet normal -0 0 -1
    outer loop
      vertex -51.0349 -17.3487 0
      vertex -53.0438 -19.9668 0
      vertex -51.2021 -17.2021 0
    endloop
  endfacet
  facet normal 0 0 -1
    outer loop
      vertex -53.5355 -19.5355 0
      vertex -51.2021 -17.2021 0
      vertex -53.0438 -19.9668 0
    endloop
  endfacet
  facet normal -0 0 -1
    outer loop
      vertex -51.2021 -17.2021 0
      vertex -53.5355 -19.5355 0
      vertex -51.3487 -17.0349 0
    endloop
  endfacet
  facet normal -0 0 -1
    outer loop
      vertex -51.3487 -17.0349 0
      vertex -53.9668 -19.0438 0
      vertex -51.4722 -16.85 0
    endloop
  endfacet
  facet normal 0 0 -1
    outer loop
      vertex -53.9668 -19.0438 0
      vertex -51.3487 -17.0349 0
      vertex -53.5355 -19.5355 0
    endloop
  endfacet
  facet normal 0 0 -1
    outer loop
      vertex 54.3301 18.5 0
      vertex 53.5355 19.5355 0
      vertex 53.9668 19.0438 0
    endloop
  endfacet
  facet normal 0 -0 -1
    outer loop
      vertex 51.6855 15.7781 0
      vertex 54.3301 18.5 0
      vertex 51.6421 15.56 0
    endloop
  endfacet
  facet normal 0 -0 -1
    outer loop
      vertex 51.7 16 0
      vertex 54.3301 18.5 0
      vertex 51.6855 15.7781 0
    endloop
  endfacet
  facet normal 0 0 -1
    outer loop
      vertex 51.6421 16.44 0
      vertex 54.3301 18.5 0
      vertex 51.6855 16.2219 0
    endloop
  endfacet
  facet normal 0 0 -1
    outer loop
      vertex 51.4722 16.85 0
      vertex 54.3301 18.5 0
      vertex 51.5706 16.6506 0
    endloop
  endfacet
  facet normal 0 0 -1
    outer loop
      vertex 51.5706 16.6506 0
      vertex 54.3301 18.5 0
      vertex 51.6421 16.44 0
    endloop
  endfacet
  facet normal 0 0 -1
    outer loop
      vertex 51.6855 16.2219 0
      vertex 54.3301 18.5 0
      vertex 51.7 16 0
    endloop
  endfacet
  facet normal 0 0 -1
    outer loop
      vertex 54.3301 18.5 0
      vertex 51.5706 15.3494 0
      vertex 51.6421 15.56 0
    endloop
  endfacet
  facet normal 0 0 -1
    outer loop
      vertex 59.3263 9.55022 0
      vertex 51.5706 15.3494 0
      vertex 54.3301 18.5 0
    endloop
  endfacet
  facet normal 0 0 -1
    outer loop
      vertex 53.6033 0.644431 0
      vertex 51.3487 14.9651 0
      vertex 51.4722 15.15 0
    endloop
  endfacet
  facet normal 0 0 -1
    outer loop
      vertex 53.6033 0.644431 0
      vertex 51.2021 14.7979 0
      vertex 51.3487 14.9651 0
    endloop
  endfacet
  facet normal 0 0 -1
    outer loop
      vertex 53.6033 0.644431 0
      vertex 51.0349 14.6513 0
      vertex 51.2021 14.7979 0
    endloop
  endfacet
  facet normal 0 0 -1
    outer loop
      vertex 53.6033 0.644431 0
      vertex 50.85 14.5278 0
      vertex 51.0349 14.6513 0
    endloop
  endfacet
  facet normal 0 0 -1
    outer loop
      vertex 53.6033 0.644431 0
      vertex 50.6506 14.4294 0
      vertex 50.85 14.5278 0
    endloop
  endfacet
  facet normal 0 0 -1
    outer loop
      vertex 47.2127 11 0
      vertex 50.6506 14.4294 0
      vertex 53.6033 0.644431 0
    endloop
  endfacet
  facet normal 0 0 -1
    outer loop
      vertex 50.6506 14.4294 0
      vertex 47.2127 11 0
      vertex 50.44 14.3579 0
    endloop
  endfacet
  facet normal 0 0 -1
    outer loop
      vertex 50.44 14.3579 0
      vertex 47.2127 11 0
      vertex 50.2219 14.3145 0
    endloop
  endfacet
  facet normal 0 0 -1
    outer loop
      vertex 50.2219 14.3145 0
      vertex 47.2127 11 0
      vertex 50 14.3 0
    endloop
  endfacet
  facet normal -0 0 -1
    outer loop
      vertex 50 14.3 0
      vertex 47.2127 11 0
      vertex 49.7781 14.3145 0
    endloop
  endfacet
  facet normal -0 0 -1
    outer loop
      vertex 49.7781 14.3145 0
      vertex 47.2127 11 0
      vertex 49.56 14.3579 0
    endloop
  endfacet
  facet normal -0 0 -1
    outer loop
      vertex 49.56 14.3579 0
      vertex 47.2127 11 0
      vertex 49.3494 14.4294 0
    endloop
  endfacet
  facet normal -0 0 -1
    outer loop
      vertex 49.3494 14.4294 0
      vertex 47.2127 11 0
      vertex 49.15 14.5278 0
    endloop
  endfacet
  facet normal -0 0 -1
    outer loop
      vertex 49.15 14.5278 0
      vertex 47.2127 11 0
      vertex 48.9651 14.6513 0
    endloop
  endfacet
  facet normal -0 0 -1
    outer loop
      vertex 48.9651 14.6513 0
      vertex 47.2127 11 0
      vertex 48.7979 14.7979 0
    endloop
  endfacet
  facet normal -0 0 -1
    outer loop
      vertex 48.7979 14.7979 0
      vertex 47.2127 11 0
      vertex 48.6513 14.9651 0
    endloop
  endfacet
  facet normal -0 0 -1
    outer loop
      vertex 48.6513 14.9651 0
      vertex 47.2127 11 0
      vertex 48.5278 15.15 0
    endloop
  endfacet
  facet normal -0 0 -1
    outer loop
      vertex 48.3145 15.7781 0
      vertex 47.2127 11 0
      vertex 48.3 16 0
    endloop
  endfacet
  facet normal -0 0 -1
    outer loop
      vertex 48.3579 15.56 0
      vertex 47.2127 11 0
      vertex 48.3145 15.7781 0
    endloop
  endfacet
  facet normal -0 0 -1
    outer loop
      vertex 48.4294 15.3494 0
      vertex 47.2127 11 0
      vertex 48.3579 15.56 0
    endloop
  endfacet
  facet normal -0 0 -1
    outer loop
      vertex 48.5278 15.15 0
      vertex 47.2127 11 0
      vertex 48.4294 15.3494 0
    endloop
  endfacet
  facet normal 0 0 -1
    outer loop
      vertex 51.3487 17.0349 0
      vertex 54.3301 18.5 0
      vertex 51.4722 16.85 0
    endloop
  endfacet
  facet normal -0 0 -1
    outer loop
      vertex 54.3301 18.5 0
      vertex 51.3487 17.0349 0
      vertex 53.5355 19.5355 0
    endloop
  endfacet
  facet normal 0 0 -1
    outer loop
      vertex 51.2021 17.2021 0
      vertex 53.5355 19.5355 0
      vertex 51.3487 17.0349 0
    endloop
  endfacet
  facet normal -0 0 -1
    outer loop
      vertex 53.5355 19.5355 0
      vertex 51.2021 17.2021 0
      vertex 53.0438 19.9668 0
    endloop
  endfacet
  facet normal 0 0 -1
    outer loop
      vertex 51.0349 17.3487 0
      vertex 53.0438 19.9668 0
      vertex 51.2021 17.2021 0
    endloop
  endfacet
  facet normal -0 0 -1
    outer loop
      vertex 53.0438 19.9668 0
      vertex 51.0349 17.3487 0
      vertex 52.5 20.3301 0
    endloop
  endfacet
  facet normal 0 0 -1
    outer loop
      vertex 50.85 17.4722 0
      vertex 52.5 20.3301 0
      vertex 51.0349 17.3487 0
    endloop
  endfacet
  facet normal -0 0 -1
    outer loop
      vertex 52.5 20.3301 0
      vertex 50.85 17.4722 0
      vertex 51.9134 20.6194 0
    endloop
  endfacet
  facet normal 0 0 -1
    outer loop
      vertex 50.6506 17.5706 0
      vertex 51.9134 20.6194 0
      vertex 50.85 17.4722 0
    endloop
  endfacet
  facet normal -0 0 -1
    outer loop
      vertex 51.9134 20.6194 0
      vertex 50.6506 17.5706 0
      vertex 51.2941 20.8296 0
    endloop
  endfacet
  facet normal 0 0 -1
    outer loop
      vertex 50.44 17.6421 0
      vertex 51.2941 20.8296 0
      vertex 50.6506 17.5706 0
    endloop
  endfacet
  facet normal -0 0 -1
    outer loop
      vertex 51.2941 20.8296 0
      vertex 50.44 17.6421 0
      vertex 50.6526 20.9572 0
    endloop
  endfacet
  facet normal 0 0 -1
    outer loop
      vertex 50.2219 17.6855 0
      vertex 50.6526 20.9572 0
      vertex 50.44 17.6421 0
    endloop
  endfacet
  facet normal 0 0 -1
    outer loop
      vertex 50 17.7 0
      vertex 50.6526 20.9572 0
      vertex 50.2219 17.6855 0
    endloop
  endfacet
  facet normal 0 0 -1
    outer loop
      vertex 50 17.7 0
      vertex 50 21 0
      vertex 50.6526 20.9572 0
    endloop
  endfacet
  facet normal 0 0 -1
    outer loop
      vertex 49.7781 17.6855 0
      vertex 50 21 0
      vertex 50 17.7 0
    endloop
  endfacet
  facet normal 0 0 -1
    outer loop
      vertex 49.56 17.6421 0
      vertex 50 21 0
      vertex 49.7781 17.6855 0
    endloop
  endfacet
  facet normal 0 0 -1
    outer loop
      vertex 49.3494 17.5706 0
      vertex 50 21 0
      vertex 49.56 17.6421 0
    endloop
  endfacet
  facet normal 0 0 -1
    outer loop
      vertex 49.15 17.4722 0
      vertex 50 21 0
      vertex 49.3494 17.5706 0
    endloop
  endfacet
  facet normal 0 0 -1
    outer loop
      vertex 48.9651 17.3487 0
      vertex 50 21 0
      vertex 49.15 17.4722 0
    endloop
  endfacet
  facet normal 0 0 -1
    outer loop
      vertex 48.7979 17.2021 0
      vertex 50 21 0
      vertex 48.9651 17.3487 0
    endloop
  endfacet
  facet normal 0 0 -1
    outer loop
      vertex 48.6513 17.0349 0
      vertex 50 21 0
      vertex 48.7979 17.2021 0
    endloop
  endfacet
  facet normal 0 0 -1
    outer loop
      vertex 48.5278 16.85 0
      vertex 50 21 0
      vertex 48.6513 17.0349 0
    endloop
  endfacet
  facet normal 0 0 -1
    outer loop
      vertex 48.4294 16.6506 0
      vertex 50 21 0
      vertex 48.5278 16.85 0
    endloop
  endfacet
  facet normal 0 0 -1
    outer loop
      vertex 47.2127 11 0
      vertex 48.3145 16.2219 0
      vertex 48.3 16 0
    endloop
  endfacet
  facet normal 0 0 -1
    outer loop
      vertex -48.3145 16.2219 0
      vertex 48.3145 16.2219 0
      vertex 47.2127 11 0
    endloop
  endfacet
  facet normal 0 0 -1
    outer loop
      vertex -48.3145 16.2219 0
      vertex 47.2127 11 0
      vertex -47.5488 11 0
    endloop
  endfacet
  facet normal 0 0 -1
    outer loop
      vertex 48.3145 16.2219 0
      vertex -48.3145 16.2219 0
      vertex 48.3579 16.44 0
    endloop
  endfacet
  facet normal 0 0 -1
    outer loop
      vertex -48.3579 16.44 0
      vertex 48.3579 16.44 0
      vertex -48.3145 16.2219 0
    endloop
  endfacet
  facet normal 0 0 -1
    outer loop
      vertex -48.3145 16.2219 0
      vertex -47.5488 11 0
      vertex -48.3 16 0
    endloop
  endfacet
  facet normal 0 0 -1
    outer loop
      vertex 48.3579 16.44 0
      vertex -48.3579 16.44 0
      vertex 48.4294 16.6506 0
    endloop
  endfacet
  facet normal 0 0 -1
    outer loop
      vertex -48.4294 16.6506 0
      vertex 48.4294 16.6506 0
      vertex -48.3579 16.44 0
    endloop
  endfacet
  facet normal 0 0 -1
    outer loop
      vertex 48.4294 16.6506 0
      vertex -48.4294 16.6506 0
      vertex 50 21 0
    endloop
  endfacet
  facet normal 0 0 -1
    outer loop
      vertex -50 21 0
      vertex -48.4294 16.6506 0
      vertex -48.5278 16.85 0
    endloop
  endfacet
  facet normal 0 0 -1
    outer loop
      vertex -50 21 0
      vertex -48.5278 16.85 0
      vertex -48.6513 17.0349 0
    endloop
  endfacet
  facet normal 0 0 -1
    outer loop
      vertex -50 21 0
      vertex -48.6513 17.0349 0
      vertex -48.7979 17.2021 0
    endloop
  endfacet
  facet normal 0 0 -1
    outer loop
      vertex -50 21 0
      vertex -48.7979 17.2021 0
      vertex -48.9651 17.3487 0
    endloop
  endfacet
  facet normal 0 0 -1
    outer loop
      vertex -50 21 0
      vertex -48.9651 17.3487 0
      vertex -49.15 17.4722 0
    endloop
  endfacet
  facet normal 0 0 -1
    outer loop
      vertex -50 21 0
      vertex -49.15 17.4722 0
      vertex -49.3494 17.5706 0
    endloop
  endfacet
  facet normal 0 0 -1
    outer loop
      vertex -50 21 0
      vertex -49.3494 17.5706 0
      vertex -49.56 17.6421 0
    endloop
  endfacet
  facet normal 0 0 -1
    outer loop
      vertex -50 21 0
      vertex -49.56 17.6421 0
      vertex -49.7781 17.6855 0
    endloop
  endfacet
  facet normal 0 0 -1
    outer loop
      vertex -50 21 0
      vertex -49.7781 17.6855 0
      vertex -50 17.7 0
    endloop
  endfacet
  facet normal 0 0 -1
    outer loop
      vertex -48.4294 16.6506 0
      vertex -50 21 0
      vertex 50 21 0
    endloop
  endfacet
  facet normal 0 0 -1
    outer loop
      vertex -50.2219 17.6855 0
      vertex -50 21 0
      vertex -50 17.7 0
    endloop
  endfacet
  facet normal 0 0 -1
    outer loop
      vertex -50.6526 20.9572 0
      vertex -50.2219 17.6855 0
      vertex -50.44 17.6421 0
    endloop
  endfacet
  facet normal 0 0 -1
    outer loop
      vertex -51.2941 20.8296 0
      vertex -50.44 17.6421 0
      vertex -50.6506 17.5706 0
    endloop
  endfacet
  facet normal 0 0 -1
    outer loop
      vertex -50.2219 17.6855 0
      vertex -50.6526 20.9572 0
      vertex -50 21 0
    endloop
  endfacet
  facet normal 0 0 -1
    outer loop
      vertex -51.9134 20.6194 0
      vertex -50.6506 17.5706 0
      vertex -50.85 17.4722 0
    endloop
  endfacet
  facet normal 0 0 -1
    outer loop
      vertex -52.5 20.3301 0
      vertex -50.85 17.4722 0
      vertex -51.0349 17.3487 0
    endloop
  endfacet
  facet normal 0 0 -1
    outer loop
      vertex -52.5 20.3301 0
      vertex -51.0349 17.3487 0
      vertex -51.2021 17.2021 0
    endloop
  endfacet
  facet normal 0 0 -1
    outer loop
      vertex -50.44 17.6421 0
      vertex -51.2941 20.8296 0
      vertex -50.6526 20.9572 0
    endloop
  endfacet
  facet normal 0 0 -1
    outer loop
      vertex -52.5 20.3301 0
      vertex -51.2021 17.2021 0
      vertex -51.3487 17.0349 0
    endloop
  endfacet
  facet normal 0 0 -1
    outer loop
      vertex -52.5 20.3301 0
      vertex -51.3487 17.0349 0
      vertex -51.4722 16.85 0
    endloop
  endfacet
  facet normal 0 0 -1
    outer loop
      vertex -52.5 20.3301 0
      vertex -51.4722 16.85 0
      vertex -51.5706 16.6506 0
    endloop
  endfacet
  facet normal 0 0 -1
    outer loop
      vertex -52.5 20.3301 0
      vertex -51.5706 16.6506 0
      vertex -51.6421 16.44 0
    endloop
  endfacet
  facet normal 0 0 -1
    outer loop
      vertex -52.5 20.3301 0
      vertex -51.6421 16.44 0
      vertex -51.6855 16.2219 0
    endloop
  endfacet
  facet normal 0 0 -1
    outer loop
      vertex -50.6506 17.5706 0
      vertex -51.9134 20.6194 0
      vertex -51.2941 20.8296 0
    endloop
  endfacet
  facet normal 0 0 -1
    outer loop
      vertex -53.9668 19.0438 0
      vertex -51.6855 16.2219 0
      vertex -51.7 16 0
    endloop
  endfacet
  facet normal -0 0 -1
    outer loop
      vertex 65.9167 6.81469 0
      vertex 63.2121 6.08999 0
      vertex 65.7275 7.37208 0
    endloop
  endfacet
  facet normal 0 0 -1
    outer loop
      vertex 63.0422 6.5 0
      vertex 65.4671 7.9 0
      vertex 63.1406 6.30056 0
    endloop
  endfacet
  facet normal 0 0 -1
    outer loop
      vertex 63.0422 -2.85 0
      vertex 65.4671 -1.45 0
      vertex 63.1406 -3.04944 0
    endloop
  endfacet
  facet normal 0 0 -1
    outer loop
      vertex 65.9167 4.48531 0
      vertex 63.2121 5.21001 0
      vertex 63.2555 5.42811 0
    endloop
  endfacet
  facet normal 0 0 -1
    outer loop
      vertex 62.9187 -2.66511 0
      vertex 65.4671 -1.45 0
      vertex 63.0422 -2.85 0
    endloop
  endfacet
  facet normal 0 0 -1
    outer loop
      vertex 65.7275 3.92793 0
      vertex 63.1406 4.99944 0
      vertex 63.2121 5.21001 0
    endloop
  endfacet
  facet normal 0 0 -1
    outer loop
      vertex 62.7721 -2.49792 0
      vertex 65.4671 -1.45 0
      vertex 62.9187 -2.66511 0
    endloop
  endfacet
  facet normal 0 0 -1
    outer loop
      vertex 65.4671 3.4 0
      vertex 63.0422 4.8 0
      vertex 63.1406 4.99944 0
    endloop
  endfacet
  facet normal 0 0 -1
    outer loop
      vertex 62.6049 -2.3513 0
      vertex 65.4671 -1.45 0
      vertex 62.7721 -2.49792 0
    endloop
  endfacet
  facet normal 0 0 -1
    outer loop
      vertex 65.4671 3.4 0
      vertex 62.9187 4.61511 0
      vertex 63.0422 4.8 0
    endloop
  endfacet
  facet normal -0 0 -1
    outer loop
      vertex 65.4671 -1.45 0
      vertex 62.6049 -2.3513 0
      vertex 64.1764 0.862007 0
    endloop
  endfacet
  facet normal 0 0 -1
    outer loop
      vertex 65.4671 3.4 0
      vertex 62.7721 4.44792 0
      vertex 62.9187 4.61511 0
    endloop
  endfacet
  facet normal 0 0 -1
    outer loop
      vertex 62.5582 -2.32011 0
      vertex 64.1764 0.862007 0
      vertex 62.6049 -2.3513 0
    endloop
  endfacet
  facet normal 0 0 -1
    outer loop
      vertex 65.4671 3.4 0
      vertex 62.6049 4.3013 0
      vertex 62.7721 4.44792 0
    endloop
  endfacet
  facet normal 0 0 -1
    outer loop
      vertex 62.3459 4.14119 0
      vertex 64.1764 0.862007 0
      vertex 62.5582 -2.32011 0
    endloop
  endfacet
  facet normal 0 0 -1
    outer loop
      vertex 64.1764 0.862007 0
      vertex 62.42 4.17776 0
      vertex 62.6049 4.3013 0
    endloop
  endfacet
  facet normal 0 0 -1
    outer loop
      vertex 64.1764 0.862007 0
      vertex 62.3459 4.14119 0
      vertex 62.42 4.17776 0
    endloop
  endfacet
  facet normal 0 0 -1
    outer loop
      vertex 53.6033 0.644431 0
      vertex 62.5582 -2.32011 0
      vertex 61.0374 -5.31064 0
    endloop
  endfacet
  facet normal 0 0 -1
    outer loop
      vertex 62.5582 -2.32011 0
      vertex 53.6033 0.644431 0
      vertex 62.3459 4.14119 0
    endloop
  endfacet
  facet normal -0 0 -1
    outer loop
      vertex 61.13 -5.34207 0
      vertex 60.4053 -8.04667 0
      vertex 61.0374 -5.31064 0
    endloop
  endfacet
  facet normal 0 0 -1
    outer loop
      vertex 59.8479 -7.85746 0
      vertex 61.0374 -5.31064 0
      vertex 60.4053 -8.04667 0
    endloop
  endfacet
  facet normal -0 0 -1
    outer loop
      vertex 65.4671 7.9 0
      vertex 63.0422 6.5 0
      vertex 65.1401 8.38943 0
    endloop
  endfacet
  facet normal 0 0 -1
    outer loop
      vertex 62.9187 6.68489 0
      vertex 65.1401 8.38943 0
      vertex 63.0422 6.5 0
    endloop
  endfacet
  facet normal -0 0 -1
    outer loop
      vertex 65.1401 8.38943 0
      vertex 62.9187 6.68489 0
      vertex 64.752 8.83198 0
    endloop
  endfacet
  facet normal 0 0 -1
    outer loop
      vertex 62.7721 6.85208 0
      vertex 64.752 8.83198 0
      vertex 62.9187 6.68489 0
    endloop
  endfacet
  facet normal -0 0 -1
    outer loop
      vertex 64.752 8.83198 0
      vertex 62.7721 6.85208 0
      vertex 64.3094 9.22009 0
    endloop
  endfacet
  facet normal 0 0 -1
    outer loop
      vertex 62.6049 6.9987 0
      vertex 64.3094 9.22009 0
      vertex 62.7721 6.85208 0
    endloop
  endfacet
  facet normal -0 0 -1
    outer loop
      vertex 64.3094 9.22009 0
      vertex 62.6049 6.9987 0
      vertex 63.82 9.54711 0
    endloop
  endfacet
  facet normal 0 0 -1
    outer loop
      vertex 62.42 7.12224 0
      vertex 63.82 9.54711 0
      vertex 62.6049 6.9987 0
    endloop
  endfacet
  facet normal -0 0 -1
    outer loop
      vertex 63.82 9.54711 0
      vertex 62.42 7.12224 0
      vertex 63.2921 9.80746 0
    endloop
  endfacet
  facet normal 0 0 -1
    outer loop
      vertex 62.2206 7.2206 0
      vertex 63.2921 9.80746 0
      vertex 62.42 7.12224 0
    endloop
  endfacet
  facet normal -0 0 -1
    outer loop
      vertex 63.2921 9.80746 0
      vertex 62.2206 7.2206 0
      vertex 62.7347 9.99667 0
    endloop
  endfacet
  facet normal 0 0 -1
    outer loop
      vertex 62.01 7.29207 0
      vertex 62.7347 9.99667 0
      vertex 62.2206 7.2206 0
    endloop
  endfacet
  facet normal -0 0 -1
    outer loop
      vertex 62.7347 9.99667 0
      vertex 62.01 7.29207 0
      vertex 62.1574 10.1115 0
    endloop
  endfacet
  facet normal 0 0 -1
    outer loop
      vertex 61.7919 7.33546 0
      vertex 62.1574 10.1115 0
      vertex 62.01 7.29207 0
    endloop
  endfacet
  facet normal 0 0 -1
    outer loop
      vertex 61.57 7.35 0
      vertex 62.1574 10.1115 0
      vertex 61.7919 7.33546 0
    endloop
  endfacet
  facet normal 0 0 -1
    outer loop
      vertex 61.57 7.35 0
      vertex 61.57 10.15 0
      vertex 62.1574 10.1115 0
    endloop
  endfacet
  facet normal 0 0 -1
    outer loop
      vertex 61.3481 7.33546 0
      vertex 61.57 10.15 0
      vertex 61.57 7.35 0
    endloop
  endfacet
  facet normal 0 0 -1
    outer loop
      vertex 60.9826 10.1115 0
      vertex 61.3481 7.33546 0
      vertex 61.13 7.29207 0
    endloop
  endfacet
  facet normal 0 0 -1
    outer loop
      vertex 61.3481 7.33546 0
      vertex 60.9826 10.1115 0
      vertex 61.57 10.15 0
    endloop
  endfacet
  facet normal 0 0 -1
    outer loop
      vertex 60.4053 9.99667 0
      vertex 61.13 7.29207 0
      vertex 60.9194 7.2206 0
    endloop
  endfacet
  facet normal 0 0 -1
    outer loop
      vertex 59.8479 9.80746 0
      vertex 60.9194 7.2206 0
      vertex 60.72 7.12224 0
    endloop
  endfacet
  facet normal 0 0 -1
    outer loop
      vertex 59.3263 9.55022 0
      vertex 60.72 7.12224 0
      vertex 60.6921 7.10361 0
    endloop
  endfacet
  facet normal 0 0 -1
    outer loop
      vertex 61.13 7.29207 0
      vertex 60.4053 9.99667 0
      vertex 60.9826 10.1115 0
    endloop
  endfacet
  facet normal 0 0 -1
    outer loop
      vertex 53.6033 0.644431 0
      vertex 61.0374 -5.31064 0
      vertex 59.7635 -7.8158 0
    endloop
  endfacet
  facet normal 0 0 -1
    outer loop
      vertex 61.0374 -5.31064 0
      vertex 59.8479 -7.85746 0
      vertex 59.7635 -7.8158 0
    endloop
  endfacet
  facet normal -0 0 -1
    outer loop
      vertex 62.3459 4.14119 0
      vertex 53.6033 0.644431 0
      vertex 60.6921 7.10361 0
    endloop
  endfacet
  facet normal 0 0 -1
    outer loop
      vertex 60.72 7.12224 0
      vertex 59.3263 9.55022 0
      vertex 59.8479 9.80746 0
    endloop
  endfacet
  facet normal 0 0 -1
    outer loop
      vertex 60.9194 7.2206 0
      vertex 59.8479 9.80746 0
      vertex 60.4053 9.99667 0
    endloop
  endfacet
  facet normal 0 0 -1
    outer loop
      vertex 51.5706 -15.3494 0
      vertex 59.7635 -7.8158 0
      vertex 54.3301 -18.5 0
    endloop
  endfacet
  facet normal -0 0 -1
    outer loop
      vertex 60.6921 7.10361 0
      vertex 53.6033 0.644431 0
      vertex 59.3263 9.55022 0
    endloop
  endfacet
  facet normal 0 0 -1
    outer loop
      vertex 51.6855 -16.2219 0
      vertex 54.3301 -18.5 0
      vertex 53.9668 -19.0438 0
    endloop
  endfacet
  facet normal 0 0 -1
    outer loop
      vertex 51.4722 15.15 0
      vertex 59.3263 9.55022 0
      vertex 53.6033 0.644431 0
    endloop
  endfacet
  facet normal 0 -0 -1
    outer loop
      vertex 51.5706 15.3494 0
      vertex 59.3263 9.55022 0
      vertex 51.4722 15.15 0
    endloop
  endfacet
  facet normal 0 0 -1
    outer loop
      vertex 51.6855 -16.2219 0
      vertex 53.9668 -19.0438 0
      vertex 53.5355 -19.5355 0
    endloop
  endfacet
  facet normal 0 0 -1
    outer loop
      vertex 51.6855 -16.2219 0
      vertex 53.5355 -19.5355 0
      vertex 53.0438 -19.9668 0
    endloop
  endfacet
  facet normal 0 0 -1
    outer loop
      vertex 51.6855 -16.2219 0
      vertex 53.0438 -19.9668 0
      vertex 52.5 -20.3301 0
    endloop
  endfacet
  facet normal 0 0 -1
    outer loop
      vertex 50.85 -17.4722 0
      vertex 52.5 -20.3301 0
      vertex 51.9134 -20.6194 0
    endloop
  endfacet
  facet normal 0 0 -1
    outer loop
      vertex 54.3301 -18.5 0
      vertex 51.7 -16 0
      vertex 51.6855 -15.7781 0
    endloop
  endfacet
  facet normal 0 0 -1
    outer loop
      vertex 54.3301 -18.5 0
      vertex 51.6855 -15.7781 0
      vertex 51.6421 -15.56 0
    endloop
  endfacet
  facet normal 0 0 -1
    outer loop
      vertex 54.3301 -18.5 0
      vertex 51.6421 -15.56 0
      vertex 51.5706 -15.3494 0
    endloop
  endfacet
  facet normal 0 0 -1
    outer loop
      vertex 59.7635 -7.8158 0
      vertex 51.5706 -15.3494 0
      vertex 51.4722 -15.15 0
    endloop
  endfacet
  facet normal 0 0 -1
    outer loop
      vertex 51.3487 -14.9651 0
      vertex 59.7635 -7.8158 0
      vertex 51.4722 -15.15 0
    endloop
  endfacet
  facet normal 0 0 -1
    outer loop
      vertex 51.2021 -14.7979 0
      vertex 59.7635 -7.8158 0
      vertex 51.3487 -14.9651 0
    endloop
  endfacet
  facet normal 0 0 -1
    outer loop
      vertex 51.0349 -14.6513 0
      vertex 59.7635 -7.8158 0
      vertex 51.2021 -14.7979 0
    endloop
  endfacet
  facet normal 0 0 -1
    outer loop
      vertex 50.85 -14.5278 0
      vertex 59.7635 -7.8158 0
      vertex 51.0349 -14.6513 0
    endloop
  endfacet
  facet normal 0 0 -1
    outer loop
      vertex 50.6506 -14.4294 0
      vertex 59.7635 -7.8158 0
      vertex 50.85 -14.5278 0
    endloop
  endfacet
  facet normal 0 0 -1
    outer loop
      vertex 47.0721 -11 0
      vertex 59.7635 -7.8158 0
      vertex 50.6506 -14.4294 0
    endloop
  endfacet
  facet normal 0 0 -1
    outer loop
      vertex 47.0721 -11 0
      vertex 50.6506 -14.4294 0
      vertex 50.44 -14.3579 0
    endloop
  endfacet
  facet normal 0 0 -1
    outer loop
      vertex 47.0721 -11 0
      vertex 50.44 -14.3579 0
      vertex 50.2219 -14.3145 0
    endloop
  endfacet
  facet normal 0 0 -1
    outer loop
      vertex 47.0721 -11 0
      vertex 50.2219 -14.3145 0
      vertex 50 -14.3 0
    endloop
  endfacet
  facet normal 0 0 -1
    outer loop
      vertex 47.0721 -11 0
      vertex 50 -14.3 0
      vertex 49.7781 -14.3145 0
    endloop
  endfacet
  facet normal 0 0 -1
    outer loop
      vertex 47.0721 -11 0
      vertex 49.7781 -14.3145 0
      vertex 49.56 -14.3579 0
    endloop
  endfacet
  facet normal 0 0 -1
    outer loop
      vertex 47.0721 -11 0
      vertex 49.56 -14.3579 0
      vertex 49.3494 -14.4294 0
    endloop
  endfacet
  facet normal 0 0 -1
    outer loop
      vertex 47.0721 -11 0
      vertex 49.3494 -14.4294 0
      vertex 49.15 -14.5278 0
    endloop
  endfacet
  facet normal 0 0 -1
    outer loop
      vertex 47.0721 -11 0
      vertex 49.15 -14.5278 0
      vertex 48.9651 -14.6513 0
    endloop
  endfacet
  facet normal 0 0 -1
    outer loop
      vertex 47.0721 -11 0
      vertex 48.9651 -14.6513 0
      vertex 48.7979 -14.7979 0
    endloop
  endfacet
  facet normal 0 0 -1
    outer loop
      vertex 47.0721 -11 0
      vertex 48.7979 -14.7979 0
      vertex 48.6513 -14.9651 0
    endloop
  endfacet
  facet normal 0 0 -1
    outer loop
      vertex 47.0721 -11 0
      vertex 48.6513 -14.9651 0
      vertex 48.5278 -15.15 0
    endloop
  endfacet
  facet normal 0 0 -1
    outer loop
      vertex 47.0721 -11 0
      vertex 48.5278 -15.15 0
      vertex 48.4294 -15.3494 0
    endloop
  endfacet
  facet normal 0 0 -1
    outer loop
      vertex 47.0721 -11 0
      vertex 48.4294 -15.3494 0
      vertex 48.3579 -15.56 0
    endloop
  endfacet
  facet normal -0 0 -1
    outer loop
      vertex 59.7635 -7.8158 0
      vertex 47.0721 -11 0
      vertex 53.6033 0.644431 0
    endloop
  endfacet
  facet normal 0 0 -1
    outer loop
      vertex 48.3145 -15.7781 0
      vertex 47.0721 -11 0
      vertex 48.3579 -15.56 0
    endloop
  endfacet
  facet normal 0 0 -1
    outer loop
      vertex 47.0721 -11 0
      vertex 48.3145 -15.7781 0
      vertex 48.3 -16 0
    endloop
  endfacet
  facet normal 0.831509 0.555512 0
    outer loop
      vertex 54.3301 18.5 2.5
      vertex 53.9668 19.0438 0
      vertex 53.9668 19.0438 2.5
    endloop
  endfacet
  facet normal 0.831509 0.555512 0
    outer loop
      vertex 53.9668 19.0438 0
      vertex 54.3301 18.5 2.5
      vertex 54.3301 18.5 0
    endloop
  endfacet
  facet normal -0.321407 0.946941 0
    outer loop
      vertex -51.2941 20.8296 0
      vertex -51.9134 20.6194 2.5
      vertex -51.2941 20.8296 2.5
    endloop
  endfacet
  facet normal -0.321407 0.946941 0
    outer loop
      vertex -51.9134 20.6194 2.5
      vertex -51.2941 20.8296 0
      vertex -51.9134 20.6194 0
    endloop
  endfacet
  facet normal -0.442314 0.89686 0
    outer loop
      vertex -51.9134 20.6194 0
      vertex -52.5 20.3301 2.5
      vertex -51.9134 20.6194 2.5
    endloop
  endfacet
  facet normal -0.442314 0.89686 0
    outer loop
      vertex -52.5 20.3301 2.5
      vertex -51.9134 20.6194 0
      vertex -52.5 20.3301 0
    endloop
  endfacet
  facet normal 0.321407 0.946941 -0
    outer loop
      vertex 51.9134 20.6194 0
      vertex 51.2941 20.8296 2.5
      vertex 51.9134 20.6194 2.5
    endloop
  endfacet
  facet normal 0.321407 0.946941 0
    outer loop
      vertex 51.2941 20.8296 2.5
      vertex 51.9134 20.6194 0
      vertex 51.2941 20.8296 0
    endloop
  endfacet
  facet normal 0.195087 0.980786 -0
    outer loop
      vertex 51.2941 20.8296 0
      vertex 50.6526 20.9572 2.5
      vertex 51.2941 20.8296 2.5
    endloop
  endfacet
  facet normal 0.195087 0.980786 0
    outer loop
      vertex 50.6526 20.9572 2.5
      vertex 51.2941 20.8296 0
      vertex 50.6526 20.9572 0
    endloop
  endfacet
  facet normal 0.0654432 0.997856 -0
    outer loop
      vertex 50.6526 20.9572 0
      vertex 50 21 2.5
      vertex 50.6526 20.9572 2.5
    endloop
  endfacet
  facet normal 0.0654432 0.997856 0
    outer loop
      vertex 50 21 2.5
      vertex 50.6526 20.9572 0
      vertex 50 21 0
    endloop
  endfacet
  facet normal -0.555512 0.831509 0
    outer loop
      vertex -52.5 20.3301 0
      vertex -53.0438 19.9668 2.5
      vertex -52.5 20.3301 2.5
    endloop
  endfacet
  facet normal -0.555512 0.831509 0
    outer loop
      vertex -53.0438 19.9668 2.5
      vertex -52.5 20.3301 0
      vertex -53.0438 19.9668 0
    endloop
  endfacet
  facet normal -0.195087 0.980786 0
    outer loop
      vertex -50.6526 20.9572 0
      vertex -51.2941 20.8296 2.5
      vertex -50.6526 20.9572 2.5
    endloop
  endfacet
  facet normal -0.195087 0.980786 0
    outer loop
      vertex -51.2941 20.8296 2.5
      vertex -50.6526 20.9572 0
      vertex -51.2941 20.8296 0
    endloop
  endfacet
  facet normal -0.0654432 0.997856 0
    outer loop
      vertex -50 21 0
      vertex -50.6526 20.9572 2.5
      vertex -50 21 2.5
    endloop
  endfacet
  facet normal -0.0654432 0.997856 0
    outer loop
      vertex -50.6526 20.9572 2.5
      vertex -50 21 0
      vertex -50.6526 20.9572 0
    endloop
  endfacet
  facet normal -0.751771 0.659424 0
    outer loop
      vertex -53.9668 19.0438 0
      vertex -53.5355 19.5355 2.5
      vertex -53.5355 19.5355 0
    endloop
  endfacet
  facet normal -0.751771 0.659424 0
    outer loop
      vertex -53.5355 19.5355 2.5
      vertex -53.9668 19.0438 0
      vertex -53.9668 19.0438 2.5
    endloop
  endfacet
  facet normal 0.442314 0.89686 -0
    outer loop
      vertex 52.5 20.3301 0
      vertex 51.9134 20.6194 2.5
      vertex 52.5 20.3301 2.5
    endloop
  endfacet
  facet normal 0.442314 0.89686 0
    outer loop
      vertex 51.9134 20.6194 2.5
      vertex 52.5 20.3301 0
      vertex 51.9134 20.6194 0
    endloop
  endfacet
  facet normal 0.555512 0.831509 -0
    outer loop
      vertex 53.0438 19.9668 0
      vertex 52.5 20.3301 2.5
      vertex 53.0438 19.9668 2.5
    endloop
  endfacet
  facet normal 0.555512 0.831509 0
    outer loop
      vertex 52.5 20.3301 2.5
      vertex 53.0438 19.9668 0
      vertex 52.5 20.3301 0
    endloop
  endfacet
  facet normal 0.659424 0.751771 -0
    outer loop
      vertex 53.5355 19.5355 0
      vertex 53.0438 19.9668 2.5
      vertex 53.5355 19.5355 2.5
    endloop
  endfacet
  facet normal 0.659424 0.751771 0
    outer loop
      vertex 53.0438 19.9668 2.5
      vertex 53.5355 19.5355 0
      vertex 53.0438 19.9668 0
    endloop
  endfacet
  facet normal -0.997859 0.0654061 0
    outer loop
      vertex -69.13 -3.7 0
      vertex -69.0915 -3.11263 2.5
      vertex -69.0915 -3.11263 0
    endloop
  endfacet
  facet normal -0.997859 0.0654061 0
    outer loop
      vertex -69.0915 -3.11263 2.5
      vertex -69.13 -3.7 0
      vertex -69.13 -3.7 2.5
    endloop
  endfacet
  facet normal 0.555586 -0.831459 0
    outer loop
      vertex -62.38 -7.59711 0
      vertex -61.8906 -7.27009 2.5
      vertex -62.38 -7.59711 2.5
    endloop
  endfacet
  facet normal 0.555586 -0.831459 0
    outer loop
      vertex -61.8906 -7.27009 2.5
      vertex -62.38 -7.59711 0
      vertex -61.8906 -7.27009 0
    endloop
  endfacet
  facet normal -0.442314 -0.89686 0
    outer loop
      vertex -66.88 -7.59711 0
      vertex -66.3521 -7.85746 2.5
      vertex -66.88 -7.59711 2.5
    endloop
  endfacet
  facet normal -0.442314 -0.89686 -0
    outer loop
      vertex -66.3521 -7.85746 2.5
      vertex -66.88 -7.59711 0
      vertex -66.3521 -7.85746 0
    endloop
  endfacet
  facet normal -0.814802 0.579739 0
    outer loop
      vertex -61.3291 8.69636 0
      vertex -53.9668 19.0438 2.5
      vertex -53.9668 19.0438 0
    endloop
  endfacet
  facet normal -0.814802 0.579739 0
    outer loop
      vertex -53.9668 19.0438 2.5
      vertex -61.3291 8.69636 0
      vertex -61.3291 8.69636 2.5
    endloop
  endfacet
  facet normal -0.814807 0.579732 0
    outer loop
      vertex -68.2001 -0.960574 0
      vertex -66.8921 0.877804 2.5
      vertex -66.8921 0.877804 0
    endloop
  endfacet
  facet normal -0.814807 0.579732 0
    outer loop
      vertex -66.8921 0.877804 2.5
      vertex -68.2001 -0.960574 0
      vertex -68.2001 -0.960574 2.5
    endloop
  endfacet
  facet normal -0.814796 0.579748 0
    outer loop
      vertex -64.7028 3.95477 0
      vertex -63.0511 6.27612 2.5
      vertex -63.0511 6.27612 0
    endloop
  endfacet
  facet normal -0.814796 0.579748 0
    outer loop
      vertex -63.0511 6.27612 2.5
      vertex -64.7028 3.95477 0
      vertex -64.7028 3.95477 2.5
    endloop
  endfacet
  facet normal 0.790511 -0.612448 0
    outer loop
      vertex -55.5906 0.620123 2.5
      vertex -47.5488 11 0
      vertex -47.5488 11 2.5
    endloop
  endfacet
  facet normal 0.790511 -0.612448 0
    outer loop
      vertex -47.5488 11 0
      vertex -55.5906 0.620123 2.5
      vertex -55.5906 0.620123 0
    endloop
  endfacet
  facet normal 0.659201 -0.751967 0
    outer loop
      vertex -61.8906 -7.27009 0
      vertex -61.7117 -7.11326 2.5
      vertex -61.8906 -7.27009 2.5
    endloop
  endfacet
  facet normal 0.659201 -0.751967 0
    outer loop
      vertex -61.7117 -7.11326 2.5
      vertex -61.8906 -7.27009 0
      vertex -61.7117 -7.11326 0
    endloop
  endfacet
  facet normal -0.896837 0.442362 0
    outer loop
      vertex -68.7875 -1.97793 0
      vertex -68.5271 -1.45 2.5
      vertex -68.5271 -1.45 0
    endloop
  endfacet
  facet normal -0.896837 0.442362 0
    outer loop
      vertex -68.5271 -1.45 2.5
      vertex -68.7875 -1.97793 0
      vertex -68.7875 -1.97793 2.5
    endloop
  endfacet
  facet normal -0.831488 0.555542 0
    outer loop
      vertex -68.5271 -1.45 0
      vertex -68.2001 -0.960574 2.5
      vertex -68.2001 -0.960574 0
    endloop
  endfacet
  facet normal -0.831488 0.555542 0
    outer loop
      vertex -68.2001 -0.960574 2.5
      vertex -68.5271 -1.45 0
      vertex -68.5271 -1.45 2.5
    endloop
  endfacet
  facet normal -0.321437 -0.946931 0
    outer loop
      vertex -66.3521 -7.85746 0
      vertex -65.7947 -8.04667 2.5
      vertex -66.3521 -7.85746 2.5
    endloop
  endfacet
  facet normal -0.321437 -0.946931 -0
    outer loop
      vertex -65.7947 -8.04667 2.5
      vertex -66.3521 -7.85746 0
      vertex -65.7947 -8.04667 0
    endloop
  endfacet
  facet normal -0.0654027 -0.997859 0
    outer loop
      vertex -65.2174 -8.1615 0
      vertex -64.63 -8.2 2.5
      vertex -65.2174 -8.1615 2.5
    endloop
  endfacet
  facet normal -0.0654027 -0.997859 -0
    outer loop
      vertex -64.63 -8.2 2.5
      vertex -65.2174 -8.1615 0
      vertex -64.63 -8.2 0
    endloop
  endfacet
  facet normal 0.195087 -0.980786 0
    outer loop
      vertex -64.0426 -8.1615 0
      vertex -63.4653 -8.04667 2.5
      vertex -64.0426 -8.1615 2.5
    endloop
  endfacet
  facet normal 0.195087 -0.980786 0
    outer loop
      vertex -63.4653 -8.04667 2.5
      vertex -64.0426 -8.1615 0
      vertex -63.4653 -8.04667 0
    endloop
  endfacet
  facet normal 0.442314 -0.89686 0
    outer loop
      vertex -62.9079 -7.85746 0
      vertex -62.38 -7.59711 2.5
      vertex -62.9079 -7.85746 2.5
    endloop
  endfacet
  facet normal 0.442314 -0.89686 0
    outer loop
      vertex -62.38 -7.59711 2.5
      vertex -62.9079 -7.85746 0
      vertex -62.38 -7.59711 0
    endloop
  endfacet
  facet normal -0.831491 -0.555539 0
    outer loop
      vertex -68.2001 -6.43943 0
      vertex -68.5271 -5.95 2.5
      vertex -68.5271 -5.95 0
    endloop
  endfacet
  facet normal -0.831491 -0.555539 0
    outer loop
      vertex -68.5271 -5.95 2.5
      vertex -68.2001 -6.43943 0
      vertex -68.2001 -6.43943 2.5
    endloop
  endfacet
  facet normal -0.946934 -0.321427 0
    outer loop
      vertex -68.7875 -5.42208 0
      vertex -68.9767 -4.86469 2.5
      vertex -68.9767 -4.86469 0
    endloop
  endfacet
  facet normal -0.946934 -0.321427 0
    outer loop
      vertex -68.9767 -4.86469 2.5
      vertex -68.7875 -5.42208 0
      vertex -68.7875 -5.42208 2.5
    endloop
  endfacet
  facet normal -0.997859 -0.0654061 0
    outer loop
      vertex -69.0915 -4.28737 0
      vertex -69.13 -3.7 2.5
      vertex -69.13 -3.7 0
    endloop
  endfacet
  facet normal -0.997859 -0.0654061 0
    outer loop
      vertex -69.13 -3.7 2.5
      vertex -69.0915 -4.28737 0
      vertex -69.0915 -4.28737 2.5
    endloop
  endfacet
  facet normal -0.946933 0.321432 0
    outer loop
      vertex -68.9767 -2.53531 0
      vertex -68.7875 -1.97793 2.5
      vertex -68.7875 -1.97793 0
    endloop
  endfacet
  facet normal -0.946933 0.321432 0
    outer loop
      vertex -68.7875 -1.97793 2.5
      vertex -68.9767 -2.53531 0
      vertex -68.9767 -2.53531 2.5
    endloop
  endfacet
  facet normal -0.980797 0.195031 0
    outer loop
      vertex -69.0915 -3.11263 0
      vertex -68.9767 -2.53531 2.5
      vertex -68.9767 -2.53531 0
    endloop
  endfacet
  facet normal -0.980797 0.195031 0
    outer loop
      vertex -68.9767 -2.53531 2.5
      vertex -69.0915 -3.11263 0
      vertex -69.0915 -3.11263 2.5
    endloop
  endfacet
  facet normal -0.195087 -0.980786 0
    outer loop
      vertex -65.7947 -8.04667 0
      vertex -65.2174 -8.1615 2.5
      vertex -65.7947 -8.04667 2.5
    endloop
  endfacet
  facet normal -0.195087 -0.980786 -0
    outer loop
      vertex -65.2174 -8.1615 2.5
      vertex -65.7947 -8.04667 0
      vertex -65.2174 -8.1615 0
    endloop
  endfacet
  facet normal 0.0654027 -0.997859 0
    outer loop
      vertex -64.63 -8.2 0
      vertex -64.0426 -8.1615 2.5
      vertex -64.63 -8.2 2.5
    endloop
  endfacet
  facet normal 0.0654027 -0.997859 0
    outer loop
      vertex -64.0426 -8.1615 2.5
      vertex -64.63 -8.2 0
      vertex -64.0426 -8.1615 0
    endloop
  endfacet
  facet normal 0.321437 -0.946931 0
    outer loop
      vertex -63.4653 -8.04667 0
      vertex -62.9079 -7.85746 2.5
      vertex -63.4653 -8.04667 2.5
    endloop
  endfacet
  facet normal 0.321437 -0.946931 0
    outer loop
      vertex -62.9079 -7.85746 2.5
      vertex -63.4653 -8.04667 0
      vertex -62.9079 -7.85746 0
    endloop
  endfacet
  facet normal -0.751845 -0.65934 0
    outer loop
      vertex -67.812 -6.88198 0
      vertex -68.2001 -6.43943 2.5
      vertex -68.2001 -6.43943 0
    endloop
  endfacet
  facet normal -0.751845 -0.65934 0
    outer loop
      vertex -68.2001 -6.43943 2.5
      vertex -67.812 -6.88198 0
      vertex -67.812 -6.88198 2.5
    endloop
  endfacet
  facet normal -0.659308 -0.751873 0
    outer loop
      vertex -67.812 -6.88198 0
      vertex -67.3694 -7.27009 2.5
      vertex -67.812 -6.88198 2.5
    endloop
  endfacet
  facet normal -0.659308 -0.751873 -0
    outer loop
      vertex -67.3694 -7.27009 2.5
      vertex -67.812 -6.88198 0
      vertex -67.3694 -7.27009 0
    endloop
  endfacet
  facet normal -0.896833 -0.442369 0
    outer loop
      vertex -68.5271 -5.95 0
      vertex -68.7875 -5.42208 2.5
      vertex -68.7875 -5.42208 0
    endloop
  endfacet
  facet normal -0.896833 -0.442369 0
    outer loop
      vertex -68.7875 -5.42208 2.5
      vertex -68.5271 -5.95 0
      vertex -68.5271 -5.95 2.5
    endloop
  endfacet
  facet normal -0.980797 -0.195031 0
    outer loop
      vertex -68.9767 -4.86469 0
      vertex -69.0915 -4.28737 2.5
      vertex -69.0915 -4.28737 0
    endloop
  endfacet
  facet normal -0.980797 -0.195031 0
    outer loop
      vertex -69.0915 -4.28737 2.5
      vertex -68.9767 -4.86469 0
      vertex -68.9767 -4.86469 2.5
    endloop
  endfacet
  facet normal -0.555586 -0.831459 0
    outer loop
      vertex -67.3694 -7.27009 0
      vertex -66.88 -7.59711 2.5
      vertex -67.3694 -7.27009 2.5
    endloop
  endfacet
  facet normal -0.555586 -0.831459 -0
    outer loop
      vertex -66.88 -7.59711 2.5
      vertex -67.3694 -7.27009 0
      vertex -66.88 -7.59711 0
    endloop
  endfacet
  facet normal 0.442314 -0.89686 0
    outer loop
      vertex 63.2921 -7.85746 0
      vertex 63.82 -7.59711 2.5
      vertex 63.2921 -7.85746 2.5
    endloop
  endfacet
  facet normal 0.442314 -0.89686 0
    outer loop
      vertex 63.82 -7.59711 2.5
      vertex 63.2921 -7.85746 0
      vertex 63.82 -7.59711 0
    endloop
  endfacet
  facet normal 0.997859 0.0654061 0
    outer loop
      vertex 66.07 -3.7 2.5
      vertex 66.0315 -3.11263 0
      vertex 66.0315 -3.11263 2.5
    endloop
  endfacet
  facet normal 0.997859 0.0654061 0
    outer loop
      vertex 66.0315 -3.11263 0
      vertex 66.07 -3.7 2.5
      vertex 66.07 -3.7 0
    endloop
  endfacet
  facet normal 0.873157 0.487439 0
    outer loop
      vertex 59.3263 9.55022 2.5
      vertex 54.3301 18.5 0
      vertex 54.3301 18.5 2.5
    endloop
  endfacet
  facet normal 0.873157 0.487439 0
    outer loop
      vertex 54.3301 18.5 0
      vertex 59.3263 9.55022 2.5
      vertex 59.3263 9.55022 0
    endloop
  endfacet
  facet normal 0.873153 0.487446 0
    outer loop
      vertex 65.4671 -1.45 2.5
      vertex 64.1764 0.862007 0
      vertex 64.1764 0.862007 2.5
    endloop
  endfacet
  facet normal 0.873153 0.487446 0
    outer loop
      vertex 64.1764 0.862007 0
      vertex 65.4671 -1.45 2.5
      vertex 65.4671 -1.45 0
    endloop
  endfacet
  facet normal 0.873153 0.487446 0
    outer loop
      vertex 62.3459 4.14119 2.5
      vertex 60.6921 7.10361 0
      vertex 60.6921 7.10361 2.5
    endloop
  endfacet
  facet normal 0.873153 0.487446 0
    outer loop
      vertex 60.6921 7.10361 0
      vertex 62.3459 4.14119 2.5
      vertex 62.3459 4.14119 0
    endloop
  endfacet
  facet normal 0.896837 0.442362 0
    outer loop
      vertex 65.7275 -1.97793 2.5
      vertex 65.4671 -1.45 0
      vertex 65.4671 -1.45 2.5
    endloop
  endfacet
  facet normal 0.896837 0.442362 0
    outer loop
      vertex 65.4671 -1.45 0
      vertex 65.7275 -1.97793 2.5
      vertex 65.7275 -1.97793 0
    endloop
  endfacet
  facet normal -0.851 -0.525166 0
    outer loop
      vertex 53.6033 0.644431 0
      vertex 47.2127 11 2.5
      vertex 47.2127 11 0
    endloop
  endfacet
  facet normal -0.851 -0.525166 0
    outer loop
      vertex 47.2127 11 2.5
      vertex 53.6033 0.644431 0
      vertex 53.6033 0.644431 2.5
    endloop
  endfacet
  facet normal 0.946933 0.321432 0
    outer loop
      vertex 65.9167 -2.53531 2.5
      vertex 65.7275 -1.97793 0
      vertex 65.7275 -1.97793 2.5
    endloop
  endfacet
  facet normal 0.946933 0.321432 0
    outer loop
      vertex 65.7275 -1.97793 0
      vertex 65.9167 -2.53531 2.5
      vertex 65.9167 -2.53531 0
    endloop
  endfacet
  facet normal 0.555586 -0.831459 0
    outer loop
      vertex 63.82 -7.59711 0
      vertex 64.3094 -7.27009 2.5
      vertex 63.82 -7.59711 2.5
    endloop
  endfacet
  facet normal 0.555586 -0.831459 0
    outer loop
      vertex 64.3094 -7.27009 2.5
      vertex 63.82 -7.59711 0
      vertex 64.3094 -7.27009 0
    endloop
  endfacet
  facet normal 0.831491 -0.555539 0
    outer loop
      vertex 65.1401 -6.43943 2.5
      vertex 65.4671 -5.95 0
      vertex 65.4671 -5.95 2.5
    endloop
  endfacet
  facet normal 0.831491 -0.555539 0
    outer loop
      vertex 65.4671 -5.95 0
      vertex 65.1401 -6.43943 2.5
      vertex 65.1401 -6.43943 0
    endloop
  endfacet
  facet normal 0.659308 -0.751873 0
    outer loop
      vertex 64.3094 -7.27009 0
      vertex 64.752 -6.88198 2.5
      vertex 64.3094 -7.27009 2.5
    endloop
  endfacet
  facet normal 0.659308 -0.751873 0
    outer loop
      vertex 64.752 -6.88198 2.5
      vertex 64.3094 -7.27009 0
      vertex 64.752 -6.88198 0
    endloop
  endfacet
  facet normal 0.980797 -0.195031 0
    outer loop
      vertex 65.9167 -4.86469 2.5
      vertex 66.0315 -4.28737 0
      vertex 66.0315 -4.28737 2.5
    endloop
  endfacet
  facet normal 0.980797 -0.195031 0
    outer loop
      vertex 66.0315 -4.28737 0
      vertex 65.9167 -4.86469 2.5
      vertex 65.9167 -4.86469 0
    endloop
  endfacet
  facet normal 0.946934 -0.321427 0
    outer loop
      vertex 65.7275 -5.42208 2.5
      vertex 65.9167 -4.86469 0
      vertex 65.9167 -4.86469 2.5
    endloop
  endfacet
  facet normal 0.946934 -0.321427 0
    outer loop
      vertex 65.9167 -4.86469 0
      vertex 65.7275 -5.42208 2.5
      vertex 65.7275 -5.42208 0
    endloop
  endfacet
  facet normal -0.195087 -0.980786 0
    outer loop
      vertex 60.4053 -8.04667 0
      vertex 60.9826 -8.1615 2.5
      vertex 60.4053 -8.04667 2.5
    endloop
  endfacet
  facet normal -0.195087 -0.980786 -0
    outer loop
      vertex 60.9826 -8.1615 2.5
      vertex 60.4053 -8.04667 0
      vertex 60.9826 -8.1615 0
    endloop
  endfacet
  facet normal -0.442618 -0.89671 0
    outer loop
      vertex 59.7635 -7.8158 0
      vertex 59.8479 -7.85746 2.5
      vertex 59.7635 -7.8158 2.5
    endloop
  endfacet
  facet normal -0.442618 -0.89671 -0
    outer loop
      vertex 59.8479 -7.85746 2.5
      vertex 59.7635 -7.8158 0
      vertex 59.8479 -7.85746 0
    endloop
  endfacet
  facet normal -0.321437 -0.946931 0
    outer loop
      vertex 59.8479 -7.85746 0
      vertex 60.4053 -8.04667 2.5
      vertex 59.8479 -7.85746 2.5
    endloop
  endfacet
  facet normal -0.321437 -0.946931 -0
    outer loop
      vertex 60.4053 -8.04667 2.5
      vertex 59.8479 -7.85746 0
      vertex 60.4053 -8.04667 0
    endloop
  endfacet
  facet normal 0.997859 -0.0654061 0
    outer loop
      vertex 66.0315 -4.28737 2.5
      vertex 66.07 -3.7 0
      vertex 66.07 -3.7 2.5
    endloop
  endfacet
  facet normal 0.997859 -0.0654061 0
    outer loop
      vertex 66.07 -3.7 0
      vertex 66.0315 -4.28737 2.5
      vertex 66.0315 -4.28737 0
    endloop
  endfacet
  facet normal 0.980797 0.195031 0
    outer loop
      vertex 66.0315 -3.11263 2.5
      vertex 65.9167 -2.53531 0
      vertex 65.9167 -2.53531 2.5
    endloop
  endfacet
  facet normal 0.980797 0.195031 0
    outer loop
      vertex 65.9167 -2.53531 0
      vertex 66.0315 -3.11263 2.5
      vertex 66.0315 -3.11263 0
    endloop
  endfacet
  facet normal 0.0654027 -0.997859 0
    outer loop
      vertex 61.57 -8.2 0
      vertex 62.1574 -8.1615 2.5
      vertex 61.57 -8.2 2.5
    endloop
  endfacet
  facet normal 0.0654027 -0.997859 0
    outer loop
      vertex 62.1574 -8.1615 2.5
      vertex 61.57 -8.2 0
      vertex 62.1574 -8.1615 0
    endloop
  endfacet
  facet normal 0.321437 -0.946931 0
    outer loop
      vertex 62.7347 -8.04667 0
      vertex 63.2921 -7.85746 2.5
      vertex 62.7347 -8.04667 2.5
    endloop
  endfacet
  facet normal 0.321437 -0.946931 0
    outer loop
      vertex 63.2921 -7.85746 2.5
      vertex 62.7347 -8.04667 0
      vertex 63.2921 -7.85746 0
    endloop
  endfacet
  facet normal 0.896833 -0.442369 0
    outer loop
      vertex 65.4671 -5.95 2.5
      vertex 65.7275 -5.42208 0
      vertex 65.7275 -5.42208 2.5
    endloop
  endfacet
  facet normal 0.896833 -0.442369 0
    outer loop
      vertex 65.7275 -5.42208 0
      vertex 65.4671 -5.95 2.5
      vertex 65.4671 -5.95 0
    endloop
  endfacet
  facet normal 0.751845 -0.65934 0
    outer loop
      vertex 64.752 -6.88198 2.5
      vertex 65.1401 -6.43943 0
      vertex 65.1401 -6.43943 2.5
    endloop
  endfacet
  facet normal 0.751845 -0.65934 0
    outer loop
      vertex 65.1401 -6.43943 0
      vertex 64.752 -6.88198 2.5
      vertex 64.752 -6.88198 0
    endloop
  endfacet
  facet normal -0.0654027 -0.997859 0
    outer loop
      vertex 60.9826 -8.1615 0
      vertex 61.57 -8.2 2.5
      vertex 60.9826 -8.1615 2.5
    endloop
  endfacet
  facet normal -0.0654027 -0.997859 -0
    outer loop
      vertex 61.57 -8.2 2.5
      vertex 60.9826 -8.1615 0
      vertex 61.57 -8.2 0
    endloop
  endfacet
  facet normal 0.195087 -0.980786 0
    outer loop
      vertex 62.1574 -8.1615 0
      vertex 62.7347 -8.04667 2.5
      vertex 62.1574 -8.1615 2.5
    endloop
  endfacet
  facet normal 0.195087 -0.980786 0
    outer loop
      vertex 62.7347 -8.04667 2.5
      vertex 62.1574 -8.1615 0
      vertex 62.7347 -8.04667 0
    endloop
  endfacet
  facet normal -0.997872 -0.0652057 0
    outer loop
      vertex -48.3 16 0
      vertex -48.3145 16.2219 2.5
      vertex -48.3145 16.2219 0
    endloop
  endfacet
  facet normal -0.997872 -0.0652057 0
    outer loop
      vertex -48.3145 16.2219 2.5
      vertex -48.3 16 0
      vertex -48.3 16 2.5
    endloop
  endfacet
  facet normal 0.0652057 -0.997872 0
    outer loop
      vertex -50.2219 17.6855 0
      vertex -50 17.7 2.5
      vertex -50.2219 17.6855 2.5
    endloop
  endfacet
  facet normal 0.0652057 -0.997872 0
    outer loop
      vertex -50 17.7 2.5
      vertex -50.2219 17.6855 0
      vertex -50 17.7 0
    endloop
  endfacet
  facet normal -0.0652057 0.997872 0
    outer loop
      vertex -49.7781 14.3145 0
      vertex -50 14.3 2.5
      vertex -49.7781 14.3145 2.5
    endloop
  endfacet
  facet normal -0.0652057 0.997872 0
    outer loop
      vertex -50 14.3 2.5
      vertex -49.7781 14.3145 0
      vertex -50 14.3 0
    endloop
  endfacet
  facet normal -0.751908 0.659268 0
    outer loop
      vertex -48.7979 14.7979 0
      vertex -48.6513 14.9651 2.5
      vertex -48.6513 14.9651 0
    endloop
  endfacet
  facet normal -0.751908 0.659268 0
    outer loop
      vertex -48.6513 14.9651 2.5
      vertex -48.7979 14.7979 0
      vertex -48.7979 14.7979 2.5
    endloop
  endfacet
  facet normal -0.659268 -0.751908 0
    outer loop
      vertex -48.9651 17.3487 0
      vertex -48.7979 17.2021 2.5
      vertex -48.9651 17.3487 2.5
    endloop
  endfacet
  facet normal -0.659268 -0.751908 -0
    outer loop
      vertex -48.7979 17.2021 2.5
      vertex -48.9651 17.3487 0
      vertex -48.7979 17.2021 0
    endloop
  endfacet
  facet normal 0.751908 -0.659268 0
    outer loop
      vertex -51.3487 17.0349 2.5
      vertex -51.2021 17.2021 0
      vertex -51.2021 17.2021 2.5
    endloop
  endfacet
  facet normal 0.751908 -0.659268 0
    outer loop
      vertex -51.2021 17.2021 0
      vertex -51.3487 17.0349 2.5
      vertex -51.3487 17.0349 0
    endloop
  endfacet
  facet normal 0.44253 -0.896754 0
    outer loop
      vertex -50.85 17.4722 0
      vertex -50.6506 17.5706 2.5
      vertex -50.85 17.4722 2.5
    endloop
  endfacet
  facet normal 0.44253 -0.896754 0
    outer loop
      vertex -50.6506 17.5706 2.5
      vertex -50.85 17.4722 0
      vertex -50.6506 17.5706 0
    endloop
  endfacet
  facet normal -0.896754 -0.44253 0
    outer loop
      vertex -48.4294 16.6506 0
      vertex -48.5278 16.85 2.5
      vertex -48.5278 16.85 0
    endloop
  endfacet
  facet normal -0.896754 -0.44253 0
    outer loop
      vertex -48.5278 16.85 2.5
      vertex -48.4294 16.6506 0
      vertex -48.4294 16.6506 2.5
    endloop
  endfacet
  facet normal -0.98077 -0.195165 0
    outer loop
      vertex -48.3145 16.2219 0
      vertex -48.3579 16.44 2.5
      vertex -48.3579 16.44 0
    endloop
  endfacet
  facet normal -0.98077 -0.195165 0
    outer loop
      vertex -48.3579 16.44 2.5
      vertex -48.3145 16.2219 0
      vertex -48.3145 16.2219 2.5
    endloop
  endfacet
  facet normal -0.831566 -0.555426 0
    outer loop
      vertex -48.5278 16.85 0
      vertex -48.6513 17.0349 2.5
      vertex -48.6513 17.0349 0
    endloop
  endfacet
  facet normal -0.831566 -0.555426 0
    outer loop
      vertex -48.6513 17.0349 2.5
      vertex -48.5278 16.85 0
      vertex -48.5278 16.85 2.5
    endloop
  endfacet
  facet normal -0.321484 -0.946915 0
    outer loop
      vertex -49.56 17.6421 0
      vertex -49.3494 17.5706 2.5
      vertex -49.56 17.6421 2.5
    endloop
  endfacet
  facet normal -0.321484 -0.946915 -0
    outer loop
      vertex -49.3494 17.5706 2.5
      vertex -49.56 17.6421 0
      vertex -49.3494 17.5706 0
    endloop
  endfacet
  facet normal -0.44253 -0.896754 0
    outer loop
      vertex -49.3494 17.5706 0
      vertex -49.15 17.4722 2.5
      vertex -49.3494 17.5706 2.5
    endloop
  endfacet
  facet normal -0.44253 -0.896754 -0
    outer loop
      vertex -49.15 17.4722 2.5
      vertex -49.3494 17.5706 0
      vertex -49.15 17.4722 0
    endloop
  endfacet
  facet normal 0.946915 -0.321484 0
    outer loop
      vertex -51.6421 16.44 2.5
      vertex -51.5706 16.6506 0
      vertex -51.5706 16.6506 2.5
    endloop
  endfacet
  facet normal 0.946915 -0.321484 0
    outer loop
      vertex -51.5706 16.6506 0
      vertex -51.6421 16.44 2.5
      vertex -51.6421 16.44 0
    endloop
  endfacet
  facet normal 0.896754 -0.44253 0
    outer loop
      vertex -51.5706 16.6506 2.5
      vertex -51.4722 16.85 0
      vertex -51.4722 16.85 2.5
    endloop
  endfacet
  facet normal 0.896754 -0.44253 0
    outer loop
      vertex -51.4722 16.85 0
      vertex -51.5706 16.6506 2.5
      vertex -51.5706 16.6506 0
    endloop
  endfacet
  facet normal 0.555426 -0.831566 0
    outer loop
      vertex -51.0349 17.3487 0
      vertex -50.85 17.4722 2.5
      vertex -51.0349 17.3487 2.5
    endloop
  endfacet
  facet normal 0.555426 -0.831566 0
    outer loop
      vertex -50.85 17.4722 2.5
      vertex -51.0349 17.3487 0
      vertex -50.85 17.4722 0
    endloop
  endfacet
  facet normal 0.195165 -0.98077 0
    outer loop
      vertex -50.44 17.6421 0
      vertex -50.2219 17.6855 2.5
      vertex -50.44 17.6421 2.5
    endloop
  endfacet
  facet normal 0.195165 -0.98077 0
    outer loop
      vertex -50.2219 17.6855 2.5
      vertex -50.44 17.6421 0
      vertex -50.2219 17.6855 0
    endloop
  endfacet
  facet normal -0.195165 0.98077 0
    outer loop
      vertex -49.56 14.3579 0
      vertex -49.7781 14.3145 2.5
      vertex -49.56 14.3579 2.5
    endloop
  endfacet
  facet normal -0.195165 0.98077 0
    outer loop
      vertex -49.7781 14.3145 2.5
      vertex -49.56 14.3579 0
      vertex -49.7781 14.3145 0
    endloop
  endfacet
  facet normal -0.946915 -0.321484 0
    outer loop
      vertex -48.3579 16.44 0
      vertex -48.4294 16.6506 2.5
      vertex -48.4294 16.6506 0
    endloop
  endfacet
  facet normal -0.946915 -0.321484 0
    outer loop
      vertex -48.4294 16.6506 2.5
      vertex -48.3579 16.44 0
      vertex -48.3579 16.44 2.5
    endloop
  endfacet
  facet normal -0.751908 -0.659268 0
    outer loop
      vertex -48.6513 17.0349 0
      vertex -48.7979 17.2021 2.5
      vertex -48.7979 17.2021 0
    endloop
  endfacet
  facet normal -0.751908 -0.659268 0
    outer loop
      vertex -48.7979 17.2021 2.5
      vertex -48.6513 17.0349 0
      vertex -48.6513 17.0349 2.5
    endloop
  endfacet
  facet normal -0.195165 -0.98077 0
    outer loop
      vertex -49.7781 17.6855 0
      vertex -49.56 17.6421 2.5
      vertex -49.7781 17.6855 2.5
    endloop
  endfacet
  facet normal -0.195165 -0.98077 -0
    outer loop
      vertex -49.56 17.6421 2.5
      vertex -49.7781 17.6855 0
      vertex -49.56 17.6421 0
    endloop
  endfacet
  facet normal -0.0652057 -0.997872 0
    outer loop
      vertex -50 17.7 0
      vertex -49.7781 17.6855 2.5
      vertex -50 17.7 2.5
    endloop
  endfacet
  facet normal -0.0652057 -0.997872 -0
    outer loop
      vertex -49.7781 17.6855 2.5
      vertex -50 17.7 0
      vertex -49.7781 17.6855 0
    endloop
  endfacet
  facet normal -0.555426 -0.831566 0
    outer loop
      vertex -49.15 17.4722 0
      vertex -48.9651 17.3487 2.5
      vertex -49.15 17.4722 2.5
    endloop
  endfacet
  facet normal -0.555426 -0.831566 -0
    outer loop
      vertex -48.9651 17.3487 2.5
      vertex -49.15 17.4722 0
      vertex -48.9651 17.3487 0
    endloop
  endfacet
  facet normal 0.831566 -0.555426 0
    outer loop
      vertex -51.4722 16.85 2.5
      vertex -51.3487 17.0349 0
      vertex -51.3487 17.0349 2.5
    endloop
  endfacet
  facet normal 0.831566 -0.555426 0
    outer loop
      vertex -51.3487 17.0349 0
      vertex -51.4722 16.85 2.5
      vertex -51.4722 16.85 0
    endloop
  endfacet
  facet normal 0.997872 -0.0652057 0
    outer loop
      vertex -51.7 16 2.5
      vertex -51.6855 16.2219 0
      vertex -51.6855 16.2219 2.5
    endloop
  endfacet
  facet normal 0.997872 -0.0652057 0
    outer loop
      vertex -51.6855 16.2219 0
      vertex -51.7 16 2.5
      vertex -51.7 16 0
    endloop
  endfacet
  facet normal 0.997872 0.0652057 0
    outer loop
      vertex -51.6855 15.7781 2.5
      vertex -51.7 16 0
      vertex -51.7 16 2.5
    endloop
  endfacet
  facet normal 0.997872 0.0652057 0
    outer loop
      vertex -51.7 16 0
      vertex -51.6855 15.7781 2.5
      vertex -51.6855 15.7781 0
    endloop
  endfacet
  facet normal 0.659268 -0.751908 0
    outer loop
      vertex -51.2021 17.2021 0
      vertex -51.0349 17.3487 2.5
      vertex -51.2021 17.2021 2.5
    endloop
  endfacet
  facet normal 0.659268 -0.751908 0
    outer loop
      vertex -51.0349 17.3487 2.5
      vertex -51.2021 17.2021 0
      vertex -51.0349 17.3487 0
    endloop
  endfacet
  facet normal 0.321484 -0.946915 0
    outer loop
      vertex -50.6506 17.5706 0
      vertex -50.44 17.6421 2.5
      vertex -50.6506 17.5706 2.5
    endloop
  endfacet
  facet normal 0.321484 -0.946915 0
    outer loop
      vertex -50.44 17.6421 2.5
      vertex -50.6506 17.5706 0
      vertex -50.44 17.6421 0
    endloop
  endfacet
  facet normal -0.946915 0.321484 0
    outer loop
      vertex -48.4294 15.3494 0
      vertex -48.3579 15.56 2.5
      vertex -48.3579 15.56 0
    endloop
  endfacet
  facet normal -0.946915 0.321484 0
    outer loop
      vertex -48.3579 15.56 2.5
      vertex -48.4294 15.3494 0
      vertex -48.4294 15.3494 2.5
    endloop
  endfacet
  facet normal -0.98077 0.195165 0
    outer loop
      vertex -48.3579 15.56 0
      vertex -48.3145 15.7781 2.5
      vertex -48.3145 15.7781 0
    endloop
  endfacet
  facet normal -0.98077 0.195165 0
    outer loop
      vertex -48.3145 15.7781 2.5
      vertex -48.3579 15.56 0
      vertex -48.3579 15.56 2.5
    endloop
  endfacet
  facet normal 0.751908 0.659268 0
    outer loop
      vertex -51.2021 14.7979 2.5
      vertex -51.3487 14.9651 0
      vertex -51.3487 14.9651 2.5
    endloop
  endfacet
  facet normal 0.751908 0.659268 0
    outer loop
      vertex -51.3487 14.9651 0
      vertex -51.2021 14.7979 2.5
      vertex -51.2021 14.7979 0
    endloop
  endfacet
  facet normal 0.831566 0.555426 0
    outer loop
      vertex -51.3487 14.9651 2.5
      vertex -51.4722 15.15 0
      vertex -51.4722 15.15 2.5
    endloop
  endfacet
  facet normal 0.831566 0.555426 0
    outer loop
      vertex -51.4722 15.15 0
      vertex -51.3487 14.9651 2.5
      vertex -51.3487 14.9651 0
    endloop
  endfacet
  facet normal 0.98077 0.195165 0
    outer loop
      vertex -51.6421 15.56 2.5
      vertex -51.6855 15.7781 0
      vertex -51.6855 15.7781 2.5
    endloop
  endfacet
  facet normal 0.98077 0.195165 0
    outer loop
      vertex -51.6855 15.7781 0
      vertex -51.6421 15.56 2.5
      vertex -51.6421 15.56 0
    endloop
  endfacet
  facet normal -0.555426 0.831566 0
    outer loop
      vertex -48.9651 14.6513 0
      vertex -49.15 14.5278 2.5
      vertex -48.9651 14.6513 2.5
    endloop
  endfacet
  facet normal -0.555426 0.831566 0
    outer loop
      vertex -49.15 14.5278 2.5
      vertex -48.9651 14.6513 0
      vertex -49.15 14.5278 0
    endloop
  endfacet
  facet normal -0.44253 0.896754 0
    outer loop
      vertex -49.15 14.5278 0
      vertex -49.3494 14.4294 2.5
      vertex -49.15 14.5278 2.5
    endloop
  endfacet
  facet normal -0.44253 0.896754 0
    outer loop
      vertex -49.3494 14.4294 2.5
      vertex -49.15 14.5278 0
      vertex -49.3494 14.4294 0
    endloop
  endfacet
  facet normal 0.98077 -0.195165 0
    outer loop
      vertex -51.6855 16.2219 2.5
      vertex -51.6421 16.44 0
      vertex -51.6421 16.44 2.5
    endloop
  endfacet
  facet normal 0.98077 -0.195165 0
    outer loop
      vertex -51.6421 16.44 0
      vertex -51.6855 16.2219 2.5
      vertex -51.6855 16.2219 0
    endloop
  endfacet
  facet normal -0.831566 0.555426 0
    outer loop
      vertex -48.6513 14.9651 0
      vertex -48.5278 15.15 2.5
      vertex -48.5278 15.15 0
    endloop
  endfacet
  facet normal -0.831566 0.555426 0
    outer loop
      vertex -48.5278 15.15 2.5
      vertex -48.6513 14.9651 0
      vertex -48.6513 14.9651 2.5
    endloop
  endfacet
  facet normal -0.997872 0.0652057 0
    outer loop
      vertex -48.3145 15.7781 0
      vertex -48.3 16 2.5
      vertex -48.3 16 0
    endloop
  endfacet
  facet normal -0.997872 0.0652057 0
    outer loop
      vertex -48.3 16 2.5
      vertex -48.3145 15.7781 0
      vertex -48.3145 15.7781 2.5
    endloop
  endfacet
  facet normal 0.195165 0.98077 -0
    outer loop
      vertex -50.2219 14.3145 0
      vertex -50.44 14.3579 2.5
      vertex -50.2219 14.3145 2.5
    endloop
  endfacet
  facet normal 0.195165 0.98077 0
    outer loop
      vertex -50.44 14.3579 2.5
      vertex -50.2219 14.3145 0
      vertex -50.44 14.3579 0
    endloop
  endfacet
  facet normal 0.44253 0.896754 -0
    outer loop
      vertex -50.6506 14.4294 0
      vertex -50.85 14.5278 2.5
      vertex -50.6506 14.4294 2.5
    endloop
  endfacet
  facet normal 0.44253 0.896754 0
    outer loop
      vertex -50.85 14.5278 2.5
      vertex -50.6506 14.4294 0
      vertex -50.85 14.5278 0
    endloop
  endfacet
  facet normal 0.946915 0.321484 0
    outer loop
      vertex -51.5706 15.3494 2.5
      vertex -51.6421 15.56 0
      vertex -51.6421 15.56 2.5
    endloop
  endfacet
  facet normal 0.946915 0.321484 0
    outer loop
      vertex -51.6421 15.56 0
      vertex -51.5706 15.3494 2.5
      vertex -51.5706 15.3494 0
    endloop
  endfacet
  facet normal 0.896754 0.44253 0
    outer loop
      vertex -51.4722 15.15 2.5
      vertex -51.5706 15.3494 0
      vertex -51.5706 15.3494 2.5
    endloop
  endfacet
  facet normal 0.896754 0.44253 0
    outer loop
      vertex -51.5706 15.3494 0
      vertex -51.4722 15.15 2.5
      vertex -51.4722 15.15 0
    endloop
  endfacet
  facet normal -0.659268 0.751908 0
    outer loop
      vertex -48.7979 14.7979 0
      vertex -48.9651 14.6513 2.5
      vertex -48.7979 14.7979 2.5
    endloop
  endfacet
  facet normal -0.659268 0.751908 0
    outer loop
      vertex -48.9651 14.6513 2.5
      vertex -48.7979 14.7979 0
      vertex -48.9651 14.6513 0
    endloop
  endfacet
  facet normal -0.321484 0.946915 0
    outer loop
      vertex -49.3494 14.4294 0
      vertex -49.56 14.3579 2.5
      vertex -49.3494 14.4294 2.5
    endloop
  endfacet
  facet normal -0.321484 0.946915 0
    outer loop
      vertex -49.56 14.3579 2.5
      vertex -49.3494 14.4294 0
      vertex -49.56 14.3579 0
    endloop
  endfacet
  facet normal -0.896754 0.44253 0
    outer loop
      vertex -48.5278 15.15 0
      vertex -48.4294 15.3494 2.5
      vertex -48.4294 15.3494 0
    endloop
  endfacet
  facet normal -0.896754 0.44253 0
    outer loop
      vertex -48.4294 15.3494 2.5
      vertex -48.5278 15.15 0
      vertex -48.5278 15.15 2.5
    endloop
  endfacet
  facet normal 0.321484 0.946915 -0
    outer loop
      vertex -50.44 14.3579 0
      vertex -50.6506 14.4294 2.5
      vertex -50.44 14.3579 2.5
    endloop
  endfacet
  facet normal 0.321484 0.946915 0
    outer loop
      vertex -50.6506 14.4294 2.5
      vertex -50.44 14.3579 0
      vertex -50.6506 14.4294 0
    endloop
  endfacet
  facet normal 0.555426 0.831566 -0
    outer loop
      vertex -50.85 14.5278 0
      vertex -51.0349 14.6513 2.5
      vertex -50.85 14.5278 2.5
    endloop
  endfacet
  facet normal 0.555426 0.831566 0
    outer loop
      vertex -51.0349 14.6513 2.5
      vertex -50.85 14.5278 0
      vertex -51.0349 14.6513 0
    endloop
  endfacet
  facet normal 0.659268 0.751908 -0
    outer loop
      vertex -51.0349 14.6513 0
      vertex -51.2021 14.7979 2.5
      vertex -51.0349 14.6513 2.5
    endloop
  endfacet
  facet normal 0.659268 0.751908 0
    outer loop
      vertex -51.2021 14.7979 2.5
      vertex -51.0349 14.6513 0
      vertex -51.2021 14.7979 0
    endloop
  endfacet
  facet normal 0.0652057 0.997872 -0
    outer loop
      vertex -50 14.3 0
      vertex -50.2219 14.3145 2.5
      vertex -50 14.3 2.5
    endloop
  endfacet
  facet normal 0.0652057 0.997872 0
    outer loop
      vertex -50.2219 14.3145 2.5
      vertex -50 14.3 0
      vertex -50.2219 14.3145 0
    endloop
  endfacet
  facet normal -0.997872 -0.0652057 0
    outer loop
      vertex 51.7 16 0
      vertex 51.6855 16.2219 2.5
      vertex 51.6855 16.2219 0
    endloop
  endfacet
  facet normal -0.997872 -0.0652057 0
    outer loop
      vertex 51.6855 16.2219 2.5
      vertex 51.7 16 0
      vertex 51.7 16 2.5
    endloop
  endfacet
  facet normal 0.0652057 -0.997872 0
    outer loop
      vertex 49.7781 17.6855 0
      vertex 50 17.7 2.5
      vertex 49.7781 17.6855 2.5
    endloop
  endfacet
  facet normal 0.0652057 -0.997872 0
    outer loop
      vertex 50 17.7 2.5
      vertex 49.7781 17.6855 0
      vertex 50 17.7 0
    endloop
  endfacet
  facet normal -0.0652057 0.997872 0
    outer loop
      vertex 50.2219 14.3145 0
      vertex 50 14.3 2.5
      vertex 50.2219 14.3145 2.5
    endloop
  endfacet
  facet normal -0.0652057 0.997872 0
    outer loop
      vertex 50 14.3 2.5
      vertex 50.2219 14.3145 0
      vertex 50 14.3 0
    endloop
  endfacet
  facet normal -0.751908 0.659268 0
    outer loop
      vertex 51.2021 14.7979 0
      vertex 51.3487 14.9651 2.5
      vertex 51.3487 14.9651 0
    endloop
  endfacet
  facet normal -0.751908 0.659268 0
    outer loop
      vertex 51.3487 14.9651 2.5
      vertex 51.2021 14.7979 0
      vertex 51.2021 14.7979 2.5
    endloop
  endfacet
  facet normal -0.659268 -0.751908 0
    outer loop
      vertex 51.0349 17.3487 0
      vertex 51.2021 17.2021 2.5
      vertex 51.0349 17.3487 2.5
    endloop
  endfacet
  facet normal -0.659268 -0.751908 -0
    outer loop
      vertex 51.2021 17.2021 2.5
      vertex 51.0349 17.3487 0
      vertex 51.2021 17.2021 0
    endloop
  endfacet
  facet normal 0.751908 -0.659268 0
    outer loop
      vertex 48.6513 17.0349 2.5
      vertex 48.7979 17.2021 0
      vertex 48.7979 17.2021 2.5
    endloop
  endfacet
  facet normal 0.751908 -0.659268 0
    outer loop
      vertex 48.7979 17.2021 0
      vertex 48.6513 17.0349 2.5
      vertex 48.6513 17.0349 0
    endloop
  endfacet
  facet normal 0.44253 -0.896754 0
    outer loop
      vertex 49.15 17.4722 0
      vertex 49.3494 17.5706 2.5
      vertex 49.15 17.4722 2.5
    endloop
  endfacet
  facet normal 0.44253 -0.896754 0
    outer loop
      vertex 49.3494 17.5706 2.5
      vertex 49.15 17.4722 0
      vertex 49.3494 17.5706 0
    endloop
  endfacet
  facet normal -0.896754 -0.44253 0
    outer loop
      vertex 51.5706 16.6506 0
      vertex 51.4722 16.85 2.5
      vertex 51.4722 16.85 0
    endloop
  endfacet
  facet normal -0.896754 -0.44253 0
    outer loop
      vertex 51.4722 16.85 2.5
      vertex 51.5706 16.6506 0
      vertex 51.5706 16.6506 2.5
    endloop
  endfacet
  facet normal -0.98077 -0.195165 0
    outer loop
      vertex 51.6855 16.2219 0
      vertex 51.6421 16.44 2.5
      vertex 51.6421 16.44 0
    endloop
  endfacet
  facet normal -0.98077 -0.195165 0
    outer loop
      vertex 51.6421 16.44 2.5
      vertex 51.6855 16.2219 0
      vertex 51.6855 16.2219 2.5
    endloop
  endfacet
  facet normal -0.831566 -0.555426 0
    outer loop
      vertex 51.4722 16.85 0
      vertex 51.3487 17.0349 2.5
      vertex 51.3487 17.0349 0
    endloop
  endfacet
  facet normal -0.831566 -0.555426 0
    outer loop
      vertex 51.3487 17.0349 2.5
      vertex 51.4722 16.85 0
      vertex 51.4722 16.85 2.5
    endloop
  endfacet
  facet normal -0.321484 -0.946915 0
    outer loop
      vertex 50.44 17.6421 0
      vertex 50.6506 17.5706 2.5
      vertex 50.44 17.6421 2.5
    endloop
  endfacet
  facet normal -0.321484 -0.946915 -0
    outer loop
      vertex 50.6506 17.5706 2.5
      vertex 50.44 17.6421 0
      vertex 50.6506 17.5706 0
    endloop
  endfacet
  facet normal -0.44253 -0.896754 0
    outer loop
      vertex 50.6506 17.5706 0
      vertex 50.85 17.4722 2.5
      vertex 50.6506 17.5706 2.5
    endloop
  endfacet
  facet normal -0.44253 -0.896754 -0
    outer loop
      vertex 50.85 17.4722 2.5
      vertex 50.6506 17.5706 0
      vertex 50.85 17.4722 0
    endloop
  endfacet
  facet normal 0.946915 -0.321484 0
    outer loop
      vertex 48.3579 16.44 2.5
      vertex 48.4294 16.6506 0
      vertex 48.4294 16.6506 2.5
    endloop
  endfacet
  facet normal 0.946915 -0.321484 0
    outer loop
      vertex 48.4294 16.6506 0
      vertex 48.3579 16.44 2.5
      vertex 48.3579 16.44 0
    endloop
  endfacet
  facet normal 0.555426 -0.831566 0
    outer loop
      vertex 48.9651 17.3487 0
      vertex 49.15 17.4722 2.5
      vertex 48.9651 17.3487 2.5
    endloop
  endfacet
  facet normal 0.555426 -0.831566 0
    outer loop
      vertex 49.15 17.4722 2.5
      vertex 48.9651 17.3487 0
      vertex 49.15 17.4722 0
    endloop
  endfacet
  facet normal 0.195165 -0.98077 0
    outer loop
      vertex 49.56 17.6421 0
      vertex 49.7781 17.6855 2.5
      vertex 49.56 17.6421 2.5
    endloop
  endfacet
  facet normal 0.195165 -0.98077 0
    outer loop
      vertex 49.7781 17.6855 2.5
      vertex 49.56 17.6421 0
      vertex 49.7781 17.6855 0
    endloop
  endfacet
  facet normal -0.195165 0.98077 0
    outer loop
      vertex 50.44 14.3579 0
      vertex 50.2219 14.3145 2.5
      vertex 50.44 14.3579 2.5
    endloop
  endfacet
  facet normal -0.195165 0.98077 0
    outer loop
      vertex 50.2219 14.3145 2.5
      vertex 50.44 14.3579 0
      vertex 50.2219 14.3145 0
    endloop
  endfacet
  facet normal -0.946915 -0.321484 0
    outer loop
      vertex 51.6421 16.44 0
      vertex 51.5706 16.6506 2.5
      vertex 51.5706 16.6506 0
    endloop
  endfacet
  facet normal -0.946915 -0.321484 0
    outer loop
      vertex 51.5706 16.6506 2.5
      vertex 51.6421 16.44 0
      vertex 51.6421 16.44 2.5
    endloop
  endfacet
  facet normal -0.751908 -0.659268 0
    outer loop
      vertex 51.3487 17.0349 0
      vertex 51.2021 17.2021 2.5
      vertex 51.2021 17.2021 0
    endloop
  endfacet
  facet normal -0.751908 -0.659268 0
    outer loop
      vertex 51.2021 17.2021 2.5
      vertex 51.3487 17.0349 0
      vertex 51.3487 17.0349 2.5
    endloop
  endfacet
  facet normal -0.195165 -0.98077 0
    outer loop
      vertex 50.2219 17.6855 0
      vertex 50.44 17.6421 2.5
      vertex 50.2219 17.6855 2.5
    endloop
  endfacet
  facet normal -0.195165 -0.98077 -0
    outer loop
      vertex 50.44 17.6421 2.5
      vertex 50.2219 17.6855 0
      vertex 50.44 17.6421 0
    endloop
  endfacet
  facet normal -0.0652057 -0.997872 0
    outer loop
      vertex 50 17.7 0
      vertex 50.2219 17.6855 2.5
      vertex 50 17.7 2.5
    endloop
  endfacet
  facet normal -0.0652057 -0.997872 -0
    outer loop
      vertex 50.2219 17.6855 2.5
      vertex 50 17.7 0
      vertex 50.2219 17.6855 0
    endloop
  endfacet
  facet normal -0.555426 -0.831566 0
    outer loop
      vertex 50.85 17.4722 0
      vertex 51.0349 17.3487 2.5
      vertex 50.85 17.4722 2.5
    endloop
  endfacet
  facet normal -0.555426 -0.831566 -0
    outer loop
      vertex 51.0349 17.3487 2.5
      vertex 50.85 17.4722 0
      vertex 51.0349 17.3487 0
    endloop
  endfacet
  facet normal 0.896754 -0.44253 0
    outer loop
      vertex 48.4294 16.6506 2.5
      vertex 48.5278 16.85 0
      vertex 48.5278 16.85 2.5
    endloop
  endfacet
  facet normal 0.896754 -0.44253 0
    outer loop
      vertex 48.5278 16.85 0
      vertex 48.4294 16.6506 2.5
      vertex 48.4294 16.6506 0
    endloop
  endfacet
  facet normal 0.831566 -0.555426 0
    outer loop
      vertex 48.5278 16.85 2.5
      vertex 48.6513 17.0349 0
      vertex 48.6513 17.0349 2.5
    endloop
  endfacet
  facet normal 0.831566 -0.555426 0
    outer loop
      vertex 48.6513 17.0349 0
      vertex 48.5278 16.85 2.5
      vertex 48.5278 16.85 0
    endloop
  endfacet
  facet normal 0.98077 -0.195165 0
    outer loop
      vertex 48.3145 16.2219 2.5
      vertex 48.3579 16.44 0
      vertex 48.3579 16.44 2.5
    endloop
  endfacet
  facet normal 0.98077 -0.195165 0
    outer loop
      vertex 48.3579 16.44 0
      vertex 48.3145 16.2219 2.5
      vertex 48.3145 16.2219 0
    endloop
  endfacet
  facet normal 0.997872 -0.0652057 0
    outer loop
      vertex 48.3 16 2.5
      vertex 48.3145 16.2219 0
      vertex 48.3145 16.2219 2.5
    endloop
  endfacet
  facet normal 0.997872 -0.0652057 0
    outer loop
      vertex 48.3145 16.2219 0
      vertex 48.3 16 2.5
      vertex 48.3 16 0
    endloop
  endfacet
  facet normal 0.997872 0.0652057 0
    outer loop
      vertex 48.3145 15.7781 2.5
      vertex 48.3 16 0
      vertex 48.3 16 2.5
    endloop
  endfacet
  facet normal 0.997872 0.0652057 0
    outer loop
      vertex 48.3 16 0
      vertex 48.3145 15.7781 2.5
      vertex 48.3145 15.7781 0
    endloop
  endfacet
  facet normal 0.659268 -0.751908 0
    outer loop
      vertex 48.7979 17.2021 0
      vertex 48.9651 17.3487 2.5
      vertex 48.7979 17.2021 2.5
    endloop
  endfacet
  facet normal 0.659268 -0.751908 0
    outer loop
      vertex 48.9651 17.3487 2.5
      vertex 48.7979 17.2021 0
      vertex 48.9651 17.3487 0
    endloop
  endfacet
  facet normal 0.321484 -0.946915 0
    outer loop
      vertex 49.3494 17.5706 0
      vertex 49.56 17.6421 2.5
      vertex 49.3494 17.5706 2.5
    endloop
  endfacet
  facet normal 0.321484 -0.946915 0
    outer loop
      vertex 49.56 17.6421 2.5
      vertex 49.3494 17.5706 0
      vertex 49.56 17.6421 0
    endloop
  endfacet
  facet normal -0.946915 0.321484 0
    outer loop
      vertex 51.5706 15.3494 0
      vertex 51.6421 15.56 2.5
      vertex 51.6421 15.56 0
    endloop
  endfacet
  facet normal -0.946915 0.321484 0
    outer loop
      vertex 51.6421 15.56 2.5
      vertex 51.5706 15.3494 0
      vertex 51.5706 15.3494 2.5
    endloop
  endfacet
  facet normal -0.98077 0.195165 0
    outer loop
      vertex 51.6421 15.56 0
      vertex 51.6855 15.7781 2.5
      vertex 51.6855 15.7781 0
    endloop
  endfacet
  facet normal -0.98077 0.195165 0
    outer loop
      vertex 51.6855 15.7781 2.5
      vertex 51.6421 15.56 0
      vertex 51.6421 15.56 2.5
    endloop
  endfacet
  facet normal 0.555426 0.831566 -0
    outer loop
      vertex 49.15 14.5278 0
      vertex 48.9651 14.6513 2.5
      vertex 49.15 14.5278 2.5
    endloop
  endfacet
  facet normal 0.555426 0.831566 0
    outer loop
      vertex 48.9651 14.6513 2.5
      vertex 49.15 14.5278 0
      vertex 48.9651 14.6513 0
    endloop
  endfacet
  facet normal 0.831566 0.555426 0
    outer loop
      vertex 48.6513 14.9651 2.5
      vertex 48.5278 15.15 0
      vertex 48.5278 15.15 2.5
    endloop
  endfacet
  facet normal 0.831566 0.555426 0
    outer loop
      vertex 48.5278 15.15 0
      vertex 48.6513 14.9651 2.5
      vertex 48.6513 14.9651 0
    endloop
  endfacet
  facet normal 0.751908 0.659268 0
    outer loop
      vertex 48.7979 14.7979 2.5
      vertex 48.6513 14.9651 0
      vertex 48.6513 14.9651 2.5
    endloop
  endfacet
  facet normal 0.751908 0.659268 0
    outer loop
      vertex 48.6513 14.9651 0
      vertex 48.7979 14.7979 2.5
      vertex 48.7979 14.7979 0
    endloop
  endfacet
  facet normal 0.98077 0.195165 0
    outer loop
      vertex 48.3579 15.56 2.5
      vertex 48.3145 15.7781 0
      vertex 48.3145 15.7781 2.5
    endloop
  endfacet
  facet normal 0.98077 0.195165 0
    outer loop
      vertex 48.3145 15.7781 0
      vertex 48.3579 15.56 2.5
      vertex 48.3579 15.56 0
    endloop
  endfacet
  facet normal -0.555426 0.831566 0
    outer loop
      vertex 51.0349 14.6513 0
      vertex 50.85 14.5278 2.5
      vertex 51.0349 14.6513 2.5
    endloop
  endfacet
  facet normal -0.555426 0.831566 0
    outer loop
      vertex 50.85 14.5278 2.5
      vertex 51.0349 14.6513 0
      vertex 50.85 14.5278 0
    endloop
  endfacet
  facet normal -0.831566 0.555426 0
    outer loop
      vertex 51.3487 14.9651 0
      vertex 51.4722 15.15 2.5
      vertex 51.4722 15.15 0
    endloop
  endfacet
  facet normal -0.831566 0.555426 0
    outer loop
      vertex 51.4722 15.15 2.5
      vertex 51.3487 14.9651 0
      vertex 51.3487 14.9651 2.5
    endloop
  endfacet
  facet normal -0.997872 0.0652057 0
    outer loop
      vertex 51.6855 15.7781 0
      vertex 51.7 16 2.5
      vertex 51.7 16 0
    endloop
  endfacet
  facet normal -0.997872 0.0652057 0
    outer loop
      vertex 51.7 16 2.5
      vertex 51.6855 15.7781 0
      vertex 51.6855 15.7781 2.5
    endloop
  endfacet
  facet normal 0.195165 0.98077 -0
    outer loop
      vertex 49.7781 14.3145 0
      vertex 49.56 14.3579 2.5
      vertex 49.7781 14.3145 2.5
    endloop
  endfacet
  facet normal 0.195165 0.98077 0
    outer loop
      vertex 49.56 14.3579 2.5
      vertex 49.7781 14.3145 0
      vertex 49.56 14.3579 0
    endloop
  endfacet
  facet normal 0.659268 0.751908 -0
    outer loop
      vertex 48.9651 14.6513 0
      vertex 48.7979 14.7979 2.5
      vertex 48.9651 14.6513 2.5
    endloop
  endfacet
  facet normal 0.659268 0.751908 0
    outer loop
      vertex 48.7979 14.7979 2.5
      vertex 48.9651 14.6513 0
      vertex 48.7979 14.7979 0
    endloop
  endfacet
  facet normal 0.946915 0.321484 0
    outer loop
      vertex 48.4294 15.3494 2.5
      vertex 48.3579 15.56 0
      vertex 48.3579 15.56 2.5
    endloop
  endfacet
  facet normal 0.946915 0.321484 0
    outer loop
      vertex 48.3579 15.56 0
      vertex 48.4294 15.3494 2.5
      vertex 48.4294 15.3494 0
    endloop
  endfacet
  facet normal 0.896754 0.44253 0
    outer loop
      vertex 48.5278 15.15 2.5
      vertex 48.4294 15.3494 0
      vertex 48.4294 15.3494 2.5
    endloop
  endfacet
  facet normal 0.896754 0.44253 0
    outer loop
      vertex 48.4294 15.3494 0
      vertex 48.5278 15.15 2.5
      vertex 48.5278 15.15 0
    endloop
  endfacet
  facet normal -0.659268 0.751908 0
    outer loop
      vertex 51.2021 14.7979 0
      vertex 51.0349 14.6513 2.5
      vertex 51.2021 14.7979 2.5
    endloop
  endfacet
  facet normal -0.659268 0.751908 0
    outer loop
      vertex 51.0349 14.6513 2.5
      vertex 51.2021 14.7979 0
      vertex 51.0349 14.6513 0
    endloop
  endfacet
  facet normal -0.44253 0.896754 0
    outer loop
      vertex 50.85 14.5278 0
      vertex 50.6506 14.4294 2.5
      vertex 50.85 14.5278 2.5
    endloop
  endfacet
  facet normal -0.44253 0.896754 0
    outer loop
      vertex 50.6506 14.4294 2.5
      vertex 50.85 14.5278 0
      vertex 50.6506 14.4294 0
    endloop
  endfacet
  facet normal -0.321484 0.946915 0
    outer loop
      vertex 50.6506 14.4294 0
      vertex 50.44 14.3579 2.5
      vertex 50.6506 14.4294 2.5
    endloop
  endfacet
  facet normal -0.321484 0.946915 0
    outer loop
      vertex 50.44 14.3579 2.5
      vertex 50.6506 14.4294 0
      vertex 50.44 14.3579 0
    endloop
  endfacet
  facet normal -0.896754 0.44253 0
    outer loop
      vertex 51.4722 15.15 0
      vertex 51.5706 15.3494 2.5
      vertex 51.5706 15.3494 0
    endloop
  endfacet
  facet normal -0.896754 0.44253 0
    outer loop
      vertex 51.5706 15.3494 2.5
      vertex 51.4722 15.15 0
      vertex 51.4722 15.15 2.5
    endloop
  endfacet
  facet normal 0.44253 0.896754 -0
    outer loop
      vertex 49.3494 14.4294 0
      vertex 49.15 14.5278 2.5
      vertex 49.3494 14.4294 2.5
    endloop
  endfacet
  facet normal 0.44253 0.896754 0
    outer loop
      vertex 49.15 14.5278 2.5
      vertex 49.3494 14.4294 0
      vertex 49.15 14.5278 0
    endloop
  endfacet
  facet normal 0.321484 0.946915 -0
    outer loop
      vertex 49.56 14.3579 0
      vertex 49.3494 14.4294 2.5
      vertex 49.56 14.3579 2.5
    endloop
  endfacet
  facet normal 0.321484 0.946915 0
    outer loop
      vertex 49.3494 14.4294 2.5
      vertex 49.56 14.3579 0
      vertex 49.3494 14.4294 0
    endloop
  endfacet
  facet normal 0.0652057 0.997872 -0
    outer loop
      vertex 50 14.3 0
      vertex 49.7781 14.3145 2.5
      vertex 50 14.3 2.5
    endloop
  endfacet
  facet normal 0.0652057 0.997872 0
    outer loop
      vertex 49.7781 14.3145 2.5
      vertex 50 14.3 0
      vertex 49.7781 14.3145 0
    endloop
  endfacet
  facet normal 0.997872 -0.0652086 0
    outer loop
      vertex -66.33 -3.7 2.5
      vertex -66.3155 -3.47811 0
      vertex -66.3155 -3.47811 2.5
    endloop
  endfacet
  facet normal 0.997872 -0.0652086 0
    outer loop
      vertex -66.3155 -3.47811 0
      vertex -66.33 -3.7 2.5
      vertex -66.33 -3.7 0
    endloop
  endfacet
  facet normal -0.0653848 0.99786 0
    outer loop
      vertex -64.4081 -5.38546 0
      vertex -64.63 -5.4 2.5
      vertex -64.4081 -5.38546 2.5
    endloop
  endfacet
  facet normal -0.0653848 0.99786 0
    outer loop
      vertex -64.63 -5.4 2.5
      vertex -64.4081 -5.38546 0
      vertex -64.63 -5.4 0
    endloop
  endfacet
  facet normal 0.659319 -0.751863 0
    outer loop
      vertex -65.8321 -2.49792 0
      vertex -65.6649 -2.3513 2.5
      vertex -65.8321 -2.49792 2.5
    endloop
  endfacet
  facet normal 0.659319 -0.751863 0
    outer loop
      vertex -65.6649 -2.3513 2.5
      vertex -65.8321 -2.49792 0
      vertex -65.6649 -2.3513 0
    endloop
  endfacet
  facet normal 0.321403 -0.946943 0
    outer loop
      vertex -65.2806 -2.12941 0
      vertex -65.07 -2.05793 2.5
      vertex -65.2806 -2.12941 2.5
    endloop
  endfacet
  facet normal 0.321403 -0.946943 0
    outer loop
      vertex -65.07 -2.05793 2.5
      vertex -65.2806 -2.12941 0
      vertex -65.07 -2.05793 0
    endloop
  endfacet
  facet normal 0.896789 -0.442459 0
    outer loop
      vertex -66.2006 -3.04944 2.5
      vertex -66.1022 -2.85 0
      vertex -66.1022 -2.85 2.5
    endloop
  endfacet
  facet normal 0.896789 -0.442459 0
    outer loop
      vertex -66.1022 -2.85 0
      vertex -66.2006 -3.04944 2.5
      vertex -66.2006 -3.04944 0
    endloop
  endfacet
  facet normal 0.751888 -0.659291 0
    outer loop
      vertex -65.9787 -2.66511 2.5
      vertex -65.8321 -2.49792 0
      vertex -65.8321 -2.49792 2.5
    endloop
  endfacet
  facet normal 0.751888 -0.659291 0
    outer loop
      vertex -65.8321 -2.49792 0
      vertex -65.9787 -2.66511 2.5
      vertex -65.9787 -2.66511 0
    endloop
  endfacet
  facet normal 0.946901 -0.321525 0
    outer loop
      vertex -66.2721 -3.26001 2.5
      vertex -66.2006 -3.04944 0
      vertex -66.2006 -3.04944 2.5
    endloop
  endfacet
  facet normal 0.946901 -0.321525 0
    outer loop
      vertex -66.2006 -3.04944 0
      vertex -66.2721 -3.26001 2.5
      vertex -66.2721 -3.26001 0
    endloop
  endfacet
  facet normal 0.195197 -0.980764 0
    outer loop
      vertex -65.07 -2.05793 0
      vertex -64.9982 -2.04364 2.5
      vertex -65.07 -2.05793 2.5
    endloop
  endfacet
  facet normal 0.195197 -0.980764 0
    outer loop
      vertex -64.9982 -2.04364 2.5
      vertex -65.07 -2.05793 0
      vertex -64.9982 -2.04364 0
    endloop
  endfacet
  facet normal -0.195122 0.980779 0
    outer loop
      vertex -64.19 -5.34207 0
      vertex -64.4081 -5.38546 2.5
      vertex -64.19 -5.34207 2.5
    endloop
  endfacet
  facet normal -0.195122 0.980779 0
    outer loop
      vertex -64.4081 -5.38546 2.5
      vertex -64.19 -5.34207 0
      vertex -64.4081 -5.38546 0
    endloop
  endfacet
  facet normal 0.831552 -0.555447 0
    outer loop
      vertex -66.1022 -2.85 2.5
      vertex -65.9787 -2.66511 0
      vertex -65.9787 -2.66511 2.5
    endloop
  endfacet
  facet normal 0.831552 -0.555447 0
    outer loop
      vertex -65.9787 -2.66511 0
      vertex -66.1022 -2.85 2.5
      vertex -66.1022 -2.85 0
    endloop
  endfacet
  facet normal 0.98077 -0.195165 0
    outer loop
      vertex -66.3155 -3.47811 2.5
      vertex -66.2721 -3.26001 0
      vertex -66.2721 -3.26001 2.5
    endloop
  endfacet
  facet normal 0.98077 -0.195165 0
    outer loop
      vertex -66.2721 -3.26001 0
      vertex -66.3155 -3.47811 2.5
      vertex -66.3155 -3.47811 0
    endloop
  endfacet
  facet normal 0.442349 -0.896843 0
    outer loop
      vertex -65.48 -2.22776 0
      vertex -65.2806 -2.12941 2.5
      vertex -65.48 -2.22776 2.5
    endloop
  endfacet
  facet normal 0.442349 -0.896843 0
    outer loop
      vertex -65.2806 -2.12941 2.5
      vertex -65.48 -2.22776 0
      vertex -65.2806 -2.12941 0
    endloop
  endfacet
  facet normal 0.555551 -0.831483 0
    outer loop
      vertex -65.6649 -2.3513 0
      vertex -65.48 -2.22776 2.5
      vertex -65.6649 -2.3513 2.5
    endloop
  endfacet
  facet normal 0.555551 -0.831483 0
    outer loop
      vertex -65.48 -2.22776 2.5
      vertex -65.6649 -2.3513 0
      vertex -65.48 -2.22776 0
    endloop
  endfacet
  facet normal 0.896789 0.442459 0
    outer loop
      vertex -66.1022 -4.55 2.5
      vertex -66.2006 -4.35056 0
      vertex -66.2006 -4.35056 2.5
    endloop
  endfacet
  facet normal 0.896789 0.442459 0
    outer loop
      vertex -66.2006 -4.35056 0
      vertex -66.1022 -4.55 2.5
      vertex -66.1022 -4.55 0
    endloop
  endfacet
  facet normal -0.555551 0.831483 0
    outer loop
      vertex -63.5951 -5.0487 0
      vertex -63.78 -5.17224 2.5
      vertex -63.5951 -5.0487 2.5
    endloop
  endfacet
  facet normal -0.555551 0.831483 0
    outer loop
      vertex -63.78 -5.17224 2.5
      vertex -63.5951 -5.0487 0
      vertex -63.78 -5.17224 0
    endloop
  endfacet
  facet normal -0.831078 0.556156 0
    outer loop
      vertex -63.2813 -4.73489 0
      vertex -63.2672 -4.71382 2.5
      vertex -63.2672 -4.71382 0
    endloop
  endfacet
  facet normal -0.831078 0.556156 0
    outer loop
      vertex -63.2672 -4.71382 2.5
      vertex -63.2813 -4.73489 0
      vertex -63.2813 -4.73489 2.5
    endloop
  endfacet
  facet normal 0.946901 0.321525 0
    outer loop
      vertex -66.2006 -4.35056 2.5
      vertex -66.2721 -4.13999 0
      vertex -66.2721 -4.13999 2.5
    endloop
  endfacet
  facet normal 0.946901 0.321525 0
    outer loop
      vertex -66.2721 -4.13999 0
      vertex -66.2006 -4.35056 2.5
      vertex -66.2006 -4.35056 0
    endloop
  endfacet
  facet normal 0.997872 0.0652057 0
    outer loop
      vertex -66.3155 -3.9219 2.5
      vertex -66.33 -3.7 0
      vertex -66.33 -3.7 2.5
    endloop
  endfacet
  facet normal 0.997872 0.0652057 0
    outer loop
      vertex -66.33 -3.7 0
      vertex -66.3155 -3.9219 2.5
      vertex -66.3155 -3.9219 0
    endloop
  endfacet
  facet normal -0.751888 0.659291 0
    outer loop
      vertex -63.4279 -4.90208 0
      vertex -63.2813 -4.73489 2.5
      vertex -63.2813 -4.73489 0
    endloop
  endfacet
  facet normal -0.751888 0.659291 0
    outer loop
      vertex -63.2813 -4.73489 2.5
      vertex -63.4279 -4.90208 0
      vertex -63.4279 -4.90208 2.5
    endloop
  endfacet
  facet normal -0.442386 0.896825 0
    outer loop
      vertex -63.78 -5.17224 0
      vertex -63.9794 -5.2706 2.5
      vertex -63.78 -5.17224 2.5
    endloop
  endfacet
  facet normal -0.442386 0.896825 0
    outer loop
      vertex -63.9794 -5.2706 2.5
      vertex -63.78 -5.17224 0
      vertex -63.9794 -5.2706 0
    endloop
  endfacet
  facet normal -0.321363 0.946956 0
    outer loop
      vertex -63.9794 -5.2706 0
      vertex -64.19 -5.34207 2.5
      vertex -63.9794 -5.2706 2.5
    endloop
  endfacet
  facet normal -0.321363 0.946956 0
    outer loop
      vertex -64.19 -5.34207 2.5
      vertex -63.9794 -5.2706 0
      vertex -64.19 -5.34207 0
    endloop
  endfacet
  facet normal 0.0653848 0.99786 -0
    outer loop
      vertex -64.63 -5.4 0
      vertex -64.8519 -5.38546 2.5
      vertex -64.63 -5.4 2.5
    endloop
  endfacet
  facet normal 0.0653848 0.99786 0
    outer loop
      vertex -64.8519 -5.38546 2.5
      vertex -64.63 -5.4 0
      vertex -64.8519 -5.38546 0
    endloop
  endfacet
  facet normal 0.195122 0.980779 -0
    outer loop
      vertex -64.8519 -5.38546 0
      vertex -65.07 -5.34207 2.5
      vertex -64.8519 -5.38546 2.5
    endloop
  endfacet
  facet normal 0.195122 0.980779 0
    outer loop
      vertex -65.07 -5.34207 2.5
      vertex -64.8519 -5.38546 0
      vertex -65.07 -5.34207 0
    endloop
  endfacet
  facet normal 0.751888 0.659291 0
    outer loop
      vertex -65.8321 -4.90208 2.5
      vertex -65.9787 -4.73489 0
      vertex -65.9787 -4.73489 2.5
    endloop
  endfacet
  facet normal 0.751888 0.659291 0
    outer loop
      vertex -65.9787 -4.73489 0
      vertex -65.8321 -4.90208 2.5
      vertex -65.8321 -4.90208 0
    endloop
  endfacet
  facet normal 0.659319 0.751863 -0
    outer loop
      vertex -65.6649 -5.0487 0
      vertex -65.8321 -4.90208 2.5
      vertex -65.6649 -5.0487 2.5
    endloop
  endfacet
  facet normal 0.659319 0.751863 0
    outer loop
      vertex -65.8321 -4.90208 2.5
      vertex -65.6649 -5.0487 0
      vertex -65.8321 -4.90208 0
    endloop
  endfacet
  facet normal 0.980769 0.195173 0
    outer loop
      vertex -66.2721 -4.13999 2.5
      vertex -66.3155 -3.9219 0
      vertex -66.3155 -3.9219 2.5
    endloop
  endfacet
  facet normal 0.980769 0.195173 0
    outer loop
      vertex -66.3155 -3.9219 0
      vertex -66.2721 -4.13999 2.5
      vertex -66.2721 -4.13999 0
    endloop
  endfacet
  facet normal -0.659319 0.751863 0
    outer loop
      vertex -63.4279 -4.90208 0
      vertex -63.5951 -5.0487 2.5
      vertex -63.4279 -4.90208 2.5
    endloop
  endfacet
  facet normal -0.659319 0.751863 0
    outer loop
      vertex -63.5951 -5.0487 2.5
      vertex -63.4279 -4.90208 0
      vertex -63.5951 -5.0487 0
    endloop
  endfacet
  facet normal 0.555551 0.831483 -0
    outer loop
      vertex -65.48 -5.17224 0
      vertex -65.6649 -5.0487 2.5
      vertex -65.48 -5.17224 2.5
    endloop
  endfacet
  facet normal 0.555551 0.831483 0
    outer loop
      vertex -65.6649 -5.0487 2.5
      vertex -65.48 -5.17224 0
      vertex -65.6649 -5.0487 0
    endloop
  endfacet
  facet normal 0.831552 0.555447 0
    outer loop
      vertex -65.9787 -4.73489 2.5
      vertex -66.1022 -4.55 0
      vertex -66.1022 -4.55 2.5
    endloop
  endfacet
  facet normal 0.831552 0.555447 0
    outer loop
      vertex -66.1022 -4.55 0
      vertex -65.9787 -4.73489 2.5
      vertex -65.9787 -4.73489 0
    endloop
  endfacet
  facet normal 0.321363 0.946956 -0
    outer loop
      vertex -65.07 -5.34207 0
      vertex -65.2806 -5.2706 2.5
      vertex -65.07 -5.34207 2.5
    endloop
  endfacet
  facet normal 0.321363 0.946956 0
    outer loop
      vertex -65.2806 -5.2706 2.5
      vertex -65.07 -5.34207 0
      vertex -65.2806 -5.2706 0
    endloop
  endfacet
  facet normal 0.442386 0.896825 -0
    outer loop
      vertex -65.2806 -5.2706 0
      vertex -65.48 -5.17224 2.5
      vertex -65.2806 -5.2706 2.5
    endloop
  endfacet
  facet normal 0.442386 0.896825 0
    outer loop
      vertex -65.48 -5.17224 2.5
      vertex -65.2806 -5.2706 0
      vertex -65.48 -5.17224 0
    endloop
  endfacet
  facet normal -0.997872 -0.0652086 0
    outer loop
      vertex 63.27 -3.7 0
      vertex 63.2555 -3.47811 2.5
      vertex 63.2555 -3.47811 0
    endloop
  endfacet
  facet normal -0.997872 -0.0652086 0
    outer loop
      vertex 63.2555 -3.47811 2.5
      vertex 63.27 -3.7 0
      vertex 63.27 -3.7 2.5
    endloop
  endfacet
  facet normal -0.751888 -0.659291 0
    outer loop
      vertex 62.9187 -2.66511 0
      vertex 62.7721 -2.49792 2.5
      vertex 62.7721 -2.49792 0
    endloop
  endfacet
  facet normal -0.751888 -0.659291 0
    outer loop
      vertex 62.7721 -2.49792 2.5
      vertex 62.9187 -2.66511 0
      vertex 62.9187 -2.66511 2.5
    endloop
  endfacet
  facet normal -0.896789 -0.442459 0
    outer loop
      vertex 63.1406 -3.04944 0
      vertex 63.0422 -2.85 2.5
      vertex 63.0422 -2.85 0
    endloop
  endfacet
  facet normal -0.896789 -0.442459 0
    outer loop
      vertex 63.0422 -2.85 2.5
      vertex 63.1406 -3.04944 0
      vertex 63.1406 -3.04944 2.5
    endloop
  endfacet
  facet normal -0.98077 -0.195165 0
    outer loop
      vertex 63.2555 -3.47811 0
      vertex 63.2121 -3.26001 2.5
      vertex 63.2121 -3.26001 0
    endloop
  endfacet
  facet normal -0.98077 -0.195165 0
    outer loop
      vertex 63.2121 -3.26001 2.5
      vertex 63.2555 -3.47811 0
      vertex 63.2555 -3.47811 2.5
    endloop
  endfacet
  facet normal -0.831552 -0.555447 0
    outer loop
      vertex 63.0422 -2.85 0
      vertex 62.9187 -2.66511 2.5
      vertex 62.9187 -2.66511 0
    endloop
  endfacet
  facet normal -0.831552 -0.555447 0
    outer loop
      vertex 62.9187 -2.66511 2.5
      vertex 63.0422 -2.85 0
      vertex 63.0422 -2.85 2.5
    endloop
  endfacet
  facet normal -0.659319 -0.751863 0
    outer loop
      vertex 62.6049 -2.3513 0
      vertex 62.7721 -2.49792 2.5
      vertex 62.6049 -2.3513 2.5
    endloop
  endfacet
  facet normal -0.659319 -0.751863 -0
    outer loop
      vertex 62.7721 -2.49792 2.5
      vertex 62.6049 -2.3513 0
      vertex 62.7721 -2.49792 0
    endloop
  endfacet
  facet normal 0.195122 0.980779 -0
    outer loop
      vertex 61.3481 -5.38546 0
      vertex 61.13 -5.34207 2.5
      vertex 61.3481 -5.38546 2.5
    endloop
  endfacet
  facet normal 0.195122 0.980779 0
    outer loop
      vertex 61.13 -5.34207 2.5
      vertex 61.3481 -5.38546 0
      vertex 61.13 -5.34207 0
    endloop
  endfacet
  facet normal -0.195122 0.980779 0
    outer loop
      vertex 62.01 -5.34207 0
      vertex 61.7919 -5.38546 2.5
      vertex 62.01 -5.34207 2.5
    endloop
  endfacet
  facet normal -0.195122 0.980779 0
    outer loop
      vertex 61.7919 -5.38546 2.5
      vertex 62.01 -5.34207 0
      vertex 61.7919 -5.38546 0
    endloop
  endfacet
  facet normal -0.946901 -0.321525 0
    outer loop
      vertex 63.2121 -3.26001 0
      vertex 63.1406 -3.04944 2.5
      vertex 63.1406 -3.04944 0
    endloop
  endfacet
  facet normal -0.946901 -0.321525 0
    outer loop
      vertex 63.1406 -3.04944 2.5
      vertex 63.2121 -3.26001 0
      vertex 63.2121 -3.26001 2.5
    endloop
  endfacet
  facet normal -0.555399 -0.831584 0
    outer loop
      vertex 62.5582 -2.32011 0
      vertex 62.6049 -2.3513 2.5
      vertex 62.5582 -2.32011 2.5
    endloop
  endfacet
  facet normal -0.555399 -0.831584 -0
    outer loop
      vertex 62.6049 -2.3513 2.5
      vertex 62.5582 -2.32011 0
      vertex 62.6049 -2.3513 0
    endloop
  endfacet
  facet normal -0.997872 0.0652057 0
    outer loop
      vertex 63.2555 -3.9219 0
      vertex 63.27 -3.7 2.5
      vertex 63.27 -3.7 0
    endloop
  endfacet
  facet normal -0.997872 0.0652057 0
    outer loop
      vertex 63.27 -3.7 2.5
      vertex 63.2555 -3.9219 0
      vertex 63.2555 -3.9219 2.5
    endloop
  endfacet
  facet normal 0.0653848 0.99786 -0
    outer loop
      vertex 61.57 -5.4 0
      vertex 61.3481 -5.38546 2.5
      vertex 61.57 -5.4 2.5
    endloop
  endfacet
  facet normal 0.0653848 0.99786 0
    outer loop
      vertex 61.3481 -5.38546 2.5
      vertex 61.57 -5.4 0
      vertex 61.3481 -5.38546 0
    endloop
  endfacet
  facet normal -0.442386 0.896825 0
    outer loop
      vertex 62.42 -5.17224 0
      vertex 62.2206 -5.2706 2.5
      vertex 62.42 -5.17224 2.5
    endloop
  endfacet
  facet normal -0.442386 0.896825 0
    outer loop
      vertex 62.2206 -5.2706 2.5
      vertex 62.42 -5.17224 0
      vertex 62.2206 -5.2706 0
    endloop
  endfacet
  facet normal -0.321363 0.946956 0
    outer loop
      vertex 62.2206 -5.2706 0
      vertex 62.01 -5.34207 2.5
      vertex 62.2206 -5.2706 2.5
    endloop
  endfacet
  facet normal -0.321363 0.946956 0
    outer loop
      vertex 62.01 -5.34207 2.5
      vertex 62.2206 -5.2706 0
      vertex 62.01 -5.34207 0
    endloop
  endfacet
  facet normal -0.946901 0.321525 0
    outer loop
      vertex 63.1406 -4.35056 0
      vertex 63.2121 -4.13999 2.5
      vertex 63.2121 -4.13999 0
    endloop
  endfacet
  facet normal -0.946901 0.321525 0
    outer loop
      vertex 63.2121 -4.13999 2.5
      vertex 63.1406 -4.35056 0
      vertex 63.1406 -4.35056 2.5
    endloop
  endfacet
  facet normal -0.980769 0.195173 0
    outer loop
      vertex 63.2121 -4.13999 0
      vertex 63.2555 -3.9219 2.5
      vertex 63.2555 -3.9219 0
    endloop
  endfacet
  facet normal -0.980769 0.195173 0
    outer loop
      vertex 63.2555 -3.9219 2.5
      vertex 63.2121 -4.13999 0
      vertex 63.2121 -4.13999 2.5
    endloop
  endfacet
  facet normal -0.831552 0.555447 0
    outer loop
      vertex 62.9187 -4.73489 0
      vertex 63.0422 -4.55 2.5
      vertex 63.0422 -4.55 0
    endloop
  endfacet
  facet normal -0.831552 0.555447 0
    outer loop
      vertex 63.0422 -4.55 2.5
      vertex 62.9187 -4.73489 0
      vertex 62.9187 -4.73489 2.5
    endloop
  endfacet
  facet normal -0.555551 0.831483 0
    outer loop
      vertex 62.6049 -5.0487 0
      vertex 62.42 -5.17224 2.5
      vertex 62.6049 -5.0487 2.5
    endloop
  endfacet
  facet normal -0.555551 0.831483 0
    outer loop
      vertex 62.42 -5.17224 2.5
      vertex 62.6049 -5.0487 0
      vertex 62.42 -5.17224 0
    endloop
  endfacet
  facet normal -0.751888 0.659291 0
    outer loop
      vertex 62.7721 -4.90208 0
      vertex 62.9187 -4.73489 2.5
      vertex 62.9187 -4.73489 0
    endloop
  endfacet
  facet normal -0.751888 0.659291 0
    outer loop
      vertex 62.9187 -4.73489 2.5
      vertex 62.7721 -4.90208 0
      vertex 62.7721 -4.90208 2.5
    endloop
  endfacet
  facet normal -0.896789 0.442459 0
    outer loop
      vertex 63.0422 -4.55 0
      vertex 63.1406 -4.35056 2.5
      vertex 63.1406 -4.35056 0
    endloop
  endfacet
  facet normal -0.896789 0.442459 0
    outer loop
      vertex 63.1406 -4.35056 2.5
      vertex 63.0422 -4.55 0
      vertex 63.0422 -4.55 2.5
    endloop
  endfacet
  facet normal 0.321408 0.946941 -0
    outer loop
      vertex 61.13 -5.34207 0
      vertex 61.0374 -5.31064 2.5
      vertex 61.13 -5.34207 2.5
    endloop
  endfacet
  facet normal 0.321408 0.946941 0
    outer loop
      vertex 61.0374 -5.31064 2.5
      vertex 61.13 -5.34207 0
      vertex 61.0374 -5.31064 0
    endloop
  endfacet
  facet normal -0.659319 0.751863 0
    outer loop
      vertex 62.7721 -4.90208 0
      vertex 62.6049 -5.0487 2.5
      vertex 62.7721 -4.90208 2.5
    endloop
  endfacet
  facet normal -0.659319 0.751863 0
    outer loop
      vertex 62.6049 -5.0487 2.5
      vertex 62.7721 -4.90208 0
      vertex 62.6049 -5.0487 0
    endloop
  endfacet
  facet normal -0.0653848 0.99786 0
    outer loop
      vertex 61.7919 -5.38546 0
      vertex 61.57 -5.4 2.5
      vertex 61.7919 -5.38546 2.5
    endloop
  endfacet
  facet normal -0.0653848 0.99786 0
    outer loop
      vertex 61.57 -5.4 2.5
      vertex 61.7919 -5.38546 0
      vertex 61.57 -5.4 0
    endloop
  endfacet
  facet normal 0 1 -0
    outer loop
      vertex 47.0721 -11 0
      vertex -47.4103 -11 2.5
      vertex 47.0721 -11 2.5
    endloop
  endfacet
  facet normal 0 1 0
    outer loop
      vertex -47.4103 -11 2.5
      vertex 47.0721 -11 0
      vertex -47.4103 -11 0
    endloop
  endfacet
  facet normal 0 -1 0
    outer loop
      vertex -50 -21 0
      vertex 50 -21 2.5
      vertex -50 -21 2.5
    endloop
  endfacet
  facet normal 0 -1 -0
    outer loop
      vertex 50 -21 2.5
      vertex -50 -21 0
      vertex 50 -21 0
    endloop
  endfacet
  facet normal 0.751771 -0.659424 0
    outer loop
      vertex 53.5355 -19.5355 2.5
      vertex 53.9668 -19.0438 0
      vertex 53.9668 -19.0438 2.5
    endloop
  endfacet
  facet normal 0.751771 -0.659424 0
    outer loop
      vertex 53.9668 -19.0438 0
      vertex 53.5355 -19.5355 2.5
      vertex 53.5355 -19.5355 0
    endloop
  endfacet
  facet normal -0.321407 -0.946941 0
    outer loop
      vertex -51.9134 -20.6194 0
      vertex -51.2941 -20.8296 2.5
      vertex -51.9134 -20.6194 2.5
    endloop
  endfacet
  facet normal -0.321407 -0.946941 -0
    outer loop
      vertex -51.2941 -20.8296 2.5
      vertex -51.9134 -20.6194 0
      vertex -51.2941 -20.8296 0
    endloop
  endfacet
  facet normal 0.442314 -0.89686 0
    outer loop
      vertex 51.9134 -20.6194 0
      vertex 52.5 -20.3301 2.5
      vertex 51.9134 -20.6194 2.5
    endloop
  endfacet
  facet normal 0.442314 -0.89686 0
    outer loop
      vertex 52.5 -20.3301 2.5
      vertex 51.9134 -20.6194 0
      vertex 52.5 -20.3301 0
    endloop
  endfacet
  facet normal 0.659424 -0.751771 0
    outer loop
      vertex 53.0438 -19.9668 0
      vertex 53.5355 -19.5355 2.5
      vertex 53.0438 -19.9668 2.5
    endloop
  endfacet
  facet normal 0.659424 -0.751771 0
    outer loop
      vertex 53.5355 -19.5355 2.5
      vertex 53.0438 -19.9668 0
      vertex 53.5355 -19.5355 0
    endloop
  endfacet
  facet normal -0.831509 -0.555512 0
    outer loop
      vertex -53.9668 -19.0438 0
      vertex -54.3301 -18.5 2.5
      vertex -54.3301 -18.5 0
    endloop
  endfacet
  facet normal -0.831509 -0.555512 0
    outer loop
      vertex -54.3301 -18.5 2.5
      vertex -53.9668 -19.0438 0
      vertex -53.9668 -19.0438 2.5
    endloop
  endfacet
  facet normal -0.195087 -0.980786 0
    outer loop
      vertex -51.2941 -20.8296 0
      vertex -50.6526 -20.9572 2.5
      vertex -51.2941 -20.8296 2.5
    endloop
  endfacet
  facet normal -0.195087 -0.980786 -0
    outer loop
      vertex -50.6526 -20.9572 2.5
      vertex -51.2941 -20.8296 0
      vertex -50.6526 -20.9572 0
    endloop
  endfacet
  facet normal -0.442314 -0.89686 0
    outer loop
      vertex -52.5 -20.3301 0
      vertex -51.9134 -20.6194 2.5
      vertex -52.5 -20.3301 2.5
    endloop
  endfacet
  facet normal -0.442314 -0.89686 -0
    outer loop
      vertex -51.9134 -20.6194 2.5
      vertex -52.5 -20.3301 0
      vertex -51.9134 -20.6194 0
    endloop
  endfacet
  facet normal -0.659424 -0.751771 0
    outer loop
      vertex -53.5355 -19.5355 0
      vertex -53.0438 -19.9668 2.5
      vertex -53.5355 -19.5355 2.5
    endloop
  endfacet
  facet normal -0.659424 -0.751771 -0
    outer loop
      vertex -53.0438 -19.9668 2.5
      vertex -53.5355 -19.5355 0
      vertex -53.0438 -19.9668 0
    endloop
  endfacet
  facet normal 0.321407 -0.946941 0
    outer loop
      vertex 51.2941 -20.8296 0
      vertex 51.9134 -20.6194 2.5
      vertex 51.2941 -20.8296 2.5
    endloop
  endfacet
  facet normal 0.321407 -0.946941 0
    outer loop
      vertex 51.9134 -20.6194 2.5
      vertex 51.2941 -20.8296 0
      vertex 51.9134 -20.6194 0
    endloop
  endfacet
  facet normal 0.555512 -0.831509 0
    outer loop
      vertex 52.5 -20.3301 0
      vertex 53.0438 -19.9668 2.5
      vertex 52.5 -20.3301 2.5
    endloop
  endfacet
  facet normal 0.555512 -0.831509 0
    outer loop
      vertex 53.0438 -19.9668 2.5
      vertex 52.5 -20.3301 0
      vertex 53.0438 -19.9668 0
    endloop
  endfacet
  facet normal -0.751771 -0.659424 0
    outer loop
      vertex -53.5355 -19.5355 0
      vertex -53.9668 -19.0438 2.5
      vertex -53.9668 -19.0438 0
    endloop
  endfacet
  facet normal -0.751771 -0.659424 0
    outer loop
      vertex -53.9668 -19.0438 2.5
      vertex -53.5355 -19.5355 0
      vertex -53.5355 -19.5355 2.5
    endloop
  endfacet
  facet normal -0.0654432 -0.997856 0
    outer loop
      vertex -50.6526 -20.9572 0
      vertex -50 -21 2.5
      vertex -50.6526 -20.9572 2.5
    endloop
  endfacet
  facet normal -0.0654432 -0.997856 -0
    outer loop
      vertex -50 -21 2.5
      vertex -50.6526 -20.9572 0
      vertex -50 -21 0
    endloop
  endfacet
  facet normal -0.555512 -0.831509 0
    outer loop
      vertex -53.0438 -19.9668 0
      vertex -52.5 -20.3301 2.5
      vertex -53.0438 -19.9668 2.5
    endloop
  endfacet
  facet normal -0.555512 -0.831509 -0
    outer loop
      vertex -52.5 -20.3301 2.5
      vertex -53.0438 -19.9668 0
      vertex -52.5 -20.3301 0
    endloop
  endfacet
  facet normal 0.831509 -0.555512 0
    outer loop
      vertex 53.9668 -19.0438 2.5
      vertex 54.3301 -18.5 0
      vertex 54.3301 -18.5 2.5
    endloop
  endfacet
  facet normal 0.831509 -0.555512 0
    outer loop
      vertex 54.3301 -18.5 0
      vertex 53.9668 -19.0438 2.5
      vertex 53.9668 -19.0438 0
    endloop
  endfacet
  facet normal 0.195087 -0.980786 0
    outer loop
      vertex 50.6526 -20.9572 0
      vertex 51.2941 -20.8296 2.5
      vertex 50.6526 -20.9572 2.5
    endloop
  endfacet
  facet normal 0.195087 -0.980786 0
    outer loop
      vertex 51.2941 -20.8296 2.5
      vertex 50.6526 -20.9572 0
      vertex 51.2941 -20.8296 0
    endloop
  endfacet
  facet normal 0.0654432 -0.997856 0
    outer loop
      vertex 50 -21 0
      vertex 50.6526 -20.9572 2.5
      vertex 50 -21 2.5
    endloop
  endfacet
  facet normal 0.0654432 -0.997856 0
    outer loop
      vertex 50.6526 -20.9572 2.5
      vertex 50 -21 0
      vertex 50.6526 -20.9572 0
    endloop
  endfacet
  facet normal 0.817701 0.575643 0
    outer loop
      vertex -47.4103 -11 2.5
      vertex -55.5906 0.620123 0
      vertex -55.5906 0.620123 2.5
    endloop
  endfacet
  facet normal 0.817701 0.575643 0
    outer loop
      vertex -55.5906 0.620123 0
      vertex -47.4103 -11 2.5
      vertex -47.4103 -11 0
    endloop
  endfacet
  facet normal -0.195087 0.980786 0
    outer loop
      vertex -65.2174 10.1115 0
      vertex -65.7947 9.99667 2.5
      vertex -65.2174 10.1115 2.5
    endloop
  endfacet
  facet normal -0.195087 0.980786 0
    outer loop
      vertex -65.7947 9.99667 2.5
      vertex -65.2174 10.1115 0
      vertex -65.7947 9.99667 0
    endloop
  endfacet
  facet normal -0.831491 0.555539 0
    outer loop
      vertex -68.5271 7.9 0
      vertex -68.2001 8.38943 2.5
      vertex -68.2001 8.38943 0
    endloop
  endfacet
  facet normal -0.831491 0.555539 0
    outer loop
      vertex -68.2001 8.38943 2.5
      vertex -68.5271 7.9 0
      vertex -68.5271 7.9 2.5
    endloop
  endfacet
  facet normal -0.896837 -0.442362 0
    outer loop
      vertex -68.5271 3.4 0
      vertex -68.7875 3.92793 2.5
      vertex -68.7875 3.92793 0
    endloop
  endfacet
  facet normal -0.896837 -0.442362 0
    outer loop
      vertex -68.7875 3.92793 2.5
      vertex -68.5271 3.4 0
      vertex -68.5271 3.4 2.5
    endloop
  endfacet
  facet normal 0.659308 0.751873 -0
    outer loop
      vertex -61.448 8.83198 0
      vertex -61.8906 9.22009 2.5
      vertex -61.448 8.83198 2.5
    endloop
  endfacet
  facet normal 0.659308 0.751873 0
    outer loop
      vertex -61.8906 9.22009 2.5
      vertex -61.448 8.83198 0
      vertex -61.8906 9.22009 0
    endloop
  endfacet
  facet normal 0.195087 0.980786 -0
    outer loop
      vertex -63.4653 9.99667 0
      vertex -64.0426 10.1115 2.5
      vertex -63.4653 9.99667 2.5
    endloop
  endfacet
  facet normal 0.195087 0.980786 0
    outer loop
      vertex -64.0426 10.1115 2.5
      vertex -63.4653 9.99667 0
      vertex -64.0426 10.1115 0
    endloop
  endfacet
  facet normal -0.555586 0.831459 0
    outer loop
      vertex -66.88 9.54711 0
      vertex -67.3694 9.22009 2.5
      vertex -66.88 9.54711 2.5
    endloop
  endfacet
  facet normal -0.555586 0.831459 0
    outer loop
      vertex -67.3694 9.22009 2.5
      vertex -66.88 9.54711 0
      vertex -67.3694 9.22009 0
    endloop
  endfacet
  facet normal -0.839109 -0.543963 0
    outer loop
      vertex -54.3301 -18.5 0
      vertex -61.7117 -7.11326 2.5
      vertex -61.7117 -7.11326 0
    endloop
  endfacet
  facet normal -0.839109 -0.543963 0
    outer loop
      vertex -61.7117 -7.11326 2.5
      vertex -54.3301 -18.5 0
      vertex -54.3301 -18.5 2.5
    endloop
  endfacet
  facet normal -0.839116 -0.543952 0
    outer loop
      vertex -66.8921 0.877804 0
      vertex -68.5271 3.4 2.5
      vertex -68.5271 3.4 0
    endloop
  endfacet
  facet normal -0.839116 -0.543952 0
    outer loop
      vertex -68.5271 3.4 2.5
      vertex -66.8921 0.877804 0
      vertex -66.8921 0.877804 2.5
    endloop
  endfacet
  facet normal -0.839106 -0.543968 0
    outer loop
      vertex -63.2672 -4.71382 0
      vertex -64.9982 -2.04364 2.5
      vertex -64.9982 -2.04364 0
    endloop
  endfacet
  facet normal -0.839106 -0.543968 0
    outer loop
      vertex -64.9982 -2.04364 2.5
      vertex -63.2672 -4.71382 0
      vertex -63.2672 -4.71382 2.5
    endloop
  endfacet
  facet normal -0.946933 -0.321432 0
    outer loop
      vertex -68.7875 3.92793 0
      vertex -68.9767 4.48531 2.5
      vertex -68.9767 4.48531 0
    endloop
  endfacet
  facet normal -0.946933 -0.321432 0
    outer loop
      vertex -68.9767 4.48531 2.5
      vertex -68.7875 3.92793 0
      vertex -68.7875 3.92793 2.5
    endloop
  endfacet
  facet normal -0.997859 -0.0654061 0
    outer loop
      vertex -69.0915 5.06263 0
      vertex -69.13 5.65 2.5
      vertex -69.13 5.65 0
    endloop
  endfacet
  facet normal -0.997859 -0.0654061 0
    outer loop
      vertex -69.13 5.65 2.5
      vertex -69.0915 5.06263 0
      vertex -69.0915 5.06263 2.5
    endloop
  endfacet
  facet normal -0.997859 0.0654061 0
    outer loop
      vertex -69.13 5.65 0
      vertex -69.0915 6.23737 2.5
      vertex -69.0915 6.23737 0
    endloop
  endfacet
  facet normal -0.997859 0.0654061 0
    outer loop
      vertex -69.0915 6.23737 2.5
      vertex -69.13 5.65 0
      vertex -69.13 5.65 2.5
    endloop
  endfacet
  facet normal 0.751938 0.659234 0
    outer loop
      vertex -61.3291 8.69636 2.5
      vertex -61.448 8.83198 0
      vertex -61.448 8.83198 2.5
    endloop
  endfacet
  facet normal 0.751938 0.659234 0
    outer loop
      vertex -61.448 8.83198 0
      vertex -61.3291 8.69636 2.5
      vertex -61.3291 8.69636 0
    endloop
  endfacet
  facet normal -0.896833 0.442369 0
    outer loop
      vertex -68.7875 7.37208 0
      vertex -68.5271 7.9 2.5
      vertex -68.5271 7.9 0
    endloop
  endfacet
  facet normal -0.896833 0.442369 0
    outer loop
      vertex -68.5271 7.9 2.5
      vertex -68.7875 7.37208 0
      vertex -68.7875 7.37208 2.5
    endloop
  endfacet
  facet normal -0.946934 0.321427 0
    outer loop
      vertex -68.9767 6.81469 0
      vertex -68.7875 7.37208 2.5
      vertex -68.7875 7.37208 0
    endloop
  endfacet
  facet normal -0.946934 0.321427 0
    outer loop
      vertex -68.7875 7.37208 2.5
      vertex -68.9767 6.81469 0
      vertex -68.9767 6.81469 2.5
    endloop
  endfacet
  facet normal 0.442314 0.89686 -0
    outer loop
      vertex -62.38 9.54711 0
      vertex -62.9079 9.80746 2.5
      vertex -62.38 9.54711 2.5
    endloop
  endfacet
  facet normal 0.442314 0.89686 0
    outer loop
      vertex -62.9079 9.80746 2.5
      vertex -62.38 9.54711 0
      vertex -62.9079 9.80746 0
    endloop
  endfacet
  facet normal 0.321437 0.946931 -0
    outer loop
      vertex -62.9079 9.80746 0
      vertex -63.4653 9.99667 2.5
      vertex -62.9079 9.80746 2.5
    endloop
  endfacet
  facet normal 0.321437 0.946931 0
    outer loop
      vertex -63.4653 9.99667 2.5
      vertex -62.9079 9.80746 0
      vertex -63.4653 9.99667 0
    endloop
  endfacet
  facet normal -0.442314 0.89686 0
    outer loop
      vertex -66.3521 9.80746 0
      vertex -66.88 9.54711 2.5
      vertex -66.3521 9.80746 2.5
    endloop
  endfacet
  facet normal -0.442314 0.89686 0
    outer loop
      vertex -66.88 9.54711 2.5
      vertex -66.3521 9.80746 0
      vertex -66.88 9.54711 0
    endloop
  endfacet
  facet normal -0.321437 0.946931 0
    outer loop
      vertex -65.7947 9.99667 0
      vertex -66.3521 9.80746 2.5
      vertex -65.7947 9.99667 2.5
    endloop
  endfacet
  facet normal -0.321437 0.946931 0
    outer loop
      vertex -66.3521 9.80746 2.5
      vertex -65.7947 9.99667 0
      vertex -66.3521 9.80746 0
    endloop
  endfacet
  facet normal -0.0654027 0.997859 0
    outer loop
      vertex -64.63 10.15 0
      vertex -65.2174 10.1115 2.5
      vertex -64.63 10.15 2.5
    endloop
  endfacet
  facet normal -0.0654027 0.997859 0
    outer loop
      vertex -65.2174 10.1115 2.5
      vertex -64.63 10.15 0
      vertex -65.2174 10.1115 0
    endloop
  endfacet
  facet normal -0.751845 0.65934 0
    outer loop
      vertex -68.2001 8.38943 0
      vertex -67.812 8.83198 2.5
      vertex -67.812 8.83198 0
    endloop
  endfacet
  facet normal -0.751845 0.65934 0
    outer loop
      vertex -67.812 8.83198 2.5
      vertex -68.2001 8.38943 0
      vertex -68.2001 8.38943 2.5
    endloop
  endfacet
  facet normal -0.659308 0.751873 0
    outer loop
      vertex -67.3694 9.22009 0
      vertex -67.812 8.83198 2.5
      vertex -67.3694 9.22009 2.5
    endloop
  endfacet
  facet normal -0.659308 0.751873 0
    outer loop
      vertex -67.812 8.83198 2.5
      vertex -67.3694 9.22009 0
      vertex -67.812 8.83198 0
    endloop
  endfacet
  facet normal -0.980797 -0.195031 0
    outer loop
      vertex -68.9767 4.48531 0
      vertex -69.0915 5.06263 2.5
      vertex -69.0915 5.06263 0
    endloop
  endfacet
  facet normal -0.980797 -0.195031 0
    outer loop
      vertex -69.0915 5.06263 2.5
      vertex -68.9767 4.48531 0
      vertex -68.9767 4.48531 2.5
    endloop
  endfacet
  facet normal -0.980797 0.195031 0
    outer loop
      vertex -69.0915 6.23737 0
      vertex -68.9767 6.81469 2.5
      vertex -68.9767 6.81469 0
    endloop
  endfacet
  facet normal -0.980797 0.195031 0
    outer loop
      vertex -68.9767 6.81469 2.5
      vertex -69.0915 6.23737 0
      vertex -69.0915 6.23737 2.5
    endloop
  endfacet
  facet normal 0.555586 0.831459 -0
    outer loop
      vertex -61.8906 9.22009 0
      vertex -62.38 9.54711 2.5
      vertex -61.8906 9.22009 2.5
    endloop
  endfacet
  facet normal 0.555586 0.831459 0
    outer loop
      vertex -62.38 9.54711 2.5
      vertex -61.8906 9.22009 0
      vertex -62.38 9.54711 0
    endloop
  endfacet
  facet normal 0.0654027 0.997859 -0
    outer loop
      vertex -64.0426 10.1115 0
      vertex -64.63 10.15 2.5
      vertex -64.0426 10.1115 2.5
    endloop
  endfacet
  facet normal 0.0654027 0.997859 0
    outer loop
      vertex -64.63 10.15 2.5
      vertex -64.0426 10.1115 0
      vertex -64.63 10.15 0
    endloop
  endfacet
  facet normal 0.980797 -0.195031 0
    outer loop
      vertex 65.9167 4.48531 2.5
      vertex 66.0315 5.06263 0
      vertex 66.0315 5.06263 2.5
    endloop
  endfacet
  facet normal 0.980797 -0.195031 0
    outer loop
      vertex 66.0315 5.06263 0
      vertex 65.9167 4.48531 2.5
      vertex 65.9167 4.48531 0
    endloop
  endfacet
  facet normal 0.89136 -0.453297 0
    outer loop
      vertex 54.3301 -18.5 2.5
      vertex 59.7635 -7.8158 0
      vertex 59.7635 -7.8158 2.5
    endloop
  endfacet
  facet normal 0.89136 -0.453297 0
    outer loop
      vertex 59.7635 -7.8158 0
      vertex 54.3301 -18.5 2.5
      vertex 54.3301 -18.5 0
    endloop
  endfacet
  facet normal 0.891357 -0.453301 0
    outer loop
      vertex 64.1764 0.862007 2.5
      vertex 65.4671 3.4 0
      vertex 65.4671 3.4 2.5
    endloop
  endfacet
  facet normal 0.891357 -0.453301 0
    outer loop
      vertex 65.4671 3.4 0
      vertex 64.1764 0.862007 2.5
      vertex 64.1764 0.862007 0
    endloop
  endfacet
  facet normal 0.891362 -0.453292 0
    outer loop
      vertex 61.0374 -5.31064 2.5
      vertex 62.5582 -2.32011 0
      vertex 62.5582 -2.32011 2.5
    endloop
  endfacet
  facet normal 0.891362 -0.453292 0
    outer loop
      vertex 62.5582 -2.32011 0
      vertex 61.0374 -5.31064 2.5
      vertex 61.0374 -5.31064 0
    endloop
  endfacet
  facet normal 0.321437 0.946931 -0
    outer loop
      vertex 63.2921 9.80746 0
      vertex 62.7347 9.99667 2.5
      vertex 63.2921 9.80746 2.5
    endloop
  endfacet
  facet normal 0.321437 0.946931 0
    outer loop
      vertex 62.7347 9.99667 2.5
      vertex 63.2921 9.80746 0
      vertex 62.7347 9.99667 0
    endloop
  endfacet
  facet normal 0.896837 -0.442362 0
    outer loop
      vertex 65.4671 3.4 2.5
      vertex 65.7275 3.92793 0
      vertex 65.7275 3.92793 2.5
    endloop
  endfacet
  facet normal 0.896837 -0.442362 0
    outer loop
      vertex 65.7275 3.92793 0
      vertex 65.4671 3.4 2.5
      vertex 65.4671 3.4 0
    endloop
  endfacet
  facet normal -0.872176 0.489192 0
    outer loop
      vertex 47.0721 -11 0
      vertex 53.6033 0.644431 2.5
      vertex 53.6033 0.644431 0
    endloop
  endfacet
  facet normal -0.872176 0.489192 0
    outer loop
      vertex 53.6033 0.644431 2.5
      vertex 47.0721 -11 0
      vertex 47.0721 -11 2.5
    endloop
  endfacet
  facet normal 0.997859 -0.0654061 0
    outer loop
      vertex 66.0315 5.06263 2.5
      vertex 66.07 5.65 0
      vertex 66.07 5.65 2.5
    endloop
  endfacet
  facet normal 0.997859 -0.0654061 0
    outer loop
      vertex 66.07 5.65 0
      vertex 66.0315 5.06263 2.5
      vertex 66.0315 5.06263 0
    endloop
  endfacet
  facet normal 0.946933 -0.321432 0
    outer loop
      vertex 65.7275 3.92793 2.5
      vertex 65.9167 4.48531 0
      vertex 65.9167 4.48531 2.5
    endloop
  endfacet
  facet normal 0.946933 -0.321432 0
    outer loop
      vertex 65.9167 4.48531 0
      vertex 65.7275 3.92793 2.5
      vertex 65.7275 3.92793 0
    endloop
  endfacet
  facet normal -0.195087 0.980786 0
    outer loop
      vertex 60.9826 10.1115 0
      vertex 60.4053 9.99667 2.5
      vertex 60.9826 10.1115 2.5
    endloop
  endfacet
  facet normal -0.195087 0.980786 0
    outer loop
      vertex 60.4053 9.99667 2.5
      vertex 60.9826 10.1115 0
      vertex 60.4053 9.99667 0
    endloop
  endfacet
  facet normal 0.997859 0.0654061 0
    outer loop
      vertex 66.07 5.65 2.5
      vertex 66.0315 6.23737 0
      vertex 66.0315 6.23737 2.5
    endloop
  endfacet
  facet normal 0.997859 0.0654061 0
    outer loop
      vertex 66.0315 6.23737 0
      vertex 66.07 5.65 2.5
      vertex 66.07 5.65 0
    endloop
  endfacet
  facet normal -0.321437 0.946931 0
    outer loop
      vertex 60.4053 9.99667 0
      vertex 59.8479 9.80746 2.5
      vertex 60.4053 9.99667 2.5
    endloop
  endfacet
  facet normal -0.321437 0.946931 0
    outer loop
      vertex 59.8479 9.80746 2.5
      vertex 60.4053 9.99667 0
      vertex 59.8479 9.80746 0
    endloop
  endfacet
  facet normal -0.44231 0.896862 0
    outer loop
      vertex 59.8479 9.80746 0
      vertex 59.3263 9.55022 2.5
      vertex 59.8479 9.80746 2.5
    endloop
  endfacet
  facet normal -0.44231 0.896862 0
    outer loop
      vertex 59.3263 9.55022 2.5
      vertex 59.8479 9.80746 0
      vertex 59.3263 9.55022 0
    endloop
  endfacet
  facet normal -0.0654027 0.997859 0
    outer loop
      vertex 61.57 10.15 0
      vertex 60.9826 10.1115 2.5
      vertex 61.57 10.15 2.5
    endloop
  endfacet
  facet normal -0.0654027 0.997859 0
    outer loop
      vertex 60.9826 10.1115 2.5
      vertex 61.57 10.15 0
      vertex 60.9826 10.1115 0
    endloop
  endfacet
  facet normal 0.0654027 0.997859 -0
    outer loop
      vertex 62.1574 10.1115 0
      vertex 61.57 10.15 2.5
      vertex 62.1574 10.1115 2.5
    endloop
  endfacet
  facet normal 0.0654027 0.997859 0
    outer loop
      vertex 61.57 10.15 2.5
      vertex 62.1574 10.1115 0
      vertex 61.57 10.15 0
    endloop
  endfacet
  facet normal 0.195087 0.980786 -0
    outer loop
      vertex 62.7347 9.99667 0
      vertex 62.1574 10.1115 2.5
      vertex 62.7347 9.99667 2.5
    endloop
  endfacet
  facet normal 0.195087 0.980786 0
    outer loop
      vertex 62.1574 10.1115 2.5
      vertex 62.7347 9.99667 0
      vertex 62.1574 10.1115 0
    endloop
  endfacet
  facet normal 0.555586 0.831459 -0
    outer loop
      vertex 64.3094 9.22009 0
      vertex 63.82 9.54711 2.5
      vertex 64.3094 9.22009 2.5
    endloop
  endfacet
  facet normal 0.555586 0.831459 0
    outer loop
      vertex 63.82 9.54711 2.5
      vertex 64.3094 9.22009 0
      vertex 63.82 9.54711 0
    endloop
  endfacet
  facet normal 0.442314 0.89686 -0
    outer loop
      vertex 63.82 9.54711 0
      vertex 63.2921 9.80746 2.5
      vertex 63.82 9.54711 2.5
    endloop
  endfacet
  facet normal 0.442314 0.89686 0
    outer loop
      vertex 63.2921 9.80746 2.5
      vertex 63.82 9.54711 0
      vertex 63.2921 9.80746 0
    endloop
  endfacet
  facet normal 0.980797 0.195031 0
    outer loop
      vertex 66.0315 6.23737 2.5
      vertex 65.9167 6.81469 0
      vertex 65.9167 6.81469 2.5
    endloop
  endfacet
  facet normal 0.980797 0.195031 0
    outer loop
      vertex 65.9167 6.81469 0
      vertex 66.0315 6.23737 2.5
      vertex 66.0315 6.23737 0
    endloop
  endfacet
  facet normal 0.896833 0.442369 0
    outer loop
      vertex 65.7275 7.37208 2.5
      vertex 65.4671 7.9 0
      vertex 65.4671 7.9 2.5
    endloop
  endfacet
  facet normal 0.896833 0.442369 0
    outer loop
      vertex 65.4671 7.9 0
      vertex 65.7275 7.37208 2.5
      vertex 65.7275 7.37208 0
    endloop
  endfacet
  facet normal 0.831491 0.555539 0
    outer loop
      vertex 65.4671 7.9 2.5
      vertex 65.1401 8.38943 0
      vertex 65.1401 8.38943 2.5
    endloop
  endfacet
  facet normal 0.831491 0.555539 0
    outer loop
      vertex 65.1401 8.38943 0
      vertex 65.4671 7.9 2.5
      vertex 65.4671 7.9 0
    endloop
  endfacet
  facet normal 0.659308 0.751873 -0
    outer loop
      vertex 64.752 8.83198 0
      vertex 64.3094 9.22009 2.5
      vertex 64.752 8.83198 2.5
    endloop
  endfacet
  facet normal 0.659308 0.751873 0
    outer loop
      vertex 64.3094 9.22009 2.5
      vertex 64.752 8.83198 0
      vertex 64.3094 9.22009 0
    endloop
  endfacet
  facet normal 0.946934 0.321427 0
    outer loop
      vertex 65.9167 6.81469 2.5
      vertex 65.7275 7.37208 0
      vertex 65.7275 7.37208 2.5
    endloop
  endfacet
  facet normal 0.946934 0.321427 0
    outer loop
      vertex 65.7275 7.37208 0
      vertex 65.9167 6.81469 2.5
      vertex 65.9167 6.81469 0
    endloop
  endfacet
  facet normal 0.751845 0.65934 0
    outer loop
      vertex 65.1401 8.38943 2.5
      vertex 64.752 8.83198 0
      vertex 64.752 8.83198 2.5
    endloop
  endfacet
  facet normal 0.751845 0.65934 0
    outer loop
      vertex 64.752 8.83198 0
      vertex 65.1401 8.38943 2.5
      vertex 65.1401 8.38943 0
    endloop
  endfacet
  facet normal -0.997872 -0.0652057 0
    outer loop
      vertex -48.3 -16 0
      vertex -48.3145 -15.7781 2.5
      vertex -48.3145 -15.7781 0
    endloop
  endfacet
  facet normal -0.997872 -0.0652057 0
    outer loop
      vertex -48.3145 -15.7781 2.5
      vertex -48.3 -16 0
      vertex -48.3 -16 2.5
    endloop
  endfacet
  facet normal 0.997872 -0.0652057 0
    outer loop
      vertex -51.7 -16 2.5
      vertex -51.6855 -15.7781 0
      vertex -51.6855 -15.7781 2.5
    endloop
  endfacet
  facet normal 0.997872 -0.0652057 0
    outer loop
      vertex -51.6855 -15.7781 0
      vertex -51.7 -16 2.5
      vertex -51.7 -16 0
    endloop
  endfacet
  facet normal -0.0652057 -0.997872 0
    outer loop
      vertex -50 -14.3 0
      vertex -49.7781 -14.3145 2.5
      vertex -50 -14.3 2.5
    endloop
  endfacet
  facet normal -0.0652057 -0.997872 -0
    outer loop
      vertex -49.7781 -14.3145 2.5
      vertex -50 -14.3 0
      vertex -49.7781 -14.3145 0
    endloop
  endfacet
  facet normal -0.659268 -0.751908 0
    outer loop
      vertex -48.9651 -14.6513 0
      vertex -48.7979 -14.7979 2.5
      vertex -48.9651 -14.6513 2.5
    endloop
  endfacet
  facet normal -0.659268 -0.751908 -0
    outer loop
      vertex -48.7979 -14.7979 2.5
      vertex -48.9651 -14.6513 0
      vertex -48.7979 -14.7979 0
    endloop
  endfacet
  facet normal 0.659268 -0.751908 0
    outer loop
      vertex -51.2021 -14.7979 0
      vertex -51.0349 -14.6513 2.5
      vertex -51.2021 -14.7979 2.5
    endloop
  endfacet
  facet normal 0.659268 -0.751908 0
    outer loop
      vertex -51.0349 -14.6513 2.5
      vertex -51.2021 -14.7979 0
      vertex -51.0349 -14.6513 0
    endloop
  endfacet
  facet normal 0.321484 -0.946915 0
    outer loop
      vertex -50.6506 -14.4294 0
      vertex -50.44 -14.3579 2.5
      vertex -50.6506 -14.4294 2.5
    endloop
  endfacet
  facet normal 0.321484 -0.946915 0
    outer loop
      vertex -50.44 -14.3579 2.5
      vertex -50.6506 -14.4294 0
      vertex -50.44 -14.3579 0
    endloop
  endfacet
  facet normal 0.751908 0.659268 0
    outer loop
      vertex -51.2021 -17.2021 2.5
      vertex -51.3487 -17.0349 0
      vertex -51.3487 -17.0349 2.5
    endloop
  endfacet
  facet normal 0.751908 0.659268 0
    outer loop
      vertex -51.3487 -17.0349 0
      vertex -51.2021 -17.2021 2.5
      vertex -51.2021 -17.2021 0
    endloop
  endfacet
  facet normal -0.946915 -0.321484 0
    outer loop
      vertex -48.3579 -15.56 0
      vertex -48.4294 -15.3494 2.5
      vertex -48.4294 -15.3494 0
    endloop
  endfacet
  facet normal -0.946915 -0.321484 0
    outer loop
      vertex -48.4294 -15.3494 2.5
      vertex -48.3579 -15.56 0
      vertex -48.3579 -15.56 2.5
    endloop
  endfacet
  facet normal -0.98077 -0.195165 0
    outer loop
      vertex -48.3145 -15.7781 0
      vertex -48.3579 -15.56 2.5
      vertex -48.3579 -15.56 0
    endloop
  endfacet
  facet normal -0.98077 -0.195165 0
    outer loop
      vertex -48.3579 -15.56 2.5
      vertex -48.3145 -15.7781 0
      vertex -48.3145 -15.7781 2.5
    endloop
  endfacet
  facet normal -0.831566 -0.555426 0
    outer loop
      vertex -48.5278 -15.15 0
      vertex -48.6513 -14.9651 2.5
      vertex -48.6513 -14.9651 0
    endloop
  endfacet
  facet normal -0.831566 -0.555426 0
    outer loop
      vertex -48.6513 -14.9651 2.5
      vertex -48.5278 -15.15 0
      vertex -48.5278 -15.15 2.5
    endloop
  endfacet
  facet normal -0.321484 -0.946915 0
    outer loop
      vertex -49.56 -14.3579 0
      vertex -49.3494 -14.4294 2.5
      vertex -49.56 -14.3579 2.5
    endloop
  endfacet
  facet normal -0.321484 -0.946915 -0
    outer loop
      vertex -49.3494 -14.4294 2.5
      vertex -49.56 -14.3579 0
      vertex -49.3494 -14.4294 0
    endloop
  endfacet
  facet normal -0.195165 -0.98077 0
    outer loop
      vertex -49.7781 -14.3145 0
      vertex -49.56 -14.3579 2.5
      vertex -49.7781 -14.3145 2.5
    endloop
  endfacet
  facet normal -0.195165 -0.98077 -0
    outer loop
      vertex -49.56 -14.3579 2.5
      vertex -49.7781 -14.3145 0
      vertex -49.56 -14.3579 0
    endloop
  endfacet
  facet normal -0.555426 -0.831566 0
    outer loop
      vertex -49.15 -14.5278 0
      vertex -48.9651 -14.6513 2.5
      vertex -49.15 -14.5278 2.5
    endloop
  endfacet
  facet normal -0.555426 -0.831566 -0
    outer loop
      vertex -48.9651 -14.6513 2.5
      vertex -49.15 -14.5278 0
      vertex -48.9651 -14.6513 0
    endloop
  endfacet
  facet normal 0.831566 -0.555426 0
    outer loop
      vertex -51.4722 -15.15 2.5
      vertex -51.3487 -14.9651 0
      vertex -51.3487 -14.9651 2.5
    endloop
  endfacet
  facet normal 0.831566 -0.555426 0
    outer loop
      vertex -51.3487 -14.9651 0
      vertex -51.4722 -15.15 2.5
      vertex -51.4722 -15.15 0
    endloop
  endfacet
  facet normal 0.751908 -0.659268 0
    outer loop
      vertex -51.3487 -14.9651 2.5
      vertex -51.2021 -14.7979 0
      vertex -51.2021 -14.7979 2.5
    endloop
  endfacet
  facet normal 0.751908 -0.659268 0
    outer loop
      vertex -51.2021 -14.7979 0
      vertex -51.3487 -14.9651 2.5
      vertex -51.3487 -14.9651 0
    endloop
  endfacet
  facet normal 0.946915 -0.321484 0
    outer loop
      vertex -51.6421 -15.56 2.5
      vertex -51.5706 -15.3494 0
      vertex -51.5706 -15.3494 2.5
    endloop
  endfacet
  facet normal 0.946915 -0.321484 0
    outer loop
      vertex -51.5706 -15.3494 0
      vertex -51.6421 -15.56 2.5
      vertex -51.6421 -15.56 0
    endloop
  endfacet
  facet normal 0.555426 -0.831566 0
    outer loop
      vertex -51.0349 -14.6513 0
      vertex -50.85 -14.5278 2.5
      vertex -51.0349 -14.6513 2.5
    endloop
  endfacet
  facet normal 0.555426 -0.831566 0
    outer loop
      vertex -50.85 -14.5278 2.5
      vertex -51.0349 -14.6513 0
      vertex -50.85 -14.5278 0
    endloop
  endfacet
  facet normal 0.0652057 -0.997872 0
    outer loop
      vertex -50.2219 -14.3145 0
      vertex -50 -14.3 2.5
      vertex -50.2219 -14.3145 2.5
    endloop
  endfacet
  facet normal 0.0652057 -0.997872 0
    outer loop
      vertex -50 -14.3 2.5
      vertex -50.2219 -14.3145 0
      vertex -50 -14.3 0
    endloop
  endfacet
  facet normal -0.997872 0.0652057 0
    outer loop
      vertex -48.3145 -16.2219 0
      vertex -48.3 -16 2.5
      vertex -48.3 -16 0
    endloop
  endfacet
  facet normal -0.997872 0.0652057 0
    outer loop
      vertex -48.3 -16 2.5
      vertex -48.3145 -16.2219 0
      vertex -48.3145 -16.2219 2.5
    endloop
  endfacet
  facet normal -0.751908 0.659268 0
    outer loop
      vertex -48.7979 -17.2021 0
      vertex -48.6513 -17.0349 2.5
      vertex -48.6513 -17.0349 0
    endloop
  endfacet
  facet normal -0.751908 0.659268 0
    outer loop
      vertex -48.6513 -17.0349 2.5
      vertex -48.7979 -17.2021 0
      vertex -48.7979 -17.2021 2.5
    endloop
  endfacet
  facet normal -0.98077 0.195165 0
    outer loop
      vertex -48.3579 -16.44 0
      vertex -48.3145 -16.2219 2.5
      vertex -48.3145 -16.2219 0
    endloop
  endfacet
  facet normal -0.98077 0.195165 0
    outer loop
      vertex -48.3145 -16.2219 2.5
      vertex -48.3579 -16.44 0
      vertex -48.3579 -16.44 2.5
    endloop
  endfacet
  facet normal 0.321484 0.946915 -0
    outer loop
      vertex -50.44 -17.6421 0
      vertex -50.6506 -17.5706 2.5
      vertex -50.44 -17.6421 2.5
    endloop
  endfacet
  facet normal 0.321484 0.946915 0
    outer loop
      vertex -50.6506 -17.5706 2.5
      vertex -50.44 -17.6421 0
      vertex -50.6506 -17.5706 0
    endloop
  endfacet
  facet normal 0.659268 0.751908 -0
    outer loop
      vertex -51.0349 -17.3487 0
      vertex -51.2021 -17.2021 2.5
      vertex -51.0349 -17.3487 2.5
    endloop
  endfacet
  facet normal 0.659268 0.751908 0
    outer loop
      vertex -51.2021 -17.2021 2.5
      vertex -51.0349 -17.3487 0
      vertex -51.2021 -17.2021 0
    endloop
  endfacet
  facet normal 0.555426 0.831566 -0
    outer loop
      vertex -50.85 -17.4722 0
      vertex -51.0349 -17.3487 2.5
      vertex -50.85 -17.4722 2.5
    endloop
  endfacet
  facet normal 0.555426 0.831566 0
    outer loop
      vertex -51.0349 -17.3487 2.5
      vertex -50.85 -17.4722 0
      vertex -51.0349 -17.3487 0
    endloop
  endfacet
  facet normal -0.896754 -0.44253 0
    outer loop
      vertex -48.4294 -15.3494 0
      vertex -48.5278 -15.15 2.5
      vertex -48.5278 -15.15 0
    endloop
  endfacet
  facet normal -0.896754 -0.44253 0
    outer loop
      vertex -48.5278 -15.15 2.5
      vertex -48.4294 -15.3494 0
      vertex -48.4294 -15.3494 2.5
    endloop
  endfacet
  facet normal -0.44253 -0.896754 0
    outer loop
      vertex -49.3494 -14.4294 0
      vertex -49.15 -14.5278 2.5
      vertex -49.3494 -14.4294 2.5
    endloop
  endfacet
  facet normal -0.44253 -0.896754 -0
    outer loop
      vertex -49.15 -14.5278 2.5
      vertex -49.3494 -14.4294 0
      vertex -49.15 -14.5278 0
    endloop
  endfacet
  facet normal 0.896754 -0.44253 0
    outer loop
      vertex -51.5706 -15.3494 2.5
      vertex -51.4722 -15.15 0
      vertex -51.4722 -15.15 2.5
    endloop
  endfacet
  facet normal 0.896754 -0.44253 0
    outer loop
      vertex -51.4722 -15.15 0
      vertex -51.5706 -15.3494 2.5
      vertex -51.5706 -15.3494 0
    endloop
  endfacet
  facet normal 0.98077 -0.195165 0
    outer loop
      vertex -51.6855 -15.7781 2.5
      vertex -51.6421 -15.56 0
      vertex -51.6421 -15.56 2.5
    endloop
  endfacet
  facet normal 0.98077 -0.195165 0
    outer loop
      vertex -51.6421 -15.56 0
      vertex -51.6855 -15.7781 2.5
      vertex -51.6855 -15.7781 0
    endloop
  endfacet
  facet normal 0.195165 -0.98077 0
    outer loop
      vertex -50.44 -14.3579 0
      vertex -50.2219 -14.3145 2.5
      vertex -50.44 -14.3579 2.5
    endloop
  endfacet
  facet normal 0.195165 -0.98077 0
    outer loop
      vertex -50.2219 -14.3145 2.5
      vertex -50.44 -14.3579 0
      vertex -50.2219 -14.3145 0
    endloop
  endfacet
  facet normal -0.321484 0.946915 0
    outer loop
      vertex -49.3494 -17.5706 0
      vertex -49.56 -17.6421 2.5
      vertex -49.3494 -17.5706 2.5
    endloop
  endfacet
  facet normal -0.321484 0.946915 0
    outer loop
      vertex -49.56 -17.6421 2.5
      vertex -49.3494 -17.5706 0
      vertex -49.56 -17.6421 0
    endloop
  endfacet
  facet normal -0.0652057 0.997872 0
    outer loop
      vertex -49.7781 -17.6855 0
      vertex -50 -17.7 2.5
      vertex -49.7781 -17.6855 2.5
    endloop
  endfacet
  facet normal -0.0652057 0.997872 0
    outer loop
      vertex -50 -17.7 2.5
      vertex -49.7781 -17.6855 0
      vertex -50 -17.7 0
    endloop
  endfacet
  facet normal -0.195165 0.98077 0
    outer loop
      vertex -49.56 -17.6421 0
      vertex -49.7781 -17.6855 2.5
      vertex -49.56 -17.6421 2.5
    endloop
  endfacet
  facet normal -0.195165 0.98077 0
    outer loop
      vertex -49.7781 -17.6855 2.5
      vertex -49.56 -17.6421 0
      vertex -49.7781 -17.6855 0
    endloop
  endfacet
  facet normal -0.44253 0.896754 0
    outer loop
      vertex -49.15 -17.4722 0
      vertex -49.3494 -17.5706 2.5
      vertex -49.15 -17.4722 2.5
    endloop
  endfacet
  facet normal -0.44253 0.896754 0
    outer loop
      vertex -49.3494 -17.5706 2.5
      vertex -49.15 -17.4722 0
      vertex -49.3494 -17.5706 0
    endloop
  endfacet
  facet normal -0.659268 0.751908 0
    outer loop
      vertex -48.7979 -17.2021 0
      vertex -48.9651 -17.3487 2.5
      vertex -48.7979 -17.2021 2.5
    endloop
  endfacet
  facet normal -0.659268 0.751908 0
    outer loop
      vertex -48.9651 -17.3487 2.5
      vertex -48.7979 -17.2021 0
      vertex -48.9651 -17.3487 0
    endloop
  endfacet
  facet normal -0.555426 0.831566 0
    outer loop
      vertex -48.9651 -17.3487 0
      vertex -49.15 -17.4722 2.5
      vertex -48.9651 -17.3487 2.5
    endloop
  endfacet
  facet normal -0.555426 0.831566 0
    outer loop
      vertex -49.15 -17.4722 2.5
      vertex -48.9651 -17.3487 0
      vertex -49.15 -17.4722 0
    endloop
  endfacet
  facet normal -0.946915 0.321484 0
    outer loop
      vertex -48.4294 -16.6506 0
      vertex -48.3579 -16.44 2.5
      vertex -48.3579 -16.44 0
    endloop
  endfacet
  facet normal -0.946915 0.321484 0
    outer loop
      vertex -48.3579 -16.44 2.5
      vertex -48.4294 -16.6506 0
      vertex -48.4294 -16.6506 2.5
    endloop
  endfacet
  facet normal -0.831566 0.555426 0
    outer loop
      vertex -48.6513 -17.0349 0
      vertex -48.5278 -16.85 2.5
      vertex -48.5278 -16.85 0
    endloop
  endfacet
  facet normal -0.831566 0.555426 0
    outer loop
      vertex -48.5278 -16.85 2.5
      vertex -48.6513 -17.0349 0
      vertex -48.6513 -17.0349 2.5
    endloop
  endfacet
  facet normal -0.896754 0.44253 0
    outer loop
      vertex -48.5278 -16.85 0
      vertex -48.4294 -16.6506 2.5
      vertex -48.4294 -16.6506 0
    endloop
  endfacet
  facet normal -0.896754 0.44253 0
    outer loop
      vertex -48.4294 -16.6506 2.5
      vertex -48.5278 -16.85 0
      vertex -48.5278 -16.85 2.5
    endloop
  endfacet
  facet normal 0.195165 0.98077 -0
    outer loop
      vertex -50.2219 -17.6855 0
      vertex -50.44 -17.6421 2.5
      vertex -50.2219 -17.6855 2.5
    endloop
  endfacet
  facet normal 0.195165 0.98077 0
    outer loop
      vertex -50.44 -17.6421 2.5
      vertex -50.2219 -17.6855 0
      vertex -50.44 -17.6421 0
    endloop
  endfacet
  facet normal 0.44253 0.896754 -0
    outer loop
      vertex -50.6506 -17.5706 0
      vertex -50.85 -17.4722 2.5
      vertex -50.6506 -17.5706 2.5
    endloop
  endfacet
  facet normal 0.44253 0.896754 0
    outer loop
      vertex -50.85 -17.4722 2.5
      vertex -50.6506 -17.5706 0
      vertex -50.85 -17.4722 0
    endloop
  endfacet
  facet normal 0.0652057 0.997872 -0
    outer loop
      vertex -50 -17.7 0
      vertex -50.2219 -17.6855 2.5
      vertex -50 -17.7 2.5
    endloop
  endfacet
  facet normal 0.0652057 0.997872 0
    outer loop
      vertex -50.2219 -17.6855 2.5
      vertex -50 -17.7 0
      vertex -50.2219 -17.6855 0
    endloop
  endfacet
  facet normal 0.896754 0.44253 0
    outer loop
      vertex -51.4722 -16.85 2.5
      vertex -51.5706 -16.6506 0
      vertex -51.5706 -16.6506 2.5
    endloop
  endfacet
  facet normal 0.896754 0.44253 0
    outer loop
      vertex -51.5706 -16.6506 0
      vertex -51.4722 -16.85 2.5
      vertex -51.4722 -16.85 0
    endloop
  endfacet
  facet normal 0.946915 0.321484 0
    outer loop
      vertex -51.5706 -16.6506 2.5
      vertex -51.6421 -16.44 0
      vertex -51.6421 -16.44 2.5
    endloop
  endfacet
  facet normal 0.946915 0.321484 0
    outer loop
      vertex -51.6421 -16.44 0
      vertex -51.5706 -16.6506 2.5
      vertex -51.5706 -16.6506 0
    endloop
  endfacet
  facet normal 0.997872 0.0652057 0
    outer loop
      vertex -51.6855 -16.2219 2.5
      vertex -51.7 -16 0
      vertex -51.7 -16 2.5
    endloop
  endfacet
  facet normal 0.997872 0.0652057 0
    outer loop
      vertex -51.7 -16 0
      vertex -51.6855 -16.2219 2.5
      vertex -51.6855 -16.2219 0
    endloop
  endfacet
  facet normal -0.751908 -0.659268 0
    outer loop
      vertex -48.6513 -14.9651 0
      vertex -48.7979 -14.7979 2.5
      vertex -48.7979 -14.7979 0
    endloop
  endfacet
  facet normal -0.751908 -0.659268 0
    outer loop
      vertex -48.7979 -14.7979 2.5
      vertex -48.6513 -14.9651 0
      vertex -48.6513 -14.9651 2.5
    endloop
  endfacet
  facet normal 0.44253 -0.896754 0
    outer loop
      vertex -50.85 -14.5278 0
      vertex -50.6506 -14.4294 2.5
      vertex -50.85 -14.5278 2.5
    endloop
  endfacet
  facet normal 0.44253 -0.896754 0
    outer loop
      vertex -50.6506 -14.4294 2.5
      vertex -50.85 -14.5278 0
      vertex -50.6506 -14.4294 0
    endloop
  endfacet
  facet normal 0.831566 0.555426 0
    outer loop
      vertex -51.3487 -17.0349 2.5
      vertex -51.4722 -16.85 0
      vertex -51.4722 -16.85 2.5
    endloop
  endfacet
  facet normal 0.831566 0.555426 0
    outer loop
      vertex -51.4722 -16.85 0
      vertex -51.3487 -17.0349 2.5
      vertex -51.3487 -17.0349 0
    endloop
  endfacet
  facet normal 0.98077 0.195165 0
    outer loop
      vertex -51.6421 -16.44 2.5
      vertex -51.6855 -16.2219 0
      vertex -51.6855 -16.2219 2.5
    endloop
  endfacet
  facet normal 0.98077 0.195165 0
    outer loop
      vertex -51.6855 -16.2219 0
      vertex -51.6421 -16.44 2.5
      vertex -51.6421 -16.44 0
    endloop
  endfacet
  facet normal -0.997872 -0.0652057 0
    outer loop
      vertex 51.7 -16 0
      vertex 51.6855 -15.7781 2.5
      vertex 51.6855 -15.7781 0
    endloop
  endfacet
  facet normal -0.997872 -0.0652057 0
    outer loop
      vertex 51.6855 -15.7781 2.5
      vertex 51.7 -16 0
      vertex 51.7 -16 2.5
    endloop
  endfacet
  facet normal 0.997872 -0.0652057 0
    outer loop
      vertex 48.3 -16 2.5
      vertex 48.3145 -15.7781 0
      vertex 48.3145 -15.7781 2.5
    endloop
  endfacet
  facet normal 0.997872 -0.0652057 0
    outer loop
      vertex 48.3145 -15.7781 0
      vertex 48.3 -16 2.5
      vertex 48.3 -16 0
    endloop
  endfacet
  facet normal -0.0652057 -0.997872 0
    outer loop
      vertex 50 -14.3 0
      vertex 50.2219 -14.3145 2.5
      vertex 50 -14.3 2.5
    endloop
  endfacet
  facet normal -0.0652057 -0.997872 -0
    outer loop
      vertex 50.2219 -14.3145 2.5
      vertex 50 -14.3 0
      vertex 50.2219 -14.3145 0
    endloop
  endfacet
  facet normal -0.659268 -0.751908 0
    outer loop
      vertex 51.0349 -14.6513 0
      vertex 51.2021 -14.7979 2.5
      vertex 51.0349 -14.6513 2.5
    endloop
  endfacet
  facet normal -0.659268 -0.751908 -0
    outer loop
      vertex 51.2021 -14.7979 2.5
      vertex 51.0349 -14.6513 0
      vertex 51.2021 -14.7979 0
    endloop
  endfacet
  facet normal 0.659268 -0.751908 0
    outer loop
      vertex 48.7979 -14.7979 0
      vertex 48.9651 -14.6513 2.5
      vertex 48.7979 -14.7979 2.5
    endloop
  endfacet
  facet normal 0.659268 -0.751908 0
    outer loop
      vertex 48.9651 -14.6513 2.5
      vertex 48.7979 -14.7979 0
      vertex 48.9651 -14.6513 0
    endloop
  endfacet
  facet normal 0.321484 -0.946915 0
    outer loop
      vertex 49.3494 -14.4294 0
      vertex 49.56 -14.3579 2.5
      vertex 49.3494 -14.4294 2.5
    endloop
  endfacet
  facet normal 0.321484 -0.946915 0
    outer loop
      vertex 49.56 -14.3579 2.5
      vertex 49.3494 -14.4294 0
      vertex 49.56 -14.3579 0
    endloop
  endfacet
  facet normal 0.751908 0.659268 0
    outer loop
      vertex 48.7979 -17.2021 2.5
      vertex 48.6513 -17.0349 0
      vertex 48.6513 -17.0349 2.5
    endloop
  endfacet
  facet normal 0.751908 0.659268 0
    outer loop
      vertex 48.6513 -17.0349 0
      vertex 48.7979 -17.2021 2.5
      vertex 48.7979 -17.2021 0
    endloop
  endfacet
  facet normal -0.946915 -0.321484 0
    outer loop
      vertex 51.6421 -15.56 0
      vertex 51.5706 -15.3494 2.5
      vertex 51.5706 -15.3494 0
    endloop
  endfacet
  facet normal -0.946915 -0.321484 0
    outer loop
      vertex 51.5706 -15.3494 2.5
      vertex 51.6421 -15.56 0
      vertex 51.6421 -15.56 2.5
    endloop
  endfacet
  facet normal -0.98077 -0.195165 0
    outer loop
      vertex 51.6855 -15.7781 0
      vertex 51.6421 -15.56 2.5
      vertex 51.6421 -15.56 0
    endloop
  endfacet
  facet normal -0.98077 -0.195165 0
    outer loop
      vertex 51.6421 -15.56 2.5
      vertex 51.6855 -15.7781 0
      vertex 51.6855 -15.7781 2.5
    endloop
  endfacet
  facet normal -0.831566 -0.555426 0
    outer loop
      vertex 51.4722 -15.15 0
      vertex 51.3487 -14.9651 2.5
      vertex 51.3487 -14.9651 0
    endloop
  endfacet
  facet normal -0.831566 -0.555426 0
    outer loop
      vertex 51.3487 -14.9651 2.5
      vertex 51.4722 -15.15 0
      vertex 51.4722 -15.15 2.5
    endloop
  endfacet
  facet normal -0.321484 -0.946915 0
    outer loop
      vertex 50.44 -14.3579 0
      vertex 50.6506 -14.4294 2.5
      vertex 50.44 -14.3579 2.5
    endloop
  endfacet
  facet normal -0.321484 -0.946915 -0
    outer loop
      vertex 50.6506 -14.4294 2.5
      vertex 50.44 -14.3579 0
      vertex 50.6506 -14.4294 0
    endloop
  endfacet
  facet normal -0.195165 -0.98077 0
    outer loop
      vertex 50.2219 -14.3145 0
      vertex 50.44 -14.3579 2.5
      vertex 50.2219 -14.3145 2.5
    endloop
  endfacet
  facet normal -0.195165 -0.98077 -0
    outer loop
      vertex 50.44 -14.3579 2.5
      vertex 50.2219 -14.3145 0
      vertex 50.44 -14.3579 0
    endloop
  endfacet
  facet normal -0.555426 -0.831566 0
    outer loop
      vertex 50.85 -14.5278 0
      vertex 51.0349 -14.6513 2.5
      vertex 50.85 -14.5278 2.5
    endloop
  endfacet
  facet normal -0.555426 -0.831566 -0
    outer loop
      vertex 51.0349 -14.6513 2.5
      vertex 50.85 -14.5278 0
      vertex 51.0349 -14.6513 0
    endloop
  endfacet
  facet normal 0.831566 -0.555426 0
    outer loop
      vertex 48.5278 -15.15 2.5
      vertex 48.6513 -14.9651 0
      vertex 48.6513 -14.9651 2.5
    endloop
  endfacet
  facet normal 0.831566 -0.555426 0
    outer loop
      vertex 48.6513 -14.9651 0
      vertex 48.5278 -15.15 2.5
      vertex 48.5278 -15.15 0
    endloop
  endfacet
  facet normal 0.751908 -0.659268 0
    outer loop
      vertex 48.6513 -14.9651 2.5
      vertex 48.7979 -14.7979 0
      vertex 48.7979 -14.7979 2.5
    endloop
  endfacet
  facet normal 0.751908 -0.659268 0
    outer loop
      vertex 48.7979 -14.7979 0
      vertex 48.6513 -14.9651 2.5
      vertex 48.6513 -14.9651 0
    endloop
  endfacet
  facet normal 0.946915 -0.321484 0
    outer loop
      vertex 48.3579 -15.56 2.5
      vertex 48.4294 -15.3494 0
      vertex 48.4294 -15.3494 2.5
    endloop
  endfacet
  facet normal 0.946915 -0.321484 0
    outer loop
      vertex 48.4294 -15.3494 0
      vertex 48.3579 -15.56 2.5
      vertex 48.3579 -15.56 0
    endloop
  endfacet
  facet normal 0.555426 -0.831566 0
    outer loop
      vertex 48.9651 -14.6513 0
      vertex 49.15 -14.5278 2.5
      vertex 48.9651 -14.6513 2.5
    endloop
  endfacet
  facet normal 0.555426 -0.831566 0
    outer loop
      vertex 49.15 -14.5278 2.5
      vertex 48.9651 -14.6513 0
      vertex 49.15 -14.5278 0
    endloop
  endfacet
  facet normal 0.0652057 -0.997872 0
    outer loop
      vertex 49.7781 -14.3145 0
      vertex 50 -14.3 2.5
      vertex 49.7781 -14.3145 2.5
    endloop
  endfacet
  facet normal 0.0652057 -0.997872 0
    outer loop
      vertex 50 -14.3 2.5
      vertex 49.7781 -14.3145 0
      vertex 50 -14.3 0
    endloop
  endfacet
  facet normal -0.997872 0.0652057 0
    outer loop
      vertex 51.6855 -16.2219 0
      vertex 51.7 -16 2.5
      vertex 51.7 -16 0
    endloop
  endfacet
  facet normal -0.997872 0.0652057 0
    outer loop
      vertex 51.7 -16 2.5
      vertex 51.6855 -16.2219 0
      vertex 51.6855 -16.2219 2.5
    endloop
  endfacet
  facet normal -0.751908 0.659268 0
    outer loop
      vertex 51.2021 -17.2021 0
      vertex 51.3487 -17.0349 2.5
      vertex 51.3487 -17.0349 0
    endloop
  endfacet
  facet normal -0.751908 0.659268 0
    outer loop
      vertex 51.3487 -17.0349 2.5
      vertex 51.2021 -17.2021 0
      vertex 51.2021 -17.2021 2.5
    endloop
  endfacet
  facet normal -0.98077 0.195165 0
    outer loop
      vertex 51.6421 -16.44 0
      vertex 51.6855 -16.2219 2.5
      vertex 51.6855 -16.2219 0
    endloop
  endfacet
  facet normal -0.98077 0.195165 0
    outer loop
      vertex 51.6855 -16.2219 2.5
      vertex 51.6421 -16.44 0
      vertex 51.6421 -16.44 2.5
    endloop
  endfacet
  facet normal 0.321484 0.946915 -0
    outer loop
      vertex 49.56 -17.6421 0
      vertex 49.3494 -17.5706 2.5
      vertex 49.56 -17.6421 2.5
    endloop
  endfacet
  facet normal 0.321484 0.946915 0
    outer loop
      vertex 49.3494 -17.5706 2.5
      vertex 49.56 -17.6421 0
      vertex 49.3494 -17.5706 0
    endloop
  endfacet
  facet normal 0.659268 0.751908 -0
    outer loop
      vertex 48.9651 -17.3487 0
      vertex 48.7979 -17.2021 2.5
      vertex 48.9651 -17.3487 2.5
    endloop
  endfacet
  facet normal 0.659268 0.751908 0
    outer loop
      vertex 48.7979 -17.2021 2.5
      vertex 48.9651 -17.3487 0
      vertex 48.7979 -17.2021 0
    endloop
  endfacet
  facet normal 0.555426 0.831566 -0
    outer loop
      vertex 49.15 -17.4722 0
      vertex 48.9651 -17.3487 2.5
      vertex 49.15 -17.4722 2.5
    endloop
  endfacet
  facet normal 0.555426 0.831566 0
    outer loop
      vertex 48.9651 -17.3487 2.5
      vertex 49.15 -17.4722 0
      vertex 48.9651 -17.3487 0
    endloop
  endfacet
  facet normal -0.896754 -0.44253 0
    outer loop
      vertex 51.5706 -15.3494 0
      vertex 51.4722 -15.15 2.5
      vertex 51.4722 -15.15 0
    endloop
  endfacet
  facet normal -0.896754 -0.44253 0
    outer loop
      vertex 51.4722 -15.15 2.5
      vertex 51.5706 -15.3494 0
      vertex 51.5706 -15.3494 2.5
    endloop
  endfacet
  facet normal -0.751908 -0.659268 0
    outer loop
      vertex 51.3487 -14.9651 0
      vertex 51.2021 -14.7979 2.5
      vertex 51.2021 -14.7979 0
    endloop
  endfacet
  facet normal -0.751908 -0.659268 0
    outer loop
      vertex 51.2021 -14.7979 2.5
      vertex 51.3487 -14.9651 0
      vertex 51.3487 -14.9651 2.5
    endloop
  endfacet
  facet normal -0.44253 -0.896754 0
    outer loop
      vertex 50.6506 -14.4294 0
      vertex 50.85 -14.5278 2.5
      vertex 50.6506 -14.4294 2.5
    endloop
  endfacet
  facet normal -0.44253 -0.896754 -0
    outer loop
      vertex 50.85 -14.5278 2.5
      vertex 50.6506 -14.4294 0
      vertex 50.85 -14.5278 0
    endloop
  endfacet
  facet normal 0.896754 -0.44253 0
    outer loop
      vertex 48.4294 -15.3494 2.5
      vertex 48.5278 -15.15 0
      vertex 48.5278 -15.15 2.5
    endloop
  endfacet
  facet normal 0.896754 -0.44253 0
    outer loop
      vertex 48.5278 -15.15 0
      vertex 48.4294 -15.3494 2.5
      vertex 48.4294 -15.3494 0
    endloop
  endfacet
  facet normal 0.98077 -0.195165 0
    outer loop
      vertex 48.3145 -15.7781 2.5
      vertex 48.3579 -15.56 0
      vertex 48.3579 -15.56 2.5
    endloop
  endfacet
  facet normal 0.98077 -0.195165 0
    outer loop
      vertex 48.3579 -15.56 0
      vertex 48.3145 -15.7781 2.5
      vertex 48.3145 -15.7781 0
    endloop
  endfacet
  facet normal 0.195165 -0.98077 0
    outer loop
      vertex 49.56 -14.3579 0
      vertex 49.7781 -14.3145 2.5
      vertex 49.56 -14.3579 2.5
    endloop
  endfacet
  facet normal 0.195165 -0.98077 0
    outer loop
      vertex 49.7781 -14.3145 2.5
      vertex 49.56 -14.3579 0
      vertex 49.7781 -14.3145 0
    endloop
  endfacet
  facet normal -0.321484 0.946915 0
    outer loop
      vertex 50.6506 -17.5706 0
      vertex 50.44 -17.6421 2.5
      vertex 50.6506 -17.5706 2.5
    endloop
  endfacet
  facet normal -0.321484 0.946915 0
    outer loop
      vertex 50.44 -17.6421 2.5
      vertex 50.6506 -17.5706 0
      vertex 50.44 -17.6421 0
    endloop
  endfacet
  facet normal -0.0652057 0.997872 0
    outer loop
      vertex 50.2219 -17.6855 0
      vertex 50 -17.7 2.5
      vertex 50.2219 -17.6855 2.5
    endloop
  endfacet
  facet normal -0.0652057 0.997872 0
    outer loop
      vertex 50 -17.7 2.5
      vertex 50.2219 -17.6855 0
      vertex 50 -17.7 0
    endloop
  endfacet
  facet normal -0.195165 0.98077 0
    outer loop
      vertex 50.44 -17.6421 0
      vertex 50.2219 -17.6855 2.5
      vertex 50.44 -17.6421 2.5
    endloop
  endfacet
  facet normal -0.195165 0.98077 0
    outer loop
      vertex 50.2219 -17.6855 2.5
      vertex 50.44 -17.6421 0
      vertex 50.2219 -17.6855 0
    endloop
  endfacet
  facet normal -0.44253 0.896754 0
    outer loop
      vertex 50.85 -17.4722 0
      vertex 50.6506 -17.5706 2.5
      vertex 50.85 -17.4722 2.5
    endloop
  endfacet
  facet normal -0.44253 0.896754 0
    outer loop
      vertex 50.6506 -17.5706 2.5
      vertex 50.85 -17.4722 0
      vertex 50.6506 -17.5706 0
    endloop
  endfacet
  facet normal -0.659268 0.751908 0
    outer loop
      vertex 51.2021 -17.2021 0
      vertex 51.0349 -17.3487 2.5
      vertex 51.2021 -17.2021 2.5
    endloop
  endfacet
  facet normal -0.659268 0.751908 0
    outer loop
      vertex 51.0349 -17.3487 2.5
      vertex 51.2021 -17.2021 0
      vertex 51.0349 -17.3487 0
    endloop
  endfacet
  facet normal -0.555426 0.831566 0
    outer loop
      vertex 51.0349 -17.3487 0
      vertex 50.85 -17.4722 2.5
      vertex 51.0349 -17.3487 2.5
    endloop
  endfacet
  facet normal -0.555426 0.831566 0
    outer loop
      vertex 50.85 -17.4722 2.5
      vertex 51.0349 -17.3487 0
      vertex 50.85 -17.4722 0
    endloop
  endfacet
  facet normal -0.946915 0.321484 0
    outer loop
      vertex 51.5706 -16.6506 0
      vertex 51.6421 -16.44 2.5
      vertex 51.6421 -16.44 0
    endloop
  endfacet
  facet normal -0.946915 0.321484 0
    outer loop
      vertex 51.6421 -16.44 2.5
      vertex 51.5706 -16.6506 0
      vertex 51.5706 -16.6506 2.5
    endloop
  endfacet
  facet normal -0.831566 0.555426 0
    outer loop
      vertex 51.3487 -17.0349 0
      vertex 51.4722 -16.85 2.5
      vertex 51.4722 -16.85 0
    endloop
  endfacet
  facet normal -0.831566 0.555426 0
    outer loop
      vertex 51.4722 -16.85 2.5
      vertex 51.3487 -17.0349 0
      vertex 51.3487 -17.0349 2.5
    endloop
  endfacet
  facet normal -0.896754 0.44253 0
    outer loop
      vertex 51.4722 -16.85 0
      vertex 51.5706 -16.6506 2.5
      vertex 51.5706 -16.6506 0
    endloop
  endfacet
  facet normal -0.896754 0.44253 0
    outer loop
      vertex 51.5706 -16.6506 2.5
      vertex 51.4722 -16.85 0
      vertex 51.4722 -16.85 2.5
    endloop
  endfacet
  facet normal 0.195165 0.98077 -0
    outer loop
      vertex 49.7781 -17.6855 0
      vertex 49.56 -17.6421 2.5
      vertex 49.7781 -17.6855 2.5
    endloop
  endfacet
  facet normal 0.195165 0.98077 0
    outer loop
      vertex 49.56 -17.6421 2.5
      vertex 49.7781 -17.6855 0
      vertex 49.56 -17.6421 0
    endloop
  endfacet
  facet normal 0.0652057 0.997872 -0
    outer loop
      vertex 50 -17.7 0
      vertex 49.7781 -17.6855 2.5
      vertex 50 -17.7 2.5
    endloop
  endfacet
  facet normal 0.0652057 0.997872 0
    outer loop
      vertex 49.7781 -17.6855 2.5
      vertex 50 -17.7 0
      vertex 49.7781 -17.6855 0
    endloop
  endfacet
  facet normal 0.896754 0.44253 0
    outer loop
      vertex 48.5278 -16.85 2.5
      vertex 48.4294 -16.6506 0
      vertex 48.4294 -16.6506 2.5
    endloop
  endfacet
  facet normal 0.896754 0.44253 0
    outer loop
      vertex 48.4294 -16.6506 0
      vertex 48.5278 -16.85 2.5
      vertex 48.5278 -16.85 0
    endloop
  endfacet
  facet normal 0.946915 0.321484 0
    outer loop
      vertex 48.4294 -16.6506 2.5
      vertex 48.3579 -16.44 0
      vertex 48.3579 -16.44 2.5
    endloop
  endfacet
  facet normal 0.946915 0.321484 0
    outer loop
      vertex 48.3579 -16.44 0
      vertex 48.4294 -16.6506 2.5
      vertex 48.4294 -16.6506 0
    endloop
  endfacet
  facet normal 0.997872 0.0652057 0
    outer loop
      vertex 48.3145 -16.2219 2.5
      vertex 48.3 -16 0
      vertex 48.3 -16 2.5
    endloop
  endfacet
  facet normal 0.997872 0.0652057 0
    outer loop
      vertex 48.3 -16 0
      vertex 48.3145 -16.2219 2.5
      vertex 48.3145 -16.2219 0
    endloop
  endfacet
  facet normal 0.44253 -0.896754 0
    outer loop
      vertex 49.15 -14.5278 0
      vertex 49.3494 -14.4294 2.5
      vertex 49.15 -14.5278 2.5
    endloop
  endfacet
  facet normal 0.44253 -0.896754 0
    outer loop
      vertex 49.3494 -14.4294 2.5
      vertex 49.15 -14.5278 0
      vertex 49.3494 -14.4294 0
    endloop
  endfacet
  facet normal 0.44253 0.896754 -0
    outer loop
      vertex 49.3494 -17.5706 0
      vertex 49.15 -17.4722 2.5
      vertex 49.3494 -17.5706 2.5
    endloop
  endfacet
  facet normal 0.44253 0.896754 0
    outer loop
      vertex 49.15 -17.4722 2.5
      vertex 49.3494 -17.5706 0
      vertex 49.15 -17.4722 0
    endloop
  endfacet
  facet normal 0.831566 0.555426 0
    outer loop
      vertex 48.6513 -17.0349 2.5
      vertex 48.5278 -16.85 0
      vertex 48.5278 -16.85 2.5
    endloop
  endfacet
  facet normal 0.831566 0.555426 0
    outer loop
      vertex 48.5278 -16.85 0
      vertex 48.6513 -17.0349 2.5
      vertex 48.6513 -17.0349 0
    endloop
  endfacet
  facet normal 0.98077 0.195165 0
    outer loop
      vertex 48.3579 -16.44 2.5
      vertex 48.3145 -16.2219 0
      vertex 48.3145 -16.2219 2.5
    endloop
  endfacet
  facet normal 0.98077 0.195165 0
    outer loop
      vertex 48.3145 -16.2219 0
      vertex 48.3579 -16.44 2.5
      vertex 48.3579 -16.44 0
    endloop
  endfacet
  facet normal -0.896789 -0.442459 0
    outer loop
      vertex -63.0594 6.30056 0
      vertex -63.1578 6.5 2.5
      vertex -63.1578 6.5 0
    endloop
  endfacet
  facet normal -0.896789 -0.442459 0
    outer loop
      vertex -63.1578 6.5 2.5
      vertex -63.0594 6.30056 0
      vertex -63.0594 6.30056 2.5
    endloop
  endfacet
  facet normal -0.831552 -0.555447 0
    outer loop
      vertex -63.1578 6.5 0
      vertex -63.2813 6.68489 2.5
      vertex -63.2813 6.68489 0
    endloop
  endfacet
  facet normal -0.831552 -0.555447 0
    outer loop
      vertex -63.2813 6.68489 2.5
      vertex -63.1578 6.5 0
      vertex -63.1578 6.5 2.5
    endloop
  endfacet
  facet normal -0.321363 -0.946956 0
    outer loop
      vertex -64.19 7.29207 0
      vertex -63.9794 7.2206 2.5
      vertex -64.19 7.29207 2.5
    endloop
  endfacet
  facet normal -0.321363 -0.946956 -0
    outer loop
      vertex -63.9794 7.2206 2.5
      vertex -64.19 7.29207 0
      vertex -63.9794 7.2206 0
    endloop
  endfacet
  facet normal 0.442386 -0.896825 0
    outer loop
      vertex -65.48 7.12224 0
      vertex -65.2806 7.2206 2.5
      vertex -65.48 7.12224 2.5
    endloop
  endfacet
  facet normal 0.442386 -0.896825 0
    outer loop
      vertex -65.2806 7.2206 2.5
      vertex -65.48 7.12224 0
      vertex -65.2806 7.2206 0
    endloop
  endfacet
  facet normal 0.946901 -0.321525 0
    outer loop
      vertex -66.2721 6.08999 2.5
      vertex -66.2006 6.30056 0
      vertex -66.2006 6.30056 2.5
    endloop
  endfacet
  facet normal 0.946901 -0.321525 0
    outer loop
      vertex -66.2006 6.30056 0
      vertex -66.2721 6.08999 2.5
      vertex -66.2721 6.08999 0
    endloop
  endfacet
  facet normal -0.0653848 -0.99786 0
    outer loop
      vertex -64.63 7.35 0
      vertex -64.4081 7.33546 2.5
      vertex -64.63 7.35 2.5
    endloop
  endfacet
  facet normal -0.0653848 -0.99786 -0
    outer loop
      vertex -64.4081 7.33546 2.5
      vertex -64.63 7.35 0
      vertex -64.4081 7.33546 0
    endloop
  endfacet
  facet normal -0.555551 -0.831483 0
    outer loop
      vertex -63.78 7.12224 0
      vertex -63.5951 6.9987 2.5
      vertex -63.78 7.12224 2.5
    endloop
  endfacet
  facet normal -0.555551 -0.831483 -0
    outer loop
      vertex -63.5951 6.9987 2.5
      vertex -63.78 7.12224 0
      vertex -63.5951 6.9987 0
    endloop
  endfacet
  facet normal 0.997872 -0.0652086 0
    outer loop
      vertex -66.33 5.65 2.5
      vertex -66.3155 5.87189 0
      vertex -66.3155 5.87189 2.5
    endloop
  endfacet
  facet normal 0.997872 -0.0652086 0
    outer loop
      vertex -66.3155 5.87189 0
      vertex -66.33 5.65 2.5
      vertex -66.33 5.65 0
    endloop
  endfacet
  facet normal 0.831552 -0.555447 0
    outer loop
      vertex -66.1022 6.5 2.5
      vertex -65.9787 6.68489 0
      vertex -65.9787 6.68489 2.5
    endloop
  endfacet
  facet normal 0.831552 -0.555447 0
    outer loop
      vertex -65.9787 6.68489 0
      vertex -66.1022 6.5 2.5
      vertex -66.1022 6.5 0
    endloop
  endfacet
  facet normal 0.195122 -0.980779 0
    outer loop
      vertex -65.07 7.29207 0
      vertex -64.8519 7.33546 2.5
      vertex -65.07 7.29207 2.5
    endloop
  endfacet
  facet normal 0.195122 -0.980779 0
    outer loop
      vertex -64.8519 7.33546 2.5
      vertex -65.07 7.29207 0
      vertex -64.8519 7.33546 0
    endloop
  endfacet
  facet normal 0.751888 -0.659291 0
    outer loop
      vertex -65.9787 6.68489 2.5
      vertex -65.8321 6.85208 0
      vertex -65.8321 6.85208 2.5
    endloop
  endfacet
  facet normal 0.751888 -0.659291 0
    outer loop
      vertex -65.8321 6.85208 0
      vertex -65.9787 6.68489 2.5
      vertex -65.9787 6.68489 0
    endloop
  endfacet
  facet normal -0.946886 -0.321569 0
    outer loop
      vertex -63.0511 6.27612 0
      vertex -63.0594 6.30056 2.5
      vertex -63.0594 6.30056 0
    endloop
  endfacet
  facet normal -0.946886 -0.321569 0
    outer loop
      vertex -63.0594 6.30056 2.5
      vertex -63.0511 6.27612 0
      vertex -63.0511 6.27612 2.5
    endloop
  endfacet
  facet normal -0.659319 -0.751863 0
    outer loop
      vertex -63.5951 6.9987 0
      vertex -63.4279 6.85208 2.5
      vertex -63.5951 6.9987 2.5
    endloop
  endfacet
  facet normal -0.659319 -0.751863 -0
    outer loop
      vertex -63.4279 6.85208 2.5
      vertex -63.5951 6.9987 0
      vertex -63.4279 6.85208 0
    endloop
  endfacet
  facet normal -0.751888 -0.659291 0
    outer loop
      vertex -63.2813 6.68489 0
      vertex -63.4279 6.85208 2.5
      vertex -63.4279 6.85208 0
    endloop
  endfacet
  facet normal -0.751888 -0.659291 0
    outer loop
      vertex -63.4279 6.85208 2.5
      vertex -63.2813 6.68489 0
      vertex -63.2813 6.68489 2.5
    endloop
  endfacet
  facet normal 0.0653848 -0.99786 0
    outer loop
      vertex -64.8519 7.33546 0
      vertex -64.63 7.35 2.5
      vertex -64.8519 7.33546 2.5
    endloop
  endfacet
  facet normal 0.0653848 -0.99786 0
    outer loop
      vertex -64.63 7.35 2.5
      vertex -64.8519 7.33546 0
      vertex -64.63 7.35 0
    endloop
  endfacet
  facet normal -0.195122 -0.980779 0
    outer loop
      vertex -64.4081 7.33546 0
      vertex -64.19 7.29207 2.5
      vertex -64.4081 7.33546 2.5
    endloop
  endfacet
  facet normal -0.195122 -0.980779 -0
    outer loop
      vertex -64.19 7.29207 2.5
      vertex -64.4081 7.33546 0
      vertex -64.19 7.29207 0
    endloop
  endfacet
  facet normal -0.442386 -0.896825 0
    outer loop
      vertex -63.9794 7.2206 0
      vertex -63.78 7.12224 2.5
      vertex -63.9794 7.2206 2.5
    endloop
  endfacet
  facet normal -0.442386 -0.896825 -0
    outer loop
      vertex -63.78 7.12224 2.5
      vertex -63.9794 7.2206 0
      vertex -63.78 7.12224 0
    endloop
  endfacet
  facet normal 0.98077 -0.195165 0
    outer loop
      vertex -66.3155 5.87189 2.5
      vertex -66.2721 6.08999 0
      vertex -66.2721 6.08999 2.5
    endloop
  endfacet
  facet normal 0.98077 -0.195165 0
    outer loop
      vertex -66.2721 6.08999 0
      vertex -66.3155 5.87189 2.5
      vertex -66.3155 5.87189 0
    endloop
  endfacet
  facet normal 0.896789 -0.442459 0
    outer loop
      vertex -66.2006 6.30056 2.5
      vertex -66.1022 6.5 0
      vertex -66.1022 6.5 2.5
    endloop
  endfacet
  facet normal 0.896789 -0.442459 0
    outer loop
      vertex -66.1022 6.5 0
      vertex -66.2006 6.30056 2.5
      vertex -66.2006 6.30056 0
    endloop
  endfacet
  facet normal 0.321363 -0.946956 0
    outer loop
      vertex -65.2806 7.2206 0
      vertex -65.07 7.29207 2.5
      vertex -65.2806 7.2206 2.5
    endloop
  endfacet
  facet normal 0.321363 -0.946956 0
    outer loop
      vertex -65.07 7.29207 2.5
      vertex -65.2806 7.2206 0
      vertex -65.07 7.29207 0
    endloop
  endfacet
  facet normal 0.659319 -0.751863 0
    outer loop
      vertex -65.8321 6.85208 0
      vertex -65.6649 6.9987 2.5
      vertex -65.8321 6.85208 2.5
    endloop
  endfacet
  facet normal 0.659319 -0.751863 0
    outer loop
      vertex -65.6649 6.9987 2.5
      vertex -65.8321 6.85208 0
      vertex -65.6649 6.9987 0
    endloop
  endfacet
  facet normal 0.555551 -0.831483 0
    outer loop
      vertex -65.6649 6.9987 0
      vertex -65.48 7.12224 2.5
      vertex -65.6649 6.9987 2.5
    endloop
  endfacet
  facet normal 0.555551 -0.831483 0
    outer loop
      vertex -65.48 7.12224 2.5
      vertex -65.6649 6.9987 0
      vertex -65.48 7.12224 0
    endloop
  endfacet
  facet normal 0.946901 0.321525 0
    outer loop
      vertex -66.2006 4.99944 2.5
      vertex -66.2721 5.21001 0
      vertex -66.2721 5.21001 2.5
    endloop
  endfacet
  facet normal 0.946901 0.321525 0
    outer loop
      vertex -66.2721 5.21001 0
      vertex -66.2006 4.99944 2.5
      vertex -66.2006 4.99944 0
    endloop
  endfacet
  facet normal 0.896789 0.442459 0
    outer loop
      vertex -66.1022 4.8 2.5
      vertex -66.2006 4.99944 0
      vertex -66.2006 4.99944 2.5
    endloop
  endfacet
  facet normal 0.896789 0.442459 0
    outer loop
      vertex -66.2006 4.99944 0
      vertex -66.1022 4.8 2.5
      vertex -66.1022 4.8 0
    endloop
  endfacet
  facet normal 0.195122 0.980779 -0
    outer loop
      vertex -64.8519 3.96454 0
      vertex -65.07 4.00793 2.5
      vertex -64.8519 3.96454 2.5
    endloop
  endfacet
  facet normal 0.195122 0.980779 0
    outer loop
      vertex -65.07 4.00793 2.5
      vertex -64.8519 3.96454 0
      vertex -65.07 4.00793 0
    endloop
  endfacet
  facet normal 0.997872 0.0652086 0
    outer loop
      vertex -66.3155 5.42811 2.5
      vertex -66.33 5.65 0
      vertex -66.33 5.65 2.5
    endloop
  endfacet
  facet normal 0.997872 0.0652086 0
    outer loop
      vertex -66.33 5.65 0
      vertex -66.3155 5.42811 2.5
      vertex -66.3155 5.42811 0
    endloop
  endfacet
  facet normal 0.321363 0.946956 -0
    outer loop
      vertex -65.07 4.00793 0
      vertex -65.2806 4.0794 2.5
      vertex -65.07 4.00793 2.5
    endloop
  endfacet
  facet normal 0.321363 0.946956 0
    outer loop
      vertex -65.2806 4.0794 2.5
      vertex -65.07 4.00793 0
      vertex -65.2806 4.0794 0
    endloop
  endfacet
  facet normal 0.0653863 0.99786 -0
    outer loop
      vertex -64.7028 3.95477 0
      vertex -64.8519 3.96454 2.5
      vertex -64.7028 3.95477 2.5
    endloop
  endfacet
  facet normal 0.0653863 0.99786 0
    outer loop
      vertex -64.8519 3.96454 2.5
      vertex -64.7028 3.95477 0
      vertex -64.8519 3.96454 0
    endloop
  endfacet
  facet normal 0.751888 0.659291 0
    outer loop
      vertex -65.8321 4.44792 2.5
      vertex -65.9787 4.61511 0
      vertex -65.9787 4.61511 2.5
    endloop
  endfacet
  facet normal 0.751888 0.659291 0
    outer loop
      vertex -65.9787 4.61511 0
      vertex -65.8321 4.44792 2.5
      vertex -65.8321 4.44792 0
    endloop
  endfacet
  facet normal 0.659319 0.751863 -0
    outer loop
      vertex -65.6649 4.3013 0
      vertex -65.8321 4.44792 2.5
      vertex -65.6649 4.3013 2.5
    endloop
  endfacet
  facet normal 0.659319 0.751863 0
    outer loop
      vertex -65.8321 4.44792 2.5
      vertex -65.6649 4.3013 0
      vertex -65.8321 4.44792 0
    endloop
  endfacet
  facet normal 0.98077 0.195165 0
    outer loop
      vertex -66.2721 5.21001 2.5
      vertex -66.3155 5.42811 0
      vertex -66.3155 5.42811 2.5
    endloop
  endfacet
  facet normal 0.98077 0.195165 0
    outer loop
      vertex -66.3155 5.42811 0
      vertex -66.2721 5.21001 2.5
      vertex -66.2721 5.21001 0
    endloop
  endfacet
  facet normal 0.555551 0.831483 -0
    outer loop
      vertex -65.48 4.17776 0
      vertex -65.6649 4.3013 2.5
      vertex -65.48 4.17776 2.5
    endloop
  endfacet
  facet normal 0.555551 0.831483 0
    outer loop
      vertex -65.6649 4.3013 2.5
      vertex -65.48 4.17776 0
      vertex -65.6649 4.3013 0
    endloop
  endfacet
  facet normal 0.831552 0.555447 0
    outer loop
      vertex -65.9787 4.61511 2.5
      vertex -66.1022 4.8 0
      vertex -66.1022 4.8 2.5
    endloop
  endfacet
  facet normal 0.831552 0.555447 0
    outer loop
      vertex -66.1022 4.8 0
      vertex -65.9787 4.61511 2.5
      vertex -65.9787 4.61511 0
    endloop
  endfacet
  facet normal 0.442386 0.896825 -0
    outer loop
      vertex -65.2806 4.0794 0
      vertex -65.48 4.17776 2.5
      vertex -65.2806 4.0794 2.5
    endloop
  endfacet
  facet normal 0.442386 0.896825 0
    outer loop
      vertex -65.48 4.17776 2.5
      vertex -65.2806 4.0794 0
      vertex -65.48 4.17776 0
    endloop
  endfacet
  facet normal -0.997872 -0.0652086 0
    outer loop
      vertex 63.27 5.65 0
      vertex 63.2555 5.87189 2.5
      vertex 63.2555 5.87189 0
    endloop
  endfacet
  facet normal -0.997872 -0.0652086 0
    outer loop
      vertex 63.2555 5.87189 2.5
      vertex 63.27 5.65 0
      vertex 63.27 5.65 2.5
    endloop
  endfacet
  facet normal 0.0653848 -0.99786 0
    outer loop
      vertex 61.3481 7.33546 0
      vertex 61.57 7.35 2.5
      vertex 61.3481 7.33546 2.5
    endloop
  endfacet
  facet normal 0.0653848 -0.99786 0
    outer loop
      vertex 61.57 7.35 2.5
      vertex 61.3481 7.33546 0
      vertex 61.57 7.35 0
    endloop
  endfacet
  facet normal -0.659319 -0.751863 0
    outer loop
      vertex 62.6049 6.9987 0
      vertex 62.7721 6.85208 2.5
      vertex 62.6049 6.9987 2.5
    endloop
  endfacet
  facet normal -0.659319 -0.751863 -0
    outer loop
      vertex 62.7721 6.85208 2.5
      vertex 62.6049 6.9987 0
      vertex 62.7721 6.85208 0
    endloop
  endfacet
  facet normal 0.442386 -0.896825 0
    outer loop
      vertex 60.72 7.12224 0
      vertex 60.9194 7.2206 2.5
      vertex 60.72 7.12224 2.5
    endloop
  endfacet
  facet normal 0.442386 -0.896825 0
    outer loop
      vertex 60.9194 7.2206 2.5
      vertex 60.72 7.12224 0
      vertex 60.9194 7.2206 0
    endloop
  endfacet
  facet normal -0.831552 0.555447 0
    outer loop
      vertex 62.9187 4.61511 0
      vertex 63.0422 4.8 2.5
      vertex 63.0422 4.8 0
    endloop
  endfacet
  facet normal -0.831552 0.555447 0
    outer loop
      vertex 63.0422 4.8 2.5
      vertex 62.9187 4.61511 0
      vertex 62.9187 4.61511 2.5
    endloop
  endfacet
  facet normal -0.896789 -0.442459 0
    outer loop
      vertex 63.1406 6.30056 0
      vertex 63.0422 6.5 2.5
      vertex 63.0422 6.5 0
    endloop
  endfacet
  facet normal -0.896789 -0.442459 0
    outer loop
      vertex 63.0422 6.5 2.5
      vertex 63.1406 6.30056 0
      vertex 63.1406 6.30056 2.5
    endloop
  endfacet
  facet normal -0.98077 -0.195165 0
    outer loop
      vertex 63.2555 5.87189 0
      vertex 63.2121 6.08999 2.5
      vertex 63.2121 6.08999 0
    endloop
  endfacet
  facet normal -0.98077 -0.195165 0
    outer loop
      vertex 63.2121 6.08999 2.5
      vertex 63.2555 5.87189 0
      vertex 63.2555 5.87189 2.5
    endloop
  endfacet
  facet normal -0.321363 -0.946956 0
    outer loop
      vertex 62.01 7.29207 0
      vertex 62.2206 7.2206 2.5
      vertex 62.01 7.29207 2.5
    endloop
  endfacet
  facet normal -0.321363 -0.946956 -0
    outer loop
      vertex 62.2206 7.2206 2.5
      vertex 62.01 7.29207 0
      vertex 62.2206 7.2206 0
    endloop
  endfacet
  facet normal -0.195122 -0.980779 0
    outer loop
      vertex 61.7919 7.33546 0
      vertex 62.01 7.29207 2.5
      vertex 61.7919 7.33546 2.5
    endloop
  endfacet
  facet normal -0.195122 -0.980779 -0
    outer loop
      vertex 62.01 7.29207 2.5
      vertex 61.7919 7.33546 0
      vertex 62.01 7.29207 0
    endloop
  endfacet
  facet normal -0.555551 -0.831483 0
    outer loop
      vertex 62.42 7.12224 0
      vertex 62.6049 6.9987 2.5
      vertex 62.42 7.12224 2.5
    endloop
  endfacet
  facet normal -0.555551 -0.831483 -0
    outer loop
      vertex 62.6049 6.9987 2.5
      vertex 62.42 7.12224 0
      vertex 62.6049 6.9987 0
    endloop
  endfacet
  facet normal 0.555319 -0.831637 0
    outer loop
      vertex 60.6921 7.10361 0
      vertex 60.72 7.12224 2.5
      vertex 60.6921 7.10361 2.5
    endloop
  endfacet
  facet normal 0.555319 -0.831637 0
    outer loop
      vertex 60.72 7.12224 2.5
      vertex 60.6921 7.10361 0
      vertex 60.72 7.12224 0
    endloop
  endfacet
  facet normal 0.195122 -0.980779 0
    outer loop
      vertex 61.13 7.29207 0
      vertex 61.3481 7.33546 2.5
      vertex 61.13 7.29207 2.5
    endloop
  endfacet
  facet normal 0.195122 -0.980779 0
    outer loop
      vertex 61.3481 7.33546 2.5
      vertex 61.13 7.29207 0
      vertex 61.3481 7.33546 0
    endloop
  endfacet
  facet normal -0.98077 0.195165 0
    outer loop
      vertex 63.2121 5.21001 0
      vertex 63.2555 5.42811 2.5
      vertex 63.2555 5.42811 0
    endloop
  endfacet
  facet normal -0.98077 0.195165 0
    outer loop
      vertex 63.2555 5.42811 2.5
      vertex 63.2121 5.21001 0
      vertex 63.2121 5.21001 2.5
    endloop
  endfacet
  facet normal -0.44256 0.896739 0
    outer loop
      vertex 62.42 4.17776 0
      vertex 62.3459 4.14119 2.5
      vertex 62.42 4.17776 2.5
    endloop
  endfacet
  facet normal -0.44256 0.896739 0
    outer loop
      vertex 62.3459 4.14119 2.5
      vertex 62.42 4.17776 0
      vertex 62.3459 4.14119 0
    endloop
  endfacet
  facet normal -0.946901 -0.321525 0
    outer loop
      vertex 63.2121 6.08999 0
      vertex 63.1406 6.30056 2.5
      vertex 63.1406 6.30056 0
    endloop
  endfacet
  facet normal -0.946901 -0.321525 0
    outer loop
      vertex 63.1406 6.30056 2.5
      vertex 63.2121 6.08999 0
      vertex 63.2121 6.08999 2.5
    endloop
  endfacet
  facet normal -0.751888 -0.659291 0
    outer loop
      vertex 62.9187 6.68489 0
      vertex 62.7721 6.85208 2.5
      vertex 62.7721 6.85208 0
    endloop
  endfacet
  facet normal -0.751888 -0.659291 0
    outer loop
      vertex 62.7721 6.85208 2.5
      vertex 62.9187 6.68489 0
      vertex 62.9187 6.68489 2.5
    endloop
  endfacet
  facet normal -0.831552 -0.555447 0
    outer loop
      vertex 63.0422 6.5 0
      vertex 62.9187 6.68489 2.5
      vertex 62.9187 6.68489 0
    endloop
  endfacet
  facet normal -0.831552 -0.555447 0
    outer loop
      vertex 62.9187 6.68489 2.5
      vertex 63.0422 6.5 0
      vertex 63.0422 6.5 2.5
    endloop
  endfacet
  facet normal -0.0653848 -0.99786 0
    outer loop
      vertex 61.57 7.35 0
      vertex 61.7919 7.33546 2.5
      vertex 61.57 7.35 2.5
    endloop
  endfacet
  facet normal -0.0653848 -0.99786 -0
    outer loop
      vertex 61.7919 7.33546 2.5
      vertex 61.57 7.35 0
      vertex 61.7919 7.33546 0
    endloop
  endfacet
  facet normal -0.442386 -0.896825 0
    outer loop
      vertex 62.2206 7.2206 0
      vertex 62.42 7.12224 2.5
      vertex 62.2206 7.2206 2.5
    endloop
  endfacet
  facet normal -0.442386 -0.896825 -0
    outer loop
      vertex 62.42 7.12224 2.5
      vertex 62.2206 7.2206 0
      vertex 62.42 7.12224 0
    endloop
  endfacet
  facet normal 0.321363 -0.946956 0
    outer loop
      vertex 60.9194 7.2206 0
      vertex 61.13 7.29207 2.5
      vertex 60.9194 7.2206 2.5
    endloop
  endfacet
  facet normal 0.321363 -0.946956 0
    outer loop
      vertex 61.13 7.29207 2.5
      vertex 60.9194 7.2206 0
      vertex 61.13 7.29207 0
    endloop
  endfacet
  facet normal -0.997872 0.0652086 0
    outer loop
      vertex 63.2555 5.42811 0
      vertex 63.27 5.65 2.5
      vertex 63.27 5.65 0
    endloop
  endfacet
  facet normal -0.997872 0.0652086 0
    outer loop
      vertex 63.27 5.65 2.5
      vertex 63.2555 5.42811 0
      vertex 63.2555 5.42811 2.5
    endloop
  endfacet
  facet normal -0.555551 0.831483 0
    outer loop
      vertex 62.6049 4.3013 0
      vertex 62.42 4.17776 2.5
      vertex 62.6049 4.3013 2.5
    endloop
  endfacet
  facet normal -0.555551 0.831483 0
    outer loop
      vertex 62.42 4.17776 2.5
      vertex 62.6049 4.3013 0
      vertex 62.42 4.17776 0
    endloop
  endfacet
  facet normal -0.751888 0.659291 0
    outer loop
      vertex 62.7721 4.44792 0
      vertex 62.9187 4.61511 2.5
      vertex 62.9187 4.61511 0
    endloop
  endfacet
  facet normal -0.751888 0.659291 0
    outer loop
      vertex 62.9187 4.61511 2.5
      vertex 62.7721 4.44792 0
      vertex 62.7721 4.44792 2.5
    endloop
  endfacet
  facet normal -0.896789 0.442459 0
    outer loop
      vertex 63.0422 4.8 0
      vertex 63.1406 4.99944 2.5
      vertex 63.1406 4.99944 0
    endloop
  endfacet
  facet normal -0.896789 0.442459 0
    outer loop
      vertex 63.1406 4.99944 2.5
      vertex 63.0422 4.8 0
      vertex 63.0422 4.8 2.5
    endloop
  endfacet
  facet normal -0.659319 0.751863 0
    outer loop
      vertex 62.7721 4.44792 0
      vertex 62.6049 4.3013 2.5
      vertex 62.7721 4.44792 2.5
    endloop
  endfacet
  facet normal -0.659319 0.751863 0
    outer loop
      vertex 62.6049 4.3013 2.5
      vertex 62.7721 4.44792 0
      vertex 62.6049 4.3013 0
    endloop
  endfacet
  facet normal -0.946901 0.321525 0
    outer loop
      vertex 63.1406 4.99944 0
      vertex 63.2121 5.21001 2.5
      vertex 63.2121 5.21001 0
    endloop
  endfacet
  facet normal -0.946901 0.321525 0
    outer loop
      vertex 63.2121 5.21001 2.5
      vertex 63.1406 4.99944 0
      vertex 63.1406 4.99944 2.5
    endloop
  endfacet
endsolid OpenSCAD_Model
