solid OpenSCAD_Model
  facet normal -0.946944 -0.3214 0
    outer loop
      vertex -97.4672 -54.6788 0
      vertex -97.7615 -53.8117 4
      vertex -97.7615 -53.8117 0
    endloop
  endfacet
  facet normal -0.946944 -0.3214 0
    outer loop
      vertex -97.7615 -53.8117 4
      vertex -97.4672 -54.6788 0
      vertex -97.4672 -54.6788 4
    endloop
  endfacet
  facet normal -0.89686 -0.442314 0
    outer loop
      vertex -97.0622 -55.5 0
      vertex -97.4672 -54.6788 4
      vertex -97.4672 -54.6788 0
    endloop
  endfacet
  facet normal -0.89686 -0.442314 0
    outer loop
      vertex -97.4672 -54.6788 4
      vertex -97.0622 -55.5 0
      vertex -97.0622 -55.5 4
    endloop
  endfacet
  facet normal 0.946944 0.3214 0
    outer loop
      vertex 97.7615 53.8117 4
      vertex 97.4672 54.6788 0
      vertex 97.4672 54.6788 4
    endloop
  endfacet
  facet normal 0.946944 0.3214 0
    outer loop
      vertex 97.4672 54.6788 0
      vertex 97.7615 53.8117 4
      vertex 97.7615 53.8117 0
    endloop
  endfacet
  facet normal -0.659401 0.751791 0
    outer loop
      vertex -95.2613 57.5535 0
      vertex -95.9497 56.9497 4
      vertex -95.2613 57.5535 4
    endloop
  endfacet
  facet normal -0.659401 0.751791 0
    outer loop
      vertex -95.9497 56.9497 4
      vertex -95.2613 57.5535 0
      vertex -95.9497 56.9497 0
    endloop
  endfacet
  facet normal -0 0 -1
    outer loop
      vertex -66.1022 -32.7 0
      vertex -91.15 -52.5278 0
      vertex -66.2721 -32.29 0
    endloop
  endfacet
  facet normal 0 0 -1
    outer loop
      vertex -88 23 0
      vertex -90.3579 53.56 0
      vertex -90.3 54 0
    endloop
  endfacet
  facet normal -0 0 -1
    outer loop
      vertex -66.2721 -32.29 0
      vertex -91.15 -52.5278 0
      vertex -88 -23 0
    endloop
  endfacet
  facet normal 0 0 -1
    outer loop
      vertex -88 23 0
      vertex -90.5278 53.15 0
      vertex -90.3579 53.56 0
    endloop
  endfacet
  facet normal 0 0 -1
    outer loop
      vertex -91.56 -52.3579 0
      vertex -88 -23 0
      vertex -91.15 -52.5278 0
    endloop
  endfacet
  facet normal 0 0 -1
    outer loop
      vertex -88 23 0
      vertex -90.7979 52.7979 0
      vertex -90.5278 53.15 0
    endloop
  endfacet
  facet normal 0 0 -1
    outer loop
      vertex -92 -52.3 0
      vertex -88 -23 0
      vertex -91.56 -52.3579 0
    endloop
  endfacet
  facet normal 0 0 -1
    outer loop
      vertex -88 23 0
      vertex -91.15 52.5278 0
      vertex -90.7979 52.7979 0
    endloop
  endfacet
  facet normal 0 0 -1
    outer loop
      vertex -98 -52 0
      vertex -88 -23 0
      vertex -92 -52.3 0
    endloop
  endfacet
  facet normal 0 0 -1
    outer loop
      vertex -88 23 0
      vertex -91.56 52.3579 0
      vertex -91.15 52.5278 0
    endloop
  endfacet
  facet normal -0 0 -1
    outer loop
      vertex -88 -23 0
      vertex -98 -52 0
      vertex -88 23 0
    endloop
  endfacet
  facet normal 0 0 -1
    outer loop
      vertex -88 23 0
      vertex -92 52.3 0
      vertex -91.56 52.3579 0
    endloop
  endfacet
  facet normal 0 0 -1
    outer loop
      vertex -98 -52 0
      vertex -92 -52.3 0
      vertex -92.44 -52.3579 0
    endloop
  endfacet
  facet normal 0 0 -1
    outer loop
      vertex -98 52 0
      vertex -88 23 0
      vertex -98 -52 0
    endloop
  endfacet
  facet normal 0 0 -1
    outer loop
      vertex -98 -52 0
      vertex -92.44 -52.3579 0
      vertex -92.85 -52.5278 0
    endloop
  endfacet
  facet normal 0 0 -1
    outer loop
      vertex -88 23 0
      vertex -98 52 0
      vertex -92 52.3 0
    endloop
  endfacet
  facet normal 0 0 -1
    outer loop
      vertex -98 -52 0
      vertex -92.85 -52.5278 0
      vertex -93.2021 -52.7979 0
    endloop
  endfacet
  facet normal -0 0 -1
    outer loop
      vertex -92 52.3 0
      vertex -98 52 0
      vertex -92.44 52.3579 0
    endloop
  endfacet
  facet normal 0 0 -1
    outer loop
      vertex -98 -52 0
      vertex -93.2021 -52.7979 0
      vertex -93.4722 -53.15 0
    endloop
  endfacet
  facet normal -0 0 -1
    outer loop
      vertex -92.44 52.3579 0
      vertex -98 52 0
      vertex -92.85 52.5278 0
    endloop
  endfacet
  facet normal 0 0 -1
    outer loop
      vertex -97.9401 -52.9137 0
      vertex -93.4722 -53.15 0
      vertex -93.6421 -53.56 0
    endloop
  endfacet
  facet normal -0 0 -1
    outer loop
      vertex -92.85 52.5278 0
      vertex -98 52 0
      vertex -93.2021 52.7979 0
    endloop
  endfacet
  facet normal 0 0 -1
    outer loop
      vertex -97.7615 -53.8117 0
      vertex -93.6421 -53.56 0
      vertex -93.7 -54 0
    endloop
  endfacet
  facet normal -0 0 -1
    outer loop
      vertex -93.2021 52.7979 0
      vertex -98 52 0
      vertex -93.4722 53.15 0
    endloop
  endfacet
  facet normal 0 0 -1
    outer loop
      vertex -58.5 36 0
      vertex -62.9879 33.36 0
      vertex -62.93 33.8 0
    endloop
  endfacet
  facet normal 0 0 -1
    outer loop
      vertex -58.5 36 0
      vertex -63.1578 32.95 0
      vertex -62.9879 33.36 0
    endloop
  endfacet
  facet normal 0 0 -1
    outer loop
      vertex -60 23 0
      vertex -63.4279 32.5979 0
      vertex -63.1578 32.95 0
    endloop
  endfacet
  facet normal 0 0 -1
    outer loop
      vertex -60 23 0
      vertex -63.78 32.3278 0
      vertex -63.4279 32.5979 0
    endloop
  endfacet
  facet normal 0 0 -1
    outer loop
      vertex -60 23 0
      vertex -64.19 32.1579 0
      vertex -63.78 32.3278 0
    endloop
  endfacet
  facet normal 0 0 -1
    outer loop
      vertex -60 23 0
      vertex -64.63 32.1 0
      vertex -64.19 32.1579 0
    endloop
  endfacet
  facet normal 0 0 -1
    outer loop
      vertex -60 23 0
      vertex -65.07 32.1579 0
      vertex -64.63 32.1 0
    endloop
  endfacet
  facet normal 0 0 -1
    outer loop
      vertex -60 23 0
      vertex -65.48 32.3278 0
      vertex -65.07 32.1579 0
    endloop
  endfacet
  facet normal 0 0 -1
    outer loop
      vertex -88 23 0
      vertex -65.48 32.3278 0
      vertex -60 23 0
    endloop
  endfacet
  facet normal -0 0 -1
    outer loop
      vertex -65.48 32.3278 0
      vertex -88 23 0
      vertex -65.8321 32.5979 0
    endloop
  endfacet
  facet normal -0 0 -1
    outer loop
      vertex -66.2721 33.36 0
      vertex -88 23 0
      vertex -66.33 33.8 0
    endloop
  endfacet
  facet normal -0 0 -1
    outer loop
      vertex -66.1022 32.95 0
      vertex -88 23 0
      vertex -66.2721 33.36 0
    endloop
  endfacet
  facet normal -0 0 -1
    outer loop
      vertex -65.8321 32.5979 0
      vertex -88 23 0
      vertex -66.1022 32.95 0
    endloop
  endfacet
  facet normal 0 0 -1
    outer loop
      vertex 98 -52 0
      vertex 63.0422 -31 0
      vertex 98 52 0
    endloop
  endfacet
  facet normal 0 0 -1
    outer loop
      vertex 98 52 0
      vertex 63.2121 33.36 0
      vertex 63.27 33.8 0
    endloop
  endfacet
  facet normal 0 0 -1
    outer loop
      vertex 62.7721 -30.6479 0
      vertex 98 52 0
      vertex 63.0422 -31 0
    endloop
  endfacet
  facet normal 0 0 -1
    outer loop
      vertex 98 52 0
      vertex 63.0422 32.95 0
      vertex 63.2121 33.36 0
    endloop
  endfacet
  facet normal 0 0 -1
    outer loop
      vertex 62.7721 32.5979 0
      vertex 98 52 0
      vertex 62.7721 -30.6479 0
    endloop
  endfacet
  facet normal 0 0 -1
    outer loop
      vertex 98 52 0
      vertex 62.7721 32.5979 0
      vertex 63.0422 32.95 0
    endloop
  endfacet
  facet normal 0 0 -1
    outer loop
      vertex 62.42 -30.3778 0
      vertex 62.7721 32.5979 0
      vertex 62.7721 -30.6479 0
    endloop
  endfacet
  facet normal 0 0 -1
    outer loop
      vertex 62.42 -30.3778 0
      vertex 62.42 32.3278 0
      vertex 62.7721 32.5979 0
    endloop
  endfacet
  facet normal 0 0 -1
    outer loop
      vertex 62.01 -30.2079 0
      vertex 62.42 32.3278 0
      vertex 62.42 -30.3778 0
    endloop
  endfacet
  facet normal 0 0 -1
    outer loop
      vertex 62.01 -30.2079 0
      vertex 62.01 32.1579 0
      vertex 62.42 32.3278 0
    endloop
  endfacet
  facet normal 0 0 -1
    outer loop
      vertex 61.57 -30.15 0
      vertex 62.01 32.1579 0
      vertex 62.01 -30.2079 0
    endloop
  endfacet
  facet normal 0 0 -1
    outer loop
      vertex 61.57 -30.15 0
      vertex 61.57 32.1 0
      vertex 62.01 32.1579 0
    endloop
  endfacet
  facet normal 0 0 -1
    outer loop
      vertex 61.13 -30.2079 0
      vertex 61.57 32.1 0
      vertex 61.57 -30.15 0
    endloop
  endfacet
  facet normal 0 0 -1
    outer loop
      vertex 61.13 -30.2079 0
      vertex 61.13 32.1579 0
      vertex 61.57 32.1 0
    endloop
  endfacet
  facet normal 0 0 -1
    outer loop
      vertex 60.72 -30.3778 0
      vertex 61.13 32.1579 0
      vertex 61.13 -30.2079 0
    endloop
  endfacet
  facet normal 0 0 -1
    outer loop
      vertex 60.72 -30.3778 0
      vertex 60.72 32.3278 0
      vertex 61.13 32.1579 0
    endloop
  endfacet
  facet normal 0 0 -1
    outer loop
      vertex 60.3679 -30.6479 0
      vertex 60.72 32.3278 0
      vertex 60.72 -30.3778 0
    endloop
  endfacet
  facet normal 0 0 -1
    outer loop
      vertex 60.3679 -30.6479 0
      vertex 60.3679 32.5979 0
      vertex 60.72 32.3278 0
    endloop
  endfacet
  facet normal 0 0 -1
    outer loop
      vertex 55.5 -34 0
      vertex 60.3679 -30.6479 0
      vertex 60.0978 -31 0
    endloop
  endfacet
  facet normal -0 0 -1
    outer loop
      vertex 60.3679 -30.6479 0
      vertex 55.5 -34 0
      vertex 60.3679 32.5979 0
    endloop
  endfacet
  facet normal 0 0 -1
    outer loop
      vertex 55.5 -34 0
      vertex 60.0978 -31 0
      vertex 59.9279 -31.41 0
    endloop
  endfacet
  facet normal 0 0 -1
    outer loop
      vertex 55.5 36 0
      vertex 60.3679 32.5979 0
      vertex 55.5 -34 0
    endloop
  endfacet
  facet normal 0 0 -1
    outer loop
      vertex 55.5 -34 0
      vertex 59.9279 -31.41 0
      vertex 59.87 -31.85 0
    endloop
  endfacet
  facet normal 0 0 -1
    outer loop
      vertex 60.3679 32.5979 0
      vertex 55.5 36 0
      vertex 60.0978 32.95 0
    endloop
  endfacet
  facet normal 0 0 -1
    outer loop
      vertex 93.2021 -52.7979 0
      vertex 98 -52 0
      vertex 93.4722 -53.15 0
    endloop
  endfacet
  facet normal 0 0 -1
    outer loop
      vertex 98 52 0
      vertex 93.6421 53.56 0
      vertex 93.7 54 0
    endloop
  endfacet
  facet normal 0 0 -1
    outer loop
      vertex 92.85 -52.5278 0
      vertex 98 -52 0
      vertex 93.2021 -52.7979 0
    endloop
  endfacet
  facet normal 0 0 -1
    outer loop
      vertex 98 52 0
      vertex 93.4722 53.15 0
      vertex 93.6421 53.56 0
    endloop
  endfacet
  facet normal 0 0 -1
    outer loop
      vertex 92.44 -52.3579 0
      vertex 98 -52 0
      vertex 92.85 -52.5278 0
    endloop
  endfacet
  facet normal 0 0 -1
    outer loop
      vertex 98 52 0
      vertex 93.2021 52.7979 0
      vertex 93.4722 53.15 0
    endloop
  endfacet
  facet normal 0 0 -1
    outer loop
      vertex 92 -52.3 0
      vertex 98 -52 0
      vertex 92.44 -52.3579 0
    endloop
  endfacet
  facet normal 0 0 -1
    outer loop
      vertex 98 52 0
      vertex 92.85 52.5278 0
      vertex 93.2021 52.7979 0
    endloop
  endfacet
  facet normal 0 0 -1
    outer loop
      vertex 92 -52.3 0
      vertex 63.2121 -31.41 0
      vertex 98 -52 0
    endloop
  endfacet
  facet normal 0 0 -1
    outer loop
      vertex 98 52 0
      vertex 92.44 52.3579 0
      vertex 92.85 52.5278 0
    endloop
  endfacet
  facet normal 0 0 -1
    outer loop
      vertex 91.56 -52.3579 0
      vertex 63.2121 -31.41 0
      vertex 92 -52.3 0
    endloop
  endfacet
  facet normal 0 0 -1
    outer loop
      vertex 63.0422 -31 0
      vertex 98 -52 0
      vertex 63.2121 -31.41 0
    endloop
  endfacet
  facet normal 0 0 -1
    outer loop
      vertex 63.2121 -31.41 0
      vertex 91.56 -52.3579 0
      vertex 63.27 -31.85 0
    endloop
  endfacet
  facet normal 0 -0 -1
    outer loop
      vertex 92 52.3 0
      vertex 98 52 0
      vertex 63.27 33.8 0
    endloop
  endfacet
  facet normal 0 0 -1
    outer loop
      vertex 63.27 -31.85 0
      vertex 91.56 -52.3579 0
      vertex 91.15 -52.5278 0
    endloop
  endfacet
  facet normal 0 0 -1
    outer loop
      vertex 98 52 0
      vertex 92 52.3 0
      vertex 92.44 52.3579 0
    endloop
  endfacet
  facet normal 0 0 -1
    outer loop
      vertex 63.2121 -32.29 0
      vertex 91.15 -52.5278 0
      vertex 90.7979 -52.7979 0
    endloop
  endfacet
  facet normal -0 0 -1
    outer loop
      vertex 92 52.3 0
      vertex 63.27 33.8 0
      vertex 91.56 52.3579 0
    endloop
  endfacet
  facet normal 0 0 -1
    outer loop
      vertex 63.0422 -32.7 0
      vertex 90.7979 -52.7979 0
      vertex 90.5278 -53.15 0
    endloop
  endfacet
  facet normal -0 0 -1
    outer loop
      vertex 91.56 52.3579 0
      vertex 63.27 33.8 0
      vertex 91.15 52.5278 0
    endloop
  endfacet
  facet normal 0 0 -1
    outer loop
      vertex 62.7721 -33.0521 0
      vertex 90.5278 -53.15 0
      vertex 90.3579 -53.56 0
    endloop
  endfacet
  facet normal 0 0 -1
    outer loop
      vertex 63.2121 34.24 0
      vertex 91.15 52.5278 0
      vertex 63.27 33.8 0
    endloop
  endfacet
  facet normal 0 0 -1
    outer loop
      vertex 62.42 -33.3222 0
      vertex 90.3579 -53.56 0
      vertex 90.3 -54 0
    endloop
  endfacet
  facet normal -0 0 -1
    outer loop
      vertex 91.15 52.5278 0
      vertex 63.2121 34.24 0
      vertex 90.7979 52.7979 0
    endloop
  endfacet
  facet normal 0 0 -1
    outer loop
      vertex 97.7615 -53.8117 0
      vertex 93.6421 -53.56 0
      vertex 97.9401 -52.9137 0
    endloop
  endfacet
  facet normal 0 0 -1
    outer loop
      vertex 93.4722 -53.15 0
      vertex 97.9401 -52.9137 0
      vertex 93.6421 -53.56 0
    endloop
  endfacet
  facet normal 0 0 -1
    outer loop
      vertex 93.6421 -53.56 0
      vertex 97.7615 -53.8117 0
      vertex 93.7 -54 0
    endloop
  endfacet
  facet normal -0 0 -1
    outer loop
      vertex 97.9401 -52.9137 0
      vertex 93.4722 -53.15 0
      vertex 98 -52 0
    endloop
  endfacet
  facet normal 0 0 -1
    outer loop
      vertex 93.7 -54 0
      vertex 97.7615 -53.8117 0
      vertex 97.4672 -54.6788 0
    endloop
  endfacet
  facet normal 0 0 -1
    outer loop
      vertex 98 52 0
      vertex 93.7 54 0
      vertex 97.9401 52.9137 0
    endloop
  endfacet
  facet normal 0 0 -1
    outer loop
      vertex 93.7 -54 0
      vertex 97.4672 -54.6788 0
      vertex 97.0622 -55.5 0
    endloop
  endfacet
  facet normal 0 0 -1
    outer loop
      vertex 97.9401 52.9137 0
      vertex 93.7 54 0
      vertex 97.7615 53.8117 0
    endloop
  endfacet
  facet normal 0 0 -1
    outer loop
      vertex 93.6421 -54.44 0
      vertex 97.0622 -55.5 0
      vertex 96.5535 -56.2613 0
    endloop
  endfacet
  facet normal 0 0 -1
    outer loop
      vertex 97.7615 53.8117 0
      vertex 93.7 54 0
      vertex 97.4672 54.6788 0
    endloop
  endfacet
  facet normal 0 0 -1
    outer loop
      vertex 93.4722 -54.85 0
      vertex 96.5535 -56.2613 0
      vertex 95.9497 -56.9497 0
    endloop
  endfacet
  facet normal -0 0 -1
    outer loop
      vertex 97.4672 54.6788 0
      vertex 93.7 54 0
      vertex 97.0622 55.5 0
    endloop
  endfacet
  facet normal 0 0 -1
    outer loop
      vertex 93.2021 -55.2021 0
      vertex 95.9497 -56.9497 0
      vertex 95.2613 -57.5535 0
    endloop
  endfacet
  facet normal 0 0 -1
    outer loop
      vertex 93.6421 54.44 0
      vertex 97.0622 55.5 0
      vertex 93.7 54 0
    endloop
  endfacet
  facet normal 0 0 -1
    outer loop
      vertex 93.2021 -55.2021 0
      vertex 95.2613 -57.5535 0
      vertex 94.5 -58.0622 0
    endloop
  endfacet
  facet normal -0 0 -1
    outer loop
      vertex 97.0622 55.5 0
      vertex 93.6421 54.44 0
      vertex 96.5535 56.2613 0
    endloop
  endfacet
  facet normal 0 0 -1
    outer loop
      vertex 93.4722 54.85 0
      vertex 96.5535 56.2613 0
      vertex 93.6421 54.44 0
    endloop
  endfacet
  facet normal 0 0 -1
    outer loop
      vertex 92.85 -55.4722 0
      vertex 94.5 -58.0622 0
      vertex 93.6788 -58.4672 0
    endloop
  endfacet
  facet normal 0 0 -1
    outer loop
      vertex 97.0622 -55.5 0
      vertex 93.6421 -54.44 0
      vertex 93.7 -54 0
    endloop
  endfacet
  facet normal 0 0 -1
    outer loop
      vertex 96.5535 -56.2613 0
      vertex 93.4722 -54.85 0
      vertex 93.6421 -54.44 0
    endloop
  endfacet
  facet normal 0 0 -1
    outer loop
      vertex 95.9497 -56.9497 0
      vertex 93.2021 -55.2021 0
      vertex 93.4722 -54.85 0
    endloop
  endfacet
  facet normal 0 0 -1
    outer loop
      vertex 94.5 -58.0622 0
      vertex 92.85 -55.4722 0
      vertex 93.2021 -55.2021 0
    endloop
  endfacet
  facet normal 0 0 -1
    outer loop
      vertex 92.44 -55.6421 0
      vertex 93.6788 -58.4672 0
      vertex 92.8117 -58.7615 0
    endloop
  endfacet
  facet normal 0 0 -1
    outer loop
      vertex 93.6788 -58.4672 0
      vertex 92.44 -55.6421 0
      vertex 92.85 -55.4722 0
    endloop
  endfacet
  facet normal 0 0 -1
    outer loop
      vertex 92.8117 -58.7615 0
      vertex 92 -55.7 0
      vertex 92.44 -55.6421 0
    endloop
  endfacet
  facet normal 0 0 -1
    outer loop
      vertex 91.9137 -58.9401 0
      vertex 92 -55.7 0
      vertex 92.8117 -58.7615 0
    endloop
  endfacet
  facet normal 0 0 -1
    outer loop
      vertex 91.9137 -58.9401 0
      vertex 91.56 -55.6421 0
      vertex 92 -55.7 0
    endloop
  endfacet
  facet normal 0 0 -1
    outer loop
      vertex 91 -59 0
      vertex 91.56 -55.6421 0
      vertex 91.9137 -58.9401 0
    endloop
  endfacet
  facet normal -0 0 -1
    outer loop
      vertex 91.56 -55.6421 0
      vertex 91 -59 0
      vertex 91.15 -55.4722 0
    endloop
  endfacet
  facet normal 0 0 -1
    outer loop
      vertex 91 -59 0
      vertex 90.7979 -55.2021 0
      vertex 91.15 -55.4722 0
    endloop
  endfacet
  facet normal 0 0 -1
    outer loop
      vertex 91 -59 0
      vertex 90.5278 -54.85 0
      vertex 90.7979 -55.2021 0
    endloop
  endfacet
  facet normal 0 0 -1
    outer loop
      vertex 91 -59 0
      vertex 90.3579 -54.44 0
      vertex 90.5278 -54.85 0
    endloop
  endfacet
  facet normal 0 0 -1
    outer loop
      vertex 63.0422 34.65 0
      vertex 90.7979 52.7979 0
      vertex 63.2121 34.24 0
    endloop
  endfacet
  facet normal 0 0 -1
    outer loop
      vertex 43.8978 -50.7765 0
      vertex 90.3 -54 0
      vertex 90.3579 -54.44 0
    endloop
  endfacet
  facet normal 0 0 -1
    outer loop
      vertex 43.7716 -51.148 0
      vertex 90.3579 -54.44 0
      vertex 91 -59 0
    endloop
  endfacet
  facet normal 0 0 -1
    outer loop
      vertex 91.15 -52.5278 0
      vertex 63.2121 -32.29 0
      vertex 63.27 -31.85 0
    endloop
  endfacet
  facet normal 0 0 -1
    outer loop
      vertex 90.7979 -52.7979 0
      vertex 63.0422 -32.7 0
      vertex 63.2121 -32.29 0
    endloop
  endfacet
  facet normal 0 0 -1
    outer loop
      vertex 90.5278 -53.15 0
      vertex 62.7721 -33.0521 0
      vertex 63.0422 -32.7 0
    endloop
  endfacet
  facet normal 0 0 -1
    outer loop
      vertex 90.3579 -53.56 0
      vertex 62.42 -33.3222 0
      vertex 62.7721 -33.0521 0
    endloop
  endfacet
  facet normal 0 0 -1
    outer loop
      vertex 90.3 -54 0
      vertex 62.01 -33.4921 0
      vertex 62.42 -33.3222 0
    endloop
  endfacet
  facet normal 0 0 -1
    outer loop
      vertex 90.3 -54 0
      vertex 43.8978 -50.7765 0
      vertex 62.01 -33.4921 0
    endloop
  endfacet
  facet normal 0 -0 -1
    outer loop
      vertex 54 -36.5981 0
      vertex 62.01 -33.4921 0
      vertex 43.8978 -50.7765 0
    endloop
  endfacet
  facet normal 0 0 -1
    outer loop
      vertex 62.01 -33.4921 0
      vertex 54.3263 -36.3801 0
      vertex 61.57 -33.55 0
    endloop
  endfacet
  facet normal -0 0 -1
    outer loop
      vertex 61.57 -33.55 0
      vertex 54.6213 -36.1213 0
      vertex 61.13 -33.4921 0
    endloop
  endfacet
  facet normal 0 0 -1
    outer loop
      vertex 60.0978 32.95 0
      vertex 55.5 36 0
      vertex 59.9279 33.36 0
    endloop
  endfacet
  facet normal -0 0 -1
    outer loop
      vertex 59.9279 -32.29 0
      vertex 55.5 -34 0
      vertex 59.87 -31.85 0
    endloop
  endfacet
  facet normal -0 0 -1
    outer loop
      vertex 60.0978 -32.7 0
      vertex 55.5 -34 0
      vertex 59.9279 -32.29 0
    endloop
  endfacet
  facet normal 0 0 -1
    outer loop
      vertex 55.4743 -34.3916 0
      vertex 60.0978 -32.7 0
      vertex 60.3679 -33.0521 0
    endloop
  endfacet
  facet normal 0 -0 -1
    outer loop
      vertex 54.8801 -35.8263 0
      vertex 61.13 -33.4921 0
      vertex 54.6213 -36.1213 0
    endloop
  endfacet
  facet normal 0 0 -1
    outer loop
      vertex 60.0978 -32.7 0
      vertex 55.4743 -34.3916 0
      vertex 55.5 -34 0
    endloop
  endfacet
  facet normal 0 0 -1
    outer loop
      vertex 60.3679 -33.0521 0
      vertex 55.3978 -34.7765 0
      vertex 55.4743 -34.3916 0
    endloop
  endfacet
  facet normal -0 0 -1
    outer loop
      vertex 60.72 -33.3222 0
      vertex 55.3978 -34.7765 0
      vertex 60.3679 -33.0521 0
    endloop
  endfacet
  facet normal 0 -0 -1
    outer loop
      vertex 55.3978 -34.7765 0
      vertex 60.72 -33.3222 0
      vertex 55.2716 -35.148 0
    endloop
  endfacet
  facet normal 0 -0 -1
    outer loop
      vertex 55.2716 -35.148 0
      vertex 60.72 -33.3222 0
      vertex 55.0981 -35.5 0
    endloop
  endfacet
  facet normal -0 0 -1
    outer loop
      vertex 61.13 -33.4921 0
      vertex 55.0981 -35.5 0
      vertex 60.72 -33.3222 0
    endloop
  endfacet
  facet normal 0 -0 -1
    outer loop
      vertex 55.0981 -35.5 0
      vertex 61.13 -33.4921 0
      vertex 54.8801 -35.8263 0
    endloop
  endfacet
  facet normal 0 -0 -1
    outer loop
      vertex 54.6213 -36.1213 0
      vertex 61.57 -33.55 0
      vertex 54.3263 -36.3801 0
    endloop
  endfacet
  facet normal 0 -0 -1
    outer loop
      vertex 54.3263 -36.3801 0
      vertex 62.01 -33.4921 0
      vertex 54 -36.5981 0
    endloop
  endfacet
  facet normal 0 -0 -1
    outer loop
      vertex 43.9743 -50.3916 0
      vertex 54 -36.5981 0
      vertex 43.8978 -50.7765 0
    endloop
  endfacet
  facet normal 0 0 -1
    outer loop
      vertex 54 -36.5981 0
      vertex 43.9743 -50.3916 0
      vertex 53.648 -36.7716 0
    endloop
  endfacet
  facet normal 0 -0 -1
    outer loop
      vertex 44 -50 0
      vertex 53.648 -36.7716 0
      vertex 43.9743 -50.3916 0
    endloop
  endfacet
  facet normal 0 0 -1
    outer loop
      vertex 53.648 -36.7716 0
      vertex 44 -50 0
      vertex 53.2765 -36.8978 0
    endloop
  endfacet
  facet normal 0 0 -1
    outer loop
      vertex 52.8916 -36.9743 0
      vertex 44 -50 0
      vertex 52.5 -37 0
    endloop
  endfacet
  facet normal 0 0 -1
    outer loop
      vertex 53.2765 -36.8978 0
      vertex 44 -50 0
      vertex 52.8916 -36.9743 0
    endloop
  endfacet
  facet normal 0 0 -1
    outer loop
      vertex 90.3579 -54.44 0
      vertex 43.7716 -51.148 0
      vertex 43.8978 -50.7765 0
    endloop
  endfacet
  facet normal 0 0 -1
    outer loop
      vertex 91 -59 0
      vertex 43.5981 -51.5 0
      vertex 43.7716 -51.148 0
    endloop
  endfacet
  facet normal 0 0 -1
    outer loop
      vertex 91 -59 0
      vertex 43.3801 -51.8263 0
      vertex 43.5981 -51.5 0
    endloop
  endfacet
  facet normal 0 0 -1
    outer loop
      vertex 91 -59 0
      vertex 43.1213 -52.1213 0
      vertex 43.3801 -51.8263 0
    endloop
  endfacet
  facet normal 0 0 -1
    outer loop
      vertex 91 -59 0
      vertex 42.8263 -52.3801 0
      vertex 43.1213 -52.1213 0
    endloop
  endfacet
  facet normal 0 0 -1
    outer loop
      vertex 91 -59 0
      vertex 42.5 -52.5981 0
      vertex 42.8263 -52.3801 0
    endloop
  endfacet
  facet normal 0 0 -1
    outer loop
      vertex 91 -59 0
      vertex 42.148 -52.7716 0
      vertex 42.5 -52.5981 0
    endloop
  endfacet
  facet normal 0 0 -1
    outer loop
      vertex 91 -59 0
      vertex 41.7765 -52.8978 0
      vertex 42.148 -52.7716 0
    endloop
  endfacet
  facet normal 0 0 -1
    outer loop
      vertex 91 -59 0
      vertex 41.3916 -52.9743 0
      vertex 41.7765 -52.8978 0
    endloop
  endfacet
  facet normal 0 0 -1
    outer loop
      vertex 91 -59 0
      vertex 41 -53 0
      vertex 41.3916 -52.9743 0
    endloop
  endfacet
  facet normal 0 0 -1
    outer loop
      vertex 91 -59 0
      vertex -41 -53 0
      vertex 41 -53 0
    endloop
  endfacet
  facet normal 0 0 -1
    outer loop
      vertex -44 -50 0
      vertex -55.5 -37 0
      vertex -44 -37 0
    endloop
  endfacet
  facet normal 0 0 -1
    outer loop
      vertex -55.8916 -36.9743 0
      vertex -44 -50 0
      vertex -43.9743 -50.3916 0
    endloop
  endfacet
  facet normal 0 0 -1
    outer loop
      vertex -56.2765 -36.8978 0
      vertex -43.9743 -50.3916 0
      vertex -43.8978 -50.7765 0
    endloop
  endfacet
  facet normal 0 0 -1
    outer loop
      vertex -56.648 -36.7716 0
      vertex -43.8978 -50.7765 0
      vertex -43.7716 -51.148 0
    endloop
  endfacet
  facet normal 0 0 -1
    outer loop
      vertex -91 -59 0
      vertex -43.7716 -51.148 0
      vertex -43.5981 -51.5 0
    endloop
  endfacet
  facet normal 0 0 -1
    outer loop
      vertex -91 -59 0
      vertex -43.5981 -51.5 0
      vertex -43.3801 -51.8263 0
    endloop
  endfacet
  facet normal 0 0 -1
    outer loop
      vertex -44 -50 0
      vertex -55.8916 -36.9743 0
      vertex -55.5 -37 0
    endloop
  endfacet
  facet normal 0 0 -1
    outer loop
      vertex -43.9743 -50.3916 0
      vertex -56.2765 -36.8978 0
      vertex -55.8916 -36.9743 0
    endloop
  endfacet
  facet normal 0 0 -1
    outer loop
      vertex -43.8978 -50.7765 0
      vertex -56.648 -36.7716 0
      vertex -56.2765 -36.8978 0
    endloop
  endfacet
  facet normal 0 0 -1
    outer loop
      vertex -91 -59 0
      vertex -43.3801 -51.8263 0
      vertex -43.1213 -52.1213 0
    endloop
  endfacet
  facet normal -0 0 -1
    outer loop
      vertex -43.7716 -51.148 0
      vertex -90.3579 -54.44 0
      vertex -56.648 -36.7716 0
    endloop
  endfacet
  facet normal -0 0 -1
    outer loop
      vertex -56.648 -36.7716 0
      vertex -90.3579 -54.44 0
      vertex -57 -36.5981 0
    endloop
  endfacet
  facet normal 0 -0 -1
    outer loop
      vertex -90.3 -54 0
      vertex -57 -36.5981 0
      vertex -90.3579 -54.44 0
    endloop
  endfacet
  facet normal 0 0 -1
    outer loop
      vertex -60 23 0
      vertex -58.5 -34 0
      vertex -60 -23 0
    endloop
  endfacet
  facet normal 0 0 -1
    outer loop
      vertex -63.1578 -32.7 0
      vertex -58.5 -34 0
      vertex -58.4743 -34.3916 0
    endloop
  endfacet
  facet normal 0 0 -1
    outer loop
      vertex -58.5 -34 0
      vertex -62.93 -31.85 0
      vertex -62.9879 -31.41 0
    endloop
  endfacet
  facet normal 0 0 -1
    outer loop
      vertex -63.4279 -33.0521 0
      vertex -58.4743 -34.3916 0
      vertex -58.3978 -34.7765 0
    endloop
  endfacet
  facet normal 0 0 -1
    outer loop
      vertex -63.78 -33.3222 0
      vertex -58.3978 -34.7765 0
      vertex -58.2716 -35.148 0
    endloop
  endfacet
  facet normal 0 0 -1
    outer loop
      vertex -63.78 -33.3222 0
      vertex -58.2716 -35.148 0
      vertex -58.0981 -35.5 0
    endloop
  endfacet
  facet normal 0 0 -1
    outer loop
      vertex -64.19 -33.4921 0
      vertex -58.0981 -35.5 0
      vertex -57.8801 -35.8263 0
    endloop
  endfacet
  facet normal 0 0 -1
    outer loop
      vertex -64.19 -33.4921 0
      vertex -57.8801 -35.8263 0
      vertex -57.6213 -36.1213 0
    endloop
  endfacet
  facet normal 0 -0 -1
    outer loop
      vertex -65.07 -33.4921 0
      vertex -57 -36.5981 0
      vertex -90.3 -54 0
    endloop
  endfacet
  facet normal 0 0 -1
    outer loop
      vertex -58.5 -34 0
      vertex -62.9879 -32.29 0
      vertex -62.93 -31.85 0
    endloop
  endfacet
  facet normal 0 0 -1
    outer loop
      vertex -58.5 -34 0
      vertex -63.1578 -32.7 0
      vertex -62.9879 -32.29 0
    endloop
  endfacet
  facet normal 0 0 -1
    outer loop
      vertex -58.4743 -34.3916 0
      vertex -63.4279 -33.0521 0
      vertex -63.1578 -32.7 0
    endloop
  endfacet
  facet normal 0 0 -1
    outer loop
      vertex -58.3978 -34.7765 0
      vertex -63.78 -33.3222 0
      vertex -63.4279 -33.0521 0
    endloop
  endfacet
  facet normal 0 0 -1
    outer loop
      vertex -58.0981 -35.5 0
      vertex -64.19 -33.4921 0
      vertex -63.78 -33.3222 0
    endloop
  endfacet
  facet normal 0 0 -1
    outer loop
      vertex -57.6213 -36.1213 0
      vertex -64.63 -33.55 0
      vertex -64.19 -33.4921 0
    endloop
  endfacet
  facet normal 0 0 -1
    outer loop
      vertex -91 -59 0
      vertex -43.1213 -52.1213 0
      vertex -42.8263 -52.3801 0
    endloop
  endfacet
  facet normal 0 0 -1
    outer loop
      vertex -57 -36.5981 0
      vertex -65.07 -33.4921 0
      vertex -57.3263 -36.3801 0
    endloop
  endfacet
  facet normal -0 -0 -1
    outer loop
      vertex -64.63 -33.55 0
      vertex -57.3263 -36.3801 0
      vertex -65.07 -33.4921 0
    endloop
  endfacet
  facet normal 0 0 -1
    outer loop
      vertex -90.3579 -53.56 0
      vertex -65.07 -33.4921 0
      vertex -90.3 -54 0
    endloop
  endfacet
  facet normal 0 0 -1
    outer loop
      vertex -66.2721 -32.29 0
      vertex -88 -23 0
      vertex -66.33 -31.85 0
    endloop
  endfacet
  facet normal -0 0 -1
    outer loop
      vertex -65.8321 -33.0521 0
      vertex -90.7979 -52.7979 0
      vertex -66.1022 -32.7 0
    endloop
  endfacet
  facet normal 0 0 -1
    outer loop
      vertex -90.5278 -53.15 0
      vertex -65.48 -33.3222 0
      vertex -90.3579 -53.56 0
    endloop
  endfacet
  facet normal -0 0 -1
    outer loop
      vertex -65.07 -33.4921 0
      vertex -90.3579 -53.56 0
      vertex -65.48 -33.3222 0
    endloop
  endfacet
  facet normal 0 0 -1
    outer loop
      vertex -91 -59 0
      vertex -42.8263 -52.3801 0
      vertex -42.5 -52.5981 0
    endloop
  endfacet
  facet normal 0 0 -1
    outer loop
      vertex -90.7979 -52.7979 0
      vertex -65.8321 -33.0521 0
      vertex -90.5278 -53.15 0
    endloop
  endfacet
  facet normal -0 0 -1
    outer loop
      vertex -65.48 -33.3222 0
      vertex -90.5278 -53.15 0
      vertex -65.8321 -33.0521 0
    endloop
  endfacet
  facet normal 0 0 -1
    outer loop
      vertex -91 -59 0
      vertex -42.5 -52.5981 0
      vertex -42.148 -52.7716 0
    endloop
  endfacet
  facet normal 0 0 -1
    outer loop
      vertex -91 -59 0
      vertex -42.148 -52.7716 0
      vertex -41.7765 -52.8978 0
    endloop
  endfacet
  facet normal 0 0 -1
    outer loop
      vertex -91 -59 0
      vertex -41.7765 -52.8978 0
      vertex -41.3916 -52.9743 0
    endloop
  endfacet
  facet normal 0 0 -1
    outer loop
      vertex -91 -59 0
      vertex -41.3916 -52.9743 0
      vertex -41 -53 0
    endloop
  endfacet
  facet normal 0 0 -1
    outer loop
      vertex -91 -59 0
      vertex -41 -53 0
      vertex 91 -59 0
    endloop
  endfacet
  facet normal 0 0 -1
    outer loop
      vertex -57.3263 -36.3801 0
      vertex -64.63 -33.55 0
      vertex -57.6213 -36.1213 0
    endloop
  endfacet
  facet normal 0 0 -1
    outer loop
      vertex -43.7716 -51.148 0
      vertex -91 -59 0
      vertex -90.3579 -54.44 0
    endloop
  endfacet
  facet normal 0 0 -1
    outer loop
      vertex -90.3579 -54.44 0
      vertex -91 -59 0
      vertex -90.5278 -54.85 0
    endloop
  endfacet
  facet normal 0 0 -1
    outer loop
      vertex -90.5278 -54.85 0
      vertex -91 -59 0
      vertex -90.7979 -55.2021 0
    endloop
  endfacet
  facet normal 0 0 -1
    outer loop
      vertex -91 -59 0
      vertex -91.15 -55.4722 0
      vertex -90.7979 -55.2021 0
    endloop
  endfacet
  facet normal 0 0 -1
    outer loop
      vertex -91 -59 0
      vertex -91.56 -55.6421 0
      vertex -91.15 -55.4722 0
    endloop
  endfacet
  facet normal 0 0 -1
    outer loop
      vertex -91.9137 -58.9401 0
      vertex -91.56 -55.6421 0
      vertex -91 -59 0
    endloop
  endfacet
  facet normal 0 0 -1
    outer loop
      vertex -91.9137 -58.9401 0
      vertex -92 -55.7 0
      vertex -91.56 -55.6421 0
    endloop
  endfacet
  facet normal 0 0 -1
    outer loop
      vertex -92.8117 -58.7615 0
      vertex -92 -55.7 0
      vertex -91.9137 -58.9401 0
    endloop
  endfacet
  facet normal -0 0 -1
    outer loop
      vertex -92 -55.7 0
      vertex -92.8117 -58.7615 0
      vertex -92.44 -55.6421 0
    endloop
  endfacet
  facet normal 0 0 -1
    outer loop
      vertex -93.6788 -58.4672 0
      vertex -92.44 -55.6421 0
      vertex -92.8117 -58.7615 0
    endloop
  endfacet
  facet normal -0 0 -1
    outer loop
      vertex -92.44 -55.6421 0
      vertex -93.6788 -58.4672 0
      vertex -92.85 -55.4722 0
    endloop
  endfacet
  facet normal 0 0 -1
    outer loop
      vertex -94.5 -58.0622 0
      vertex -92.85 -55.4722 0
      vertex -93.6788 -58.4672 0
    endloop
  endfacet
  facet normal -0 0 -1
    outer loop
      vertex -92.85 -55.4722 0
      vertex -94.5 -58.0622 0
      vertex -93.2021 -55.2021 0
    endloop
  endfacet
  facet normal 0 0 -1
    outer loop
      vertex -95.2613 -57.5535 0
      vertex -93.2021 -55.2021 0
      vertex -94.5 -58.0622 0
    endloop
  endfacet
  facet normal 0 0 -1
    outer loop
      vertex -95.9497 -56.9497 0
      vertex -93.2021 -55.2021 0
      vertex -95.2613 -57.5535 0
    endloop
  endfacet
  facet normal 0 0 -1
    outer loop
      vertex -96.5535 -56.2613 0
      vertex -93.4722 -54.85 0
      vertex -95.9497 -56.9497 0
    endloop
  endfacet
  facet normal -0 0 -1
    outer loop
      vertex -93.2021 -55.2021 0
      vertex -95.9497 -56.9497 0
      vertex -93.4722 -54.85 0
    endloop
  endfacet
  facet normal -0 0 -1
    outer loop
      vertex 96.5535 56.2613 0
      vertex 93.4722 54.85 0
      vertex 95.9497 56.9497 0
    endloop
  endfacet
  facet normal 0 0 -1
    outer loop
      vertex 93.2021 55.2021 0
      vertex 95.9497 56.9497 0
      vertex 93.4722 54.85 0
    endloop
  endfacet
  facet normal -0 0 -1
    outer loop
      vertex 95.9497 56.9497 0
      vertex 93.2021 55.2021 0
      vertex 95.2613 57.5535 0
    endloop
  endfacet
  facet normal -0 0 -1
    outer loop
      vertex 95.2613 57.5535 0
      vertex 93.2021 55.2021 0
      vertex 94.5 58.0622 0
    endloop
  endfacet
  facet normal 0 0 -1
    outer loop
      vertex 92.85 55.4722 0
      vertex 94.5 58.0622 0
      vertex 93.2021 55.2021 0
    endloop
  endfacet
  facet normal -0 0 -1
    outer loop
      vertex 94.5 58.0622 0
      vertex 92.85 55.4722 0
      vertex 93.6788 58.4672 0
    endloop
  endfacet
  facet normal 0 0 -1
    outer loop
      vertex 92.44 55.6421 0
      vertex 93.6788 58.4672 0
      vertex 92.85 55.4722 0
    endloop
  endfacet
  facet normal -0 0 -1
    outer loop
      vertex 93.6788 58.4672 0
      vertex 92.44 55.6421 0
      vertex 92.8117 58.7615 0
    endloop
  endfacet
  facet normal 0 0 -1
    outer loop
      vertex 92 55.7 0
      vertex 92.8117 58.7615 0
      vertex 92.44 55.6421 0
    endloop
  endfacet
  facet normal 0 0 -1
    outer loop
      vertex 92 55.7 0
      vertex 91.9137 58.9401 0
      vertex 92.8117 58.7615 0
    endloop
  endfacet
  facet normal 0 0 -1
    outer loop
      vertex 91.56 55.6421 0
      vertex 91.9137 58.9401 0
      vertex 92 55.7 0
    endloop
  endfacet
  facet normal 0 0 -1
    outer loop
      vertex 91 59 0
      vertex 91.56 55.6421 0
      vertex 91.15 55.4722 0
    endloop
  endfacet
  facet normal 0 0 -1
    outer loop
      vertex 91.56 55.6421 0
      vertex 91 59 0
      vertex 91.9137 58.9401 0
    endloop
  endfacet
  facet normal 0 0 -1
    outer loop
      vertex 90.7979 55.2021 0
      vertex 91 59 0
      vertex 91.15 55.4722 0
    endloop
  endfacet
  facet normal 0 0 -1
    outer loop
      vertex 90.5278 54.85 0
      vertex 91 59 0
      vertex 90.7979 55.2021 0
    endloop
  endfacet
  facet normal 0 0 -1
    outer loop
      vertex 90.3579 54.44 0
      vertex 91 59 0
      vertex 90.5278 54.85 0
    endloop
  endfacet
  facet normal -0 0 -1
    outer loop
      vertex 90.7979 52.7979 0
      vertex 63.0422 34.65 0
      vertex 90.5278 53.15 0
    endloop
  endfacet
  facet normal 0 0 -1
    outer loop
      vertex 62.7721 35.0021 0
      vertex 90.5278 53.15 0
      vertex 63.0422 34.65 0
    endloop
  endfacet
  facet normal -0 0 -1
    outer loop
      vertex 90.5278 53.15 0
      vertex 62.7721 35.0021 0
      vertex 90.3579 53.56 0
    endloop
  endfacet
  facet normal 0 0 -1
    outer loop
      vertex 62.42 35.2722 0
      vertex 90.3579 53.56 0
      vertex 62.7721 35.0021 0
    endloop
  endfacet
  facet normal -0 0 -1
    outer loop
      vertex 90.3579 53.56 0
      vertex 62.42 35.2722 0
      vertex 90.3 54 0
    endloop
  endfacet
  facet normal 0 0 -1
    outer loop
      vertex 62.01 35.4421 0
      vertex 90.3 54 0
      vertex 62.42 35.2722 0
    endloop
  endfacet
  facet normal -0 0 -1
    outer loop
      vertex 90.3 54 0
      vertex 62.01 35.4421 0
      vertex 90.3579 54.44 0
    endloop
  endfacet
  facet normal 0 0 -1
    outer loop
      vertex 54 38.5981 0
      vertex 90.3579 54.44 0
      vertex 62.01 35.4421 0
    endloop
  endfacet
  facet normal 0 0 -1
    outer loop
      vertex 54.3263 38.3801 0
      vertex 62.01 35.4421 0
      vertex 61.57 35.5 0
    endloop
  endfacet
  facet normal 0 0 -1
    outer loop
      vertex 54.6213 38.1213 0
      vertex 61.57 35.5 0
      vertex 61.13 35.4421 0
    endloop
  endfacet
  facet normal 0 0 -1
    outer loop
      vertex 55.0981 37.5 0
      vertex 61.13 35.4421 0
      vertex 60.72 35.2722 0
    endloop
  endfacet
  facet normal 0 0 -1
    outer loop
      vertex 55.3978 36.7765 0
      vertex 60.72 35.2722 0
      vertex 60.3679 35.0021 0
    endloop
  endfacet
  facet normal 0 0 -1
    outer loop
      vertex 59.9279 33.36 0
      vertex 55.5 36 0
      vertex 59.87 33.8 0
    endloop
  endfacet
  facet normal 0 0 -1
    outer loop
      vertex 55.5 36 0
      vertex 59.9279 34.24 0
      vertex 59.87 33.8 0
    endloop
  endfacet
  facet normal 0 0 -1
    outer loop
      vertex 55.5 36 0
      vertex 60.0978 34.65 0
      vertex 59.9279 34.24 0
    endloop
  endfacet
  facet normal 0 0 -1
    outer loop
      vertex 55.4743 36.3916 0
      vertex 60.0978 34.65 0
      vertex 55.5 36 0
    endloop
  endfacet
  facet normal 0 0 -1
    outer loop
      vertex 60.0978 34.65 0
      vertex 55.4743 36.3916 0
      vertex 60.3679 35.0021 0
    endloop
  endfacet
  facet normal 0 0 -1
    outer loop
      vertex 55.3978 36.7765 0
      vertex 60.3679 35.0021 0
      vertex 55.4743 36.3916 0
    endloop
  endfacet
  facet normal 0 0 -1
    outer loop
      vertex 60.72 35.2722 0
      vertex 55.3978 36.7765 0
      vertex 55.2716 37.148 0
    endloop
  endfacet
  facet normal 0 0 -1
    outer loop
      vertex 60.72 35.2722 0
      vertex 55.2716 37.148 0
      vertex 55.0981 37.5 0
    endloop
  endfacet
  facet normal 0 0 -1
    outer loop
      vertex 61.13 35.4421 0
      vertex 55.0981 37.5 0
      vertex 54.8801 37.8263 0
    endloop
  endfacet
  facet normal 0 0 -1
    outer loop
      vertex 61.13 35.4421 0
      vertex 54.8801 37.8263 0
      vertex 54.6213 38.1213 0
    endloop
  endfacet
  facet normal 0 0 -1
    outer loop
      vertex 61.57 35.5 0
      vertex 54.6213 38.1213 0
      vertex 54.3263 38.3801 0
    endloop
  endfacet
  facet normal 0 0 -1
    outer loop
      vertex 62.01 35.4421 0
      vertex 54.3263 38.3801 0
      vertex 54 38.5981 0
    endloop
  endfacet
  facet normal -0 0 -1
    outer loop
      vertex 90.3579 54.44 0
      vertex 54 38.5981 0
      vertex 91 59 0
    endloop
  endfacet
  facet normal 0 0 -1
    outer loop
      vertex 53.648 38.7716 0
      vertex 91 59 0
      vertex 54 38.5981 0
    endloop
  endfacet
  facet normal 0 0 -1
    outer loop
      vertex 53.2765 38.8978 0
      vertex 91 59 0
      vertex 53.648 38.7716 0
    endloop
  endfacet
  facet normal 0 0 -1
    outer loop
      vertex 52.8916 38.9743 0
      vertex 91 59 0
      vertex 53.2765 38.8978 0
    endloop
  endfacet
  facet normal 0 0 -1
    outer loop
      vertex 52.5 39 0
      vertex 91 59 0
      vertex 52.8916 38.9743 0
    endloop
  endfacet
  facet normal 0 0 -1
    outer loop
      vertex -91 59 0
      vertex 52.5 39 0
      vertex -55.5 39 0
    endloop
  endfacet
  facet normal 0 0 -1
    outer loop
      vertex -91 59 0
      vertex -55.5 39 0
      vertex -55.8916 38.9743 0
    endloop
  endfacet
  facet normal 0 0 -1
    outer loop
      vertex -58.5 -34 0
      vertex -60 23 0
      vertex -58.5 36 0
    endloop
  endfacet
  facet normal 0 0 -1
    outer loop
      vertex -63.1578 32.95 0
      vertex -58.5 36 0
      vertex -60 23 0
    endloop
  endfacet
  facet normal 0 0 -1
    outer loop
      vertex -62.9879 34.24 0
      vertex -58.5 36 0
      vertex -62.93 33.8 0
    endloop
  endfacet
  facet normal 0 0 -1
    outer loop
      vertex -63.1578 34.65 0
      vertex -58.5 36 0
      vertex -62.9879 34.24 0
    endloop
  endfacet
  facet normal -0 0 -1
    outer loop
      vertex -58.5 36 0
      vertex -63.1578 34.65 0
      vertex -58.4743 36.3916 0
    endloop
  endfacet
  facet normal 0 0 -1
    outer loop
      vertex -63.4279 35.0021 0
      vertex -58.4743 36.3916 0
      vertex -63.1578 34.65 0
    endloop
  endfacet
  facet normal -0 0 -1
    outer loop
      vertex -58.4743 36.3916 0
      vertex -63.4279 35.0021 0
      vertex -58.3978 36.7765 0
    endloop
  endfacet
  facet normal 0 0 -1
    outer loop
      vertex -63.78 35.2722 0
      vertex -58.3978 36.7765 0
      vertex -63.4279 35.0021 0
    endloop
  endfacet
  facet normal -0 0 -1
    outer loop
      vertex -58.3978 36.7765 0
      vertex -63.78 35.2722 0
      vertex -58.2716 37.148 0
    endloop
  endfacet
  facet normal -0 0 -1
    outer loop
      vertex -58.2716 37.148 0
      vertex -63.78 35.2722 0
      vertex -58.0981 37.5 0
    endloop
  endfacet
  facet normal 0 0 -1
    outer loop
      vertex -64.19 35.4421 0
      vertex -58.0981 37.5 0
      vertex -63.78 35.2722 0
    endloop
  endfacet
  facet normal -0 0 -1
    outer loop
      vertex -58.0981 37.5 0
      vertex -64.19 35.4421 0
      vertex -57.8801 37.8263 0
    endloop
  endfacet
  facet normal -0 0 -1
    outer loop
      vertex -57.8801 37.8263 0
      vertex -64.19 35.4421 0
      vertex -57.6213 38.1213 0
    endloop
  endfacet
  facet normal 0 0 -1
    outer loop
      vertex -64.63 35.5 0
      vertex -57.6213 38.1213 0
      vertex -64.19 35.4421 0
    endloop
  endfacet
  facet normal -0 0 -1
    outer loop
      vertex -57.6213 38.1213 0
      vertex -64.63 35.5 0
      vertex -57.3263 38.3801 0
    endloop
  endfacet
  facet normal 0 0 -1
    outer loop
      vertex -65.07 35.4421 0
      vertex -57.3263 38.3801 0
      vertex -64.63 35.5 0
    endloop
  endfacet
  facet normal -0 0 -1
    outer loop
      vertex -57.3263 38.3801 0
      vertex -65.07 35.4421 0
      vertex -57 38.5981 0
    endloop
  endfacet
  facet normal 0 0 -1
    outer loop
      vertex -90.3 54 0
      vertex -57 38.5981 0
      vertex -65.07 35.4421 0
    endloop
  endfacet
  facet normal 0 0 -1
    outer loop
      vertex -88 23 0
      vertex -66.2721 34.24 0
      vertex -66.33 33.8 0
    endloop
  endfacet
  facet normal 0 0 -1
    outer loop
      vertex -90.3 54 0
      vertex -66.2721 34.24 0
      vertex -88 23 0
    endloop
  endfacet
  facet normal 0 0 -1
    outer loop
      vertex -66.2721 34.24 0
      vertex -90.3 54 0
      vertex -66.1022 34.65 0
    endloop
  endfacet
  facet normal 0 0 -1
    outer loop
      vertex -66.1022 34.65 0
      vertex -90.3 54 0
      vertex -65.8321 35.0021 0
    endloop
  endfacet
  facet normal 0 0 -1
    outer loop
      vertex -91.15 -52.5278 0
      vertex -66.1022 -32.7 0
      vertex -90.7979 -52.7979 0
    endloop
  endfacet
  facet normal 0 0 -1
    outer loop
      vertex -65.8321 35.0021 0
      vertex -90.3 54 0
      vertex -65.48 35.2722 0
    endloop
  endfacet
  facet normal 0 0 -1
    outer loop
      vertex -90.3 54 0
      vertex -65.07 35.4421 0
      vertex -65.48 35.2722 0
    endloop
  endfacet
  facet normal 0 0 -1
    outer loop
      vertex -90.3579 54.44 0
      vertex -57 38.5981 0
      vertex -90.3 54 0
    endloop
  endfacet
  facet normal 0 0 -1
    outer loop
      vertex -57 38.5981 0
      vertex -90.3579 54.44 0
      vertex -56.648 38.7716 0
    endloop
  endfacet
  facet normal 0 0 -1
    outer loop
      vertex -91 59 0
      vertex -56.648 38.7716 0
      vertex -90.3579 54.44 0
    endloop
  endfacet
  facet normal 0 0 -1
    outer loop
      vertex -56.648 38.7716 0
      vertex -91 59 0
      vertex -56.2765 38.8978 0
    endloop
  endfacet
  facet normal 0 0 -1
    outer loop
      vertex -56.2765 38.8978 0
      vertex -91 59 0
      vertex -55.8916 38.9743 0
    endloop
  endfacet
  facet normal 0 0 -1
    outer loop
      vertex -91 59 0
      vertex -90.3579 54.44 0
      vertex -90.5278 54.85 0
    endloop
  endfacet
  facet normal 0 0 -1
    outer loop
      vertex -91 59 0
      vertex -90.5278 54.85 0
      vertex -90.7979 55.2021 0
    endloop
  endfacet
  facet normal 0 0 -1
    outer loop
      vertex 52.5 39 0
      vertex -91 59 0
      vertex 91 59 0
    endloop
  endfacet
  facet normal 0 0 -1
    outer loop
      vertex -91.15 55.4722 0
      vertex -91 59 0
      vertex -90.7979 55.2021 0
    endloop
  endfacet
  facet normal 0 0 -1
    outer loop
      vertex -91.56 55.6421 0
      vertex -91 59 0
      vertex -91.15 55.4722 0
    endloop
  endfacet
  facet normal 0 0 -1
    outer loop
      vertex -91.56 55.6421 0
      vertex -91.9137 58.9401 0
      vertex -91 59 0
    endloop
  endfacet
  facet normal 0 0 -1
    outer loop
      vertex -92 55.7 0
      vertex -91.9137 58.9401 0
      vertex -91.56 55.6421 0
    endloop
  endfacet
  facet normal 0 0 -1
    outer loop
      vertex -92.8117 58.7615 0
      vertex -92 55.7 0
      vertex -92.44 55.6421 0
    endloop
  endfacet
  facet normal 0 0 -1
    outer loop
      vertex -92 55.7 0
      vertex -92.8117 58.7615 0
      vertex -91.9137 58.9401 0
    endloop
  endfacet
  facet normal 0 0 -1
    outer loop
      vertex -93.6788 58.4672 0
      vertex -92.44 55.6421 0
      vertex -92.85 55.4722 0
    endloop
  endfacet
  facet normal 0 0 -1
    outer loop
      vertex -94.5 58.0622 0
      vertex -92.85 55.4722 0
      vertex -93.2021 55.2021 0
    endloop
  endfacet
  facet normal 0 0 -1
    outer loop
      vertex -95.9497 56.9497 0
      vertex -93.2021 55.2021 0
      vertex -93.4722 54.85 0
    endloop
  endfacet
  facet normal 0 0 -1
    outer loop
      vertex -96.5535 56.2613 0
      vertex -93.4722 54.85 0
      vertex -93.6421 54.44 0
    endloop
  endfacet
  facet normal 0 0 -1
    outer loop
      vertex -92.44 55.6421 0
      vertex -93.6788 58.4672 0
      vertex -92.8117 58.7615 0
    endloop
  endfacet
  facet normal 0 0 -1
    outer loop
      vertex -97.0622 55.5 0
      vertex -93.6421 54.44 0
      vertex -93.7 54 0
    endloop
  endfacet
  facet normal 0 -0 -1
    outer loop
      vertex -97.9401 52.9137 0
      vertex -93.4722 53.15 0
      vertex -98 52 0
    endloop
  endfacet
  facet normal -0 0 -1
    outer loop
      vertex -93.4722 53.15 0
      vertex -97.9401 52.9137 0
      vertex -93.6421 53.56 0
    endloop
  endfacet
  facet normal -0 0 -1
    outer loop
      vertex -93.4722 -54.85 0
      vertex -96.5535 -56.2613 0
      vertex -93.6421 -54.44 0
    endloop
  endfacet
  facet normal 0 -0 -1
    outer loop
      vertex -97.7615 53.8117 0
      vertex -93.6421 53.56 0
      vertex -97.9401 52.9137 0
    endloop
  endfacet
  facet normal 0 0 -1
    outer loop
      vertex -97.0622 -55.5 0
      vertex -93.6421 -54.44 0
      vertex -96.5535 -56.2613 0
    endloop
  endfacet
  facet normal 0 0 -1
    outer loop
      vertex -92.85 55.4722 0
      vertex -94.5 58.0622 0
      vertex -93.6788 58.4672 0
    endloop
  endfacet
  facet normal -0 0 -1
    outer loop
      vertex -93.6421 -54.44 0
      vertex -97.0622 -55.5 0
      vertex -93.7 -54 0
    endloop
  endfacet
  facet normal 0 0 -1
    outer loop
      vertex -93.2021 55.2021 0
      vertex -95.2613 57.5535 0
      vertex -94.5 58.0622 0
    endloop
  endfacet
  facet normal 0 0 -1
    outer loop
      vertex -97.4672 -54.6788 0
      vertex -93.7 -54 0
      vertex -97.0622 -55.5 0
    endloop
  endfacet
  facet normal 0 0 -1
    outer loop
      vertex -93.2021 55.2021 0
      vertex -95.9497 56.9497 0
      vertex -95.2613 57.5535 0
    endloop
  endfacet
  facet normal 0 0 -1
    outer loop
      vertex -97.7615 -53.8117 0
      vertex -93.7 -54 0
      vertex -97.4672 -54.6788 0
    endloop
  endfacet
  facet normal 0 0 -1
    outer loop
      vertex -93.4722 54.85 0
      vertex -96.5535 56.2613 0
      vertex -95.9497 56.9497 0
    endloop
  endfacet
  facet normal -0 0 -1
    outer loop
      vertex -93.6421 -53.56 0
      vertex -97.7615 -53.8117 0
      vertex -97.9401 -52.9137 0
    endloop
  endfacet
  facet normal 0 0 -1
    outer loop
      vertex -93.6421 54.44 0
      vertex -97.0622 55.5 0
      vertex -96.5535 56.2613 0
    endloop
  endfacet
  facet normal 0 0 -1
    outer loop
      vertex -93.4722 -53.15 0
      vertex -97.9401 -52.9137 0
      vertex -98 -52 0
    endloop
  endfacet
  facet normal 0 0 -1
    outer loop
      vertex -93.7 54 0
      vertex -97.4672 54.6788 0
      vertex -97.0622 55.5 0
    endloop
  endfacet
  facet normal -0 0 -1
    outer loop
      vertex -93.7 54 0
      vertex -97.7615 53.8117 0
      vertex -97.4672 54.6788 0
    endloop
  endfacet
  facet normal 0 0 -1
    outer loop
      vertex -93.6421 53.56 0
      vertex -97.7615 53.8117 0
      vertex -93.7 54 0
    endloop
  endfacet
  facet normal -0 0 -1
    outer loop
      vertex 52.5 -37 0
      vertex 44 -50 0
      vertex 44 -37 0
    endloop
  endfacet
  facet normal 0 0 -1
    outer loop
      vertex -58.5 -34 0
      vertex -62.9879 -31.41 0
      vertex -63.1578 -31 0
    endloop
  endfacet
  facet normal 0 0 -1
    outer loop
      vertex -58.5 -34 0
      vertex -63.1578 -31 0
      vertex -60 -23 0
    endloop
  endfacet
  facet normal 0 0 -1
    outer loop
      vertex -63.4279 -30.6479 0
      vertex -60 -23 0
      vertex -63.1578 -31 0
    endloop
  endfacet
  facet normal 0 0 -1
    outer loop
      vertex -63.78 -30.3778 0
      vertex -60 -23 0
      vertex -63.4279 -30.6479 0
    endloop
  endfacet
  facet normal 0 0 -1
    outer loop
      vertex -64.19 -30.2079 0
      vertex -60 -23 0
      vertex -63.78 -30.3778 0
    endloop
  endfacet
  facet normal 0 0 -1
    outer loop
      vertex -64.63 -30.15 0
      vertex -60 -23 0
      vertex -64.19 -30.2079 0
    endloop
  endfacet
  facet normal 0 0 -1
    outer loop
      vertex -65.07 -30.2079 0
      vertex -60 -23 0
      vertex -64.63 -30.15 0
    endloop
  endfacet
  facet normal 0 0 -1
    outer loop
      vertex -65.48 -30.3778 0
      vertex -60 -23 0
      vertex -65.07 -30.2079 0
    endloop
  endfacet
  facet normal 0 0 -1
    outer loop
      vertex -88 -23 0
      vertex -65.48 -30.3778 0
      vertex -65.8321 -30.6479 0
    endloop
  endfacet
  facet normal 0 0 -1
    outer loop
      vertex -88 -23 0
      vertex -65.8321 -30.6479 0
      vertex -66.1022 -31 0
    endloop
  endfacet
  facet normal 0 0 -1
    outer loop
      vertex -65.48 -30.3778 0
      vertex -88 -23 0
      vertex -60 -23 0
    endloop
  endfacet
  facet normal 0 0 -1
    outer loop
      vertex -66.2721 -31.41 0
      vertex -88 -23 0
      vertex -66.1022 -31 0
    endloop
  endfacet
  facet normal 0 0 -1
    outer loop
      vertex -88 -23 0
      vertex -66.2721 -31.41 0
      vertex -66.33 -31.85 0
    endloop
  endfacet
  facet normal -1 0 0
    outer loop
      vertex -98 -52 0
      vertex -98 52 4
      vertex -98 52 0
    endloop
  endfacet
  facet normal -1 -0 0
    outer loop
      vertex -98 52 4
      vertex -98 -52 0
      vertex -98 -52 4
    endloop
  endfacet
  facet normal 0.659401 0.751791 -0
    outer loop
      vertex 95.9497 56.9497 0
      vertex 95.2613 57.5535 4
      vertex 95.9497 56.9497 4
    endloop
  endfacet
  facet normal 0.659401 0.751791 0
    outer loop
      vertex 95.2613 57.5535 4
      vertex 95.9497 56.9497 0
      vertex 95.2613 57.5535 0
    endloop
  endfacet
  facet normal -0.997858 -0.0654172 0
    outer loop
      vertex -97.9401 -52.9137 0
      vertex -98 -52 4
      vertex -98 -52 0
    endloop
  endfacet
  facet normal -0.997858 -0.0654172 0
    outer loop
      vertex -98 -52 4
      vertex -97.9401 -52.9137 0
      vertex -97.9401 -52.9137 4
    endloop
  endfacet
  facet normal -0.997858 0.0654172 0
    outer loop
      vertex -98 52 0
      vertex -97.9401 52.9137 4
      vertex -97.9401 52.9137 0
    endloop
  endfacet
  facet normal -0.997858 0.0654172 0
    outer loop
      vertex -97.9401 52.9137 4
      vertex -98 52 0
      vertex -98 52 4
    endloop
  endfacet
  facet normal 0 0 1
    outer loop
      vertex 98 52 4
      vertex 95 51 4
      vertex 98 -52 4
    endloop
  endfacet
  facet normal -0 0 1
    outer loop
      vertex 95 -51 4
      vertex 98 -52 4
      vertex 95 51 4
    endloop
  endfacet
  facet normal -0 0 1
    outer loop
      vertex 94.9572 -51.6526 4
      vertex 98 -52 4
      vertex 95 -51 4
    endloop
  endfacet
  facet normal 0 0 1
    outer loop
      vertex 95.0404 53.3952 4
      vertex 94.9572 51.6526 4
      vertex 95 51 4
    endloop
  endfacet
  facet normal -0 0 1
    outer loop
      vertex 94.864 52.8137 4
      vertex 94.9572 51.6526 4
      vertex 95.0404 53.3952 4
    endloop
  endfacet
  facet normal 0 0 1
    outer loop
      vertex 94.864 52.8137 4
      vertex 94.8296 52.2941 4
      vertex 94.9572 51.6526 4
    endloop
  endfacet
  facet normal 0 -0 1
    outer loop
      vertex 94.8296 52.2941 4
      vertex 94.864 52.8137 4
      vertex 94.7351 52.5725 4
    endloop
  endfacet
  facet normal 0 0 1
    outer loop
      vertex 97.7615 53.8117 4
      vertex 95.0404 53.3952 4
      vertex 97.9401 52.9137 4
    endloop
  endfacet
  facet normal 0 0 1
    outer loop
      vertex 97.9401 52.9137 4
      vertex 95.0404 53.3952 4
      vertex 98 52 4
    endloop
  endfacet
  facet normal 0 0 1
    outer loop
      vertex 95.0404 53.3952 4
      vertex 97.7615 53.8117 4
      vertex 95.1 54 4
    endloop
  endfacet
  facet normal 0 0 1
    outer loop
      vertex 95 51 4
      vertex 98 52 4
      vertex 95.0404 53.3952 4
    endloop
  endfacet
  facet normal -0 0 1
    outer loop
      vertex 95.1 54 4
      vertex 97.7615 53.8117 4
      vertex 97.4672 54.6788 4
    endloop
  endfacet
  facet normal 0 0 1
    outer loop
      vertex 98 -52 4
      vertex 95.1 -54 4
      vertex 97.9401 -52.9137 4
    endloop
  endfacet
  facet normal 0 0 1
    outer loop
      vertex 95.0404 54.6048 4
      vertex 97.4672 54.6788 4
      vertex 97.0622 55.5 4
    endloop
  endfacet
  facet normal 0 0 1
    outer loop
      vertex 97.9401 -52.9137 4
      vertex 95.1 -54 4
      vertex 97.7615 -53.8117 4
    endloop
  endfacet
  facet normal 0 0 1
    outer loop
      vertex 94.864 55.1863 4
      vertex 97.0622 55.5 4
      vertex 96.5535 56.2613 4
    endloop
  endfacet
  facet normal 0 0 1
    outer loop
      vertex 97.7615 -53.8117 4
      vertex 95.1 -54 4
      vertex 97.4672 -54.6788 4
    endloop
  endfacet
  facet normal 0 0 1
    outer loop
      vertex 94.5776 55.7223 4
      vertex 96.5535 56.2613 4
      vertex 95.9497 56.9497 4
    endloop
  endfacet
  facet normal -0 0 1
    outer loop
      vertex 95.0404 -54.6048 4
      vertex 97.4672 -54.6788 4
      vertex 95.1 -54 4
    endloop
  endfacet
  facet normal 0 0 1
    outer loop
      vertex 94.192 56.192 4
      vertex 95.9497 56.9497 4
      vertex 95.2613 57.5535 4
    endloop
  endfacet
  facet normal 0 0 1
    outer loop
      vertex 97.4672 -54.6788 4
      vertex 95.0404 -54.6048 4
      vertex 97.0622 -55.5 4
    endloop
  endfacet
  facet normal -0 0 1
    outer loop
      vertex 94.864 -55.1863 4
      vertex 97.0622 -55.5 4
      vertex 95.0404 -54.6048 4
    endloop
  endfacet
  facet normal 0 0 1
    outer loop
      vertex 97.4672 54.6788 4
      vertex 95.0404 54.6048 4
      vertex 95.1 54 4
    endloop
  endfacet
  facet normal 0 0 1
    outer loop
      vertex 97.0622 55.5 4
      vertex 94.864 55.1863 4
      vertex 95.0404 54.6048 4
    endloop
  endfacet
  facet normal 0 0 1
    outer loop
      vertex 96.5535 56.2613 4
      vertex 94.5776 55.7223 4
      vertex 94.864 55.1863 4
    endloop
  endfacet
  facet normal 0 0 1
    outer loop
      vertex 93.7223 56.5776 4
      vertex 95.2613 57.5535 4
      vertex 94.5 58.0622 4
    endloop
  endfacet
  facet normal 0 0 1
    outer loop
      vertex 95.9497 56.9497 4
      vertex 94.192 56.192 4
      vertex 94.5776 55.7223 4
    endloop
  endfacet
  facet normal 0 0 1
    outer loop
      vertex 95.2613 57.5535 4
      vertex 93.7223 56.5776 4
      vertex 94.192 56.192 4
    endloop
  endfacet
  facet normal 0 0 1
    outer loop
      vertex 93.1863 56.864 4
      vertex 94.5 58.0622 4
      vertex 93.6788 58.4672 4
    endloop
  endfacet
  facet normal 0 0 1
    outer loop
      vertex 94.5 58.0622 4
      vertex 93.1863 56.864 4
      vertex 93.7223 56.5776 4
    endloop
  endfacet
  facet normal 0 0 1
    outer loop
      vertex 92.6048 57.0404 4
      vertex 93.6788 58.4672 4
      vertex 92.8117 58.7615 4
    endloop
  endfacet
  facet normal 0 0 1
    outer loop
      vertex 93.6788 58.4672 4
      vertex 92.6048 57.0404 4
      vertex 93.1863 56.864 4
    endloop
  endfacet
  facet normal 0 0 1
    outer loop
      vertex 92.8117 58.7615 4
      vertex 92 57.1 4
      vertex 92.6048 57.0404 4
    endloop
  endfacet
  facet normal 0 0 1
    outer loop
      vertex 91.9137 58.9401 4
      vertex 92 57.1 4
      vertex 92.8117 58.7615 4
    endloop
  endfacet
  facet normal 0 0 1
    outer loop
      vertex 91.9137 58.9401 4
      vertex 91.3952 57.0404 4
      vertex 92 57.1 4
    endloop
  endfacet
  facet normal 0 0 1
    outer loop
      vertex 91 59 4
      vertex 91.3952 57.0404 4
      vertex 91.9137 58.9401 4
    endloop
  endfacet
  facet normal 0 0 1
    outer loop
      vertex 91 59 4
      vertex 90.8137 56.864 4
      vertex 91.3952 57.0404 4
    endloop
  endfacet
  facet normal 0 0 1
    outer loop
      vertex 91 59 4
      vertex 90.2777 56.5776 4
      vertex 90.8137 56.864 4
    endloop
  endfacet
  facet normal 0 0 1
    outer loop
      vertex 91 59 4
      vertex 89.808 56.192 4
      vertex 90.2777 56.5776 4
    endloop
  endfacet
  facet normal 0 0 1
    outer loop
      vertex 91 59 4
      vertex 89.6504 56 4
      vertex 89.808 56.192 4
    endloop
  endfacet
  facet normal 0 0 1
    outer loop
      vertex 91 59 4
      vertex -89.6504 56 4
      vertex 89.6504 56 4
    endloop
  endfacet
  facet normal -0 0 1
    outer loop
      vertex -91 59 4
      vertex -89.6504 56 4
      vertex 91 59 4
    endloop
  endfacet
  facet normal 0 0 1
    outer loop
      vertex -89.6504 56 4
      vertex -91 59 4
      vertex -89.808 56.192 4
    endloop
  endfacet
  facet normal 0 0 1
    outer loop
      vertex -89.808 56.192 4
      vertex -91 59 4
      vertex -90.2777 56.5776 4
    endloop
  endfacet
  facet normal 0 0 1
    outer loop
      vertex -90.2777 56.5776 4
      vertex -91 59 4
      vertex -90.8137 56.864 4
    endloop
  endfacet
  facet normal 0 0 1
    outer loop
      vertex -91 59 4
      vertex -91.3952 57.0404 4
      vertex -90.8137 56.864 4
    endloop
  endfacet
  facet normal -0 0 1
    outer loop
      vertex -91.9137 58.9401 4
      vertex -91.3952 57.0404 4
      vertex -91 59 4
    endloop
  endfacet
  facet normal 0 0 1
    outer loop
      vertex -91.9137 58.9401 4
      vertex -92 57.1 4
      vertex -91.3952 57.0404 4
    endloop
  endfacet
  facet normal -0 0 1
    outer loop
      vertex -92.8117 58.7615 4
      vertex -92 57.1 4
      vertex -91.9137 58.9401 4
    endloop
  endfacet
  facet normal 0 0 1
    outer loop
      vertex -92 57.1 4
      vertex -92.8117 58.7615 4
      vertex -92.6048 57.0404 4
    endloop
  endfacet
  facet normal -0 0 1
    outer loop
      vertex -93.6788 58.4672 4
      vertex -92.6048 57.0404 4
      vertex -92.8117 58.7615 4
    endloop
  endfacet
  facet normal 0 0 1
    outer loop
      vertex -92.6048 57.0404 4
      vertex -93.6788 58.4672 4
      vertex -93.1863 56.864 4
    endloop
  endfacet
  facet normal -0 0 1
    outer loop
      vertex -94.5 58.0622 4
      vertex -93.1863 56.864 4
      vertex -93.6788 58.4672 4
    endloop
  endfacet
  facet normal 0 0 1
    outer loop
      vertex -93.1863 56.864 4
      vertex -94.5 58.0622 4
      vertex -93.7223 56.5776 4
    endloop
  endfacet
  facet normal -0 0 1
    outer loop
      vertex -95.2613 57.5535 4
      vertex -93.7223 56.5776 4
      vertex -94.5 58.0622 4
    endloop
  endfacet
  facet normal 0 0 1
    outer loop
      vertex -93.7223 56.5776 4
      vertex -95.2613 57.5535 4
      vertex -94.192 56.192 4
    endloop
  endfacet
  facet normal -0 0 1
    outer loop
      vertex -95.9497 56.9497 4
      vertex -94.192 56.192 4
      vertex -95.2613 57.5535 4
    endloop
  endfacet
  facet normal 0 0 1
    outer loop
      vertex -94.192 56.192 4
      vertex -95.9497 56.9497 4
      vertex -94.5776 55.7223 4
    endloop
  endfacet
  facet normal -0 0 1
    outer loop
      vertex -97.0622 55.5 4
      vertex -94.864 55.1863 4
      vertex -96.5535 56.2613 4
    endloop
  endfacet
  facet normal 0 0 1
    outer loop
      vertex -94.5776 55.7223 4
      vertex -96.5535 56.2613 4
      vertex -94.864 55.1863 4
    endloop
  endfacet
  facet normal -0 0 1
    outer loop
      vertex -96.5535 56.2613 4
      vertex -94.5776 55.7223 4
      vertex -95.9497 56.9497 4
    endloop
  endfacet
  facet normal 0 0 1
    outer loop
      vertex 97.0622 -55.5 4
      vertex 94.864 -55.1863 4
      vertex 96.5535 -56.2613 4
    endloop
  endfacet
  facet normal -0 0 1
    outer loop
      vertex 94.5776 -55.7223 4
      vertex 96.5535 -56.2613 4
      vertex 94.864 -55.1863 4
    endloop
  endfacet
  facet normal 0 0 1
    outer loop
      vertex 96.5535 -56.2613 4
      vertex 94.5776 -55.7223 4
      vertex 95.9497 -56.9497 4
    endloop
  endfacet
  facet normal -0 0 1
    outer loop
      vertex 94.192 -56.192 4
      vertex 95.9497 -56.9497 4
      vertex 94.5776 -55.7223 4
    endloop
  endfacet
  facet normal 0 0 1
    outer loop
      vertex 95.9497 -56.9497 4
      vertex 94.192 -56.192 4
      vertex 95.2613 -57.5535 4
    endloop
  endfacet
  facet normal -0 0 1
    outer loop
      vertex 93.7223 -56.5776 4
      vertex 95.2613 -57.5535 4
      vertex 94.192 -56.192 4
    endloop
  endfacet
  facet normal 0 0 1
    outer loop
      vertex 95.2613 -57.5535 4
      vertex 93.7223 -56.5776 4
      vertex 94.5 -58.0622 4
    endloop
  endfacet
  facet normal -0 0 1
    outer loop
      vertex 93.1863 -56.864 4
      vertex 94.5 -58.0622 4
      vertex 93.7223 -56.5776 4
    endloop
  endfacet
  facet normal 0 0 1
    outer loop
      vertex 94.5 -58.0622 4
      vertex 93.1863 -56.864 4
      vertex 93.6788 -58.4672 4
    endloop
  endfacet
  facet normal -0 0 1
    outer loop
      vertex 92.6048 -57.0404 4
      vertex 93.6788 -58.4672 4
      vertex 93.1863 -56.864 4
    endloop
  endfacet
  facet normal 0 0 1
    outer loop
      vertex 93.6788 -58.4672 4
      vertex 92.6048 -57.0404 4
      vertex 92.8117 -58.7615 4
    endloop
  endfacet
  facet normal -0 0 1
    outer loop
      vertex 92 -57.1 4
      vertex 92.8117 -58.7615 4
      vertex 92.6048 -57.0404 4
    endloop
  endfacet
  facet normal 0 0 1
    outer loop
      vertex 92 -57.1 4
      vertex 91.9137 -58.9401 4
      vertex 92.8117 -58.7615 4
    endloop
  endfacet
  facet normal 0 0 1
    outer loop
      vertex 91.3952 -57.0404 4
      vertex 91.9137 -58.9401 4
      vertex 92 -57.1 4
    endloop
  endfacet
  facet normal 0 0 1
    outer loop
      vertex 91.3952 -57.0404 4
      vertex 91 -59 4
      vertex 91.9137 -58.9401 4
    endloop
  endfacet
  facet normal 0 0 1
    outer loop
      vertex 90.8137 -56.864 4
      vertex 91 -59 4
      vertex 91.3952 -57.0404 4
    endloop
  endfacet
  facet normal 0 0 1
    outer loop
      vertex 90.2777 -56.5776 4
      vertex 91 -59 4
      vertex 90.8137 -56.864 4
    endloop
  endfacet
  facet normal 0 0 1
    outer loop
      vertex 89.808 -56.192 4
      vertex 91 -59 4
      vertex 90.2777 -56.5776 4
    endloop
  endfacet
  facet normal 0 0 1
    outer loop
      vertex 89.6504 -56 4
      vertex 91 -59 4
      vertex 89.808 -56.192 4
    endloop
  endfacet
  facet normal -0 0 1
    outer loop
      vertex -89.6504 -56 4
      vertex 91 -59 4
      vertex 89.6504 -56 4
    endloop
  endfacet
  facet normal 0 0 1
    outer loop
      vertex -91 -59 4
      vertex -89.6504 -56 4
      vertex -89.808 -56.192 4
    endloop
  endfacet
  facet normal 0 0 1
    outer loop
      vertex -91 -59 4
      vertex -89.808 -56.192 4
      vertex -90.2777 -56.5776 4
    endloop
  endfacet
  facet normal 0 0 1
    outer loop
      vertex -91 -59 4
      vertex -90.2777 -56.5776 4
      vertex -90.8137 -56.864 4
    endloop
  endfacet
  facet normal 0 0 1
    outer loop
      vertex -89.6504 -56 4
      vertex -91 -59 4
      vertex 91 -59 4
    endloop
  endfacet
  facet normal -0 0 1
    outer loop
      vertex -91.3952 -57.0404 4
      vertex -91 -59 4
      vertex -90.8137 -56.864 4
    endloop
  endfacet
  facet normal 0 0 1
    outer loop
      vertex -91.3952 -57.0404 4
      vertex -91.9137 -58.9401 4
      vertex -91 -59 4
    endloop
  endfacet
  facet normal -0 0 1
    outer loop
      vertex -92 -57.1 4
      vertex -91.9137 -58.9401 4
      vertex -91.3952 -57.0404 4
    endloop
  endfacet
  facet normal 0 0 1
    outer loop
      vertex -92.8117 -58.7615 4
      vertex -92 -57.1 4
      vertex -92.6048 -57.0404 4
    endloop
  endfacet
  facet normal 0 0 1
    outer loop
      vertex -92 -57.1 4
      vertex -92.8117 -58.7615 4
      vertex -91.9137 -58.9401 4
    endloop
  endfacet
  facet normal 0 0 1
    outer loop
      vertex -93.6788 -58.4672 4
      vertex -92.6048 -57.0404 4
      vertex -93.1863 -56.864 4
    endloop
  endfacet
  facet normal 0 0 1
    outer loop
      vertex -92.6048 -57.0404 4
      vertex -93.6788 -58.4672 4
      vertex -92.8117 -58.7615 4
    endloop
  endfacet
  facet normal 0 0 1
    outer loop
      vertex -94.5 -58.0622 4
      vertex -93.1863 -56.864 4
      vertex -93.7223 -56.5776 4
    endloop
  endfacet
  facet normal 0 0 1
    outer loop
      vertex -95.2613 -57.5535 4
      vertex -93.7223 -56.5776 4
      vertex -94.192 -56.192 4
    endloop
  endfacet
  facet normal 0 0 1
    outer loop
      vertex -93.1863 -56.864 4
      vertex -94.5 -58.0622 4
      vertex -93.6788 -58.4672 4
    endloop
  endfacet
  facet normal 0 0 1
    outer loop
      vertex -95.9497 -56.9497 4
      vertex -94.192 -56.192 4
      vertex -94.5776 -55.7223 4
    endloop
  endfacet
  facet normal 0 0 1
    outer loop
      vertex -96.5535 -56.2613 4
      vertex -94.5776 -55.7223 4
      vertex -94.864 -55.1863 4
    endloop
  endfacet
  facet normal 0 0 1
    outer loop
      vertex -97.0622 -55.5 4
      vertex -94.864 -55.1863 4
      vertex -95.0404 -54.6048 4
    endloop
  endfacet
  facet normal 0 0 1
    outer loop
      vertex -93.7223 -56.5776 4
      vertex -95.2613 -57.5535 4
      vertex -94.5 -58.0622 4
    endloop
  endfacet
  facet normal 0 0 1
    outer loop
      vertex -97.4672 -54.6788 4
      vertex -95.0404 -54.6048 4
      vertex -95.1 -54 4
    endloop
  endfacet
  facet normal 0 0 1
    outer loop
      vertex -95.1 54 4
      vertex -98 52 4
      vertex -95.1 -54 4
    endloop
  endfacet
  facet normal 0 0 1
    outer loop
      vertex -94.864 55.1863 4
      vertex -97.0622 55.5 4
      vertex -95.0404 54.6048 4
    endloop
  endfacet
  facet normal -0 0 1
    outer loop
      vertex -98 -52 4
      vertex -95.1 -54 4
      vertex -98 52 4
    endloop
  endfacet
  facet normal -0 0 1
    outer loop
      vertex -97.4672 54.6788 4
      vertex -95.0404 54.6048 4
      vertex -97.0622 55.5 4
    endloop
  endfacet
  facet normal -0 -0 1
    outer loop
      vertex -97.9401 -52.9137 4
      vertex -95.1 -54 4
      vertex -98 -52 4
    endloop
  endfacet
  facet normal 0 0 1
    outer loop
      vertex -95.0404 54.6048 4
      vertex -97.4672 54.6788 4
      vertex -95.1 54 4
    endloop
  endfacet
  facet normal 0 0 1
    outer loop
      vertex -94.192 -56.192 4
      vertex -95.9497 -56.9497 4
      vertex -95.2613 -57.5535 4
    endloop
  endfacet
  facet normal 0 0 1
    outer loop
      vertex -97.7615 53.8117 4
      vertex -95.1 54 4
      vertex -97.4672 54.6788 4
    endloop
  endfacet
  facet normal 0 0 1
    outer loop
      vertex -94.5776 -55.7223 4
      vertex -96.5535 -56.2613 4
      vertex -95.9497 -56.9497 4
    endloop
  endfacet
  facet normal 0 0 1
    outer loop
      vertex -97.9401 52.9137 4
      vertex -95.1 54 4
      vertex -97.7615 53.8117 4
    endloop
  endfacet
  facet normal 0 0 1
    outer loop
      vertex -94.864 -55.1863 4
      vertex -97.0622 -55.5 4
      vertex -96.5535 -56.2613 4
    endloop
  endfacet
  facet normal 0 0 1
    outer loop
      vertex -95.1 54 4
      vertex -97.9401 52.9137 4
      vertex -98 52 4
    endloop
  endfacet
  facet normal 0 0 1
    outer loop
      vertex -95.0404 -54.6048 4
      vertex -97.4672 -54.6788 4
      vertex -97.0622 -55.5 4
    endloop
  endfacet
  facet normal 0 0 1
    outer loop
      vertex -95.1 -54 4
      vertex -97.7615 -53.8117 4
      vertex -97.4672 -54.6788 4
    endloop
  endfacet
  facet normal 0 0 1
    outer loop
      vertex -95.1 -54 4
      vertex -97.9401 -52.9137 4
      vertex -97.7615 -53.8117 4
    endloop
  endfacet
  facet normal 0 0 1
    outer loop
      vertex 98 -52 4
      vertex 95.0404 -53.3952 4
      vertex 95.1 -54 4
    endloop
  endfacet
  facet normal 0 0 1
    outer loop
      vertex 94.8296 -52.2941 4
      vertex 98 -52 4
      vertex 94.9572 -51.6526 4
    endloop
  endfacet
  facet normal 0 0 1
    outer loop
      vertex 98 -52 4
      vertex 94.864 -52.8137 4
      vertex 95.0404 -53.3952 4
    endloop
  endfacet
  facet normal 0 0 1
    outer loop
      vertex 98 -52 4
      vertex 94.8296 -52.2941 4
      vertex 94.864 -52.8137 4
    endloop
  endfacet
  facet normal 0 0 1
    outer loop
      vertex 94.864 -52.8137 4
      vertex 94.8296 -52.2941 4
      vertex 94.7351 -52.5725 4
    endloop
  endfacet
  facet normal 0 0 1
    outer loop
      vertex -94.864 52.8137 4
      vertex -94.8296 52.2941 4
      vertex -94.7351 52.5725 4
    endloop
  endfacet
  facet normal 0 0 1
    outer loop
      vertex -94.864 52.8137 4
      vertex -94.9572 51.6526 4
      vertex -94.8296 52.2941 4
    endloop
  endfacet
  facet normal 0 0 1
    outer loop
      vertex -95.1 54 4
      vertex -95 51 4
      vertex -95.0404 53.3952 4
    endloop
  endfacet
  facet normal 0 0 1
    outer loop
      vertex -94.9572 51.6526 4
      vertex -95.0404 53.3952 4
      vertex -95 51 4
    endloop
  endfacet
  facet normal 0 0 1
    outer loop
      vertex -95.0404 53.3952 4
      vertex -94.9572 51.6526 4
      vertex -94.864 52.8137 4
    endloop
  endfacet
  facet normal 0 0 1
    outer loop
      vertex -94.8296 -52.2941 4
      vertex -94.864 -52.8137 4
      vertex -94.7351 -52.5725 4
    endloop
  endfacet
  facet normal 0 0 1
    outer loop
      vertex -94.9572 -51.6526 4
      vertex -94.864 -52.8137 4
      vertex -94.8296 -52.2941 4
    endloop
  endfacet
  facet normal 0 0 1
    outer loop
      vertex -94.9572 -51.6526 4
      vertex -95.0404 -53.3952 4
      vertex -94.864 -52.8137 4
    endloop
  endfacet
  facet normal 0 0 1
    outer loop
      vertex -95 -51 4
      vertex -95.0404 -53.3952 4
      vertex -94.9572 -51.6526 4
    endloop
  endfacet
  facet normal 0 0 1
    outer loop
      vertex -95 51 4
      vertex -95.1 54 4
      vertex -95 -51 4
    endloop
  endfacet
  facet normal 0 0 1
    outer loop
      vertex -95.1 -54 4
      vertex -95 -51 4
      vertex -95.1 54 4
    endloop
  endfacet
  facet normal 0 0 1
    outer loop
      vertex -95 -51 4
      vertex -95.1 -54 4
      vertex -95.0404 -53.3952 4
    endloop
  endfacet
  facet normal -0.98079 -0.195066 0
    outer loop
      vertex -97.7615 -53.8117 0
      vertex -97.9401 -52.9137 4
      vertex -97.9401 -52.9137 0
    endloop
  endfacet
  facet normal -0.98079 -0.195066 0
    outer loop
      vertex -97.9401 -52.9137 4
      vertex -97.7615 -53.8117 0
      vertex -97.7615 -53.8117 4
    endloop
  endfacet
  facet normal 0 1 -0
    outer loop
      vertex 91 59 0
      vertex -91 59 4
      vertex 91 59 4
    endloop
  endfacet
  facet normal 0 1 0
    outer loop
      vertex -91 59 4
      vertex 91 59 0
      vertex -91 59 0
    endloop
  endfacet
  facet normal -0.89686 0.442314 0
    outer loop
      vertex -97.4672 54.6788 0
      vertex -97.0622 55.5 4
      vertex -97.0622 55.5 0
    endloop
  endfacet
  facet normal -0.89686 0.442314 0
    outer loop
      vertex -97.0622 55.5 4
      vertex -97.4672 54.6788 0
      vertex -97.4672 54.6788 4
    endloop
  endfacet
  facet normal 1 -0 0
    outer loop
      vertex 98 -52 4
      vertex 98 52 0
      vertex 98 52 4
    endloop
  endfacet
  facet normal 1 0 0
    outer loop
      vertex 98 52 0
      vertex 98 -52 4
      vertex 98 -52 0
    endloop
  endfacet
  facet normal 0.997858 0.0654172 0
    outer loop
      vertex 98 52 4
      vertex 97.9401 52.9137 0
      vertex 97.9401 52.9137 4
    endloop
  endfacet
  facet normal 0.997858 0.0654172 0
    outer loop
      vertex 97.9401 52.9137 0
      vertex 98 52 4
      vertex 98 52 0
    endloop
  endfacet
  facet normal 0 -1 0
    outer loop
      vertex -91 -59 0
      vertex 91 -59 4
      vertex -91 -59 4
    endloop
  endfacet
  facet normal 0 -1 -0
    outer loop
      vertex 91 -59 4
      vertex -91 -59 0
      vertex 91 -59 0
    endloop
  endfacet
  facet normal 0.442314 -0.89686 0
    outer loop
      vertex 93.6788 -58.4672 0
      vertex 94.5 -58.0622 4
      vertex 93.6788 -58.4672 4
    endloop
  endfacet
  facet normal 0.442314 -0.89686 0
    outer loop
      vertex 94.5 -58.0622 4
      vertex 93.6788 -58.4672 0
      vertex 94.5 -58.0622 0
    endloop
  endfacet
  facet normal 0.751791 -0.659401 0
    outer loop
      vertex 95.9497 -56.9497 4
      vertex 96.5535 -56.2613 0
      vertex 96.5535 -56.2613 4
    endloop
  endfacet
  facet normal 0.751791 -0.659401 0
    outer loop
      vertex 96.5535 -56.2613 0
      vertex 95.9497 -56.9497 4
      vertex 95.9497 -56.9497 0
    endloop
  endfacet
  facet normal 0.0654172 0.997858 -0
    outer loop
      vertex 91.9137 58.9401 0
      vertex 91 59 4
      vertex 91.9137 58.9401 4
    endloop
  endfacet
  facet normal 0.0654172 0.997858 0
    outer loop
      vertex 91 59 4
      vertex 91.9137 58.9401 0
      vertex 91 59 0
    endloop
  endfacet
  facet normal -0.442314 0.89686 0
    outer loop
      vertex -93.6788 58.4672 0
      vertex -94.5 58.0622 4
      vertex -93.6788 58.4672 4
    endloop
  endfacet
  facet normal -0.442314 0.89686 0
    outer loop
      vertex -94.5 58.0622 4
      vertex -93.6788 58.4672 0
      vertex -94.5 58.0622 0
    endloop
  endfacet
  facet normal -0.98079 0.195066 0
    outer loop
      vertex -97.9401 52.9137 0
      vertex -97.7615 53.8117 4
      vertex -97.7615 53.8117 0
    endloop
  endfacet
  facet normal -0.98079 0.195066 0
    outer loop
      vertex -97.7615 53.8117 4
      vertex -97.9401 52.9137 0
      vertex -97.9401 52.9137 4
    endloop
  endfacet
  facet normal -0.946944 0.3214 0
    outer loop
      vertex -97.7615 53.8117 0
      vertex -97.4672 54.6788 4
      vertex -97.4672 54.6788 0
    endloop
  endfacet
  facet normal -0.946944 0.3214 0
    outer loop
      vertex -97.4672 54.6788 4
      vertex -97.7615 53.8117 0
      vertex -97.7615 53.8117 4
    endloop
  endfacet
  facet normal -0.831462 0.555582 0
    outer loop
      vertex -97.0622 55.5 0
      vertex -96.5535 56.2613 4
      vertex -96.5535 56.2613 0
    endloop
  endfacet
  facet normal -0.831462 0.555582 0
    outer loop
      vertex -96.5535 56.2613 4
      vertex -97.0622 55.5 0
      vertex -97.0622 55.5 4
    endloop
  endfacet
  facet normal -0.751791 0.659401 0
    outer loop
      vertex -96.5535 56.2613 0
      vertex -95.9497 56.9497 4
      vertex -95.9497 56.9497 0
    endloop
  endfacet
  facet normal -0.751791 0.659401 0
    outer loop
      vertex -95.9497 56.9497 4
      vertex -96.5535 56.2613 0
      vertex -96.5535 56.2613 4
    endloop
  endfacet
  facet normal -0.555582 0.831462 0
    outer loop
      vertex -94.5 58.0622 0
      vertex -95.2613 57.5535 4
      vertex -94.5 58.0622 4
    endloop
  endfacet
  facet normal -0.555582 0.831462 0
    outer loop
      vertex -95.2613 57.5535 4
      vertex -94.5 58.0622 0
      vertex -95.2613 57.5535 0
    endloop
  endfacet
  facet normal 0.98079 0.195066 0
    outer loop
      vertex 97.9401 52.9137 4
      vertex 97.7615 53.8117 0
      vertex 97.7615 53.8117 4
    endloop
  endfacet
  facet normal 0.98079 0.195066 0
    outer loop
      vertex 97.7615 53.8117 0
      vertex 97.9401 52.9137 4
      vertex 97.9401 52.9137 0
    endloop
  endfacet
  facet normal 0.0654172 -0.997858 0
    outer loop
      vertex 91 -59 0
      vertex 91.9137 -58.9401 4
      vertex 91 -59 4
    endloop
  endfacet
  facet normal 0.0654172 -0.997858 0
    outer loop
      vertex 91.9137 -58.9401 4
      vertex 91 -59 0
      vertex 91.9137 -58.9401 0
    endloop
  endfacet
  facet normal -0.442314 -0.89686 0
    outer loop
      vertex -94.5 -58.0622 0
      vertex -93.6788 -58.4672 4
      vertex -94.5 -58.0622 4
    endloop
  endfacet
  facet normal -0.442314 -0.89686 -0
    outer loop
      vertex -93.6788 -58.4672 4
      vertex -94.5 -58.0622 0
      vertex -93.6788 -58.4672 0
    endloop
  endfacet
  facet normal -0.195066 -0.98079 0
    outer loop
      vertex -92.8117 -58.7615 0
      vertex -91.9137 -58.9401 4
      vertex -92.8117 -58.7615 4
    endloop
  endfacet
  facet normal -0.195066 -0.98079 -0
    outer loop
      vertex -91.9137 -58.9401 4
      vertex -92.8117 -58.7615 0
      vertex -91.9137 -58.9401 0
    endloop
  endfacet
  facet normal 0.555582 -0.831462 0
    outer loop
      vertex 94.5 -58.0622 0
      vertex 95.2613 -57.5535 4
      vertex 94.5 -58.0622 4
    endloop
  endfacet
  facet normal 0.555582 -0.831462 0
    outer loop
      vertex 95.2613 -57.5535 4
      vertex 94.5 -58.0622 0
      vertex 95.2613 -57.5535 0
    endloop
  endfacet
  facet normal 0.89686 -0.442314 0
    outer loop
      vertex 97.0622 -55.5 4
      vertex 97.4672 -54.6788 0
      vertex 97.4672 -54.6788 4
    endloop
  endfacet
  facet normal 0.89686 -0.442314 0
    outer loop
      vertex 97.4672 -54.6788 0
      vertex 97.0622 -55.5 4
      vertex 97.0622 -55.5 0
    endloop
  endfacet
  facet normal 0.831462 -0.555582 0
    outer loop
      vertex 96.5535 -56.2613 4
      vertex 97.0622 -55.5 0
      vertex 97.0622 -55.5 4
    endloop
  endfacet
  facet normal 0.831462 -0.555582 0
    outer loop
      vertex 97.0622 -55.5 0
      vertex 96.5535 -56.2613 4
      vertex 96.5535 -56.2613 0
    endloop
  endfacet
  facet normal 0.751791 0.659401 0
    outer loop
      vertex 96.5535 56.2613 4
      vertex 95.9497 56.9497 0
      vertex 95.9497 56.9497 4
    endloop
  endfacet
  facet normal 0.751791 0.659401 0
    outer loop
      vertex 95.9497 56.9497 0
      vertex 96.5535 56.2613 4
      vertex 96.5535 56.2613 0
    endloop
  endfacet
  facet normal 0.3214 0.946944 -0
    outer loop
      vertex 93.6788 58.4672 0
      vertex 92.8117 58.7615 4
      vertex 93.6788 58.4672 4
    endloop
  endfacet
  facet normal 0.3214 0.946944 0
    outer loop
      vertex 92.8117 58.7615 4
      vertex 93.6788 58.4672 0
      vertex 92.8117 58.7615 0
    endloop
  endfacet
  facet normal 0.195066 0.98079 -0
    outer loop
      vertex 92.8117 58.7615 0
      vertex 91.9137 58.9401 4
      vertex 92.8117 58.7615 4
    endloop
  endfacet
  facet normal 0.195066 0.98079 0
    outer loop
      vertex 91.9137 58.9401 4
      vertex 92.8117 58.7615 0
      vertex 91.9137 58.9401 0
    endloop
  endfacet
  facet normal 0.3214 -0.946944 0
    outer loop
      vertex 92.8117 -58.7615 0
      vertex 93.6788 -58.4672 4
      vertex 92.8117 -58.7615 4
    endloop
  endfacet
  facet normal 0.3214 -0.946944 0
    outer loop
      vertex 93.6788 -58.4672 4
      vertex 92.8117 -58.7615 0
      vertex 93.6788 -58.4672 0
    endloop
  endfacet
  facet normal -0.0654172 -0.997858 0
    outer loop
      vertex -91.9137 -58.9401 0
      vertex -91 -59 4
      vertex -91.9137 -58.9401 4
    endloop
  endfacet
  facet normal -0.0654172 -0.997858 -0
    outer loop
      vertex -91 -59 4
      vertex -91.9137 -58.9401 0
      vertex -91 -59 0
    endloop
  endfacet
  facet normal -0.659401 -0.751791 0
    outer loop
      vertex -95.9497 -56.9497 0
      vertex -95.2613 -57.5535 4
      vertex -95.9497 -56.9497 4
    endloop
  endfacet
  facet normal -0.659401 -0.751791 -0
    outer loop
      vertex -95.2613 -57.5535 4
      vertex -95.9497 -56.9497 0
      vertex -95.2613 -57.5535 0
    endloop
  endfacet
  facet normal -0.555582 -0.831462 0
    outer loop
      vertex -95.2613 -57.5535 0
      vertex -94.5 -58.0622 4
      vertex -95.2613 -57.5535 4
    endloop
  endfacet
  facet normal -0.555582 -0.831462 -0
    outer loop
      vertex -94.5 -58.0622 4
      vertex -95.2613 -57.5535 0
      vertex -94.5 -58.0622 0
    endloop
  endfacet
  facet normal 0.98079 -0.195066 0
    outer loop
      vertex 97.7615 -53.8117 4
      vertex 97.9401 -52.9137 0
      vertex 97.9401 -52.9137 4
    endloop
  endfacet
  facet normal 0.98079 -0.195066 0
    outer loop
      vertex 97.9401 -52.9137 0
      vertex 97.7615 -53.8117 4
      vertex 97.7615 -53.8117 0
    endloop
  endfacet
  facet normal 0.659401 -0.751791 0
    outer loop
      vertex 95.2613 -57.5535 0
      vertex 95.9497 -56.9497 4
      vertex 95.2613 -57.5535 4
    endloop
  endfacet
  facet normal 0.659401 -0.751791 0
    outer loop
      vertex 95.9497 -56.9497 4
      vertex 95.2613 -57.5535 0
      vertex 95.9497 -56.9497 0
    endloop
  endfacet
  facet normal 0.442314 0.89686 -0
    outer loop
      vertex 94.5 58.0622 0
      vertex 93.6788 58.4672 4
      vertex 94.5 58.0622 4
    endloop
  endfacet
  facet normal 0.442314 0.89686 0
    outer loop
      vertex 93.6788 58.4672 4
      vertex 94.5 58.0622 0
      vertex 93.6788 58.4672 0
    endloop
  endfacet
  facet normal 0.555582 0.831462 -0
    outer loop
      vertex 95.2613 57.5535 0
      vertex 94.5 58.0622 4
      vertex 95.2613 57.5535 4
    endloop
  endfacet
  facet normal 0.555582 0.831462 0
    outer loop
      vertex 94.5 58.0622 4
      vertex 95.2613 57.5535 0
      vertex 94.5 58.0622 0
    endloop
  endfacet
  facet normal -0.3214 0.946944 0
    outer loop
      vertex -92.8117 58.7615 0
      vertex -93.6788 58.4672 4
      vertex -92.8117 58.7615 4
    endloop
  endfacet
  facet normal -0.3214 0.946944 0
    outer loop
      vertex -93.6788 58.4672 4
      vertex -92.8117 58.7615 0
      vertex -93.6788 58.4672 0
    endloop
  endfacet
  facet normal -0.195066 0.98079 0
    outer loop
      vertex -91.9137 58.9401 0
      vertex -92.8117 58.7615 4
      vertex -91.9137 58.9401 4
    endloop
  endfacet
  facet normal -0.195066 0.98079 0
    outer loop
      vertex -92.8117 58.7615 4
      vertex -91.9137 58.9401 0
      vertex -92.8117 58.7615 0
    endloop
  endfacet
  facet normal -0.0654172 0.997858 0
    outer loop
      vertex -91 59 0
      vertex -91.9137 58.9401 4
      vertex -91 59 4
    endloop
  endfacet
  facet normal -0.0654172 0.997858 0
    outer loop
      vertex -91.9137 58.9401 4
      vertex -91 59 0
      vertex -91.9137 58.9401 0
    endloop
  endfacet
  facet normal 0.195066 -0.98079 0
    outer loop
      vertex 91.9137 -58.9401 0
      vertex 92.8117 -58.7615 4
      vertex 91.9137 -58.9401 4
    endloop
  endfacet
  facet normal 0.195066 -0.98079 0
    outer loop
      vertex 92.8117 -58.7615 4
      vertex 91.9137 -58.9401 0
      vertex 92.8117 -58.7615 0
    endloop
  endfacet
  facet normal -0.3214 -0.946944 0
    outer loop
      vertex -93.6788 -58.4672 0
      vertex -92.8117 -58.7615 4
      vertex -93.6788 -58.4672 4
    endloop
  endfacet
  facet normal -0.3214 -0.946944 -0
    outer loop
      vertex -92.8117 -58.7615 4
      vertex -93.6788 -58.4672 0
      vertex -92.8117 -58.7615 0
    endloop
  endfacet
  facet normal -0.831462 -0.555582 0
    outer loop
      vertex -96.5535 -56.2613 0
      vertex -97.0622 -55.5 4
      vertex -97.0622 -55.5 0
    endloop
  endfacet
  facet normal -0.831462 -0.555582 0
    outer loop
      vertex -97.0622 -55.5 4
      vertex -96.5535 -56.2613 0
      vertex -96.5535 -56.2613 4
    endloop
  endfacet
  facet normal 0.997858 -0.0654172 0
    outer loop
      vertex 97.9401 -52.9137 4
      vertex 98 -52 0
      vertex 98 -52 4
    endloop
  endfacet
  facet normal 0.997858 -0.0654172 0
    outer loop
      vertex 98 -52 0
      vertex 97.9401 -52.9137 4
      vertex 97.9401 -52.9137 0
    endloop
  endfacet
  facet normal 0.946944 -0.3214 0
    outer loop
      vertex 97.4672 -54.6788 4
      vertex 97.7615 -53.8117 0
      vertex 97.7615 -53.8117 4
    endloop
  endfacet
  facet normal 0.946944 -0.3214 0
    outer loop
      vertex 97.7615 -53.8117 0
      vertex 97.4672 -54.6788 4
      vertex 97.4672 -54.6788 0
    endloop
  endfacet
  facet normal 0.831462 0.555582 0
    outer loop
      vertex 97.0622 55.5 4
      vertex 96.5535 56.2613 0
      vertex 96.5535 56.2613 4
    endloop
  endfacet
  facet normal 0.831462 0.555582 0
    outer loop
      vertex 96.5535 56.2613 0
      vertex 97.0622 55.5 4
      vertex 97.0622 55.5 0
    endloop
  endfacet
  facet normal 0.89686 0.442314 0
    outer loop
      vertex 97.4672 54.6788 4
      vertex 97.0622 55.5 0
      vertex 97.0622 55.5 4
    endloop
  endfacet
  facet normal 0.89686 0.442314 0
    outer loop
      vertex 97.0622 55.5 0
      vertex 97.4672 54.6788 4
      vertex 97.4672 54.6788 0
    endloop
  endfacet
  facet normal -0.751791 -0.659401 0
    outer loop
      vertex -95.9497 -56.9497 0
      vertex -96.5535 -56.2613 4
      vertex -96.5535 -56.2613 0
    endloop
  endfacet
  facet normal -0.751791 -0.659401 0
    outer loop
      vertex -96.5535 -56.2613 4
      vertex -95.9497 -56.9497 0
      vertex -95.9497 -56.9497 4
    endloop
  endfacet
  facet normal 0.980786 0.195087 0
    outer loop
      vertex -94.8296 -52.2941 4
      vertex -94.9572 -51.6526 2.5
      vertex -94.9572 -51.6526 4
    endloop
  endfacet
  facet normal 0.980786 0.195087 0
    outer loop
      vertex -94.9572 -51.6526 2.5
      vertex -94.8296 -52.2941 4
      vertex -94.8296 -52.2941 2.5
    endloop
  endfacet
  facet normal 0.946934 0.321427 0
    outer loop
      vertex -94.7351 -52.5725 4
      vertex -94.8296 -52.2941 2.5
      vertex -94.8296 -52.2941 4
    endloop
  endfacet
  facet normal 0.946934 0.321427 0
    outer loop
      vertex -94.8296 -52.2941 2.5
      vertex -94.7351 -52.5725 4
      vertex -94.7351 -52.5725 2.5
    endloop
  endfacet
  facet normal 0.997856 0.0654432 0
    outer loop
      vertex -94.9572 -51.6526 4
      vertex -95 -51 2.5
      vertex -95 -51 4
    endloop
  endfacet
  facet normal 0.997856 0.0654432 0
    outer loop
      vertex -95 -51 2.5
      vertex -94.9572 -51.6526 4
      vertex -94.9572 -51.6526 2.5
    endloop
  endfacet
  facet normal 0 1 -0
    outer loop
      vertex 89.6504 -56 2.5
      vertex -89.6504 -56 4
      vertex 89.6504 -56 4
    endloop
  endfacet
  facet normal 0 1 0
    outer loop
      vertex -89.6504 -56 4
      vertex 89.6504 -56 2.5
      vertex -89.6504 -56 2.5
    endloop
  endfacet
  facet normal -1 0 0
    outer loop
      vertex 95 -51 2.5
      vertex 95 51 4
      vertex 95 51 2.5
    endloop
  endfacet
  facet normal -1 -0 0
    outer loop
      vertex 95 51 4
      vertex 95 -51 2.5
      vertex 95 -51 4
    endloop
  endfacet
  facet normal 1 -0 0
    outer loop
      vertex -95 -51 4
      vertex -95 51 2.5
      vertex -95 51 4
    endloop
  endfacet
  facet normal 1 0 0
    outer loop
      vertex -95 51 2.5
      vertex -95 -51 4
      vertex -95 -51 2.5
    endloop
  endfacet
  facet normal 0 -1 0
    outer loop
      vertex -89.6504 56 2.5
      vertex 89.6504 56 4
      vertex -89.6504 56 4
    endloop
  endfacet
  facet normal 0 -1 -0
    outer loop
      vertex 89.6504 56 4
      vertex -89.6504 56 2.5
      vertex 89.6504 56 2.5
    endloop
  endfacet
  facet normal -0.980786 -0.195087 0
    outer loop
      vertex 94.9572 51.6526 2.5
      vertex 94.8296 52.2941 4
      vertex 94.8296 52.2941 2.5
    endloop
  endfacet
  facet normal -0.980786 -0.195087 0
    outer loop
      vertex 94.8296 52.2941 4
      vertex 94.9572 51.6526 2.5
      vertex 94.9572 51.6526 4
    endloop
  endfacet
  facet normal -0.997856 -0.0654432 0
    outer loop
      vertex 95 51 2.5
      vertex 94.9572 51.6526 4
      vertex 94.9572 51.6526 2.5
    endloop
  endfacet
  facet normal -0.997856 -0.0654432 0
    outer loop
      vertex 94.9572 51.6526 4
      vertex 95 51 2.5
      vertex 95 51 4
    endloop
  endfacet
  facet normal -0.997856 0.0654432 0
    outer loop
      vertex 94.9572 -51.6526 2.5
      vertex 95 -51 4
      vertex 95 -51 2.5
    endloop
  endfacet
  facet normal -0.997856 0.0654432 0
    outer loop
      vertex 95 -51 4
      vertex 94.9572 -51.6526 2.5
      vertex 94.9572 -51.6526 4
    endloop
  endfacet
  facet normal 0.997856 -0.0654432 0
    outer loop
      vertex -95 51 4
      vertex -94.9572 51.6526 2.5
      vertex -94.9572 51.6526 4
    endloop
  endfacet
  facet normal 0.997856 -0.0654432 0
    outer loop
      vertex -94.9572 51.6526 2.5
      vertex -95 51 4
      vertex -95 51 2.5
    endloop
  endfacet
  facet normal 0.946934 -0.321427 0
    outer loop
      vertex -94.8296 52.2941 4
      vertex -94.7351 52.5725 2.5
      vertex -94.7351 52.5725 4
    endloop
  endfacet
  facet normal 0.946934 -0.321427 0
    outer loop
      vertex -94.7351 52.5725 2.5
      vertex -94.8296 52.2941 4
      vertex -94.8296 52.2941 2.5
    endloop
  endfacet
  facet normal 0.980786 -0.195087 0
    outer loop
      vertex -94.9572 51.6526 4
      vertex -94.8296 52.2941 2.5
      vertex -94.8296 52.2941 4
    endloop
  endfacet
  facet normal 0.980786 -0.195087 0
    outer loop
      vertex -94.8296 52.2941 2.5
      vertex -94.9572 51.6526 4
      vertex -94.9572 51.6526 2.5
    endloop
  endfacet
  facet normal -0.946934 -0.321427 0
    outer loop
      vertex 94.8296 52.2941 2.5
      vertex 94.7351 52.5725 4
      vertex 94.7351 52.5725 2.5
    endloop
  endfacet
  facet normal -0.946934 -0.321427 0
    outer loop
      vertex 94.7351 52.5725 4
      vertex 94.8296 52.2941 2.5
      vertex 94.8296 52.2941 4
    endloop
  endfacet
  facet normal -0.980786 0.195087 0
    outer loop
      vertex 94.8296 -52.2941 2.5
      vertex 94.9572 -51.6526 4
      vertex 94.9572 -51.6526 2.5
    endloop
  endfacet
  facet normal -0.980786 0.195087 0
    outer loop
      vertex 94.9572 -51.6526 4
      vertex 94.8296 -52.2941 2.5
      vertex 94.8296 -52.2941 4
    endloop
  endfacet
  facet normal -0.946934 0.321427 0
    outer loop
      vertex 94.7351 -52.5725 2.5
      vertex 94.8296 -52.2941 4
      vertex 94.8296 -52.2941 2.5
    endloop
  endfacet
  facet normal -0.946934 0.321427 0
    outer loop
      vertex 94.8296 -52.2941 4
      vertex 94.7351 -52.5725 2.5
      vertex 94.7351 -52.5725 4
    endloop
  endfacet
  facet normal -0 0 1
    outer loop
      vertex -91.3952 50.9596 2.5
      vertex -67.73 33.8 2.5
      vertex -90.8137 51.136 2.5
    endloop
  endfacet
  facet normal 0 0 1
    outer loop
      vertex -67.494 -30.6637 2.5
      vertex -88.9596 -53.3952 2.5
      vertex -88.9 -54 2.5
    endloop
  endfacet
  facet normal 0 0 1
    outer loop
      vertex -67.73 33.8 2.5
      vertex -91.3952 50.9596 2.5
      vertex -67.6704 33.1952 2.5
    endloop
  endfacet
  facet normal 0 0 1
    outer loop
      vertex -67.494 -30.6637 2.5
      vertex -89.136 -52.8137 2.5
      vertex -88.9596 -53.3952 2.5
    endloop
  endfacet
  facet normal -0 0 1
    outer loop
      vertex -92 50.9 2.5
      vertex -67.6704 33.1952 2.5
      vertex -91.3952 50.9596 2.5
    endloop
  endfacet
  facet normal 0 0 1
    outer loop
      vertex -67.494 -30.6637 2.5
      vertex -89.4224 -52.2777 2.5
      vertex -89.136 -52.8137 2.5
    endloop
  endfacet
  facet normal 0 0 1
    outer loop
      vertex -67.6704 33.1952 2.5
      vertex -92 50.9 2.5
      vertex -67.494 32.6137 2.5
    endloop
  endfacet
  facet normal 0 0 1
    outer loop
      vertex -67.494 -30.6637 2.5
      vertex -89.808 -51.808 2.5
      vertex -89.4224 -52.2777 2.5
    endloop
  endfacet
  facet normal 0 0 1
    outer loop
      vertex -95 51 2.5
      vertex -67.494 32.6137 2.5
      vertex -92 50.9 2.5
    endloop
  endfacet
  facet normal 0 0 1
    outer loop
      vertex -67.494 -30.6637 2.5
      vertex -90.2777 -51.4224 2.5
      vertex -89.808 -51.808 2.5
    endloop
  endfacet
  facet normal 0 0 1
    outer loop
      vertex -67.494 32.6137 2.5
      vertex -95 51 2.5
      vertex -67.2076 32.0777 2.5
    endloop
  endfacet
  facet normal 0 0 1
    outer loop
      vertex -67.494 -30.6637 2.5
      vertex -90.8137 -51.136 2.5
      vertex -90.2777 -51.4224 2.5
    endloop
  endfacet
  facet normal 0 0 1
    outer loop
      vertex -67.2076 32.0777 2.5
      vertex -95 51 2.5
      vertex -67.2076 -30.1277 2.5
    endloop
  endfacet
  facet normal 0 0 1
    outer loop
      vertex -67.494 -30.6637 2.5
      vertex -91.3952 -50.9596 2.5
      vertex -90.8137 -51.136 2.5
    endloop
  endfacet
  facet normal 0 0 1
    outer loop
      vertex -95 -51 2.5
      vertex -67.2076 -30.1277 2.5
      vertex -95 51 2.5
    endloop
  endfacet
  facet normal 0 0 1
    outer loop
      vertex -67.494 -30.6637 2.5
      vertex -92 -50.9 2.5
      vertex -91.3952 -50.9596 2.5
    endloop
  endfacet
  facet normal 0 0 1
    outer loop
      vertex -95 51 2.5
      vertex -92 50.9 2.5
      vertex -92.6048 50.9596 2.5
    endloop
  endfacet
  facet normal 0 0 1
    outer loop
      vertex -67.2076 -30.1277 2.5
      vertex -95 -51 2.5
      vertex -67.494 -30.6637 2.5
    endloop
  endfacet
  facet normal -0 0 1
    outer loop
      vertex -95 51 2.5
      vertex -92.6048 50.9596 2.5
      vertex -93.1863 51.136 2.5
    endloop
  endfacet
  facet normal 0 0 1
    outer loop
      vertex -67.494 -30.6637 2.5
      vertex -95 -51 2.5
      vertex -92 -50.9 2.5
    endloop
  endfacet
  facet normal 0 0 1
    outer loop
      vertex -95 51 2.5
      vertex -93.1863 51.136 2.5
      vertex -93.7223 51.4224 2.5
    endloop
  endfacet
  facet normal 0 0 1
    outer loop
      vertex -92 -50.9 2.5
      vertex -95 -51 2.5
      vertex -92.6048 -50.9596 2.5
    endloop
  endfacet
  facet normal 0 0 1
    outer loop
      vertex -95 51 2.5
      vertex -93.7223 51.4224 2.5
      vertex -94.192 51.808 2.5
    endloop
  endfacet
  facet normal 0 0 1
    outer loop
      vertex -92.6048 -50.9596 2.5
      vertex -95 -51 2.5
      vertex -93.1863 -51.136 2.5
    endloop
  endfacet
  facet normal 0 0 1
    outer loop
      vertex -94.9572 51.6526 2.5
      vertex -94.192 51.808 2.5
      vertex -94.5776 52.2777 2.5
    endloop
  endfacet
  facet normal 0 0 1
    outer loop
      vertex -93.1863 -51.136 2.5
      vertex -95 -51 2.5
      vertex -93.7223 -51.4224 2.5
    endloop
  endfacet
  facet normal -0 0 1
    outer loop
      vertex -94.8296 52.2941 2.5
      vertex -94.5776 52.2777 2.5
      vertex -94.7351 52.5725 2.5
    endloop
  endfacet
  facet normal 0 0 1
    outer loop
      vertex -93.7223 -51.4224 2.5
      vertex -95 -51 2.5
      vertex -94.192 -51.808 2.5
    endloop
  endfacet
  facet normal 0 0 1
    outer loop
      vertex -94.5776 52.2777 2.5
      vertex -94.8296 52.2941 2.5
      vertex -94.9572 51.6526 2.5
    endloop
  endfacet
  facet normal -0 -0 1
    outer loop
      vertex -94.9572 -51.6526 2.5
      vertex -94.192 -51.808 2.5
      vertex -95 -51 2.5
    endloop
  endfacet
  facet normal 0 0 1
    outer loop
      vertex -94.192 51.808 2.5
      vertex -94.9572 51.6526 2.5
      vertex -95 51 2.5
    endloop
  endfacet
  facet normal 0 0 1
    outer loop
      vertex -94.192 -51.808 2.5
      vertex -94.9572 -51.6526 2.5
      vertex -94.5776 -52.2777 2.5
    endloop
  endfacet
  facet normal 0 -0 1
    outer loop
      vertex -94.8296 -52.2941 2.5
      vertex -94.5776 -52.2777 2.5
      vertex -94.9572 -51.6526 2.5
    endloop
  endfacet
  facet normal 0 0 1
    outer loop
      vertex -94.5776 -52.2777 2.5
      vertex -94.8296 -52.2941 2.5
      vertex -94.7351 -52.5725 2.5
    endloop
  endfacet
  facet normal 0 0 1
    outer loop
      vertex -62.0524 32.0777 2.5
      vertex -58.5 36 2.5
      vertex -61.766 32.6137 2.5
    endloop
  endfacet
  facet normal 0 0 1
    outer loop
      vertex -58.5 -34 2.5
      vertex -61.5896 -31.2452 2.5
      vertex -61.53 -31.85 2.5
    endloop
  endfacet
  facet normal 0 0 1
    outer loop
      vertex -58.5 36 2.5
      vertex -62.0524 32.0777 2.5
      vertex -58.5 -34 2.5
    endloop
  endfacet
  facet normal 0 0 1
    outer loop
      vertex -58.5 -34 2.5
      vertex -61.766 -30.6637 2.5
      vertex -61.5896 -31.2452 2.5
    endloop
  endfacet
  facet normal -0 0 1
    outer loop
      vertex -62.0524 -30.1277 2.5
      vertex -58.5 -34 2.5
      vertex -62.0524 32.0777 2.5
    endloop
  endfacet
  facet normal 0 0 1
    outer loop
      vertex -58.5 -34 2.5
      vertex -62.0524 -30.1277 2.5
      vertex -61.766 -30.6637 2.5
    endloop
  endfacet
  facet normal -0 0 1
    outer loop
      vertex -62.438 31.608 2.5
      vertex -62.0524 -30.1277 2.5
      vertex -62.0524 32.0777 2.5
    endloop
  endfacet
  facet normal 0 0 1
    outer loop
      vertex -62.438 31.608 2.5
      vertex -62.438 -29.658 2.5
      vertex -62.0524 -30.1277 2.5
    endloop
  endfacet
  facet normal -0 0 1
    outer loop
      vertex -62.9077 31.2224 2.5
      vertex -62.438 -29.658 2.5
      vertex -62.438 31.608 2.5
    endloop
  endfacet
  facet normal 0 0 1
    outer loop
      vertex -62.9077 31.2224 2.5
      vertex -62.9077 -29.2724 2.5
      vertex -62.438 -29.658 2.5
    endloop
  endfacet
  facet normal -0 0 1
    outer loop
      vertex -63.4437 30.936 2.5
      vertex -62.9077 -29.2724 2.5
      vertex -62.9077 31.2224 2.5
    endloop
  endfacet
  facet normal 0 0 1
    outer loop
      vertex -63.4437 30.936 2.5
      vertex -63.4437 -28.986 2.5
      vertex -62.9077 -29.2724 2.5
    endloop
  endfacet
  facet normal -0 0 1
    outer loop
      vertex -64.0252 30.7596 2.5
      vertex -63.4437 -28.986 2.5
      vertex -63.4437 30.936 2.5
    endloop
  endfacet
  facet normal 0 0 1
    outer loop
      vertex -64.0252 30.7596 2.5
      vertex -64.0252 -28.8096 2.5
      vertex -63.4437 -28.986 2.5
    endloop
  endfacet
  facet normal -0 0 1
    outer loop
      vertex -64.63 30.7 2.5
      vertex -64.0252 -28.8096 2.5
      vertex -64.0252 30.7596 2.5
    endloop
  endfacet
  facet normal 0 0 1
    outer loop
      vertex -64.63 30.7 2.5
      vertex -64.63 -28.75 2.5
      vertex -64.0252 -28.8096 2.5
    endloop
  endfacet
  facet normal 0 0 1
    outer loop
      vertex -65.2348 30.7596 2.5
      vertex -64.63 -28.75 2.5
      vertex -64.63 30.7 2.5
    endloop
  endfacet
  facet normal 0 0 1
    outer loop
      vertex -65.2348 30.7596 2.5
      vertex -65.2348 -28.8096 2.5
      vertex -64.63 -28.75 2.5
    endloop
  endfacet
  facet normal 0 0 1
    outer loop
      vertex -65.8163 30.936 2.5
      vertex -65.2348 -28.8096 2.5
      vertex -65.2348 30.7596 2.5
    endloop
  endfacet
  facet normal 0 0 1
    outer loop
      vertex -65.8163 30.936 2.5
      vertex -65.8163 -28.986 2.5
      vertex -65.2348 -28.8096 2.5
    endloop
  endfacet
  facet normal 0 0 1
    outer loop
      vertex -66.3523 31.2224 2.5
      vertex -65.8163 -28.986 2.5
      vertex -65.8163 30.936 2.5
    endloop
  endfacet
  facet normal 0 0 1
    outer loop
      vertex -66.3523 31.2224 2.5
      vertex -66.3523 -29.2724 2.5
      vertex -65.8163 -28.986 2.5
    endloop
  endfacet
  facet normal 0 0 1
    outer loop
      vertex -66.822 31.608 2.5
      vertex -66.3523 -29.2724 2.5
      vertex -66.3523 31.2224 2.5
    endloop
  endfacet
  facet normal 0 0 1
    outer loop
      vertex -66.822 31.608 2.5
      vertex -66.822 -29.658 2.5
      vertex -66.3523 -29.2724 2.5
    endloop
  endfacet
  facet normal 0 0 1
    outer loop
      vertex -67.2076 32.0777 2.5
      vertex -66.822 -29.658 2.5
      vertex -66.822 31.608 2.5
    endloop
  endfacet
  facet normal 0 0 1
    outer loop
      vertex -67.2076 32.0777 2.5
      vertex -67.2076 -30.1277 2.5
      vertex -66.822 -29.658 2.5
    endloop
  endfacet
  facet normal -0 0 1
    outer loop
      vertex -90.2777 51.4224 2.5
      vertex -67.494 34.9863 2.5
      vertex -89.808 51.808 2.5
    endloop
  endfacet
  facet normal 0 0 1
    outer loop
      vertex -67.494 34.9863 2.5
      vertex -90.2777 51.4224 2.5
      vertex -67.6704 34.4048 2.5
    endloop
  endfacet
  facet normal 0 0 1
    outer loop
      vertex -67.2076 35.5223 2.5
      vertex -89.808 51.808 2.5
      vertex -67.494 34.9863 2.5
    endloop
  endfacet
  facet normal -0 0 1
    outer loop
      vertex -90.8137 51.136 2.5
      vertex -67.6704 34.4048 2.5
      vertex -90.2777 51.4224 2.5
    endloop
  endfacet
  facet normal -0 0 1
    outer loop
      vertex -89.808 51.808 2.5
      vertex -67.2076 35.5223 2.5
      vertex -89.4224 52.2777 2.5
    endloop
  endfacet
  facet normal 0 0 1
    outer loop
      vertex -67.6704 34.4048 2.5
      vertex -90.8137 51.136 2.5
      vertex -67.73 33.8 2.5
    endloop
  endfacet
  facet normal 0 0 1
    outer loop
      vertex -44 -37 2.5
      vertex -55.5 -37 2.5
      vertex -44 -50 2.5
    endloop
  endfacet
  facet normal -0 0 1
    outer loop
      vertex 92 50.9 2.5
      vertex 64.434 32.6137 2.5
      vertex 95 51 2.5
    endloop
  endfacet
  facet normal 0 0 1
    outer loop
      vertex 95 51 2.5
      vertex 64.6104 -31.2452 2.5
      vertex 64.67 -31.85 2.5
    endloop
  endfacet
  facet normal 0 0 1
    outer loop
      vertex 64.1476 32.0777 2.5
      vertex 95 51 2.5
      vertex 64.434 32.6137 2.5
    endloop
  endfacet
  facet normal 0 0 1
    outer loop
      vertex 95 51 2.5
      vertex 64.434 -30.6637 2.5
      vertex 64.6104 -31.2452 2.5
    endloop
  endfacet
  facet normal 0 0 1
    outer loop
      vertex 64.1476 -30.1277 2.5
      vertex 95 51 2.5
      vertex 64.1476 32.0777 2.5
    endloop
  endfacet
  facet normal 0 0 1
    outer loop
      vertex 95 51 2.5
      vertex 64.1476 -30.1277 2.5
      vertex 64.434 -30.6637 2.5
    endloop
  endfacet
  facet normal -0 0 1
    outer loop
      vertex 63.762 31.608 2.5
      vertex 64.1476 -30.1277 2.5
      vertex 64.1476 32.0777 2.5
    endloop
  endfacet
  facet normal 0 0 1
    outer loop
      vertex 63.762 31.608 2.5
      vertex 63.762 -29.658 2.5
      vertex 64.1476 -30.1277 2.5
    endloop
  endfacet
  facet normal -0 0 1
    outer loop
      vertex 63.2923 31.2224 2.5
      vertex 63.762 -29.658 2.5
      vertex 63.762 31.608 2.5
    endloop
  endfacet
  facet normal 0 0 1
    outer loop
      vertex 63.2923 31.2224 2.5
      vertex 63.2923 -29.2724 2.5
      vertex 63.762 -29.658 2.5
    endloop
  endfacet
  facet normal -0 0 1
    outer loop
      vertex 62.7563 30.936 2.5
      vertex 63.2923 -29.2724 2.5
      vertex 63.2923 31.2224 2.5
    endloop
  endfacet
  facet normal 0 0 1
    outer loop
      vertex 62.7563 30.936 2.5
      vertex 62.7563 -28.986 2.5
      vertex 63.2923 -29.2724 2.5
    endloop
  endfacet
  facet normal -0 0 1
    outer loop
      vertex 62.1748 30.7596 2.5
      vertex 62.7563 -28.986 2.5
      vertex 62.7563 30.936 2.5
    endloop
  endfacet
  facet normal 0 0 1
    outer loop
      vertex 62.1748 30.7596 2.5
      vertex 62.1748 -28.8096 2.5
      vertex 62.7563 -28.986 2.5
    endloop
  endfacet
  facet normal -0 0 1
    outer loop
      vertex 61.57 30.7 2.5
      vertex 62.1748 -28.8096 2.5
      vertex 62.1748 30.7596 2.5
    endloop
  endfacet
  facet normal 0 0 1
    outer loop
      vertex 61.57 30.7 2.5
      vertex 61.57 -28.75 2.5
      vertex 62.1748 -28.8096 2.5
    endloop
  endfacet
  facet normal 0 0 1
    outer loop
      vertex 60.9652 30.7596 2.5
      vertex 61.57 -28.75 2.5
      vertex 61.57 30.7 2.5
    endloop
  endfacet
  facet normal 0 0 1
    outer loop
      vertex 60.9652 30.7596 2.5
      vertex 60.9652 -28.8096 2.5
      vertex 61.57 -28.75 2.5
    endloop
  endfacet
  facet normal 0 0 1
    outer loop
      vertex 60.3837 30.936 2.5
      vertex 60.9652 -28.8096 2.5
      vertex 60.9652 30.7596 2.5
    endloop
  endfacet
  facet normal 0 0 1
    outer loop
      vertex 60.3837 30.936 2.5
      vertex 60.3837 -28.986 2.5
      vertex 60.9652 -28.8096 2.5
    endloop
  endfacet
  facet normal 0 0 1
    outer loop
      vertex 59.8477 31.2224 2.5
      vertex 60.3837 -28.986 2.5
      vertex 60.3837 30.936 2.5
    endloop
  endfacet
  facet normal 0 0 1
    outer loop
      vertex 59.8477 31.2224 2.5
      vertex 59.8477 -29.2724 2.5
      vertex 60.3837 -28.986 2.5
    endloop
  endfacet
  facet normal 0 0 1
    outer loop
      vertex 59.378 31.608 2.5
      vertex 59.8477 -29.2724 2.5
      vertex 59.8477 31.2224 2.5
    endloop
  endfacet
  facet normal 0 0 1
    outer loop
      vertex 59.378 31.608 2.5
      vertex 59.378 -29.658 2.5
      vertex 59.8477 -29.2724 2.5
    endloop
  endfacet
  facet normal 0 0 1
    outer loop
      vertex 58.9924 32.0777 2.5
      vertex 59.378 -29.658 2.5
      vertex 59.378 31.608 2.5
    endloop
  endfacet
  facet normal 0 0 1
    outer loop
      vertex 58.9924 32.0777 2.5
      vertex 58.9924 -30.1277 2.5
      vertex 59.378 -29.658 2.5
    endloop
  endfacet
  facet normal 0 0 1
    outer loop
      vertex 55.5 36 2.5
      vertex 58.9924 32.0777 2.5
      vertex 58.706 32.6137 2.5
    endloop
  endfacet
  facet normal 0 0 1
    outer loop
      vertex 58.9924 32.0777 2.5
      vertex 55.5 36 2.5
      vertex 58.9924 -30.1277 2.5
    endloop
  endfacet
  facet normal 0 0 1
    outer loop
      vertex 55.5 36 2.5
      vertex 58.706 32.6137 2.5
      vertex 58.5296 33.1952 2.5
    endloop
  endfacet
  facet normal 0 0 1
    outer loop
      vertex 55.5 -34 2.5
      vertex 58.9924 -30.1277 2.5
      vertex 55.5 36 2.5
    endloop
  endfacet
  facet normal 0 0 1
    outer loop
      vertex 55.5 36 2.5
      vertex 58.5296 33.1952 2.5
      vertex 58.47 33.8 2.5
    endloop
  endfacet
  facet normal 0 0 1
    outer loop
      vertex 58.9924 -30.1277 2.5
      vertex 55.5 -34 2.5
      vertex 58.706 -30.6637 2.5
    endloop
  endfacet
  facet normal -0 0 1
    outer loop
      vertex 64.1476 -33.5723 2.5
      vertex 89.808 -51.808 2.5
      vertex 64.434 -33.0363 2.5
    endloop
  endfacet
  facet normal 0 0 1
    outer loop
      vertex 62.7563 36.664 2.5
      vertex 88.9 54 2.5
      vertex 88.9596 54.6048 2.5
    endloop
  endfacet
  facet normal 0 0 1
    outer loop
      vertex 62.1748 36.8404 2.5
      vertex 88.9596 54.6048 2.5
      vertex 89.136 55.1863 2.5
    endloop
  endfacet
  facet normal 0 0 1
    outer loop
      vertex 53.2765 38.8978 2.5
      vertex 89.136 55.1863 2.5
      vertex 89.4224 55.7223 2.5
    endloop
  endfacet
  facet normal 0 0 1
    outer loop
      vertex 52.5 39 2.5
      vertex 89.4224 55.7223 2.5
      vertex 89.6504 56 2.5
    endloop
  endfacet
  facet normal 0 0 1
    outer loop
      vertex 88.9596 53.3952 2.5
      vertex 64.6104 34.4048 2.5
      vertex 64.67 33.8 2.5
    endloop
  endfacet
  facet normal 0 0 1
    outer loop
      vertex 88.9596 53.3952 2.5
      vertex 64.434 34.9863 2.5
      vertex 64.6104 34.4048 2.5
    endloop
  endfacet
  facet normal 0 0 1
    outer loop
      vertex 88.9596 53.3952 2.5
      vertex 64.1476 35.5223 2.5
      vertex 64.434 34.9863 2.5
    endloop
  endfacet
  facet normal 0 0 1
    outer loop
      vertex 88.9596 53.3952 2.5
      vertex 63.762 35.992 2.5
      vertex 64.1476 35.5223 2.5
    endloop
  endfacet
  facet normal 0 0 1
    outer loop
      vertex 88.9596 53.3952 2.5
      vertex 63.2923 36.3776 2.5
      vertex 63.762 35.992 2.5
    endloop
  endfacet
  facet normal 0 0 1
    outer loop
      vertex 88.9 54 2.5
      vertex 62.7563 36.664 2.5
      vertex 63.2923 36.3776 2.5
    endloop
  endfacet
  facet normal 0 0 1
    outer loop
      vertex 88.9596 54.6048 2.5
      vertex 62.1748 36.8404 2.5
      vertex 62.7563 36.664 2.5
    endloop
  endfacet
  facet normal 0 0 1
    outer loop
      vertex 89.136 55.1863 2.5
      vertex 61.57 36.9 2.5
      vertex 62.1748 36.8404 2.5
    endloop
  endfacet
  facet normal 0 0 1
    outer loop
      vertex 89.136 55.1863 2.5
      vertex 53.648 38.7716 2.5
      vertex 61.57 36.9 2.5
    endloop
  endfacet
  facet normal -0 -0 1
    outer loop
      vertex 54 38.5981 2.5
      vertex 61.57 36.9 2.5
      vertex 53.648 38.7716 2.5
    endloop
  endfacet
  facet normal 0 0 1
    outer loop
      vertex 61.57 36.9 2.5
      vertex 54 38.5981 2.5
      vertex 60.9652 36.8404 2.5
    endloop
  endfacet
  facet normal 0 0 1
    outer loop
      vertex 58.706 -30.6637 2.5
      vertex 55.5 -34 2.5
      vertex 58.5296 -31.2452 2.5
    endloop
  endfacet
  facet normal 0 0 1
    outer loop
      vertex 58.5296 34.4048 2.5
      vertex 55.5 36 2.5
      vertex 58.47 33.8 2.5
    endloop
  endfacet
  facet normal 0 0 1
    outer loop
      vertex 58.706 34.9863 2.5
      vertex 55.5 36 2.5
      vertex 58.5296 34.4048 2.5
    endloop
  endfacet
  facet normal 0 0 1
    outer loop
      vertex 58.9924 35.5223 2.5
      vertex 55.5 36 2.5
      vertex 58.706 34.9863 2.5
    endloop
  endfacet
  facet normal 0 0 1
    outer loop
      vertex 55.3978 36.7765 2.5
      vertex 58.9924 35.5223 2.5
      vertex 59.378 35.992 2.5
    endloop
  endfacet
  facet normal 0 0 1
    outer loop
      vertex 55.2716 37.148 2.5
      vertex 59.378 35.992 2.5
      vertex 59.8477 36.3776 2.5
    endloop
  endfacet
  facet normal -0 -0 1
    outer loop
      vertex 54.6213 38.1213 2.5
      vertex 60.9652 36.8404 2.5
      vertex 54.3263 38.3801 2.5
    endloop
  endfacet
  facet normal 0 0 1
    outer loop
      vertex 58.9924 35.5223 2.5
      vertex 55.4743 36.3916 2.5
      vertex 55.5 36 2.5
    endloop
  endfacet
  facet normal 0 0 1
    outer loop
      vertex 58.9924 35.5223 2.5
      vertex 55.3978 36.7765 2.5
      vertex 55.4743 36.3916 2.5
    endloop
  endfacet
  facet normal 0 0 1
    outer loop
      vertex 59.378 35.992 2.5
      vertex 55.2716 37.148 2.5
      vertex 55.3978 36.7765 2.5
    endloop
  endfacet
  facet normal 0 0 1
    outer loop
      vertex 59.8477 36.3776 2.5
      vertex 55.0981 37.5 2.5
      vertex 55.2716 37.148 2.5
    endloop
  endfacet
  facet normal 0 0 1
    outer loop
      vertex 59.8477 36.3776 2.5
      vertex 54.8801 37.8263 2.5
      vertex 55.0981 37.5 2.5
    endloop
  endfacet
  facet normal 0 0 1
    outer loop
      vertex 60.3837 36.664 2.5
      vertex 54.8801 37.8263 2.5
      vertex 59.8477 36.3776 2.5
    endloop
  endfacet
  facet normal -0 -0 1
    outer loop
      vertex 54.8801 37.8263 2.5
      vertex 60.3837 36.664 2.5
      vertex 54.6213 38.1213 2.5
    endloop
  endfacet
  facet normal 0 0 1
    outer loop
      vertex 60.9652 36.8404 2.5
      vertex 54.6213 38.1213 2.5
      vertex 60.3837 36.664 2.5
    endloop
  endfacet
  facet normal -0 -0 1
    outer loop
      vertex 54.3263 38.3801 2.5
      vertex 60.9652 36.8404 2.5
      vertex 54 38.5981 2.5
    endloop
  endfacet
  facet normal 0 0 1
    outer loop
      vertex 89.136 55.1863 2.5
      vertex 53.2765 38.8978 2.5
      vertex 53.648 38.7716 2.5
    endloop
  endfacet
  facet normal 0 0 1
    outer loop
      vertex 89.4224 55.7223 2.5
      vertex 52.8916 38.9743 2.5
      vertex 53.2765 38.8978 2.5
    endloop
  endfacet
  facet normal 0 0 1
    outer loop
      vertex 89.4224 55.7223 2.5
      vertex 52.5 39 2.5
      vertex 52.8916 38.9743 2.5
    endloop
  endfacet
  facet normal -0 0 1
    outer loop
      vertex -89.6504 56 2.5
      vertex 52.5 39 2.5
      vertex 89.6504 56 2.5
    endloop
  endfacet
  facet normal 0 0 1
    outer loop
      vertex 52.5 39 2.5
      vertex -89.6504 56 2.5
      vertex -55.5 39 2.5
    endloop
  endfacet
  facet normal 0 0 1
    outer loop
      vertex -61.5896 33.1952 2.5
      vertex -58.5 36 2.5
      vertex -61.53 33.8 2.5
    endloop
  endfacet
  facet normal 0 0 1
    outer loop
      vertex -62.0524 35.5223 2.5
      vertex -58.5 36 2.5
      vertex -58.4743 36.3916 2.5
    endloop
  endfacet
  facet normal 0 0 1
    outer loop
      vertex -62.0524 35.5223 2.5
      vertex -58.4743 36.3916 2.5
      vertex -58.3978 36.7765 2.5
    endloop
  endfacet
  facet normal 0 0 1
    outer loop
      vertex -62.438 35.992 2.5
      vertex -58.3978 36.7765 2.5
      vertex -58.2716 37.148 2.5
    endloop
  endfacet
  facet normal 0 0 1
    outer loop
      vertex -62.9077 36.3776 2.5
      vertex -58.2716 37.148 2.5
      vertex -58.0981 37.5 2.5
    endloop
  endfacet
  facet normal 0 0 1
    outer loop
      vertex -62.9077 36.3776 2.5
      vertex -58.0981 37.5 2.5
      vertex -57.8801 37.8263 2.5
    endloop
  endfacet
  facet normal 0 0 1
    outer loop
      vertex -63.4437 36.664 2.5
      vertex -57.8801 37.8263 2.5
      vertex -57.6213 38.1213 2.5
    endloop
  endfacet
  facet normal 0 0 1
    outer loop
      vertex -58.5 36 2.5
      vertex -61.5896 34.4048 2.5
      vertex -61.53 33.8 2.5
    endloop
  endfacet
  facet normal 0 0 1
    outer loop
      vertex -58.5 36 2.5
      vertex -61.766 34.9863 2.5
      vertex -61.5896 34.4048 2.5
    endloop
  endfacet
  facet normal 0 0 1
    outer loop
      vertex -64.0252 36.8404 2.5
      vertex -57.6213 38.1213 2.5
      vertex -57.3263 38.3801 2.5
    endloop
  endfacet
  facet normal 0 0 1
    outer loop
      vertex -58.5 36 2.5
      vertex -62.0524 35.5223 2.5
      vertex -61.766 34.9863 2.5
    endloop
  endfacet
  facet normal 0 0 1
    outer loop
      vertex -64.0252 36.8404 2.5
      vertex -57.3263 38.3801 2.5
      vertex -57 38.5981 2.5
    endloop
  endfacet
  facet normal 0 0 1
    outer loop
      vertex -58.3978 36.7765 2.5
      vertex -62.438 35.992 2.5
      vertex -62.0524 35.5223 2.5
    endloop
  endfacet
  facet normal 0 0 1
    outer loop
      vertex -64.63 36.9 2.5
      vertex -57 38.5981 2.5
      vertex -56.648 38.7716 2.5
    endloop
  endfacet
  facet normal 0 0 1
    outer loop
      vertex -58.2716 37.148 2.5
      vertex -62.9077 36.3776 2.5
      vertex -62.438 35.992 2.5
    endloop
  endfacet
  facet normal 0 0 1
    outer loop
      vertex -57.8801 37.8263 2.5
      vertex -63.4437 36.664 2.5
      vertex -62.9077 36.3776 2.5
    endloop
  endfacet
  facet normal 0 0 1
    outer loop
      vertex -89.136 55.1863 2.5
      vertex -56.648 38.7716 2.5
      vertex -56.2765 38.8978 2.5
    endloop
  endfacet
  facet normal 0 0 1
    outer loop
      vertex -57.6213 38.1213 2.5
      vertex -64.0252 36.8404 2.5
      vertex -63.4437 36.664 2.5
    endloop
  endfacet
  facet normal 0 0 1
    outer loop
      vertex -57 38.5981 2.5
      vertex -64.63 36.9 2.5
      vertex -64.0252 36.8404 2.5
    endloop
  endfacet
  facet normal 0 0 1
    outer loop
      vertex -56.648 38.7716 2.5
      vertex -88.9596 54.6048 2.5
      vertex -64.63 36.9 2.5
    endloop
  endfacet
  facet normal 0 0 1
    outer loop
      vertex -67.494 -30.6637 2.5
      vertex -88.9 -54 2.5
      vertex -67.6704 -31.2452 2.5
    endloop
  endfacet
  facet normal 0 0 1
    outer loop
      vertex -66.822 35.992 2.5
      vertex -89.4224 52.2777 2.5
      vertex -67.2076 35.5223 2.5
    endloop
  endfacet
  facet normal -0 0 1
    outer loop
      vertex -89.4224 52.2777 2.5
      vertex -66.822 35.992 2.5
      vertex -89.136 52.8137 2.5
    endloop
  endfacet
  facet normal 0 0 1
    outer loop
      vertex -66.3523 36.3776 2.5
      vertex -89.136 52.8137 2.5
      vertex -66.822 35.992 2.5
    endloop
  endfacet
  facet normal -0 0 1
    outer loop
      vertex -89.136 52.8137 2.5
      vertex -66.3523 36.3776 2.5
      vertex -88.9596 53.3952 2.5
    endloop
  endfacet
  facet normal 0 0 1
    outer loop
      vertex -65.8163 36.664 2.5
      vertex -88.9596 53.3952 2.5
      vertex -66.3523 36.3776 2.5
    endloop
  endfacet
  facet normal -0 0 1
    outer loop
      vertex -88.9596 53.3952 2.5
      vertex -65.8163 36.664 2.5
      vertex -88.9 54 2.5
    endloop
  endfacet
  facet normal 0 0 1
    outer loop
      vertex -65.2348 36.8404 2.5
      vertex -88.9 54 2.5
      vertex -65.8163 36.664 2.5
    endloop
  endfacet
  facet normal 0 0 1
    outer loop
      vertex -64.63 36.9 2.5
      vertex -88.9596 54.6048 2.5
      vertex -65.2348 36.8404 2.5
    endloop
  endfacet
  facet normal 0 0 1
    outer loop
      vertex -89.136 55.1863 2.5
      vertex -56.2765 38.8978 2.5
      vertex -55.8916 38.9743 2.5
    endloop
  endfacet
  facet normal -0 -0 1
    outer loop
      vertex -89.4224 55.7223 2.5
      vertex -55.5 39 2.5
      vertex -89.6504 56 2.5
    endloop
  endfacet
  facet normal 0 0 1
    outer loop
      vertex -65.2348 36.8404 2.5
      vertex -88.9596 54.6048 2.5
      vertex -88.9 54 2.5
    endloop
  endfacet
  facet normal 0 0 1
    outer loop
      vertex -56.648 38.7716 2.5
      vertex -89.136 55.1863 2.5
      vertex -88.9596 54.6048 2.5
    endloop
  endfacet
  facet normal 0 0 1
    outer loop
      vertex -55.8916 38.9743 2.5
      vertex -89.4224 55.7223 2.5
      vertex -89.136 55.1863 2.5
    endloop
  endfacet
  facet normal 0 0 1
    outer loop
      vertex -55.5 39 2.5
      vertex -89.4224 55.7223 2.5
      vertex -55.8916 38.9743 2.5
    endloop
  endfacet
  facet normal 0 0 1
    outer loop
      vertex 94.192 51.808 2.5
      vertex 95 51 2.5
      vertex 94.9572 51.6526 2.5
    endloop
  endfacet
  facet normal 0 0 1
    outer loop
      vertex 92.6048 50.9596 2.5
      vertex 95 51 2.5
      vertex 93.1863 51.136 2.5
    endloop
  endfacet
  facet normal -0 0 1
    outer loop
      vertex 94.5776 52.2777 2.5
      vertex 94.9572 51.6526 2.5
      vertex 94.8296 52.2941 2.5
    endloop
  endfacet
  facet normal 0 0 1
    outer loop
      vertex 95 51 2.5
      vertex 93.7223 51.4224 2.5
      vertex 93.1863 51.136 2.5
    endloop
  endfacet
  facet normal 0 0 1
    outer loop
      vertex 94.5776 52.2777 2.5
      vertex 94.8296 52.2941 2.5
      vertex 94.7351 52.5725 2.5
    endloop
  endfacet
  facet normal 0 0 1
    outer loop
      vertex 94.9572 51.6526 2.5
      vertex 94.5776 52.2777 2.5
      vertex 94.192 51.808 2.5
    endloop
  endfacet
  facet normal 0 0 1
    outer loop
      vertex 95 51 2.5
      vertex 94.192 51.808 2.5
      vertex 93.7223 51.4224 2.5
    endloop
  endfacet
  facet normal 0 0 1
    outer loop
      vertex 94.8296 -52.2941 2.5
      vertex 94.5776 -52.2777 2.5
      vertex 94.7351 -52.5725 2.5
    endloop
  endfacet
  facet normal 0 0 1
    outer loop
      vertex 92 50.9 2.5
      vertex 95 51 2.5
      vertex 92.6048 50.9596 2.5
    endloop
  endfacet
  facet normal 0 0 1
    outer loop
      vertex 94.9572 -51.6526 2.5
      vertex 94.5776 -52.2777 2.5
      vertex 94.8296 -52.2941 2.5
    endloop
  endfacet
  facet normal 0 0 1
    outer loop
      vertex 95 -51 2.5
      vertex 94.192 -51.808 2.5
      vertex 94.9572 -51.6526 2.5
    endloop
  endfacet
  facet normal 0 -0 1
    outer loop
      vertex 94.5776 -52.2777 2.5
      vertex 94.9572 -51.6526 2.5
      vertex 94.192 -51.808 2.5
    endloop
  endfacet
  facet normal 0 -0 1
    outer loop
      vertex 93.7223 -51.4224 2.5
      vertex 95 -51 2.5
      vertex 93.1863 -51.136 2.5
    endloop
  endfacet
  facet normal 0 -0 1
    outer loop
      vertex 94.192 -51.808 2.5
      vertex 95 -51 2.5
      vertex 93.7223 -51.4224 2.5
    endloop
  endfacet
  facet normal 0 0 1
    outer loop
      vertex 91.3952 50.9596 2.5
      vertex 64.6104 33.1952 2.5
      vertex 92 50.9 2.5
    endloop
  endfacet
  facet normal 0 0 1
    outer loop
      vertex 95 -51 2.5
      vertex 92.6048 -50.9596 2.5
      vertex 93.1863 -51.136 2.5
    endloop
  endfacet
  facet normal 0 0 1
    outer loop
      vertex 64.434 32.6137 2.5
      vertex 92 50.9 2.5
      vertex 64.6104 33.1952 2.5
    endloop
  endfacet
  facet normal 0 0 1
    outer loop
      vertex 95 -51 2.5
      vertex 92 -50.9 2.5
      vertex 92.6048 -50.9596 2.5
    endloop
  endfacet
  facet normal 0 0 1
    outer loop
      vertex 64.6104 33.1952 2.5
      vertex 91.3952 50.9596 2.5
      vertex 64.67 33.8 2.5
    endloop
  endfacet
  facet normal 0 0 1
    outer loop
      vertex 95 51 2.5
      vertex 64.67 -31.85 2.5
      vertex 95 -51 2.5
    endloop
  endfacet
  facet normal 0 0 1
    outer loop
      vertex 64.67 33.8 2.5
      vertex 91.3952 50.9596 2.5
      vertex 90.8137 51.136 2.5
    endloop
  endfacet
  facet normal 0 0 1
    outer loop
      vertex 95 -51 2.5
      vertex 64.67 -31.85 2.5
      vertex 92 -50.9 2.5
    endloop
  endfacet
  facet normal 0 0 1
    outer loop
      vertex 64.67 33.8 2.5
      vertex 90.8137 51.136 2.5
      vertex 90.2777 51.4224 2.5
    endloop
  endfacet
  facet normal 0 0 1
    outer loop
      vertex 92 -50.9 2.5
      vertex 64.67 -31.85 2.5
      vertex 91.3952 -50.9596 2.5
    endloop
  endfacet
  facet normal 0 0 1
    outer loop
      vertex 64.67 33.8 2.5
      vertex 90.2777 51.4224 2.5
      vertex 89.808 51.808 2.5
    endloop
  endfacet
  facet normal 0 0 1
    outer loop
      vertex 91.3952 -50.9596 2.5
      vertex 64.67 -31.85 2.5
      vertex 90.8137 -51.136 2.5
    endloop
  endfacet
  facet normal 0 0 1
    outer loop
      vertex 64.67 33.8 2.5
      vertex 89.808 51.808 2.5
      vertex 89.4224 52.2777 2.5
    endloop
  endfacet
  facet normal -0 0 1
    outer loop
      vertex 64.6104 -32.4548 2.5
      vertex 90.8137 -51.136 2.5
      vertex 64.67 -31.85 2.5
    endloop
  endfacet
  facet normal 0 0 1
    outer loop
      vertex 64.67 33.8 2.5
      vertex 89.4224 52.2777 2.5
      vertex 89.136 52.8137 2.5
    endloop
  endfacet
  facet normal 0 0 1
    outer loop
      vertex 90.8137 -51.136 2.5
      vertex 64.6104 -32.4548 2.5
      vertex 90.2777 -51.4224 2.5
    endloop
  endfacet
  facet normal 0 0 1
    outer loop
      vertex 64.67 33.8 2.5
      vertex 89.136 52.8137 2.5
      vertex 88.9596 53.3952 2.5
    endloop
  endfacet
  facet normal -0 0 1
    outer loop
      vertex 64.434 -33.0363 2.5
      vertex 90.2777 -51.4224 2.5
      vertex 64.6104 -32.4548 2.5
    endloop
  endfacet
  facet normal 0 0 1
    outer loop
      vertex 63.2923 36.3776 2.5
      vertex 88.9596 53.3952 2.5
      vertex 88.9 54 2.5
    endloop
  endfacet
  facet normal 0 0 1
    outer loop
      vertex 90.2777 -51.4224 2.5
      vertex 64.434 -33.0363 2.5
      vertex 89.808 -51.808 2.5
    endloop
  endfacet
  facet normal 0 0 1
    outer loop
      vertex 89.808 -51.808 2.5
      vertex 64.1476 -33.5723 2.5
      vertex 89.4224 -52.2777 2.5
    endloop
  endfacet
  facet normal -0 0 1
    outer loop
      vertex 63.762 -34.042 2.5
      vertex 89.4224 -52.2777 2.5
      vertex 64.1476 -33.5723 2.5
    endloop
  endfacet
  facet normal 0 0 1
    outer loop
      vertex 89.4224 -52.2777 2.5
      vertex 63.762 -34.042 2.5
      vertex 89.136 -52.8137 2.5
    endloop
  endfacet
  facet normal -0 0 1
    outer loop
      vertex 63.2923 -34.4276 2.5
      vertex 89.136 -52.8137 2.5
      vertex 63.762 -34.042 2.5
    endloop
  endfacet
  facet normal 0 0 1
    outer loop
      vertex 89.136 -52.8137 2.5
      vertex 63.2923 -34.4276 2.5
      vertex 88.9596 -53.3952 2.5
    endloop
  endfacet
  facet normal -0 0 1
    outer loop
      vertex 62.7563 -34.714 2.5
      vertex 88.9596 -53.3952 2.5
      vertex 63.2923 -34.4276 2.5
    endloop
  endfacet
  facet normal 0 0 1
    outer loop
      vertex 88.9596 -53.3952 2.5
      vertex 62.7563 -34.714 2.5
      vertex 88.9 -54 2.5
    endloop
  endfacet
  facet normal -0 0 1
    outer loop
      vertex 62.1748 -34.8904 2.5
      vertex 88.9 -54 2.5
      vertex 62.7563 -34.714 2.5
    endloop
  endfacet
  facet normal 0 0 1
    outer loop
      vertex 88.9 -54 2.5
      vertex 62.1748 -34.8904 2.5
      vertex 88.9596 -54.6048 2.5
    endloop
  endfacet
  facet normal -0 0 1
    outer loop
      vertex 43.8978 -50.7765 2.5
      vertex 88.9596 -54.6048 2.5
      vertex 62.1748 -34.8904 2.5
    endloop
  endfacet
  facet normal -0 0 1
    outer loop
      vertex 43.7716 -51.148 2.5
      vertex 88.9596 -54.6048 2.5
      vertex 43.8978 -50.7765 2.5
    endloop
  endfacet
  facet normal 0 0 1
    outer loop
      vertex 88.9596 -54.6048 2.5
      vertex 43.7716 -51.148 2.5
      vertex 89.136 -55.1863 2.5
    endloop
  endfacet
  facet normal 0 0 1
    outer loop
      vertex 43.8978 -50.7765 2.5
      vertex 62.1748 -34.8904 2.5
      vertex 61.57 -34.95 2.5
    endloop
  endfacet
  facet normal 0 0 1
    outer loop
      vertex 54 -36.5981 2.5
      vertex 61.57 -34.95 2.5
      vertex 60.9652 -34.8904 2.5
    endloop
  endfacet
  facet normal 0 0 1
    outer loop
      vertex 54.6213 -36.1213 2.5
      vertex 60.9652 -34.8904 2.5
      vertex 60.3837 -34.714 2.5
    endloop
  endfacet
  facet normal 0 0 1
    outer loop
      vertex 54.8801 -35.8263 2.5
      vertex 60.3837 -34.714 2.5
      vertex 59.8477 -34.4276 2.5
    endloop
  endfacet
  facet normal 0 0 1
    outer loop
      vertex 58.5296 -31.2452 2.5
      vertex 55.5 -34 2.5
      vertex 58.47 -31.85 2.5
    endloop
  endfacet
  facet normal 0 0 1
    outer loop
      vertex 55.5 -34 2.5
      vertex 58.5296 -32.4548 2.5
      vertex 58.47 -31.85 2.5
    endloop
  endfacet
  facet normal 0 0 1
    outer loop
      vertex 55.5 -34 2.5
      vertex 58.706 -33.0363 2.5
      vertex 58.5296 -32.4548 2.5
    endloop
  endfacet
  facet normal 0 0 1
    outer loop
      vertex 55.5 -34 2.5
      vertex 58.9924 -33.5723 2.5
      vertex 58.706 -33.0363 2.5
    endloop
  endfacet
  facet normal 0 0 1
    outer loop
      vertex 55.4743 -34.3916 2.5
      vertex 58.9924 -33.5723 2.5
      vertex 55.5 -34 2.5
    endloop
  endfacet
  facet normal 0 0 1
    outer loop
      vertex 55.3978 -34.7765 2.5
      vertex 58.9924 -33.5723 2.5
      vertex 55.4743 -34.3916 2.5
    endloop
  endfacet
  facet normal 0 0 1
    outer loop
      vertex 58.9924 -33.5723 2.5
      vertex 55.3978 -34.7765 2.5
      vertex 59.378 -34.042 2.5
    endloop
  endfacet
  facet normal 0 0 1
    outer loop
      vertex 55.2716 -35.148 2.5
      vertex 59.378 -34.042 2.5
      vertex 55.3978 -34.7765 2.5
    endloop
  endfacet
  facet normal 0 0 1
    outer loop
      vertex 59.378 -34.042 2.5
      vertex 55.2716 -35.148 2.5
      vertex 59.8477 -34.4276 2.5
    endloop
  endfacet
  facet normal 0 0 1
    outer loop
      vertex 55.0981 -35.5 2.5
      vertex 59.8477 -34.4276 2.5
      vertex 55.2716 -35.148 2.5
    endloop
  endfacet
  facet normal 0 0 1
    outer loop
      vertex 54.8801 -35.8263 2.5
      vertex 59.8477 -34.4276 2.5
      vertex 55.0981 -35.5 2.5
    endloop
  endfacet
  facet normal 0 0 1
    outer loop
      vertex 60.3837 -34.714 2.5
      vertex 54.8801 -35.8263 2.5
      vertex 54.6213 -36.1213 2.5
    endloop
  endfacet
  facet normal 0 0 1
    outer loop
      vertex 60.9652 -34.8904 2.5
      vertex 54.6213 -36.1213 2.5
      vertex 54.3263 -36.3801 2.5
    endloop
  endfacet
  facet normal 0 0 1
    outer loop
      vertex 60.9652 -34.8904 2.5
      vertex 54.3263 -36.3801 2.5
      vertex 54 -36.5981 2.5
    endloop
  endfacet
  facet normal 0 0 1
    outer loop
      vertex 53.648 -36.7716 2.5
      vertex 61.57 -34.95 2.5
      vertex 54 -36.5981 2.5
    endloop
  endfacet
  facet normal 0 0 1
    outer loop
      vertex 61.57 -34.95 2.5
      vertex 53.648 -36.7716 2.5
      vertex 43.9743 -50.3916 2.5
    endloop
  endfacet
  facet normal 0 0 1
    outer loop
      vertex 44 -50 2.5
      vertex 53.648 -36.7716 2.5
      vertex 53.2765 -36.8978 2.5
    endloop
  endfacet
  facet normal 0 0 1
    outer loop
      vertex 44 -50 2.5
      vertex 53.2765 -36.8978 2.5
      vertex 52.8916 -36.9743 2.5
    endloop
  endfacet
  facet normal 0 0 1
    outer loop
      vertex 44 -50 2.5
      vertex 52.8916 -36.9743 2.5
      vertex 52.5 -37 2.5
    endloop
  endfacet
  facet normal 0 0 1
    outer loop
      vertex 44 -50 2.5
      vertex 52.5 -37 2.5
      vertex 44 -37 2.5
    endloop
  endfacet
  facet normal 0 0 1
    outer loop
      vertex 53.648 -36.7716 2.5
      vertex 44 -50 2.5
      vertex 43.9743 -50.3916 2.5
    endloop
  endfacet
  facet normal 0 0 1
    outer loop
      vertex 61.57 -34.95 2.5
      vertex 43.9743 -50.3916 2.5
      vertex 43.8978 -50.7765 2.5
    endloop
  endfacet
  facet normal -0 0 1
    outer loop
      vertex 43.5981 -51.5 2.5
      vertex 89.136 -55.1863 2.5
      vertex 43.7716 -51.148 2.5
    endloop
  endfacet
  facet normal -0 0 1
    outer loop
      vertex 43.3801 -51.8263 2.5
      vertex 89.136 -55.1863 2.5
      vertex 43.5981 -51.5 2.5
    endloop
  endfacet
  facet normal 0 0 1
    outer loop
      vertex 89.136 -55.1863 2.5
      vertex 43.3801 -51.8263 2.5
      vertex 89.4224 -55.7223 2.5
    endloop
  endfacet
  facet normal -0 0 1
    outer loop
      vertex 43.1213 -52.1213 2.5
      vertex 89.4224 -55.7223 2.5
      vertex 43.3801 -51.8263 2.5
    endloop
  endfacet
  facet normal 0 0 1
    outer loop
      vertex 89.4224 -55.7223 2.5
      vertex 43.1213 -52.1213 2.5
      vertex 89.6504 -56 2.5
    endloop
  endfacet
  facet normal -0 0 1
    outer loop
      vertex 42.8263 -52.3801 2.5
      vertex 89.6504 -56 2.5
      vertex 43.1213 -52.1213 2.5
    endloop
  endfacet
  facet normal -0 0 1
    outer loop
      vertex 42.5 -52.5981 2.5
      vertex 89.6504 -56 2.5
      vertex 42.8263 -52.3801 2.5
    endloop
  endfacet
  facet normal -0 0 1
    outer loop
      vertex 42.148 -52.7716 2.5
      vertex 89.6504 -56 2.5
      vertex 42.5 -52.5981 2.5
    endloop
  endfacet
  facet normal -0 0 1
    outer loop
      vertex 41.7765 -52.8978 2.5
      vertex 89.6504 -56 2.5
      vertex 42.148 -52.7716 2.5
    endloop
  endfacet
  facet normal -0 0 1
    outer loop
      vertex 41.3916 -52.9743 2.5
      vertex 89.6504 -56 2.5
      vertex 41.7765 -52.8978 2.5
    endloop
  endfacet
  facet normal -0 0 1
    outer loop
      vertex 41 -53 2.5
      vertex 89.6504 -56 2.5
      vertex 41.3916 -52.9743 2.5
    endloop
  endfacet
  facet normal -0 0 1
    outer loop
      vertex -41 -53 2.5
      vertex 89.6504 -56 2.5
      vertex 41 -53 2.5
    endloop
  endfacet
  facet normal 0 0 1
    outer loop
      vertex -55.8916 -36.9743 2.5
      vertex -44 -50 2.5
      vertex -55.5 -37 2.5
    endloop
  endfacet
  facet normal 0 0 1
    outer loop
      vertex -44 -50 2.5
      vertex -55.8916 -36.9743 2.5
      vertex -43.9743 -50.3916 2.5
    endloop
  endfacet
  facet normal 0 0 1
    outer loop
      vertex -56.2765 -36.8978 2.5
      vertex -43.9743 -50.3916 2.5
      vertex -55.8916 -36.9743 2.5
    endloop
  endfacet
  facet normal 0 0 1
    outer loop
      vertex -43.9743 -50.3916 2.5
      vertex -56.2765 -36.8978 2.5
      vertex -43.8978 -50.7765 2.5
    endloop
  endfacet
  facet normal 0 0 1
    outer loop
      vertex -56.648 -36.7716 2.5
      vertex -43.8978 -50.7765 2.5
      vertex -56.2765 -36.8978 2.5
    endloop
  endfacet
  facet normal 0 0 1
    outer loop
      vertex -64.63 -34.95 2.5
      vertex -43.8978 -50.7765 2.5
      vertex -56.648 -36.7716 2.5
    endloop
  endfacet
  facet normal 0 0 1
    outer loop
      vertex -88.9596 -54.6048 2.5
      vertex -43.8978 -50.7765 2.5
      vertex -64.63 -34.95 2.5
    endloop
  endfacet
  facet normal 0 0 1
    outer loop
      vertex -43.8978 -50.7765 2.5
      vertex -88.9596 -54.6048 2.5
      vertex -43.7716 -51.148 2.5
    endloop
  endfacet
  facet normal 0 0 1
    outer loop
      vertex -43.7716 -51.148 2.5
      vertex -88.9596 -54.6048 2.5
      vertex -43.5981 -51.5 2.5
    endloop
  endfacet
  facet normal 0 0 1
    outer loop
      vertex -64.63 -34.95 2.5
      vertex -56.648 -36.7716 2.5
      vertex -57 -36.5981 2.5
    endloop
  endfacet
  facet normal 0 0 1
    outer loop
      vertex -64.0252 -34.8904 2.5
      vertex -57 -36.5981 2.5
      vertex -57.3263 -36.3801 2.5
    endloop
  endfacet
  facet normal 0 0 1
    outer loop
      vertex -64.0252 -34.8904 2.5
      vertex -57.3263 -36.3801 2.5
      vertex -57.6213 -36.1213 2.5
    endloop
  endfacet
  facet normal 0 0 1
    outer loop
      vertex -61.766 32.6137 2.5
      vertex -58.5 36 2.5
      vertex -61.5896 33.1952 2.5
    endloop
  endfacet
  facet normal -0 0 1
    outer loop
      vertex -61.5896 -32.4548 2.5
      vertex -58.5 -34 2.5
      vertex -61.53 -31.85 2.5
    endloop
  endfacet
  facet normal -0 0 1
    outer loop
      vertex -61.766 -33.0363 2.5
      vertex -58.5 -34 2.5
      vertex -61.5896 -32.4548 2.5
    endloop
  endfacet
  facet normal -0 0 1
    outer loop
      vertex -62.0524 -33.5723 2.5
      vertex -58.5 -34 2.5
      vertex -61.766 -33.0363 2.5
    endloop
  endfacet
  facet normal 0 0 1
    outer loop
      vertex -58.5 -34 2.5
      vertex -62.0524 -33.5723 2.5
      vertex -58.4743 -34.3916 2.5
    endloop
  endfacet
  facet normal 0 0 1
    outer loop
      vertex -58.4743 -34.3916 2.5
      vertex -62.0524 -33.5723 2.5
      vertex -58.3978 -34.7765 2.5
    endloop
  endfacet
  facet normal -0 0 1
    outer loop
      vertex -62.438 -34.042 2.5
      vertex -58.3978 -34.7765 2.5
      vertex -62.0524 -33.5723 2.5
    endloop
  endfacet
  facet normal 0 0 1
    outer loop
      vertex -58.3978 -34.7765 2.5
      vertex -62.438 -34.042 2.5
      vertex -58.2716 -35.148 2.5
    endloop
  endfacet
  facet normal -0 0 1
    outer loop
      vertex -62.9077 -34.4276 2.5
      vertex -58.2716 -35.148 2.5
      vertex -62.438 -34.042 2.5
    endloop
  endfacet
  facet normal 0 0 1
    outer loop
      vertex -58.2716 -35.148 2.5
      vertex -62.9077 -34.4276 2.5
      vertex -58.0981 -35.5 2.5
    endloop
  endfacet
  facet normal 0 0 1
    outer loop
      vertex -58.0981 -35.5 2.5
      vertex -62.9077 -34.4276 2.5
      vertex -57.8801 -35.8263 2.5
    endloop
  endfacet
  facet normal -0 0 1
    outer loop
      vertex -63.4437 -34.714 2.5
      vertex -57.8801 -35.8263 2.5
      vertex -62.9077 -34.4276 2.5
    endloop
  endfacet
  facet normal 0 0 1
    outer loop
      vertex -57.8801 -35.8263 2.5
      vertex -63.4437 -34.714 2.5
      vertex -57.6213 -36.1213 2.5
    endloop
  endfacet
  facet normal -0 0 1
    outer loop
      vertex -64.0252 -34.8904 2.5
      vertex -57.6213 -36.1213 2.5
      vertex -63.4437 -34.714 2.5
    endloop
  endfacet
  facet normal 0 0 1
    outer loop
      vertex -57 -36.5981 2.5
      vertex -64.0252 -34.8904 2.5
      vertex -64.63 -34.95 2.5
    endloop
  endfacet
  facet normal 0 0 1
    outer loop
      vertex -89.136 -55.1863 2.5
      vertex -43.5981 -51.5 2.5
      vertex -88.9596 -54.6048 2.5
    endloop
  endfacet
  facet normal 0 0 1
    outer loop
      vertex -43.5981 -51.5 2.5
      vertex -89.136 -55.1863 2.5
      vertex -43.3801 -51.8263 2.5
    endloop
  endfacet
  facet normal 0 0 1
    outer loop
      vertex -88.9596 -54.6048 2.5
      vertex -64.63 -34.95 2.5
      vertex -65.2348 -34.8904 2.5
    endloop
  endfacet
  facet normal 0 0 1
    outer loop
      vertex -88.9 -54 2.5
      vertex -65.2348 -34.8904 2.5
      vertex -65.8163 -34.714 2.5
    endloop
  endfacet
  facet normal 0 0 1
    outer loop
      vertex -88.9 -54 2.5
      vertex -65.8163 -34.714 2.5
      vertex -66.3523 -34.4276 2.5
    endloop
  endfacet
  facet normal 0 0 1
    outer loop
      vertex -67.6704 -31.2452 2.5
      vertex -88.9 -54 2.5
      vertex -67.73 -31.85 2.5
    endloop
  endfacet
  facet normal 0 0 1
    outer loop
      vertex -67.73 -31.85 2.5
      vertex -88.9 -54 2.5
      vertex -67.6704 -32.4548 2.5
    endloop
  endfacet
  facet normal 0 0 1
    outer loop
      vertex -88.9 -54 2.5
      vertex -67.494 -33.0363 2.5
      vertex -67.6704 -32.4548 2.5
    endloop
  endfacet
  facet normal 0 0 1
    outer loop
      vertex -88.9 -54 2.5
      vertex -67.2076 -33.5723 2.5
      vertex -67.494 -33.0363 2.5
    endloop
  endfacet
  facet normal 0 0 1
    outer loop
      vertex -88.9 -54 2.5
      vertex -66.822 -34.042 2.5
      vertex -67.2076 -33.5723 2.5
    endloop
  endfacet
  facet normal 0 0 1
    outer loop
      vertex -88.9 -54 2.5
      vertex -66.3523 -34.4276 2.5
      vertex -66.822 -34.042 2.5
    endloop
  endfacet
  facet normal 0 0 1
    outer loop
      vertex -65.2348 -34.8904 2.5
      vertex -88.9 -54 2.5
      vertex -88.9596 -54.6048 2.5
    endloop
  endfacet
  facet normal 0 0 1
    outer loop
      vertex -89.4224 -55.7223 2.5
      vertex -43.3801 -51.8263 2.5
      vertex -89.136 -55.1863 2.5
    endloop
  endfacet
  facet normal 0 0 1
    outer loop
      vertex -43.3801 -51.8263 2.5
      vertex -89.4224 -55.7223 2.5
      vertex -43.1213 -52.1213 2.5
    endloop
  endfacet
  facet normal 0 0 1
    outer loop
      vertex -43.1213 -52.1213 2.5
      vertex -89.4224 -55.7223 2.5
      vertex -42.8263 -52.3801 2.5
    endloop
  endfacet
  facet normal 0 0 1
    outer loop
      vertex -89.6504 -56 2.5
      vertex -42.8263 -52.3801 2.5
      vertex -89.4224 -55.7223 2.5
    endloop
  endfacet
  facet normal 0 0 1
    outer loop
      vertex -42.8263 -52.3801 2.5
      vertex -89.6504 -56 2.5
      vertex -42.5 -52.5981 2.5
    endloop
  endfacet
  facet normal 0 0 1
    outer loop
      vertex -42.5 -52.5981 2.5
      vertex -89.6504 -56 2.5
      vertex -42.148 -52.7716 2.5
    endloop
  endfacet
  facet normal 0 0 1
    outer loop
      vertex -42.148 -52.7716 2.5
      vertex -89.6504 -56 2.5
      vertex -41.7765 -52.8978 2.5
    endloop
  endfacet
  facet normal 0 0 1
    outer loop
      vertex -41.7765 -52.8978 2.5
      vertex -89.6504 -56 2.5
      vertex -41.3916 -52.9743 2.5
    endloop
  endfacet
  facet normal 0 0 1
    outer loop
      vertex -41.3916 -52.9743 2.5
      vertex -89.6504 -56 2.5
      vertex -41 -53 2.5
    endloop
  endfacet
  facet normal 0 0 1
    outer loop
      vertex -41 -53 2.5
      vertex -89.6504 -56 2.5
      vertex 89.6504 -56 2.5
    endloop
  endfacet
  facet normal 0.991453 -0.130466 0
    outer loop
      vertex -66.33 33.8 1.3
      vertex -66.2721 34.24 0
      vertex -66.2721 34.24 1.3
    endloop
  endfacet
  facet normal 0.991453 -0.130466 0
    outer loop
      vertex -66.2721 34.24 0
      vertex -66.33 33.8 1.3
      vertex -66.33 33.8 0
    endloop
  endfacet
  facet normal -0.382823 -0.923822 0
    outer loop
      vertex -64.19 35.4421 0
      vertex -63.78 35.2722 1.3
      vertex -64.19 35.4421 1.3
    endloop
  endfacet
  facet normal -0.382823 -0.923822 -0
    outer loop
      vertex -63.78 35.2722 1.3
      vertex -64.19 35.4421 0
      vertex -63.78 35.2722 0
    endloop
  endfacet
  facet normal -0.991453 0.130466 0
    outer loop
      vertex -62.9879 33.36 0
      vertex -62.93 33.8 1.3
      vertex -62.93 33.8 0
    endloop
  endfacet
  facet normal -0.991453 0.130466 0
    outer loop
      vertex -62.93 33.8 1.3
      vertex -62.9879 33.36 0
      vertex -62.9879 33.36 1.3
    endloop
  endfacet
  facet normal 0.130466 0.991453 -0
    outer loop
      vertex -64.63 32.1 0
      vertex -65.07 32.1579 1.3
      vertex -64.63 32.1 1.3
    endloop
  endfacet
  facet normal 0.130466 0.991453 0
    outer loop
      vertex -65.07 32.1579 1.3
      vertex -64.63 32.1 0
      vertex -65.07 32.1579 0
    endloop
  endfacet
  facet normal -0.608654 -0.793436 0
    outer loop
      vertex -63.78 35.2722 0
      vertex -63.4279 35.0021 1.3
      vertex -63.78 35.2722 1.3
    endloop
  endfacet
  facet normal -0.608654 -0.793436 -0
    outer loop
      vertex -63.4279 35.0021 1.3
      vertex -63.78 35.2722 0
      vertex -63.4279 35.0021 0
    endloop
  endfacet
  facet normal -0.130466 -0.991453 0
    outer loop
      vertex -64.63 35.5 0
      vertex -64.19 35.4421 1.3
      vertex -64.63 35.5 1.3
    endloop
  endfacet
  facet normal -0.130466 -0.991453 -0
    outer loop
      vertex -64.19 35.4421 1.3
      vertex -64.63 35.5 0
      vertex -64.19 35.4421 0
    endloop
  endfacet
  facet normal 0.130466 -0.991453 0
    outer loop
      vertex -65.07 35.4421 0
      vertex -64.63 35.5 1.3
      vertex -65.07 35.4421 1.3
    endloop
  endfacet
  facet normal 0.130466 -0.991453 0
    outer loop
      vertex -64.63 35.5 1.3
      vertex -65.07 35.4421 0
      vertex -64.63 35.5 0
    endloop
  endfacet
  facet normal 0.923822 -0.382823 0
    outer loop
      vertex -66.2721 34.24 1.3
      vertex -66.1022 34.65 0
      vertex -66.1022 34.65 1.3
    endloop
  endfacet
  facet normal 0.923822 -0.382823 0
    outer loop
      vertex -66.1022 34.65 0
      vertex -66.2721 34.24 1.3
      vertex -66.2721 34.24 0
    endloop
  endfacet
  facet normal -0.793436 0.608654 0
    outer loop
      vertex -63.4279 32.5979 0
      vertex -63.1578 32.95 1.3
      vertex -63.1578 32.95 0
    endloop
  endfacet
  facet normal -0.793436 0.608654 0
    outer loop
      vertex -63.1578 32.95 1.3
      vertex -63.4279 32.5979 0
      vertex -63.4279 32.5979 1.3
    endloop
  endfacet
  facet normal -0.923822 0.382823 0
    outer loop
      vertex -63.1578 32.95 0
      vertex -62.9879 33.36 1.3
      vertex -62.9879 33.36 0
    endloop
  endfacet
  facet normal -0.923822 0.382823 0
    outer loop
      vertex -62.9879 33.36 1.3
      vertex -63.1578 32.95 0
      vertex -63.1578 32.95 1.3
    endloop
  endfacet
  facet normal 0.991453 0.130466 0
    outer loop
      vertex -66.2721 33.36 1.3
      vertex -66.33 33.8 0
      vertex -66.33 33.8 1.3
    endloop
  endfacet
  facet normal 0.991453 0.130466 0
    outer loop
      vertex -66.33 33.8 0
      vertex -66.2721 33.36 1.3
      vertex -66.2721 33.36 0
    endloop
  endfacet
  facet normal -0.793436 -0.608654 0
    outer loop
      vertex -63.1578 34.65 0
      vertex -63.4279 35.0021 1.3
      vertex -63.4279 35.0021 0
    endloop
  endfacet
  facet normal -0.793436 -0.608654 0
    outer loop
      vertex -63.4279 35.0021 1.3
      vertex -63.1578 34.65 0
      vertex -63.1578 34.65 1.3
    endloop
  endfacet
  facet normal 0.793436 -0.608654 0
    outer loop
      vertex -66.1022 34.65 1.3
      vertex -65.8321 35.0021 0
      vertex -65.8321 35.0021 1.3
    endloop
  endfacet
  facet normal 0.793436 -0.608654 0
    outer loop
      vertex -65.8321 35.0021 0
      vertex -66.1022 34.65 1.3
      vertex -66.1022 34.65 0
    endloop
  endfacet
  facet normal 0.382823 -0.923822 0
    outer loop
      vertex -65.48 35.2722 0
      vertex -65.07 35.4421 1.3
      vertex -65.48 35.2722 1.3
    endloop
  endfacet
  facet normal 0.382823 -0.923822 0
    outer loop
      vertex -65.07 35.4421 1.3
      vertex -65.48 35.2722 0
      vertex -65.07 35.4421 0
    endloop
  endfacet
  facet normal 0.608654 -0.793436 0
    outer loop
      vertex -65.8321 35.0021 0
      vertex -65.48 35.2722 1.3
      vertex -65.8321 35.0021 1.3
    endloop
  endfacet
  facet normal 0.608654 -0.793436 0
    outer loop
      vertex -65.48 35.2722 1.3
      vertex -65.8321 35.0021 0
      vertex -65.48 35.2722 0
    endloop
  endfacet
  facet normal -0.991453 -0.130466 0
    outer loop
      vertex -62.93 33.8 0
      vertex -62.9879 34.24 1.3
      vertex -62.9879 34.24 0
    endloop
  endfacet
  facet normal -0.991453 -0.130466 0
    outer loop
      vertex -62.9879 34.24 1.3
      vertex -62.93 33.8 0
      vertex -62.93 33.8 1.3
    endloop
  endfacet
  facet normal -0.130466 0.991453 0
    outer loop
      vertex -64.19 32.1579 0
      vertex -64.63 32.1 1.3
      vertex -64.19 32.1579 1.3
    endloop
  endfacet
  facet normal -0.130466 0.991453 0
    outer loop
      vertex -64.63 32.1 1.3
      vertex -64.19 32.1579 0
      vertex -64.63 32.1 0
    endloop
  endfacet
  facet normal -0.382823 0.923822 0
    outer loop
      vertex -63.78 32.3278 0
      vertex -64.19 32.1579 1.3
      vertex -63.78 32.3278 1.3
    endloop
  endfacet
  facet normal -0.382823 0.923822 0
    outer loop
      vertex -64.19 32.1579 1.3
      vertex -63.78 32.3278 0
      vertex -64.19 32.1579 0
    endloop
  endfacet
  facet normal -0.608654 0.793436 0
    outer loop
      vertex -63.4279 32.5979 0
      vertex -63.78 32.3278 1.3
      vertex -63.4279 32.5979 1.3
    endloop
  endfacet
  facet normal -0.608654 0.793436 0
    outer loop
      vertex -63.78 32.3278 1.3
      vertex -63.4279 32.5979 0
      vertex -63.78 32.3278 0
    endloop
  endfacet
  facet normal 0.608654 0.793436 -0
    outer loop
      vertex -65.48 32.3278 0
      vertex -65.8321 32.5979 1.3
      vertex -65.48 32.3278 1.3
    endloop
  endfacet
  facet normal 0.608654 0.793436 0
    outer loop
      vertex -65.8321 32.5979 1.3
      vertex -65.48 32.3278 0
      vertex -65.8321 32.5979 0
    endloop
  endfacet
  facet normal 0.923822 0.382823 0
    outer loop
      vertex -66.1022 32.95 1.3
      vertex -66.2721 33.36 0
      vertex -66.2721 33.36 1.3
    endloop
  endfacet
  facet normal 0.923822 0.382823 0
    outer loop
      vertex -66.2721 33.36 0
      vertex -66.1022 32.95 1.3
      vertex -66.1022 32.95 0
    endloop
  endfacet
  facet normal -0.923822 -0.382823 0
    outer loop
      vertex -62.9879 34.24 0
      vertex -63.1578 34.65 1.3
      vertex -63.1578 34.65 0
    endloop
  endfacet
  facet normal -0.923822 -0.382823 0
    outer loop
      vertex -63.1578 34.65 1.3
      vertex -62.9879 34.24 0
      vertex -62.9879 34.24 1.3
    endloop
  endfacet
  facet normal 0.382823 0.923822 -0
    outer loop
      vertex -65.07 32.1579 0
      vertex -65.48 32.3278 1.3
      vertex -65.07 32.1579 1.3
    endloop
  endfacet
  facet normal 0.382823 0.923822 0
    outer loop
      vertex -65.48 32.3278 1.3
      vertex -65.07 32.1579 0
      vertex -65.48 32.3278 0
    endloop
  endfacet
  facet normal 0.793436 0.608654 0
    outer loop
      vertex -65.8321 32.5979 1.3
      vertex -66.1022 32.95 0
      vertex -66.1022 32.95 1.3
    endloop
  endfacet
  facet normal 0.793436 0.608654 0
    outer loop
      vertex -66.1022 32.95 0
      vertex -65.8321 32.5979 1.3
      vertex -65.8321 32.5979 0
    endloop
  endfacet
  facet normal -0.99518 -0.0980699 0
    outer loop
      vertex -61.53 33.8 1.3
      vertex -61.5896 34.4048 2.5
      vertex -61.5896 34.4048 1.3
    endloop
  endfacet
  facet normal -0.99518 -0.0980699 0
    outer loop
      vertex -61.5896 34.4048 2.5
      vertex -61.53 33.8 1.3
      vertex -61.53 33.8 2.5
    endloop
  endfacet
  facet normal 0.99518 -0.0980699 0
    outer loop
      vertex -67.73 33.8 2.5
      vertex -67.6704 34.4048 1.3
      vertex -67.6704 34.4048 2.5
    endloop
  endfacet
  facet normal 0.99518 -0.0980699 0
    outer loop
      vertex -67.6704 34.4048 1.3
      vertex -67.73 33.8 2.5
      vertex -67.73 33.8 1.3
    endloop
  endfacet
  facet normal -0.0980699 -0.99518 0
    outer loop
      vertex -64.63 36.9 1.3
      vertex -64.0252 36.8404 2.5
      vertex -64.63 36.9 2.5
    endloop
  endfacet
  facet normal -0.0980699 -0.99518 -0
    outer loop
      vertex -64.0252 36.8404 2.5
      vertex -64.63 36.9 1.3
      vertex -64.0252 36.8404 1.3
    endloop
  endfacet
  facet normal -0.772908 -0.634518 0
    outer loop
      vertex -62.0524 35.5223 1.3
      vertex -62.438 35.992 2.5
      vertex -62.438 35.992 1.3
    endloop
  endfacet
  facet normal -0.772908 -0.634518 0
    outer loop
      vertex -62.438 35.992 2.5
      vertex -62.0524 35.5223 1.3
      vertex -62.0524 35.5223 2.5
    endloop
  endfacet
  facet normal -0.956939 -0.290291 0
    outer loop
      vertex -61.5896 34.4048 1.3
      vertex -61.766 34.9863 2.5
      vertex -61.766 34.9863 1.3
    endloop
  endfacet
  facet normal -0.956939 -0.290291 0
    outer loop
      vertex -61.766 34.9863 2.5
      vertex -61.5896 34.4048 1.3
      vertex -61.5896 34.4048 2.5
    endloop
  endfacet
  facet normal 0.634518 -0.772908 0
    outer loop
      vertex -66.822 35.992 1.3
      vertex -66.3523 36.3776 2.5
      vertex -66.822 35.992 2.5
    endloop
  endfacet
  facet normal 0.634518 -0.772908 0
    outer loop
      vertex -66.3523 36.3776 2.5
      vertex -66.822 35.992 1.3
      vertex -66.3523 36.3776 1.3
    endloop
  endfacet
  facet normal 0.290291 -0.956939 0
    outer loop
      vertex -65.8163 36.664 1.3
      vertex -65.2348 36.8404 2.5
      vertex -65.8163 36.664 2.5
    endloop
  endfacet
  facet normal 0.290291 -0.956939 0
    outer loop
      vertex -65.2348 36.8404 2.5
      vertex -65.8163 36.664 1.3
      vertex -65.2348 36.8404 1.3
    endloop
  endfacet
  facet normal 0.772908 0.634518 0
    outer loop
      vertex -66.822 31.608 2.5
      vertex -67.2076 32.0777 1.3
      vertex -67.2076 32.0777 2.5
    endloop
  endfacet
  facet normal 0.772908 0.634518 0
    outer loop
      vertex -67.2076 32.0777 1.3
      vertex -66.822 31.608 2.5
      vertex -66.822 31.608 1.3
    endloop
  endfacet
  facet normal -0.881988 -0.471271 0
    outer loop
      vertex -61.766 34.9863 1.3
      vertex -62.0524 35.5223 2.5
      vertex -62.0524 35.5223 1.3
    endloop
  endfacet
  facet normal -0.881988 -0.471271 0
    outer loop
      vertex -62.0524 35.5223 2.5
      vertex -61.766 34.9863 1.3
      vertex -61.766 34.9863 2.5
    endloop
  endfacet
  facet normal -0.471271 -0.881988 0
    outer loop
      vertex -63.4437 36.664 1.3
      vertex -62.9077 36.3776 2.5
      vertex -63.4437 36.664 2.5
    endloop
  endfacet
  facet normal -0.471271 -0.881988 -0
    outer loop
      vertex -62.9077 36.3776 2.5
      vertex -63.4437 36.664 1.3
      vertex -62.9077 36.3776 1.3
    endloop
  endfacet
  facet normal -0.290291 -0.956939 0
    outer loop
      vertex -64.0252 36.8404 1.3
      vertex -63.4437 36.664 2.5
      vertex -64.0252 36.8404 2.5
    endloop
  endfacet
  facet normal -0.290291 -0.956939 -0
    outer loop
      vertex -63.4437 36.664 2.5
      vertex -64.0252 36.8404 1.3
      vertex -63.4437 36.664 1.3
    endloop
  endfacet
  facet normal -0.634518 -0.772908 0
    outer loop
      vertex -62.9077 36.3776 1.3
      vertex -62.438 35.992 2.5
      vertex -62.9077 36.3776 2.5
    endloop
  endfacet
  facet normal -0.634518 -0.772908 -0
    outer loop
      vertex -62.438 35.992 2.5
      vertex -62.9077 36.3776 1.3
      vertex -62.438 35.992 1.3
    endloop
  endfacet
  facet normal 0.881988 -0.471271 0
    outer loop
      vertex -67.494 34.9863 2.5
      vertex -67.2076 35.5223 1.3
      vertex -67.2076 35.5223 2.5
    endloop
  endfacet
  facet normal 0.881988 -0.471271 0
    outer loop
      vertex -67.2076 35.5223 1.3
      vertex -67.494 34.9863 2.5
      vertex -67.494 34.9863 1.3
    endloop
  endfacet
  facet normal 0.772908 -0.634518 0
    outer loop
      vertex -67.2076 35.5223 2.5
      vertex -66.822 35.992 1.3
      vertex -66.822 35.992 2.5
    endloop
  endfacet
  facet normal 0.772908 -0.634518 0
    outer loop
      vertex -66.822 35.992 1.3
      vertex -67.2076 35.5223 2.5
      vertex -67.2076 35.5223 1.3
    endloop
  endfacet
  facet normal 0.956939 -0.290291 0
    outer loop
      vertex -67.6704 34.4048 2.5
      vertex -67.494 34.9863 1.3
      vertex -67.494 34.9863 2.5
    endloop
  endfacet
  facet normal 0.956939 -0.290291 0
    outer loop
      vertex -67.494 34.9863 1.3
      vertex -67.6704 34.4048 2.5
      vertex -67.6704 34.4048 1.3
    endloop
  endfacet
  facet normal 0.471271 -0.881988 0
    outer loop
      vertex -66.3523 36.3776 1.3
      vertex -65.8163 36.664 2.5
      vertex -66.3523 36.3776 2.5
    endloop
  endfacet
  facet normal 0.471271 -0.881988 0
    outer loop
      vertex -65.8163 36.664 2.5
      vertex -66.3523 36.3776 1.3
      vertex -65.8163 36.664 1.3
    endloop
  endfacet
  facet normal 0.0980699 -0.99518 0
    outer loop
      vertex -65.2348 36.8404 1.3
      vertex -64.63 36.9 2.5
      vertex -65.2348 36.8404 2.5
    endloop
  endfacet
  facet normal 0.0980699 -0.99518 0
    outer loop
      vertex -64.63 36.9 2.5
      vertex -65.2348 36.8404 1.3
      vertex -64.63 36.9 1.3
    endloop
  endfacet
  facet normal -0.0980699 0.99518 0
    outer loop
      vertex -64.0252 30.7596 1.3
      vertex -64.63 30.7 2.5
      vertex -64.0252 30.7596 2.5
    endloop
  endfacet
  facet normal -0.0980699 0.99518 0
    outer loop
      vertex -64.63 30.7 2.5
      vertex -64.0252 30.7596 1.3
      vertex -64.63 30.7 1.3
    endloop
  endfacet
  facet normal -0.471271 0.881988 0
    outer loop
      vertex -62.9077 31.2224 1.3
      vertex -63.4437 30.936 2.5
      vertex -62.9077 31.2224 2.5
    endloop
  endfacet
  facet normal -0.471271 0.881988 0
    outer loop
      vertex -63.4437 30.936 2.5
      vertex -62.9077 31.2224 1.3
      vertex -63.4437 30.936 1.3
    endloop
  endfacet
  facet normal -0.772908 0.634518 0
    outer loop
      vertex -62.438 31.608 1.3
      vertex -62.0524 32.0777 2.5
      vertex -62.0524 32.0777 1.3
    endloop
  endfacet
  facet normal -0.772908 0.634518 0
    outer loop
      vertex -62.0524 32.0777 2.5
      vertex -62.438 31.608 1.3
      vertex -62.438 31.608 2.5
    endloop
  endfacet
  facet normal -0.956939 0.290291 0
    outer loop
      vertex -61.766 32.6137 1.3
      vertex -61.5896 33.1952 2.5
      vertex -61.5896 33.1952 1.3
    endloop
  endfacet
  facet normal -0.956939 0.290291 0
    outer loop
      vertex -61.5896 33.1952 2.5
      vertex -61.766 32.6137 1.3
      vertex -61.766 32.6137 2.5
    endloop
  endfacet
  facet normal 0.634518 0.772908 -0
    outer loop
      vertex -66.3523 31.2224 1.3
      vertex -66.822 31.608 2.5
      vertex -66.3523 31.2224 2.5
    endloop
  endfacet
  facet normal 0.634518 0.772908 0
    outer loop
      vertex -66.822 31.608 2.5
      vertex -66.3523 31.2224 1.3
      vertex -66.822 31.608 1.3
    endloop
  endfacet
  facet normal 0.290291 0.956939 -0
    outer loop
      vertex -65.2348 30.7596 1.3
      vertex -65.8163 30.936 2.5
      vertex -65.2348 30.7596 2.5
    endloop
  endfacet
  facet normal 0.290291 0.956939 0
    outer loop
      vertex -65.8163 30.936 2.5
      vertex -65.2348 30.7596 1.3
      vertex -65.8163 30.936 1.3
    endloop
  endfacet
  facet normal 0.99518 0.0980699 0
    outer loop
      vertex -67.6704 33.1952 2.5
      vertex -67.73 33.8 1.3
      vertex -67.73 33.8 2.5
    endloop
  endfacet
  facet normal 0.99518 0.0980699 0
    outer loop
      vertex -67.73 33.8 1.3
      vertex -67.6704 33.1952 2.5
      vertex -67.6704 33.1952 1.3
    endloop
  endfacet
  facet normal 0.881988 0.471271 0
    outer loop
      vertex -67.2076 32.0777 2.5
      vertex -67.494 32.6137 1.3
      vertex -67.494 32.6137 2.5
    endloop
  endfacet
  facet normal 0.881988 0.471271 0
    outer loop
      vertex -67.494 32.6137 1.3
      vertex -67.2076 32.0777 2.5
      vertex -67.2076 32.0777 1.3
    endloop
  endfacet
  facet normal 0 0 1
    outer loop
      vertex -62.93 33.8 1.3
      vertex -61.53 33.8 1.3
      vertex -61.5896 34.4048 1.3
    endloop
  endfacet
  facet normal 0 0 1
    outer loop
      vertex -62.9879 34.24 1.3
      vertex -61.5896 34.4048 1.3
      vertex -61.766 34.9863 1.3
    endloop
  endfacet
  facet normal 0 0 1
    outer loop
      vertex -61.53 33.8 1.3
      vertex -62.93 33.8 1.3
      vertex -61.5896 33.1952 1.3
    endloop
  endfacet
  facet normal 0 0 1
    outer loop
      vertex -63.1578 34.65 1.3
      vertex -61.766 34.9863 1.3
      vertex -62.0524 35.5223 1.3
    endloop
  endfacet
  facet normal -0 0 1
    outer loop
      vertex -62.9879 33.36 1.3
      vertex -61.5896 33.1952 1.3
      vertex -62.93 33.8 1.3
    endloop
  endfacet
  facet normal 0 0 1
    outer loop
      vertex -63.4279 35.0021 1.3
      vertex -62.0524 35.5223 1.3
      vertex -62.438 35.992 1.3
    endloop
  endfacet
  facet normal 0 0 1
    outer loop
      vertex -61.5896 33.1952 1.3
      vertex -62.9879 33.36 1.3
      vertex -61.766 32.6137 1.3
    endloop
  endfacet
  facet normal 0 0 1
    outer loop
      vertex -63.4279 35.0021 1.3
      vertex -62.438 35.992 1.3
      vertex -62.9077 36.3776 1.3
    endloop
  endfacet
  facet normal -0 0 1
    outer loop
      vertex -63.1578 32.95 1.3
      vertex -61.766 32.6137 1.3
      vertex -62.9879 33.36 1.3
    endloop
  endfacet
  facet normal 0 0 1
    outer loop
      vertex -61.766 32.6137 1.3
      vertex -63.1578 32.95 1.3
      vertex -62.0524 32.0777 1.3
    endloop
  endfacet
  facet normal 0 0 1
    outer loop
      vertex -61.5896 34.4048 1.3
      vertex -62.9879 34.24 1.3
      vertex -62.93 33.8 1.3
    endloop
  endfacet
  facet normal 0 0 1
    outer loop
      vertex -61.766 34.9863 1.3
      vertex -63.1578 34.65 1.3
      vertex -62.9879 34.24 1.3
    endloop
  endfacet
  facet normal 0 0 1
    outer loop
      vertex -62.0524 35.5223 1.3
      vertex -63.4279 35.0021 1.3
      vertex -63.1578 34.65 1.3
    endloop
  endfacet
  facet normal 0 0 1
    outer loop
      vertex -63.78 35.2722 1.3
      vertex -62.9077 36.3776 1.3
      vertex -63.4437 36.664 1.3
    endloop
  endfacet
  facet normal 0 0 1
    outer loop
      vertex -62.9077 36.3776 1.3
      vertex -63.78 35.2722 1.3
      vertex -63.4279 35.0021 1.3
    endloop
  endfacet
  facet normal 0 0 1
    outer loop
      vertex -64.19 35.4421 1.3
      vertex -63.4437 36.664 1.3
      vertex -64.0252 36.8404 1.3
    endloop
  endfacet
  facet normal 0 0 1
    outer loop
      vertex -63.4437 36.664 1.3
      vertex -64.19 35.4421 1.3
      vertex -63.78 35.2722 1.3
    endloop
  endfacet
  facet normal 0 0 1
    outer loop
      vertex -64.63 35.5 1.3
      vertex -64.0252 36.8404 1.3
      vertex -64.63 36.9 1.3
    endloop
  endfacet
  facet normal 0 0 1
    outer loop
      vertex -64.0252 36.8404 1.3
      vertex -64.63 35.5 1.3
      vertex -64.19 35.4421 1.3
    endloop
  endfacet
  facet normal -0 0 1
    outer loop
      vertex -65.2348 36.8404 1.3
      vertex -64.63 35.5 1.3
      vertex -64.63 36.9 1.3
    endloop
  endfacet
  facet normal 0 0 1
    outer loop
      vertex -64.63 35.5 1.3
      vertex -65.2348 36.8404 1.3
      vertex -65.07 35.4421 1.3
    endloop
  endfacet
  facet normal -0 0 1
    outer loop
      vertex -65.8163 36.664 1.3
      vertex -65.07 35.4421 1.3
      vertex -65.2348 36.8404 1.3
    endloop
  endfacet
  facet normal 0 0 1
    outer loop
      vertex -65.07 35.4421 1.3
      vertex -65.8163 36.664 1.3
      vertex -65.48 35.2722 1.3
    endloop
  endfacet
  facet normal -0 0 1
    outer loop
      vertex -66.3523 36.3776 1.3
      vertex -65.48 35.2722 1.3
      vertex -65.8163 36.664 1.3
    endloop
  endfacet
  facet normal 0 0 1
    outer loop
      vertex -65.48 35.2722 1.3
      vertex -66.3523 36.3776 1.3
      vertex -65.8321 35.0021 1.3
    endloop
  endfacet
  facet normal -0 0 1
    outer loop
      vertex -66.822 35.992 1.3
      vertex -65.8321 35.0021 1.3
      vertex -66.3523 36.3776 1.3
    endloop
  endfacet
  facet normal 0 0 1
    outer loop
      vertex -65.8321 35.0021 1.3
      vertex -67.2076 35.5223 1.3
      vertex -66.1022 34.65 1.3
    endloop
  endfacet
  facet normal -0 0 1
    outer loop
      vertex -67.2076 35.5223 1.3
      vertex -65.8321 35.0021 1.3
      vertex -66.822 35.992 1.3
    endloop
  endfacet
  facet normal -0 0 1
    outer loop
      vertex -63.4279 32.5979 1.3
      vertex -62.0524 32.0777 1.3
      vertex -63.1578 32.95 1.3
    endloop
  endfacet
  facet normal 0 0 1
    outer loop
      vertex -62.0524 32.0777 1.3
      vertex -63.4279 32.5979 1.3
      vertex -62.438 31.608 1.3
    endloop
  endfacet
  facet normal 0 0 1
    outer loop
      vertex -62.438 31.608 1.3
      vertex -63.4279 32.5979 1.3
      vertex -62.9077 31.2224 1.3
    endloop
  endfacet
  facet normal -0 0 1
    outer loop
      vertex -63.78 32.3278 1.3
      vertex -62.9077 31.2224 1.3
      vertex -63.4279 32.5979 1.3
    endloop
  endfacet
  facet normal 0 0 1
    outer loop
      vertex -62.9077 31.2224 1.3
      vertex -63.78 32.3278 1.3
      vertex -63.4437 30.936 1.3
    endloop
  endfacet
  facet normal -0 0 1
    outer loop
      vertex -64.19 32.1579 1.3
      vertex -63.4437 30.936 1.3
      vertex -63.78 32.3278 1.3
    endloop
  endfacet
  facet normal 0 0 1
    outer loop
      vertex -63.4437 30.936 1.3
      vertex -64.19 32.1579 1.3
      vertex -64.0252 30.7596 1.3
    endloop
  endfacet
  facet normal -0 0 1
    outer loop
      vertex -64.63 32.1 1.3
      vertex -64.0252 30.7596 1.3
      vertex -64.19 32.1579 1.3
    endloop
  endfacet
  facet normal 0 0 1
    outer loop
      vertex -64.63 32.1 1.3
      vertex -64.63 30.7 1.3
      vertex -64.0252 30.7596 1.3
    endloop
  endfacet
  facet normal 0 0 1
    outer loop
      vertex -65.2348 30.7596 1.3
      vertex -64.63 32.1 1.3
      vertex -65.07 32.1579 1.3
    endloop
  endfacet
  facet normal 0 0 1
    outer loop
      vertex -64.63 32.1 1.3
      vertex -65.2348 30.7596 1.3
      vertex -64.63 30.7 1.3
    endloop
  endfacet
  facet normal 0 0 1
    outer loop
      vertex -65.8163 30.936 1.3
      vertex -65.07 32.1579 1.3
      vertex -65.48 32.3278 1.3
    endloop
  endfacet
  facet normal 0 0 1
    outer loop
      vertex -65.07 32.1579 1.3
      vertex -65.8163 30.936 1.3
      vertex -65.2348 30.7596 1.3
    endloop
  endfacet
  facet normal 0 0 1
    outer loop
      vertex -66.3523 31.2224 1.3
      vertex -65.48 32.3278 1.3
      vertex -65.8321 32.5979 1.3
    endloop
  endfacet
  facet normal 0 0 1
    outer loop
      vertex -67.2076 32.0777 1.3
      vertex -65.8321 32.5979 1.3
      vertex -66.1022 32.95 1.3
    endloop
  endfacet
  facet normal 0 0 1
    outer loop
      vertex -67.494 32.6137 1.3
      vertex -66.1022 32.95 1.3
      vertex -66.2721 33.36 1.3
    endloop
  endfacet
  facet normal 0 0 1
    outer loop
      vertex -65.48 32.3278 1.3
      vertex -66.3523 31.2224 1.3
      vertex -65.8163 30.936 1.3
    endloop
  endfacet
  facet normal 0 0 1
    outer loop
      vertex -67.6704 33.1952 1.3
      vertex -66.2721 33.36 1.3
      vertex -66.33 33.8 1.3
    endloop
  endfacet
  facet normal -0 0 1
    outer loop
      vertex -67.494 34.9863 1.3
      vertex -66.1022 34.65 1.3
      vertex -67.2076 35.5223 1.3
    endloop
  endfacet
  facet normal 0 0 1
    outer loop
      vertex -66.1022 34.65 1.3
      vertex -67.494 34.9863 1.3
      vertex -66.2721 34.24 1.3
    endloop
  endfacet
  facet normal 0 0 1
    outer loop
      vertex -65.8321 32.5979 1.3
      vertex -66.822 31.608 1.3
      vertex -66.3523 31.2224 1.3
    endloop
  endfacet
  facet normal -0 0 1
    outer loop
      vertex -67.6704 34.4048 1.3
      vertex -66.2721 34.24 1.3
      vertex -67.494 34.9863 1.3
    endloop
  endfacet
  facet normal 0 0 1
    outer loop
      vertex -65.8321 32.5979 1.3
      vertex -67.2076 32.0777 1.3
      vertex -66.822 31.608 1.3
    endloop
  endfacet
  facet normal 0 0 1
    outer loop
      vertex -66.2721 34.24 1.3
      vertex -67.6704 34.4048 1.3
      vertex -66.33 33.8 1.3
    endloop
  endfacet
  facet normal 0 0 1
    outer loop
      vertex -66.1022 32.95 1.3
      vertex -67.494 32.6137 1.3
      vertex -67.2076 32.0777 1.3
    endloop
  endfacet
  facet normal 0 0 1
    outer loop
      vertex -67.73 33.8 1.3
      vertex -66.33 33.8 1.3
      vertex -67.6704 34.4048 1.3
    endloop
  endfacet
  facet normal 0 0 1
    outer loop
      vertex -66.2721 33.36 1.3
      vertex -67.6704 33.1952 1.3
      vertex -67.494 32.6137 1.3
    endloop
  endfacet
  facet normal 0 0 1
    outer loop
      vertex -66.33 33.8 1.3
      vertex -67.73 33.8 1.3
      vertex -67.6704 33.1952 1.3
    endloop
  endfacet
  facet normal 0.956939 0.290291 0
    outer loop
      vertex -67.494 32.6137 2.5
      vertex -67.6704 33.1952 1.3
      vertex -67.6704 33.1952 2.5
    endloop
  endfacet
  facet normal 0.956939 0.290291 0
    outer loop
      vertex -67.6704 33.1952 1.3
      vertex -67.494 32.6137 2.5
      vertex -67.494 32.6137 1.3
    endloop
  endfacet
  facet normal -0.290291 0.956939 0
    outer loop
      vertex -63.4437 30.936 1.3
      vertex -64.0252 30.7596 2.5
      vertex -63.4437 30.936 2.5
    endloop
  endfacet
  facet normal -0.290291 0.956939 0
    outer loop
      vertex -64.0252 30.7596 2.5
      vertex -63.4437 30.936 1.3
      vertex -64.0252 30.7596 1.3
    endloop
  endfacet
  facet normal -0.634518 0.772908 0
    outer loop
      vertex -62.438 31.608 1.3
      vertex -62.9077 31.2224 2.5
      vertex -62.438 31.608 2.5
    endloop
  endfacet
  facet normal -0.634518 0.772908 0
    outer loop
      vertex -62.9077 31.2224 2.5
      vertex -62.438 31.608 1.3
      vertex -62.9077 31.2224 1.3
    endloop
  endfacet
  facet normal -0.881988 0.471271 0
    outer loop
      vertex -62.0524 32.0777 1.3
      vertex -61.766 32.6137 2.5
      vertex -61.766 32.6137 1.3
    endloop
  endfacet
  facet normal -0.881988 0.471271 0
    outer loop
      vertex -61.766 32.6137 2.5
      vertex -62.0524 32.0777 1.3
      vertex -62.0524 32.0777 2.5
    endloop
  endfacet
  facet normal -0.99518 0.0980699 0
    outer loop
      vertex -61.5896 33.1952 1.3
      vertex -61.53 33.8 2.5
      vertex -61.53 33.8 1.3
    endloop
  endfacet
  facet normal -0.99518 0.0980699 0
    outer loop
      vertex -61.53 33.8 2.5
      vertex -61.5896 33.1952 1.3
      vertex -61.5896 33.1952 2.5
    endloop
  endfacet
  facet normal 0.471271 0.881988 -0
    outer loop
      vertex -65.8163 30.936 1.3
      vertex -66.3523 31.2224 2.5
      vertex -65.8163 30.936 2.5
    endloop
  endfacet
  facet normal 0.471271 0.881988 0
    outer loop
      vertex -66.3523 31.2224 2.5
      vertex -65.8163 30.936 1.3
      vertex -66.3523 31.2224 1.3
    endloop
  endfacet
  facet normal 0.0980699 0.99518 -0
    outer loop
      vertex -64.63 30.7 1.3
      vertex -65.2348 30.7596 2.5
      vertex -64.63 30.7 2.5
    endloop
  endfacet
  facet normal 0.0980699 0.99518 0
    outer loop
      vertex -65.2348 30.7596 2.5
      vertex -64.63 30.7 1.3
      vertex -65.2348 30.7596 1.3
    endloop
  endfacet
  facet normal 0.991453 -0.130466 0
    outer loop
      vertex -66.33 -31.85 1.3
      vertex -66.2721 -31.41 0
      vertex -66.2721 -31.41 1.3
    endloop
  endfacet
  facet normal 0.991453 -0.130466 0
    outer loop
      vertex -66.2721 -31.41 0
      vertex -66.33 -31.85 1.3
      vertex -66.33 -31.85 0
    endloop
  endfacet
  facet normal -0.382823 -0.923822 0
    outer loop
      vertex -64.19 -30.2079 0
      vertex -63.78 -30.3778 1.3
      vertex -64.19 -30.2079 1.3
    endloop
  endfacet
  facet normal -0.382823 -0.923822 -0
    outer loop
      vertex -63.78 -30.3778 1.3
      vertex -64.19 -30.2079 0
      vertex -63.78 -30.3778 0
    endloop
  endfacet
  facet normal -0.991453 0.130466 0
    outer loop
      vertex -62.9879 -32.29 0
      vertex -62.93 -31.85 1.3
      vertex -62.93 -31.85 0
    endloop
  endfacet
  facet normal -0.991453 0.130466 0
    outer loop
      vertex -62.93 -31.85 1.3
      vertex -62.9879 -32.29 0
      vertex -62.9879 -32.29 1.3
    endloop
  endfacet
  facet normal 0.130466 0.991453 -0
    outer loop
      vertex -64.63 -33.55 0
      vertex -65.07 -33.4921 1.3
      vertex -64.63 -33.55 1.3
    endloop
  endfacet
  facet normal 0.130466 0.991453 0
    outer loop
      vertex -65.07 -33.4921 1.3
      vertex -64.63 -33.55 0
      vertex -65.07 -33.4921 0
    endloop
  endfacet
  facet normal -0.608654 -0.793436 0
    outer loop
      vertex -63.78 -30.3778 0
      vertex -63.4279 -30.6479 1.3
      vertex -63.78 -30.3778 1.3
    endloop
  endfacet
  facet normal -0.608654 -0.793436 -0
    outer loop
      vertex -63.4279 -30.6479 1.3
      vertex -63.78 -30.3778 0
      vertex -63.4279 -30.6479 0
    endloop
  endfacet
  facet normal -0.130466 -0.991453 0
    outer loop
      vertex -64.63 -30.15 0
      vertex -64.19 -30.2079 1.3
      vertex -64.63 -30.15 1.3
    endloop
  endfacet
  facet normal -0.130466 -0.991453 -0
    outer loop
      vertex -64.19 -30.2079 1.3
      vertex -64.63 -30.15 0
      vertex -64.19 -30.2079 0
    endloop
  endfacet
  facet normal 0.130466 -0.991453 0
    outer loop
      vertex -65.07 -30.2079 0
      vertex -64.63 -30.15 1.3
      vertex -65.07 -30.2079 1.3
    endloop
  endfacet
  facet normal 0.130466 -0.991453 0
    outer loop
      vertex -64.63 -30.15 1.3
      vertex -65.07 -30.2079 0
      vertex -64.63 -30.15 0
    endloop
  endfacet
  facet normal 0.923822 -0.382823 0
    outer loop
      vertex -66.2721 -31.41 1.3
      vertex -66.1022 -31 0
      vertex -66.1022 -31 1.3
    endloop
  endfacet
  facet normal 0.923822 -0.382823 0
    outer loop
      vertex -66.1022 -31 0
      vertex -66.2721 -31.41 1.3
      vertex -66.2721 -31.41 0
    endloop
  endfacet
  facet normal -0.793436 0.608654 0
    outer loop
      vertex -63.4279 -33.0521 0
      vertex -63.1578 -32.7 1.3
      vertex -63.1578 -32.7 0
    endloop
  endfacet
  facet normal -0.793436 0.608654 0
    outer loop
      vertex -63.1578 -32.7 1.3
      vertex -63.4279 -33.0521 0
      vertex -63.4279 -33.0521 1.3
    endloop
  endfacet
  facet normal -0.923822 0.382823 0
    outer loop
      vertex -63.1578 -32.7 0
      vertex -62.9879 -32.29 1.3
      vertex -62.9879 -32.29 0
    endloop
  endfacet
  facet normal -0.923822 0.382823 0
    outer loop
      vertex -62.9879 -32.29 1.3
      vertex -63.1578 -32.7 0
      vertex -63.1578 -32.7 1.3
    endloop
  endfacet
  facet normal 0.991453 0.130466 0
    outer loop
      vertex -66.2721 -32.29 1.3
      vertex -66.33 -31.85 0
      vertex -66.33 -31.85 1.3
    endloop
  endfacet
  facet normal 0.991453 0.130466 0
    outer loop
      vertex -66.33 -31.85 0
      vertex -66.2721 -32.29 1.3
      vertex -66.2721 -32.29 0
    endloop
  endfacet
  facet normal -0.923822 -0.382823 0
    outer loop
      vertex -62.9879 -31.41 0
      vertex -63.1578 -31 1.3
      vertex -63.1578 -31 0
    endloop
  endfacet
  facet normal -0.923822 -0.382823 0
    outer loop
      vertex -63.1578 -31 1.3
      vertex -62.9879 -31.41 0
      vertex -62.9879 -31.41 1.3
    endloop
  endfacet
  facet normal -0.793436 -0.608654 0
    outer loop
      vertex -63.1578 -31 0
      vertex -63.4279 -30.6479 1.3
      vertex -63.4279 -30.6479 0
    endloop
  endfacet
  facet normal -0.793436 -0.608654 0
    outer loop
      vertex -63.4279 -30.6479 1.3
      vertex -63.1578 -31 0
      vertex -63.1578 -31 1.3
    endloop
  endfacet
  facet normal 0.793436 -0.608654 0
    outer loop
      vertex -66.1022 -31 1.3
      vertex -65.8321 -30.6479 0
      vertex -65.8321 -30.6479 1.3
    endloop
  endfacet
  facet normal 0.793436 -0.608654 0
    outer loop
      vertex -65.8321 -30.6479 0
      vertex -66.1022 -31 1.3
      vertex -66.1022 -31 0
    endloop
  endfacet
  facet normal 0.382823 -0.923822 0
    outer loop
      vertex -65.48 -30.3778 0
      vertex -65.07 -30.2079 1.3
      vertex -65.48 -30.3778 1.3
    endloop
  endfacet
  facet normal 0.382823 -0.923822 0
    outer loop
      vertex -65.07 -30.2079 1.3
      vertex -65.48 -30.3778 0
      vertex -65.07 -30.2079 0
    endloop
  endfacet
  facet normal 0.608654 -0.793436 0
    outer loop
      vertex -65.8321 -30.6479 0
      vertex -65.48 -30.3778 1.3
      vertex -65.8321 -30.6479 1.3
    endloop
  endfacet
  facet normal 0.608654 -0.793436 0
    outer loop
      vertex -65.48 -30.3778 1.3
      vertex -65.8321 -30.6479 0
      vertex -65.48 -30.3778 0
    endloop
  endfacet
  facet normal -0.991453 -0.130466 0
    outer loop
      vertex -62.93 -31.85 0
      vertex -62.9879 -31.41 1.3
      vertex -62.9879 -31.41 0
    endloop
  endfacet
  facet normal -0.991453 -0.130466 0
    outer loop
      vertex -62.9879 -31.41 1.3
      vertex -62.93 -31.85 0
      vertex -62.93 -31.85 1.3
    endloop
  endfacet
  facet normal -0.130466 0.991453 0
    outer loop
      vertex -64.19 -33.4921 0
      vertex -64.63 -33.55 1.3
      vertex -64.19 -33.4921 1.3
    endloop
  endfacet
  facet normal -0.130466 0.991453 0
    outer loop
      vertex -64.63 -33.55 1.3
      vertex -64.19 -33.4921 0
      vertex -64.63 -33.55 0
    endloop
  endfacet
  facet normal -0.382823 0.923822 0
    outer loop
      vertex -63.78 -33.3222 0
      vertex -64.19 -33.4921 1.3
      vertex -63.78 -33.3222 1.3
    endloop
  endfacet
  facet normal -0.382823 0.923822 0
    outer loop
      vertex -64.19 -33.4921 1.3
      vertex -63.78 -33.3222 0
      vertex -64.19 -33.4921 0
    endloop
  endfacet
  facet normal -0.608654 0.793436 0
    outer loop
      vertex -63.4279 -33.0521 0
      vertex -63.78 -33.3222 1.3
      vertex -63.4279 -33.0521 1.3
    endloop
  endfacet
  facet normal -0.608654 0.793436 0
    outer loop
      vertex -63.78 -33.3222 1.3
      vertex -63.4279 -33.0521 0
      vertex -63.78 -33.3222 0
    endloop
  endfacet
  facet normal 0.608654 0.793436 -0
    outer loop
      vertex -65.48 -33.3222 0
      vertex -65.8321 -33.0521 1.3
      vertex -65.48 -33.3222 1.3
    endloop
  endfacet
  facet normal 0.608654 0.793436 0
    outer loop
      vertex -65.8321 -33.0521 1.3
      vertex -65.48 -33.3222 0
      vertex -65.8321 -33.0521 0
    endloop
  endfacet
  facet normal 0.923822 0.382823 0
    outer loop
      vertex -66.1022 -32.7 1.3
      vertex -66.2721 -32.29 0
      vertex -66.2721 -32.29 1.3
    endloop
  endfacet
  facet normal 0.923822 0.382823 0
    outer loop
      vertex -66.2721 -32.29 0
      vertex -66.1022 -32.7 1.3
      vertex -66.1022 -32.7 0
    endloop
  endfacet
  facet normal 0.793436 0.608654 0
    outer loop
      vertex -65.8321 -33.0521 1.3
      vertex -66.1022 -32.7 0
      vertex -66.1022 -32.7 1.3
    endloop
  endfacet
  facet normal 0.793436 0.608654 0
    outer loop
      vertex -66.1022 -32.7 0
      vertex -65.8321 -33.0521 1.3
      vertex -65.8321 -33.0521 0
    endloop
  endfacet
  facet normal 0.382823 0.923822 -0
    outer loop
      vertex -65.07 -33.4921 0
      vertex -65.48 -33.3222 1.3
      vertex -65.07 -33.4921 1.3
    endloop
  endfacet
  facet normal 0.382823 0.923822 0
    outer loop
      vertex -65.48 -33.3222 1.3
      vertex -65.07 -33.4921 0
      vertex -65.48 -33.3222 0
    endloop
  endfacet
  facet normal -0.99518 -0.0980699 0
    outer loop
      vertex -61.53 -31.85 1.3
      vertex -61.5896 -31.2452 2.5
      vertex -61.5896 -31.2452 1.3
    endloop
  endfacet
  facet normal -0.99518 -0.0980699 0
    outer loop
      vertex -61.5896 -31.2452 2.5
      vertex -61.53 -31.85 1.3
      vertex -61.53 -31.85 2.5
    endloop
  endfacet
  facet normal 0.99518 -0.0980699 0
    outer loop
      vertex -67.73 -31.85 2.5
      vertex -67.6704 -31.2452 1.3
      vertex -67.6704 -31.2452 2.5
    endloop
  endfacet
  facet normal 0.99518 -0.0980699 0
    outer loop
      vertex -67.6704 -31.2452 1.3
      vertex -67.73 -31.85 2.5
      vertex -67.73 -31.85 1.3
    endloop
  endfacet
  facet normal -0.0980699 -0.99518 0
    outer loop
      vertex -64.63 -28.75 1.3
      vertex -64.0252 -28.8096 2.5
      vertex -64.63 -28.75 2.5
    endloop
  endfacet
  facet normal -0.0980699 -0.99518 -0
    outer loop
      vertex -64.0252 -28.8096 2.5
      vertex -64.63 -28.75 1.3
      vertex -64.0252 -28.8096 1.3
    endloop
  endfacet
  facet normal -0.772908 -0.634518 0
    outer loop
      vertex -62.0524 -30.1277 1.3
      vertex -62.438 -29.658 2.5
      vertex -62.438 -29.658 1.3
    endloop
  endfacet
  facet normal -0.772908 -0.634518 0
    outer loop
      vertex -62.438 -29.658 2.5
      vertex -62.0524 -30.1277 1.3
      vertex -62.0524 -30.1277 2.5
    endloop
  endfacet
  facet normal -0.956939 -0.290291 0
    outer loop
      vertex -61.5896 -31.2452 1.3
      vertex -61.766 -30.6637 2.5
      vertex -61.766 -30.6637 1.3
    endloop
  endfacet
  facet normal -0.956939 -0.290291 0
    outer loop
      vertex -61.766 -30.6637 2.5
      vertex -61.5896 -31.2452 1.3
      vertex -61.5896 -31.2452 2.5
    endloop
  endfacet
  facet normal 0.634518 -0.772908 0
    outer loop
      vertex -66.822 -29.658 1.3
      vertex -66.3523 -29.2724 2.5
      vertex -66.822 -29.658 2.5
    endloop
  endfacet
  facet normal 0.634518 -0.772908 0
    outer loop
      vertex -66.3523 -29.2724 2.5
      vertex -66.822 -29.658 1.3
      vertex -66.3523 -29.2724 1.3
    endloop
  endfacet
  facet normal 0.290291 -0.956939 0
    outer loop
      vertex -65.8163 -28.986 1.3
      vertex -65.2348 -28.8096 2.5
      vertex -65.8163 -28.986 2.5
    endloop
  endfacet
  facet normal 0.290291 -0.956939 0
    outer loop
      vertex -65.2348 -28.8096 2.5
      vertex -65.8163 -28.986 1.3
      vertex -65.2348 -28.8096 1.3
    endloop
  endfacet
  facet normal 0.772908 0.634518 0
    outer loop
      vertex -66.822 -34.042 2.5
      vertex -67.2076 -33.5723 1.3
      vertex -67.2076 -33.5723 2.5
    endloop
  endfacet
  facet normal 0.772908 0.634518 0
    outer loop
      vertex -67.2076 -33.5723 1.3
      vertex -66.822 -34.042 2.5
      vertex -66.822 -34.042 1.3
    endloop
  endfacet
  facet normal -0.881988 -0.471271 0
    outer loop
      vertex -61.766 -30.6637 1.3
      vertex -62.0524 -30.1277 2.5
      vertex -62.0524 -30.1277 1.3
    endloop
  endfacet
  facet normal -0.881988 -0.471271 0
    outer loop
      vertex -62.0524 -30.1277 2.5
      vertex -61.766 -30.6637 1.3
      vertex -61.766 -30.6637 2.5
    endloop
  endfacet
  facet normal -0.471271 -0.881988 0
    outer loop
      vertex -63.4437 -28.986 1.3
      vertex -62.9077 -29.2724 2.5
      vertex -63.4437 -28.986 2.5
    endloop
  endfacet
  facet normal -0.471271 -0.881988 -0
    outer loop
      vertex -62.9077 -29.2724 2.5
      vertex -63.4437 -28.986 1.3
      vertex -62.9077 -29.2724 1.3
    endloop
  endfacet
  facet normal -0.290291 -0.956939 0
    outer loop
      vertex -64.0252 -28.8096 1.3
      vertex -63.4437 -28.986 2.5
      vertex -64.0252 -28.8096 2.5
    endloop
  endfacet
  facet normal -0.290291 -0.956939 -0
    outer loop
      vertex -63.4437 -28.986 2.5
      vertex -64.0252 -28.8096 1.3
      vertex -63.4437 -28.986 1.3
    endloop
  endfacet
  facet normal -0.634518 -0.772908 0
    outer loop
      vertex -62.9077 -29.2724 1.3
      vertex -62.438 -29.658 2.5
      vertex -62.9077 -29.2724 2.5
    endloop
  endfacet
  facet normal -0.634518 -0.772908 -0
    outer loop
      vertex -62.438 -29.658 2.5
      vertex -62.9077 -29.2724 1.3
      vertex -62.438 -29.658 1.3
    endloop
  endfacet
  facet normal 0.881988 -0.471271 0
    outer loop
      vertex -67.494 -30.6637 2.5
      vertex -67.2076 -30.1277 1.3
      vertex -67.2076 -30.1277 2.5
    endloop
  endfacet
  facet normal 0.881988 -0.471271 0
    outer loop
      vertex -67.2076 -30.1277 1.3
      vertex -67.494 -30.6637 2.5
      vertex -67.494 -30.6637 1.3
    endloop
  endfacet
  facet normal 0.772908 -0.634518 0
    outer loop
      vertex -67.2076 -30.1277 2.5
      vertex -66.822 -29.658 1.3
      vertex -66.822 -29.658 2.5
    endloop
  endfacet
  facet normal 0.772908 -0.634518 0
    outer loop
      vertex -66.822 -29.658 1.3
      vertex -67.2076 -30.1277 2.5
      vertex -67.2076 -30.1277 1.3
    endloop
  endfacet
  facet normal 0.956939 -0.290291 0
    outer loop
      vertex -67.6704 -31.2452 2.5
      vertex -67.494 -30.6637 1.3
      vertex -67.494 -30.6637 2.5
    endloop
  endfacet
  facet normal 0.956939 -0.290291 0
    outer loop
      vertex -67.494 -30.6637 1.3
      vertex -67.6704 -31.2452 2.5
      vertex -67.6704 -31.2452 1.3
    endloop
  endfacet
  facet normal 0.471271 -0.881988 0
    outer loop
      vertex -66.3523 -29.2724 1.3
      vertex -65.8163 -28.986 2.5
      vertex -66.3523 -29.2724 2.5
    endloop
  endfacet
  facet normal 0.471271 -0.881988 0
    outer loop
      vertex -65.8163 -28.986 2.5
      vertex -66.3523 -29.2724 1.3
      vertex -65.8163 -28.986 1.3
    endloop
  endfacet
  facet normal 0.0980699 -0.99518 0
    outer loop
      vertex -65.2348 -28.8096 1.3
      vertex -64.63 -28.75 2.5
      vertex -65.2348 -28.8096 2.5
    endloop
  endfacet
  facet normal 0.0980699 -0.99518 0
    outer loop
      vertex -64.63 -28.75 2.5
      vertex -65.2348 -28.8096 1.3
      vertex -64.63 -28.75 1.3
    endloop
  endfacet
  facet normal -0.0980699 0.99518 0
    outer loop
      vertex -64.0252 -34.8904 1.3
      vertex -64.63 -34.95 2.5
      vertex -64.0252 -34.8904 2.5
    endloop
  endfacet
  facet normal -0.0980699 0.99518 0
    outer loop
      vertex -64.63 -34.95 2.5
      vertex -64.0252 -34.8904 1.3
      vertex -64.63 -34.95 1.3
    endloop
  endfacet
  facet normal -0.471271 0.881988 0
    outer loop
      vertex -62.9077 -34.4276 1.3
      vertex -63.4437 -34.714 2.5
      vertex -62.9077 -34.4276 2.5
    endloop
  endfacet
  facet normal -0.471271 0.881988 0
    outer loop
      vertex -63.4437 -34.714 2.5
      vertex -62.9077 -34.4276 1.3
      vertex -63.4437 -34.714 1.3
    endloop
  endfacet
  facet normal -0.772908 0.634518 0
    outer loop
      vertex -62.438 -34.042 1.3
      vertex -62.0524 -33.5723 2.5
      vertex -62.0524 -33.5723 1.3
    endloop
  endfacet
  facet normal -0.772908 0.634518 0
    outer loop
      vertex -62.0524 -33.5723 2.5
      vertex -62.438 -34.042 1.3
      vertex -62.438 -34.042 2.5
    endloop
  endfacet
  facet normal -0.956939 0.290291 0
    outer loop
      vertex -61.766 -33.0363 1.3
      vertex -61.5896 -32.4548 2.5
      vertex -61.5896 -32.4548 1.3
    endloop
  endfacet
  facet normal -0.956939 0.290291 0
    outer loop
      vertex -61.5896 -32.4548 2.5
      vertex -61.766 -33.0363 1.3
      vertex -61.766 -33.0363 2.5
    endloop
  endfacet
  facet normal 0.634518 0.772908 -0
    outer loop
      vertex -66.3523 -34.4276 1.3
      vertex -66.822 -34.042 2.5
      vertex -66.3523 -34.4276 2.5
    endloop
  endfacet
  facet normal 0.634518 0.772908 0
    outer loop
      vertex -66.822 -34.042 2.5
      vertex -66.3523 -34.4276 1.3
      vertex -66.822 -34.042 1.3
    endloop
  endfacet
  facet normal 0.290291 0.956939 -0
    outer loop
      vertex -65.2348 -34.8904 1.3
      vertex -65.8163 -34.714 2.5
      vertex -65.2348 -34.8904 2.5
    endloop
  endfacet
  facet normal 0.290291 0.956939 0
    outer loop
      vertex -65.8163 -34.714 2.5
      vertex -65.2348 -34.8904 1.3
      vertex -65.8163 -34.714 1.3
    endloop
  endfacet
  facet normal 0.99518 0.0980699 0
    outer loop
      vertex -67.6704 -32.4548 2.5
      vertex -67.73 -31.85 1.3
      vertex -67.73 -31.85 2.5
    endloop
  endfacet
  facet normal 0.99518 0.0980699 0
    outer loop
      vertex -67.73 -31.85 1.3
      vertex -67.6704 -32.4548 2.5
      vertex -67.6704 -32.4548 1.3
    endloop
  endfacet
  facet normal 0.881988 0.471271 0
    outer loop
      vertex -67.2076 -33.5723 2.5
      vertex -67.494 -33.0363 1.3
      vertex -67.494 -33.0363 2.5
    endloop
  endfacet
  facet normal 0.881988 0.471271 0
    outer loop
      vertex -67.494 -33.0363 1.3
      vertex -67.2076 -33.5723 2.5
      vertex -67.2076 -33.5723 1.3
    endloop
  endfacet
  facet normal 0 0 1
    outer loop
      vertex -62.93 -31.85 1.3
      vertex -61.53 -31.85 1.3
      vertex -61.5896 -31.2452 1.3
    endloop
  endfacet
  facet normal 0 0 1
    outer loop
      vertex -62.9879 -31.41 1.3
      vertex -61.5896 -31.2452 1.3
      vertex -61.766 -30.6637 1.3
    endloop
  endfacet
  facet normal 0 0 1
    outer loop
      vertex -61.53 -31.85 1.3
      vertex -62.93 -31.85 1.3
      vertex -61.5896 -32.4548 1.3
    endloop
  endfacet
  facet normal 0 0 1
    outer loop
      vertex -63.1578 -31 1.3
      vertex -61.766 -30.6637 1.3
      vertex -62.0524 -30.1277 1.3
    endloop
  endfacet
  facet normal -0 0 1
    outer loop
      vertex -62.9879 -32.29 1.3
      vertex -61.5896 -32.4548 1.3
      vertex -62.93 -31.85 1.3
    endloop
  endfacet
  facet normal 0 0 1
    outer loop
      vertex -63.4279 -30.6479 1.3
      vertex -62.0524 -30.1277 1.3
      vertex -62.438 -29.658 1.3
    endloop
  endfacet
  facet normal 0 0 1
    outer loop
      vertex -61.5896 -32.4548 1.3
      vertex -62.9879 -32.29 1.3
      vertex -61.766 -33.0363 1.3
    endloop
  endfacet
  facet normal 0 0 1
    outer loop
      vertex -63.4279 -30.6479 1.3
      vertex -62.438 -29.658 1.3
      vertex -62.9077 -29.2724 1.3
    endloop
  endfacet
  facet normal -0 0 1
    outer loop
      vertex -63.1578 -32.7 1.3
      vertex -61.766 -33.0363 1.3
      vertex -62.9879 -32.29 1.3
    endloop
  endfacet
  facet normal 0 0 1
    outer loop
      vertex -61.766 -33.0363 1.3
      vertex -63.1578 -32.7 1.3
      vertex -62.0524 -33.5723 1.3
    endloop
  endfacet
  facet normal 0 0 1
    outer loop
      vertex -61.5896 -31.2452 1.3
      vertex -62.9879 -31.41 1.3
      vertex -62.93 -31.85 1.3
    endloop
  endfacet
  facet normal 0 0 1
    outer loop
      vertex -61.766 -30.6637 1.3
      vertex -63.1578 -31 1.3
      vertex -62.9879 -31.41 1.3
    endloop
  endfacet
  facet normal 0 0 1
    outer loop
      vertex -62.0524 -30.1277 1.3
      vertex -63.4279 -30.6479 1.3
      vertex -63.1578 -31 1.3
    endloop
  endfacet
  facet normal 0 0 1
    outer loop
      vertex -63.78 -30.3778 1.3
      vertex -62.9077 -29.2724 1.3
      vertex -63.4437 -28.986 1.3
    endloop
  endfacet
  facet normal 0 0 1
    outer loop
      vertex -62.9077 -29.2724 1.3
      vertex -63.78 -30.3778 1.3
      vertex -63.4279 -30.6479 1.3
    endloop
  endfacet
  facet normal 0 0 1
    outer loop
      vertex -64.19 -30.2079 1.3
      vertex -63.4437 -28.986 1.3
      vertex -64.0252 -28.8096 1.3
    endloop
  endfacet
  facet normal 0 0 1
    outer loop
      vertex -63.4437 -28.986 1.3
      vertex -64.19 -30.2079 1.3
      vertex -63.78 -30.3778 1.3
    endloop
  endfacet
  facet normal 0 0 1
    outer loop
      vertex -64.63 -30.15 1.3
      vertex -64.0252 -28.8096 1.3
      vertex -64.63 -28.75 1.3
    endloop
  endfacet
  facet normal 0 0 1
    outer loop
      vertex -64.0252 -28.8096 1.3
      vertex -64.63 -30.15 1.3
      vertex -64.19 -30.2079 1.3
    endloop
  endfacet
  facet normal -0 0 1
    outer loop
      vertex -65.2348 -28.8096 1.3
      vertex -64.63 -30.15 1.3
      vertex -64.63 -28.75 1.3
    endloop
  endfacet
  facet normal 0 0 1
    outer loop
      vertex -64.63 -30.15 1.3
      vertex -65.2348 -28.8096 1.3
      vertex -65.07 -30.2079 1.3
    endloop
  endfacet
  facet normal -0 0 1
    outer loop
      vertex -65.8163 -28.986 1.3
      vertex -65.07 -30.2079 1.3
      vertex -65.2348 -28.8096 1.3
    endloop
  endfacet
  facet normal 0 0 1
    outer loop
      vertex -65.07 -30.2079 1.3
      vertex -65.8163 -28.986 1.3
      vertex -65.48 -30.3778 1.3
    endloop
  endfacet
  facet normal -0 0 1
    outer loop
      vertex -66.3523 -29.2724 1.3
      vertex -65.48 -30.3778 1.3
      vertex -65.8163 -28.986 1.3
    endloop
  endfacet
  facet normal 0 0 1
    outer loop
      vertex -65.48 -30.3778 1.3
      vertex -66.3523 -29.2724 1.3
      vertex -65.8321 -30.6479 1.3
    endloop
  endfacet
  facet normal -0 0 1
    outer loop
      vertex -66.822 -29.658 1.3
      vertex -65.8321 -30.6479 1.3
      vertex -66.3523 -29.2724 1.3
    endloop
  endfacet
  facet normal 0 0 1
    outer loop
      vertex -65.8321 -30.6479 1.3
      vertex -67.2076 -30.1277 1.3
      vertex -66.1022 -31 1.3
    endloop
  endfacet
  facet normal -0 0 1
    outer loop
      vertex -67.2076 -30.1277 1.3
      vertex -65.8321 -30.6479 1.3
      vertex -66.822 -29.658 1.3
    endloop
  endfacet
  facet normal -0 0 1
    outer loop
      vertex -63.4279 -33.0521 1.3
      vertex -62.0524 -33.5723 1.3
      vertex -63.1578 -32.7 1.3
    endloop
  endfacet
  facet normal 0 0 1
    outer loop
      vertex -62.0524 -33.5723 1.3
      vertex -63.4279 -33.0521 1.3
      vertex -62.438 -34.042 1.3
    endloop
  endfacet
  facet normal 0 0 1
    outer loop
      vertex -62.438 -34.042 1.3
      vertex -63.4279 -33.0521 1.3
      vertex -62.9077 -34.4276 1.3
    endloop
  endfacet
  facet normal -0 0 1
    outer loop
      vertex -63.78 -33.3222 1.3
      vertex -62.9077 -34.4276 1.3
      vertex -63.4279 -33.0521 1.3
    endloop
  endfacet
  facet normal 0 0 1
    outer loop
      vertex -62.9077 -34.4276 1.3
      vertex -63.78 -33.3222 1.3
      vertex -63.4437 -34.714 1.3
    endloop
  endfacet
  facet normal -0 0 1
    outer loop
      vertex -64.19 -33.4921 1.3
      vertex -63.4437 -34.714 1.3
      vertex -63.78 -33.3222 1.3
    endloop
  endfacet
  facet normal 0 0 1
    outer loop
      vertex -63.4437 -34.714 1.3
      vertex -64.19 -33.4921 1.3
      vertex -64.0252 -34.8904 1.3
    endloop
  endfacet
  facet normal -0 0 1
    outer loop
      vertex -64.63 -33.55 1.3
      vertex -64.0252 -34.8904 1.3
      vertex -64.19 -33.4921 1.3
    endloop
  endfacet
  facet normal 0 0 1
    outer loop
      vertex -64.63 -33.55 1.3
      vertex -64.63 -34.95 1.3
      vertex -64.0252 -34.8904 1.3
    endloop
  endfacet
  facet normal 0 0 1
    outer loop
      vertex -65.2348 -34.8904 1.3
      vertex -64.63 -33.55 1.3
      vertex -65.07 -33.4921 1.3
    endloop
  endfacet
  facet normal 0 0 1
    outer loop
      vertex -64.63 -33.55 1.3
      vertex -65.2348 -34.8904 1.3
      vertex -64.63 -34.95 1.3
    endloop
  endfacet
  facet normal 0 0 1
    outer loop
      vertex -65.8163 -34.714 1.3
      vertex -65.07 -33.4921 1.3
      vertex -65.48 -33.3222 1.3
    endloop
  endfacet
  facet normal 0 0 1
    outer loop
      vertex -65.07 -33.4921 1.3
      vertex -65.8163 -34.714 1.3
      vertex -65.2348 -34.8904 1.3
    endloop
  endfacet
  facet normal 0 0 1
    outer loop
      vertex -66.3523 -34.4276 1.3
      vertex -65.48 -33.3222 1.3
      vertex -65.8321 -33.0521 1.3
    endloop
  endfacet
  facet normal 0 0 1
    outer loop
      vertex -67.2076 -33.5723 1.3
      vertex -65.8321 -33.0521 1.3
      vertex -66.1022 -32.7 1.3
    endloop
  endfacet
  facet normal 0 0 1
    outer loop
      vertex -67.494 -33.0363 1.3
      vertex -66.1022 -32.7 1.3
      vertex -66.2721 -32.29 1.3
    endloop
  endfacet
  facet normal 0 0 1
    outer loop
      vertex -65.48 -33.3222 1.3
      vertex -66.3523 -34.4276 1.3
      vertex -65.8163 -34.714 1.3
    endloop
  endfacet
  facet normal 0 0 1
    outer loop
      vertex -67.6704 -32.4548 1.3
      vertex -66.2721 -32.29 1.3
      vertex -66.33 -31.85 1.3
    endloop
  endfacet
  facet normal -0 0 1
    outer loop
      vertex -67.494 -30.6637 1.3
      vertex -66.1022 -31 1.3
      vertex -67.2076 -30.1277 1.3
    endloop
  endfacet
  facet normal 0 0 1
    outer loop
      vertex -66.1022 -31 1.3
      vertex -67.494 -30.6637 1.3
      vertex -66.2721 -31.41 1.3
    endloop
  endfacet
  facet normal 0 0 1
    outer loop
      vertex -65.8321 -33.0521 1.3
      vertex -66.822 -34.042 1.3
      vertex -66.3523 -34.4276 1.3
    endloop
  endfacet
  facet normal -0 0 1
    outer loop
      vertex -67.6704 -31.2452 1.3
      vertex -66.2721 -31.41 1.3
      vertex -67.494 -30.6637 1.3
    endloop
  endfacet
  facet normal 0 0 1
    outer loop
      vertex -65.8321 -33.0521 1.3
      vertex -67.2076 -33.5723 1.3
      vertex -66.822 -34.042 1.3
    endloop
  endfacet
  facet normal 0 0 1
    outer loop
      vertex -66.2721 -31.41 1.3
      vertex -67.6704 -31.2452 1.3
      vertex -66.33 -31.85 1.3
    endloop
  endfacet
  facet normal 0 0 1
    outer loop
      vertex -66.1022 -32.7 1.3
      vertex -67.494 -33.0363 1.3
      vertex -67.2076 -33.5723 1.3
    endloop
  endfacet
  facet normal 0 0 1
    outer loop
      vertex -67.73 -31.85 1.3
      vertex -66.33 -31.85 1.3
      vertex -67.6704 -31.2452 1.3
    endloop
  endfacet
  facet normal 0 0 1
    outer loop
      vertex -66.2721 -32.29 1.3
      vertex -67.6704 -32.4548 1.3
      vertex -67.494 -33.0363 1.3
    endloop
  endfacet
  facet normal 0 0 1
    outer loop
      vertex -66.33 -31.85 1.3
      vertex -67.73 -31.85 1.3
      vertex -67.6704 -32.4548 1.3
    endloop
  endfacet
  facet normal -0.290291 0.956939 0
    outer loop
      vertex -63.4437 -34.714 1.3
      vertex -64.0252 -34.8904 2.5
      vertex -63.4437 -34.714 2.5
    endloop
  endfacet
  facet normal -0.290291 0.956939 0
    outer loop
      vertex -64.0252 -34.8904 2.5
      vertex -63.4437 -34.714 1.3
      vertex -64.0252 -34.8904 1.3
    endloop
  endfacet
  facet normal -0.634518 0.772908 0
    outer loop
      vertex -62.438 -34.042 1.3
      vertex -62.9077 -34.4276 2.5
      vertex -62.438 -34.042 2.5
    endloop
  endfacet
  facet normal -0.634518 0.772908 0
    outer loop
      vertex -62.9077 -34.4276 2.5
      vertex -62.438 -34.042 1.3
      vertex -62.9077 -34.4276 1.3
    endloop
  endfacet
  facet normal -0.881988 0.471271 0
    outer loop
      vertex -62.0524 -33.5723 1.3
      vertex -61.766 -33.0363 2.5
      vertex -61.766 -33.0363 1.3
    endloop
  endfacet
  facet normal -0.881988 0.471271 0
    outer loop
      vertex -61.766 -33.0363 2.5
      vertex -62.0524 -33.5723 1.3
      vertex -62.0524 -33.5723 2.5
    endloop
  endfacet
  facet normal -0.99518 0.0980699 0
    outer loop
      vertex -61.5896 -32.4548 1.3
      vertex -61.53 -31.85 2.5
      vertex -61.53 -31.85 1.3
    endloop
  endfacet
  facet normal -0.99518 0.0980699 0
    outer loop
      vertex -61.53 -31.85 2.5
      vertex -61.5896 -32.4548 1.3
      vertex -61.5896 -32.4548 2.5
    endloop
  endfacet
  facet normal 0.471271 0.881988 -0
    outer loop
      vertex -65.8163 -34.714 1.3
      vertex -66.3523 -34.4276 2.5
      vertex -65.8163 -34.714 2.5
    endloop
  endfacet
  facet normal 0.471271 0.881988 0
    outer loop
      vertex -66.3523 -34.4276 2.5
      vertex -65.8163 -34.714 1.3
      vertex -66.3523 -34.4276 1.3
    endloop
  endfacet
  facet normal 0.0980699 0.99518 -0
    outer loop
      vertex -64.63 -34.95 1.3
      vertex -65.2348 -34.8904 2.5
      vertex -64.63 -34.95 2.5
    endloop
  endfacet
  facet normal 0.0980699 0.99518 0
    outer loop
      vertex -65.2348 -34.8904 2.5
      vertex -64.63 -34.95 1.3
      vertex -65.2348 -34.8904 1.3
    endloop
  endfacet
  facet normal 0.956939 0.290291 0
    outer loop
      vertex -67.494 -33.0363 2.5
      vertex -67.6704 -32.4548 1.3
      vertex -67.6704 -32.4548 2.5
    endloop
  endfacet
  facet normal 0.956939 0.290291 0
    outer loop
      vertex -67.6704 -32.4548 1.3
      vertex -67.494 -33.0363 2.5
      vertex -67.494 -33.0363 1.3
    endloop
  endfacet
  facet normal -0.991453 -0.130466 0
    outer loop
      vertex 63.27 33.8 0
      vertex 63.2121 34.24 1.3
      vertex 63.2121 34.24 0
    endloop
  endfacet
  facet normal -0.991453 -0.130466 0
    outer loop
      vertex 63.2121 34.24 1.3
      vertex 63.27 33.8 0
      vertex 63.27 33.8 1.3
    endloop
  endfacet
  facet normal 0.991453 -0.130466 0
    outer loop
      vertex 59.87 33.8 1.3
      vertex 59.9279 34.24 0
      vertex 59.9279 34.24 1.3
    endloop
  endfacet
  facet normal 0.991453 -0.130466 0
    outer loop
      vertex 59.9279 34.24 0
      vertex 59.87 33.8 1.3
      vertex 59.87 33.8 0
    endloop
  endfacet
  facet normal -0.130466 -0.991453 0
    outer loop
      vertex 61.57 35.5 0
      vertex 62.01 35.4421 1.3
      vertex 61.57 35.5 1.3
    endloop
  endfacet
  facet normal -0.130466 -0.991453 -0
    outer loop
      vertex 62.01 35.4421 1.3
      vertex 61.57 35.5 0
      vertex 62.01 35.4421 0
    endloop
  endfacet
  facet normal -0.608654 -0.793436 0
    outer loop
      vertex 62.42 35.2722 0
      vertex 62.7721 35.0021 1.3
      vertex 62.42 35.2722 1.3
    endloop
  endfacet
  facet normal -0.608654 -0.793436 -0
    outer loop
      vertex 62.7721 35.0021 1.3
      vertex 62.42 35.2722 0
      vertex 62.7721 35.0021 0
    endloop
  endfacet
  facet normal -0.382823 -0.923822 0
    outer loop
      vertex 62.01 35.4421 0
      vertex 62.42 35.2722 1.3
      vertex 62.01 35.4421 1.3
    endloop
  endfacet
  facet normal -0.382823 -0.923822 -0
    outer loop
      vertex 62.42 35.2722 1.3
      vertex 62.01 35.4421 0
      vertex 62.42 35.2722 0
    endloop
  endfacet
  facet normal 0.608654 -0.793436 0
    outer loop
      vertex 60.3679 35.0021 0
      vertex 60.72 35.2722 1.3
      vertex 60.3679 35.0021 1.3
    endloop
  endfacet
  facet normal 0.608654 -0.793436 0
    outer loop
      vertex 60.72 35.2722 1.3
      vertex 60.3679 35.0021 0
      vertex 60.72 35.2722 0
    endloop
  endfacet
  facet normal 0.130466 -0.991453 0
    outer loop
      vertex 61.13 35.4421 0
      vertex 61.57 35.5 1.3
      vertex 61.13 35.4421 1.3
    endloop
  endfacet
  facet normal 0.130466 -0.991453 0
    outer loop
      vertex 61.57 35.5 1.3
      vertex 61.13 35.4421 0
      vertex 61.57 35.5 0
    endloop
  endfacet
  facet normal -0.923822 0.382823 0
    outer loop
      vertex 63.0422 32.95 0
      vertex 63.2121 33.36 1.3
      vertex 63.2121 33.36 0
    endloop
  endfacet
  facet normal -0.923822 0.382823 0
    outer loop
      vertex 63.2121 33.36 1.3
      vertex 63.0422 32.95 0
      vertex 63.0422 32.95 1.3
    endloop
  endfacet
  facet normal 0.991453 0.130466 0
    outer loop
      vertex 59.9279 33.36 1.3
      vertex 59.87 33.8 0
      vertex 59.87 33.8 1.3
    endloop
  endfacet
  facet normal 0.991453 0.130466 0
    outer loop
      vertex 59.87 33.8 0
      vertex 59.9279 33.36 1.3
      vertex 59.9279 33.36 0
    endloop
  endfacet
  facet normal -0.793436 -0.608654 0
    outer loop
      vertex 63.0422 34.65 0
      vertex 62.7721 35.0021 1.3
      vertex 62.7721 35.0021 0
    endloop
  endfacet
  facet normal -0.793436 -0.608654 0
    outer loop
      vertex 62.7721 35.0021 1.3
      vertex 63.0422 34.65 0
      vertex 63.0422 34.65 1.3
    endloop
  endfacet
  facet normal -0.923822 -0.382823 0
    outer loop
      vertex 63.2121 34.24 0
      vertex 63.0422 34.65 1.3
      vertex 63.0422 34.65 0
    endloop
  endfacet
  facet normal -0.923822 -0.382823 0
    outer loop
      vertex 63.0422 34.65 1.3
      vertex 63.2121 34.24 0
      vertex 63.2121 34.24 1.3
    endloop
  endfacet
  facet normal 0.793436 -0.608654 0
    outer loop
      vertex 60.0978 34.65 1.3
      vertex 60.3679 35.0021 0
      vertex 60.3679 35.0021 1.3
    endloop
  endfacet
  facet normal 0.793436 -0.608654 0
    outer loop
      vertex 60.3679 35.0021 0
      vertex 60.0978 34.65 1.3
      vertex 60.0978 34.65 0
    endloop
  endfacet
  facet normal 0.923822 -0.382823 0
    outer loop
      vertex 59.9279 34.24 1.3
      vertex 60.0978 34.65 0
      vertex 60.0978 34.65 1.3
    endloop
  endfacet
  facet normal 0.923822 -0.382823 0
    outer loop
      vertex 60.0978 34.65 0
      vertex 59.9279 34.24 1.3
      vertex 59.9279 34.24 0
    endloop
  endfacet
  facet normal 0.382823 -0.923822 0
    outer loop
      vertex 60.72 35.2722 0
      vertex 61.13 35.4421 1.3
      vertex 60.72 35.2722 1.3
    endloop
  endfacet
  facet normal 0.382823 -0.923822 0
    outer loop
      vertex 61.13 35.4421 1.3
      vertex 60.72 35.2722 0
      vertex 61.13 35.4421 0
    endloop
  endfacet
  facet normal -0.991453 0.130466 0
    outer loop
      vertex 63.2121 33.36 0
      vertex 63.27 33.8 1.3
      vertex 63.27 33.8 0
    endloop
  endfacet
  facet normal -0.991453 0.130466 0
    outer loop
      vertex 63.27 33.8 1.3
      vertex 63.2121 33.36 0
      vertex 63.2121 33.36 1.3
    endloop
  endfacet
  facet normal -0.130466 0.991453 0
    outer loop
      vertex 62.01 32.1579 0
      vertex 61.57 32.1 1.3
      vertex 62.01 32.1579 1.3
    endloop
  endfacet
  facet normal -0.130466 0.991453 0
    outer loop
      vertex 61.57 32.1 1.3
      vertex 62.01 32.1579 0
      vertex 61.57 32.1 0
    endloop
  endfacet
  facet normal -0.608654 0.793436 0
    outer loop
      vertex 62.7721 32.5979 0
      vertex 62.42 32.3278 1.3
      vertex 62.7721 32.5979 1.3
    endloop
  endfacet
  facet normal -0.608654 0.793436 0
    outer loop
      vertex 62.42 32.3278 1.3
      vertex 62.7721 32.5979 0
      vertex 62.42 32.3278 0
    endloop
  endfacet
  facet normal 0.608654 0.793436 -0
    outer loop
      vertex 60.72 32.3278 0
      vertex 60.3679 32.5979 1.3
      vertex 60.72 32.3278 1.3
    endloop
  endfacet
  facet normal 0.608654 0.793436 0
    outer loop
      vertex 60.3679 32.5979 1.3
      vertex 60.72 32.3278 0
      vertex 60.3679 32.5979 0
    endloop
  endfacet
  facet normal 0.130466 0.991453 -0
    outer loop
      vertex 61.57 32.1 0
      vertex 61.13 32.1579 1.3
      vertex 61.57 32.1 1.3
    endloop
  endfacet
  facet normal 0.130466 0.991453 0
    outer loop
      vertex 61.13 32.1579 1.3
      vertex 61.57 32.1 0
      vertex 61.13 32.1579 0
    endloop
  endfacet
  facet normal 0.923822 0.382823 0
    outer loop
      vertex 60.0978 32.95 1.3
      vertex 59.9279 33.36 0
      vertex 59.9279 33.36 1.3
    endloop
  endfacet
  facet normal 0.923822 0.382823 0
    outer loop
      vertex 59.9279 33.36 0
      vertex 60.0978 32.95 1.3
      vertex 60.0978 32.95 0
    endloop
  endfacet
  facet normal -0.382823 0.923822 0
    outer loop
      vertex 62.42 32.3278 0
      vertex 62.01 32.1579 1.3
      vertex 62.42 32.3278 1.3
    endloop
  endfacet
  facet normal -0.382823 0.923822 0
    outer loop
      vertex 62.01 32.1579 1.3
      vertex 62.42 32.3278 0
      vertex 62.01 32.1579 0
    endloop
  endfacet
  facet normal -0.793436 0.608654 0
    outer loop
      vertex 62.7721 32.5979 0
      vertex 63.0422 32.95 1.3
      vertex 63.0422 32.95 0
    endloop
  endfacet
  facet normal -0.793436 0.608654 0
    outer loop
      vertex 63.0422 32.95 1.3
      vertex 62.7721 32.5979 0
      vertex 62.7721 32.5979 1.3
    endloop
  endfacet
  facet normal 0.382823 0.923822 -0
    outer loop
      vertex 61.13 32.1579 0
      vertex 60.72 32.3278 1.3
      vertex 61.13 32.1579 1.3
    endloop
  endfacet
  facet normal 0.382823 0.923822 0
    outer loop
      vertex 60.72 32.3278 1.3
      vertex 61.13 32.1579 0
      vertex 60.72 32.3278 0
    endloop
  endfacet
  facet normal 0.793436 0.608654 0
    outer loop
      vertex 60.3679 32.5979 1.3
      vertex 60.0978 32.95 0
      vertex 60.0978 32.95 1.3
    endloop
  endfacet
  facet normal 0.793436 0.608654 0
    outer loop
      vertex 60.0978 32.95 0
      vertex 60.3679 32.5979 1.3
      vertex 60.3679 32.5979 0
    endloop
  endfacet
  facet normal -0.99518 -0.0980699 0
    outer loop
      vertex 64.67 33.8 1.3
      vertex 64.6104 34.4048 2.5
      vertex 64.6104 34.4048 1.3
    endloop
  endfacet
  facet normal -0.99518 -0.0980699 0
    outer loop
      vertex 64.6104 34.4048 2.5
      vertex 64.67 33.8 1.3
      vertex 64.67 33.8 2.5
    endloop
  endfacet
  facet normal 0.99518 -0.0980699 0
    outer loop
      vertex 58.47 33.8 2.5
      vertex 58.5296 34.4048 1.3
      vertex 58.5296 34.4048 2.5
    endloop
  endfacet
  facet normal 0.99518 -0.0980699 0
    outer loop
      vertex 58.5296 34.4048 1.3
      vertex 58.47 33.8 2.5
      vertex 58.47 33.8 1.3
    endloop
  endfacet
  facet normal -0.0980699 -0.99518 0
    outer loop
      vertex 61.57 36.9 1.3
      vertex 62.1748 36.8404 2.5
      vertex 61.57 36.9 2.5
    endloop
  endfacet
  facet normal -0.0980699 -0.99518 -0
    outer loop
      vertex 62.1748 36.8404 2.5
      vertex 61.57 36.9 1.3
      vertex 62.1748 36.8404 1.3
    endloop
  endfacet
  facet normal 0.0980699 0.99518 -0
    outer loop
      vertex 61.57 30.7 1.3
      vertex 60.9652 30.7596 2.5
      vertex 61.57 30.7 2.5
    endloop
  endfacet
  facet normal 0.0980699 0.99518 0
    outer loop
      vertex 60.9652 30.7596 2.5
      vertex 61.57 30.7 1.3
      vertex 60.9652 30.7596 1.3
    endloop
  endfacet
  facet normal 0.772908 0.634518 0
    outer loop
      vertex 59.378 31.608 2.5
      vertex 58.9924 32.0777 1.3
      vertex 58.9924 32.0777 2.5
    endloop
  endfacet
  facet normal 0.772908 0.634518 0
    outer loop
      vertex 58.9924 32.0777 1.3
      vertex 59.378 31.608 2.5
      vertex 59.378 31.608 1.3
    endloop
  endfacet
  facet normal -0.772908 -0.634518 0
    outer loop
      vertex 64.1476 35.5223 1.3
      vertex 63.762 35.992 2.5
      vertex 63.762 35.992 1.3
    endloop
  endfacet
  facet normal -0.772908 -0.634518 0
    outer loop
      vertex 63.762 35.992 2.5
      vertex 64.1476 35.5223 1.3
      vertex 64.1476 35.5223 2.5
    endloop
  endfacet
  facet normal -0.956939 -0.290291 0
    outer loop
      vertex 64.6104 34.4048 1.3
      vertex 64.434 34.9863 2.5
      vertex 64.434 34.9863 1.3
    endloop
  endfacet
  facet normal -0.956939 -0.290291 0
    outer loop
      vertex 64.434 34.9863 2.5
      vertex 64.6104 34.4048 1.3
      vertex 64.6104 34.4048 2.5
    endloop
  endfacet
  facet normal 0.634518 -0.772908 0
    outer loop
      vertex 59.378 35.992 1.3
      vertex 59.8477 36.3776 2.5
      vertex 59.378 35.992 2.5
    endloop
  endfacet
  facet normal 0.634518 -0.772908 0
    outer loop
      vertex 59.8477 36.3776 2.5
      vertex 59.378 35.992 1.3
      vertex 59.8477 36.3776 1.3
    endloop
  endfacet
  facet normal 0.290291 -0.956939 0
    outer loop
      vertex 60.3837 36.664 1.3
      vertex 60.9652 36.8404 2.5
      vertex 60.3837 36.664 2.5
    endloop
  endfacet
  facet normal 0.290291 -0.956939 0
    outer loop
      vertex 60.9652 36.8404 2.5
      vertex 60.3837 36.664 1.3
      vertex 60.9652 36.8404 1.3
    endloop
  endfacet
  facet normal 0 0 1
    outer loop
      vertex 63.27 33.8 1.3
      vertex 64.67 33.8 1.3
      vertex 64.6104 34.4048 1.3
    endloop
  endfacet
  facet normal 0 0 1
    outer loop
      vertex 63.2121 34.24 1.3
      vertex 64.6104 34.4048 1.3
      vertex 64.434 34.9863 1.3
    endloop
  endfacet
  facet normal 0 0 1
    outer loop
      vertex 64.67 33.8 1.3
      vertex 63.27 33.8 1.3
      vertex 64.6104 33.1952 1.3
    endloop
  endfacet
  facet normal 0 0 1
    outer loop
      vertex 63.0422 34.65 1.3
      vertex 64.434 34.9863 1.3
      vertex 64.1476 35.5223 1.3
    endloop
  endfacet
  facet normal -0 0 1
    outer loop
      vertex 63.2121 33.36 1.3
      vertex 64.6104 33.1952 1.3
      vertex 63.27 33.8 1.3
    endloop
  endfacet
  facet normal 0 0 1
    outer loop
      vertex 62.7721 35.0021 1.3
      vertex 64.1476 35.5223 1.3
      vertex 63.762 35.992 1.3
    endloop
  endfacet
  facet normal 0 0 1
    outer loop
      vertex 64.6104 33.1952 1.3
      vertex 63.2121 33.36 1.3
      vertex 64.434 32.6137 1.3
    endloop
  endfacet
  facet normal 0 0 1
    outer loop
      vertex 62.7721 35.0021 1.3
      vertex 63.762 35.992 1.3
      vertex 63.2923 36.3776 1.3
    endloop
  endfacet
  facet normal -0 0 1
    outer loop
      vertex 63.0422 32.95 1.3
      vertex 64.434 32.6137 1.3
      vertex 63.2121 33.36 1.3
    endloop
  endfacet
  facet normal 0 0 1
    outer loop
      vertex 64.434 32.6137 1.3
      vertex 63.0422 32.95 1.3
      vertex 64.1476 32.0777 1.3
    endloop
  endfacet
  facet normal 0 0 1
    outer loop
      vertex 64.6104 34.4048 1.3
      vertex 63.2121 34.24 1.3
      vertex 63.27 33.8 1.3
    endloop
  endfacet
  facet normal 0 0 1
    outer loop
      vertex 64.434 34.9863 1.3
      vertex 63.0422 34.65 1.3
      vertex 63.2121 34.24 1.3
    endloop
  endfacet
  facet normal 0 0 1
    outer loop
      vertex 64.1476 35.5223 1.3
      vertex 62.7721 35.0021 1.3
      vertex 63.0422 34.65 1.3
    endloop
  endfacet
  facet normal 0 0 1
    outer loop
      vertex 62.42 35.2722 1.3
      vertex 63.2923 36.3776 1.3
      vertex 62.7563 36.664 1.3
    endloop
  endfacet
  facet normal 0 0 1
    outer loop
      vertex 63.2923 36.3776 1.3
      vertex 62.42 35.2722 1.3
      vertex 62.7721 35.0021 1.3
    endloop
  endfacet
  facet normal 0 0 1
    outer loop
      vertex 62.01 35.4421 1.3
      vertex 62.7563 36.664 1.3
      vertex 62.1748 36.8404 1.3
    endloop
  endfacet
  facet normal 0 0 1
    outer loop
      vertex 62.7563 36.664 1.3
      vertex 62.01 35.4421 1.3
      vertex 62.42 35.2722 1.3
    endloop
  endfacet
  facet normal 0 0 1
    outer loop
      vertex 61.57 35.5 1.3
      vertex 62.1748 36.8404 1.3
      vertex 61.57 36.9 1.3
    endloop
  endfacet
  facet normal 0 0 1
    outer loop
      vertex 62.1748 36.8404 1.3
      vertex 61.57 35.5 1.3
      vertex 62.01 35.4421 1.3
    endloop
  endfacet
  facet normal -0 0 1
    outer loop
      vertex 60.9652 36.8404 1.3
      vertex 61.57 35.5 1.3
      vertex 61.57 36.9 1.3
    endloop
  endfacet
  facet normal 0 0 1
    outer loop
      vertex 61.57 35.5 1.3
      vertex 60.9652 36.8404 1.3
      vertex 61.13 35.4421 1.3
    endloop
  endfacet
  facet normal -0 0 1
    outer loop
      vertex 60.3837 36.664 1.3
      vertex 61.13 35.4421 1.3
      vertex 60.9652 36.8404 1.3
    endloop
  endfacet
  facet normal 0 0 1
    outer loop
      vertex 61.13 35.4421 1.3
      vertex 60.3837 36.664 1.3
      vertex 60.72 35.2722 1.3
    endloop
  endfacet
  facet normal -0 0 1
    outer loop
      vertex 59.8477 36.3776 1.3
      vertex 60.72 35.2722 1.3
      vertex 60.3837 36.664 1.3
    endloop
  endfacet
  facet normal 0 0 1
    outer loop
      vertex 60.72 35.2722 1.3
      vertex 59.8477 36.3776 1.3
      vertex 60.3679 35.0021 1.3
    endloop
  endfacet
  facet normal -0 0 1
    outer loop
      vertex 59.378 35.992 1.3
      vertex 60.3679 35.0021 1.3
      vertex 59.8477 36.3776 1.3
    endloop
  endfacet
  facet normal 0 0 1
    outer loop
      vertex 60.3679 35.0021 1.3
      vertex 58.9924 35.5223 1.3
      vertex 60.0978 34.65 1.3
    endloop
  endfacet
  facet normal -0 0 1
    outer loop
      vertex 58.9924 35.5223 1.3
      vertex 60.3679 35.0021 1.3
      vertex 59.378 35.992 1.3
    endloop
  endfacet
  facet normal -0 0 1
    outer loop
      vertex 62.7721 32.5979 1.3
      vertex 64.1476 32.0777 1.3
      vertex 63.0422 32.95 1.3
    endloop
  endfacet
  facet normal 0 0 1
    outer loop
      vertex 64.1476 32.0777 1.3
      vertex 62.7721 32.5979 1.3
      vertex 63.762 31.608 1.3
    endloop
  endfacet
  facet normal 0 0 1
    outer loop
      vertex 63.762 31.608 1.3
      vertex 62.7721 32.5979 1.3
      vertex 63.2923 31.2224 1.3
    endloop
  endfacet
  facet normal -0 0 1
    outer loop
      vertex 62.42 32.3278 1.3
      vertex 63.2923 31.2224 1.3
      vertex 62.7721 32.5979 1.3
    endloop
  endfacet
  facet normal 0 0 1
    outer loop
      vertex 63.2923 31.2224 1.3
      vertex 62.42 32.3278 1.3
      vertex 62.7563 30.936 1.3
    endloop
  endfacet
  facet normal -0 0 1
    outer loop
      vertex 62.01 32.1579 1.3
      vertex 62.7563 30.936 1.3
      vertex 62.42 32.3278 1.3
    endloop
  endfacet
  facet normal 0 0 1
    outer loop
      vertex 62.7563 30.936 1.3
      vertex 62.01 32.1579 1.3
      vertex 62.1748 30.7596 1.3
    endloop
  endfacet
  facet normal -0 0 1
    outer loop
      vertex 61.57 32.1 1.3
      vertex 62.1748 30.7596 1.3
      vertex 62.01 32.1579 1.3
    endloop
  endfacet
  facet normal 0 0 1
    outer loop
      vertex 61.57 32.1 1.3
      vertex 61.57 30.7 1.3
      vertex 62.1748 30.7596 1.3
    endloop
  endfacet
  facet normal 0 0 1
    outer loop
      vertex 60.9652 30.7596 1.3
      vertex 61.57 32.1 1.3
      vertex 61.13 32.1579 1.3
    endloop
  endfacet
  facet normal 0 0 1
    outer loop
      vertex 61.57 32.1 1.3
      vertex 60.9652 30.7596 1.3
      vertex 61.57 30.7 1.3
    endloop
  endfacet
  facet normal 0 0 1
    outer loop
      vertex 60.3837 30.936 1.3
      vertex 61.13 32.1579 1.3
      vertex 60.72 32.3278 1.3
    endloop
  endfacet
  facet normal 0 0 1
    outer loop
      vertex 61.13 32.1579 1.3
      vertex 60.3837 30.936 1.3
      vertex 60.9652 30.7596 1.3
    endloop
  endfacet
  facet normal 0 0 1
    outer loop
      vertex 59.8477 31.2224 1.3
      vertex 60.72 32.3278 1.3
      vertex 60.3679 32.5979 1.3
    endloop
  endfacet
  facet normal 0 0 1
    outer loop
      vertex 58.9924 32.0777 1.3
      vertex 60.3679 32.5979 1.3
      vertex 60.0978 32.95 1.3
    endloop
  endfacet
  facet normal 0 0 1
    outer loop
      vertex 58.706 32.6137 1.3
      vertex 60.0978 32.95 1.3
      vertex 59.9279 33.36 1.3
    endloop
  endfacet
  facet normal 0 0 1
    outer loop
      vertex 60.72 32.3278 1.3
      vertex 59.8477 31.2224 1.3
      vertex 60.3837 30.936 1.3
    endloop
  endfacet
  facet normal 0 0 1
    outer loop
      vertex 58.5296 33.1952 1.3
      vertex 59.9279 33.36 1.3
      vertex 59.87 33.8 1.3
    endloop
  endfacet
  facet normal -0 0 1
    outer loop
      vertex 58.706 34.9863 1.3
      vertex 60.0978 34.65 1.3
      vertex 58.9924 35.5223 1.3
    endloop
  endfacet
  facet normal 0 0 1
    outer loop
      vertex 60.0978 34.65 1.3
      vertex 58.706 34.9863 1.3
      vertex 59.9279 34.24 1.3
    endloop
  endfacet
  facet normal 0 0 1
    outer loop
      vertex 60.3679 32.5979 1.3
      vertex 59.378 31.608 1.3
      vertex 59.8477 31.2224 1.3
    endloop
  endfacet
  facet normal -0 0 1
    outer loop
      vertex 58.5296 34.4048 1.3
      vertex 59.9279 34.24 1.3
      vertex 58.706 34.9863 1.3
    endloop
  endfacet
  facet normal 0 0 1
    outer loop
      vertex 60.3679 32.5979 1.3
      vertex 58.9924 32.0777 1.3
      vertex 59.378 31.608 1.3
    endloop
  endfacet
  facet normal 0 0 1
    outer loop
      vertex 59.9279 34.24 1.3
      vertex 58.5296 34.4048 1.3
      vertex 59.87 33.8 1.3
    endloop
  endfacet
  facet normal 0 0 1
    outer loop
      vertex 60.0978 32.95 1.3
      vertex 58.706 32.6137 1.3
      vertex 58.9924 32.0777 1.3
    endloop
  endfacet
  facet normal 0 0 1
    outer loop
      vertex 58.47 33.8 1.3
      vertex 59.87 33.8 1.3
      vertex 58.5296 34.4048 1.3
    endloop
  endfacet
  facet normal 0 0 1
    outer loop
      vertex 59.9279 33.36 1.3
      vertex 58.5296 33.1952 1.3
      vertex 58.706 32.6137 1.3
    endloop
  endfacet
  facet normal 0 0 1
    outer loop
      vertex 59.87 33.8 1.3
      vertex 58.47 33.8 1.3
      vertex 58.5296 33.1952 1.3
    endloop
  endfacet
  facet normal -0.881988 -0.471271 0
    outer loop
      vertex 64.434 34.9863 1.3
      vertex 64.1476 35.5223 2.5
      vertex 64.1476 35.5223 1.3
    endloop
  endfacet
  facet normal -0.881988 -0.471271 0
    outer loop
      vertex 64.1476 35.5223 2.5
      vertex 64.434 34.9863 1.3
      vertex 64.434 34.9863 2.5
    endloop
  endfacet
  facet normal -0.471271 -0.881988 0
    outer loop
      vertex 62.7563 36.664 1.3
      vertex 63.2923 36.3776 2.5
      vertex 62.7563 36.664 2.5
    endloop
  endfacet
  facet normal -0.471271 -0.881988 -0
    outer loop
      vertex 63.2923 36.3776 2.5
      vertex 62.7563 36.664 1.3
      vertex 63.2923 36.3776 1.3
    endloop
  endfacet
  facet normal -0.290291 -0.956939 0
    outer loop
      vertex 62.1748 36.8404 1.3
      vertex 62.7563 36.664 2.5
      vertex 62.1748 36.8404 2.5
    endloop
  endfacet
  facet normal -0.290291 -0.956939 -0
    outer loop
      vertex 62.7563 36.664 2.5
      vertex 62.1748 36.8404 1.3
      vertex 62.7563 36.664 1.3
    endloop
  endfacet
  facet normal -0.634518 -0.772908 0
    outer loop
      vertex 63.2923 36.3776 1.3
      vertex 63.762 35.992 2.5
      vertex 63.2923 36.3776 2.5
    endloop
  endfacet
  facet normal -0.634518 -0.772908 -0
    outer loop
      vertex 63.762 35.992 2.5
      vertex 63.2923 36.3776 1.3
      vertex 63.762 35.992 1.3
    endloop
  endfacet
  facet normal 0.881988 -0.471271 0
    outer loop
      vertex 58.706 34.9863 2.5
      vertex 58.9924 35.5223 1.3
      vertex 58.9924 35.5223 2.5
    endloop
  endfacet
  facet normal 0.881988 -0.471271 0
    outer loop
      vertex 58.9924 35.5223 1.3
      vertex 58.706 34.9863 2.5
      vertex 58.706 34.9863 1.3
    endloop
  endfacet
  facet normal 0.772908 -0.634518 0
    outer loop
      vertex 58.9924 35.5223 2.5
      vertex 59.378 35.992 1.3
      vertex 59.378 35.992 2.5
    endloop
  endfacet
  facet normal 0.772908 -0.634518 0
    outer loop
      vertex 59.378 35.992 1.3
      vertex 58.9924 35.5223 2.5
      vertex 58.9924 35.5223 1.3
    endloop
  endfacet
  facet normal 0.956939 -0.290291 0
    outer loop
      vertex 58.5296 34.4048 2.5
      vertex 58.706 34.9863 1.3
      vertex 58.706 34.9863 2.5
    endloop
  endfacet
  facet normal 0.956939 -0.290291 0
    outer loop
      vertex 58.706 34.9863 1.3
      vertex 58.5296 34.4048 2.5
      vertex 58.5296 34.4048 1.3
    endloop
  endfacet
  facet normal 0.471271 -0.881988 0
    outer loop
      vertex 59.8477 36.3776 1.3
      vertex 60.3837 36.664 2.5
      vertex 59.8477 36.3776 2.5
    endloop
  endfacet
  facet normal 0.471271 -0.881988 0
    outer loop
      vertex 60.3837 36.664 2.5
      vertex 59.8477 36.3776 1.3
      vertex 60.3837 36.664 1.3
    endloop
  endfacet
  facet normal 0.0980699 -0.99518 0
    outer loop
      vertex 60.9652 36.8404 1.3
      vertex 61.57 36.9 2.5
      vertex 60.9652 36.8404 2.5
    endloop
  endfacet
  facet normal 0.0980699 -0.99518 0
    outer loop
      vertex 61.57 36.9 2.5
      vertex 60.9652 36.8404 1.3
      vertex 61.57 36.9 1.3
    endloop
  endfacet
  facet normal -0.0980699 0.99518 0
    outer loop
      vertex 62.1748 30.7596 1.3
      vertex 61.57 30.7 2.5
      vertex 62.1748 30.7596 2.5
    endloop
  endfacet
  facet normal -0.0980699 0.99518 0
    outer loop
      vertex 61.57 30.7 2.5
      vertex 62.1748 30.7596 1.3
      vertex 61.57 30.7 1.3
    endloop
  endfacet
  facet normal -0.471271 0.881988 0
    outer loop
      vertex 63.2923 31.2224 1.3
      vertex 62.7563 30.936 2.5
      vertex 63.2923 31.2224 2.5
    endloop
  endfacet
  facet normal -0.471271 0.881988 0
    outer loop
      vertex 62.7563 30.936 2.5
      vertex 63.2923 31.2224 1.3
      vertex 62.7563 30.936 1.3
    endloop
  endfacet
  facet normal -0.772908 0.634518 0
    outer loop
      vertex 63.762 31.608 1.3
      vertex 64.1476 32.0777 2.5
      vertex 64.1476 32.0777 1.3
    endloop
  endfacet
  facet normal -0.772908 0.634518 0
    outer loop
      vertex 64.1476 32.0777 2.5
      vertex 63.762 31.608 1.3
      vertex 63.762 31.608 2.5
    endloop
  endfacet
  facet normal -0.956939 0.290291 0
    outer loop
      vertex 64.434 32.6137 1.3
      vertex 64.6104 33.1952 2.5
      vertex 64.6104 33.1952 1.3
    endloop
  endfacet
  facet normal -0.956939 0.290291 0
    outer loop
      vertex 64.6104 33.1952 2.5
      vertex 64.434 32.6137 1.3
      vertex 64.434 32.6137 2.5
    endloop
  endfacet
  facet normal 0.634518 0.772908 -0
    outer loop
      vertex 59.8477 31.2224 1.3
      vertex 59.378 31.608 2.5
      vertex 59.8477 31.2224 2.5
    endloop
  endfacet
  facet normal 0.634518 0.772908 0
    outer loop
      vertex 59.378 31.608 2.5
      vertex 59.8477 31.2224 1.3
      vertex 59.378 31.608 1.3
    endloop
  endfacet
  facet normal 0.290291 0.956939 -0
    outer loop
      vertex 60.9652 30.7596 1.3
      vertex 60.3837 30.936 2.5
      vertex 60.9652 30.7596 2.5
    endloop
  endfacet
  facet normal 0.290291 0.956939 0
    outer loop
      vertex 60.3837 30.936 2.5
      vertex 60.9652 30.7596 1.3
      vertex 60.3837 30.936 1.3
    endloop
  endfacet
  facet normal 0.881988 0.471271 0
    outer loop
      vertex 58.9924 32.0777 2.5
      vertex 58.706 32.6137 1.3
      vertex 58.706 32.6137 2.5
    endloop
  endfacet
  facet normal 0.881988 0.471271 0
    outer loop
      vertex 58.706 32.6137 1.3
      vertex 58.9924 32.0777 2.5
      vertex 58.9924 32.0777 1.3
    endloop
  endfacet
  facet normal 0.99518 0.0980699 0
    outer loop
      vertex 58.5296 33.1952 2.5
      vertex 58.47 33.8 1.3
      vertex 58.47 33.8 2.5
    endloop
  endfacet
  facet normal 0.99518 0.0980699 0
    outer loop
      vertex 58.47 33.8 1.3
      vertex 58.5296 33.1952 2.5
      vertex 58.5296 33.1952 1.3
    endloop
  endfacet
  facet normal -0.99518 0.0980699 0
    outer loop
      vertex 64.6104 33.1952 1.3
      vertex 64.67 33.8 2.5
      vertex 64.67 33.8 1.3
    endloop
  endfacet
  facet normal -0.99518 0.0980699 0
    outer loop
      vertex 64.67 33.8 2.5
      vertex 64.6104 33.1952 1.3
      vertex 64.6104 33.1952 2.5
    endloop
  endfacet
  facet normal -0.290291 0.956939 0
    outer loop
      vertex 62.7563 30.936 1.3
      vertex 62.1748 30.7596 2.5
      vertex 62.7563 30.936 2.5
    endloop
  endfacet
  facet normal -0.290291 0.956939 0
    outer loop
      vertex 62.1748 30.7596 2.5
      vertex 62.7563 30.936 1.3
      vertex 62.1748 30.7596 1.3
    endloop
  endfacet
  facet normal -0.634518 0.772908 0
    outer loop
      vertex 63.762 31.608 1.3
      vertex 63.2923 31.2224 2.5
      vertex 63.762 31.608 2.5
    endloop
  endfacet
  facet normal -0.634518 0.772908 0
    outer loop
      vertex 63.2923 31.2224 2.5
      vertex 63.762 31.608 1.3
      vertex 63.2923 31.2224 1.3
    endloop
  endfacet
  facet normal -0.881988 0.471271 0
    outer loop
      vertex 64.1476 32.0777 1.3
      vertex 64.434 32.6137 2.5
      vertex 64.434 32.6137 1.3
    endloop
  endfacet
  facet normal -0.881988 0.471271 0
    outer loop
      vertex 64.434 32.6137 2.5
      vertex 64.1476 32.0777 1.3
      vertex 64.1476 32.0777 2.5
    endloop
  endfacet
  facet normal 0.471271 0.881988 -0
    outer loop
      vertex 60.3837 30.936 1.3
      vertex 59.8477 31.2224 2.5
      vertex 60.3837 30.936 2.5
    endloop
  endfacet
  facet normal 0.471271 0.881988 0
    outer loop
      vertex 59.8477 31.2224 2.5
      vertex 60.3837 30.936 1.3
      vertex 59.8477 31.2224 1.3
    endloop
  endfacet
  facet normal 0.956939 0.290291 0
    outer loop
      vertex 58.706 32.6137 2.5
      vertex 58.5296 33.1952 1.3
      vertex 58.5296 33.1952 2.5
    endloop
  endfacet
  facet normal 0.956939 0.290291 0
    outer loop
      vertex 58.5296 33.1952 1.3
      vertex 58.706 32.6137 2.5
      vertex 58.706 32.6137 1.3
    endloop
  endfacet
  facet normal -0.991453 -0.130466 0
    outer loop
      vertex 63.27 -31.85 0
      vertex 63.2121 -31.41 1.3
      vertex 63.2121 -31.41 0
    endloop
  endfacet
  facet normal -0.991453 -0.130466 0
    outer loop
      vertex 63.2121 -31.41 1.3
      vertex 63.27 -31.85 0
      vertex 63.27 -31.85 1.3
    endloop
  endfacet
  facet normal 0.991453 -0.130466 0
    outer loop
      vertex 59.87 -31.85 1.3
      vertex 59.9279 -31.41 0
      vertex 59.9279 -31.41 1.3
    endloop
  endfacet
  facet normal 0.991453 -0.130466 0
    outer loop
      vertex 59.9279 -31.41 0
      vertex 59.87 -31.85 1.3
      vertex 59.87 -31.85 0
    endloop
  endfacet
  facet normal -0.130466 -0.991453 0
    outer loop
      vertex 61.57 -30.15 0
      vertex 62.01 -30.2079 1.3
      vertex 61.57 -30.15 1.3
    endloop
  endfacet
  facet normal -0.130466 -0.991453 -0
    outer loop
      vertex 62.01 -30.2079 1.3
      vertex 61.57 -30.15 0
      vertex 62.01 -30.2079 0
    endloop
  endfacet
  facet normal -0.608654 -0.793436 0
    outer loop
      vertex 62.42 -30.3778 0
      vertex 62.7721 -30.6479 1.3
      vertex 62.42 -30.3778 1.3
    endloop
  endfacet
  facet normal -0.608654 -0.793436 -0
    outer loop
      vertex 62.7721 -30.6479 1.3
      vertex 62.42 -30.3778 0
      vertex 62.7721 -30.6479 0
    endloop
  endfacet
  facet normal -0.382823 -0.923822 0
    outer loop
      vertex 62.01 -30.2079 0
      vertex 62.42 -30.3778 1.3
      vertex 62.01 -30.2079 1.3
    endloop
  endfacet
  facet normal -0.382823 -0.923822 -0
    outer loop
      vertex 62.42 -30.3778 1.3
      vertex 62.01 -30.2079 0
      vertex 62.42 -30.3778 0
    endloop
  endfacet
  facet normal 0.608654 -0.793436 0
    outer loop
      vertex 60.3679 -30.6479 0
      vertex 60.72 -30.3778 1.3
      vertex 60.3679 -30.6479 1.3
    endloop
  endfacet
  facet normal 0.608654 -0.793436 0
    outer loop
      vertex 60.72 -30.3778 1.3
      vertex 60.3679 -30.6479 0
      vertex 60.72 -30.3778 0
    endloop
  endfacet
  facet normal 0.130466 -0.991453 0
    outer loop
      vertex 61.13 -30.2079 0
      vertex 61.57 -30.15 1.3
      vertex 61.13 -30.2079 1.3
    endloop
  endfacet
  facet normal 0.130466 -0.991453 0
    outer loop
      vertex 61.57 -30.15 1.3
      vertex 61.13 -30.2079 0
      vertex 61.57 -30.15 0
    endloop
  endfacet
  facet normal -0.923822 0.382823 0
    outer loop
      vertex 63.0422 -32.7 0
      vertex 63.2121 -32.29 1.3
      vertex 63.2121 -32.29 0
    endloop
  endfacet
  facet normal -0.923822 0.382823 0
    outer loop
      vertex 63.2121 -32.29 1.3
      vertex 63.0422 -32.7 0
      vertex 63.0422 -32.7 1.3
    endloop
  endfacet
  facet normal 0.991453 0.130466 0
    outer loop
      vertex 59.9279 -32.29 1.3
      vertex 59.87 -31.85 0
      vertex 59.87 -31.85 1.3
    endloop
  endfacet
  facet normal 0.991453 0.130466 0
    outer loop
      vertex 59.87 -31.85 0
      vertex 59.9279 -32.29 1.3
      vertex 59.9279 -32.29 0
    endloop
  endfacet
  facet normal -0.793436 -0.608654 0
    outer loop
      vertex 63.0422 -31 0
      vertex 62.7721 -30.6479 1.3
      vertex 62.7721 -30.6479 0
    endloop
  endfacet
  facet normal -0.793436 -0.608654 0
    outer loop
      vertex 62.7721 -30.6479 1.3
      vertex 63.0422 -31 0
      vertex 63.0422 -31 1.3
    endloop
  endfacet
  facet normal -0.923822 -0.382823 0
    outer loop
      vertex 63.2121 -31.41 0
      vertex 63.0422 -31 1.3
      vertex 63.0422 -31 0
    endloop
  endfacet
  facet normal -0.923822 -0.382823 0
    outer loop
      vertex 63.0422 -31 1.3
      vertex 63.2121 -31.41 0
      vertex 63.2121 -31.41 1.3
    endloop
  endfacet
  facet normal 0.793436 -0.608654 0
    outer loop
      vertex 60.0978 -31 1.3
      vertex 60.3679 -30.6479 0
      vertex 60.3679 -30.6479 1.3
    endloop
  endfacet
  facet normal 0.793436 -0.608654 0
    outer loop
      vertex 60.3679 -30.6479 0
      vertex 60.0978 -31 1.3
      vertex 60.0978 -31 0
    endloop
  endfacet
  facet normal 0.923822 -0.382823 0
    outer loop
      vertex 59.9279 -31.41 1.3
      vertex 60.0978 -31 0
      vertex 60.0978 -31 1.3
    endloop
  endfacet
  facet normal 0.923822 -0.382823 0
    outer loop
      vertex 60.0978 -31 0
      vertex 59.9279 -31.41 1.3
      vertex 59.9279 -31.41 0
    endloop
  endfacet
  facet normal 0.382823 -0.923822 0
    outer loop
      vertex 60.72 -30.3778 0
      vertex 61.13 -30.2079 1.3
      vertex 60.72 -30.3778 1.3
    endloop
  endfacet
  facet normal 0.382823 -0.923822 0
    outer loop
      vertex 61.13 -30.2079 1.3
      vertex 60.72 -30.3778 0
      vertex 61.13 -30.2079 0
    endloop
  endfacet
  facet normal -0.991453 0.130466 0
    outer loop
      vertex 63.2121 -32.29 0
      vertex 63.27 -31.85 1.3
      vertex 63.27 -31.85 0
    endloop
  endfacet
  facet normal -0.991453 0.130466 0
    outer loop
      vertex 63.27 -31.85 1.3
      vertex 63.2121 -32.29 0
      vertex 63.2121 -32.29 1.3
    endloop
  endfacet
  facet normal -0.130466 0.991453 0
    outer loop
      vertex 62.01 -33.4921 0
      vertex 61.57 -33.55 1.3
      vertex 62.01 -33.4921 1.3
    endloop
  endfacet
  facet normal -0.130466 0.991453 0
    outer loop
      vertex 61.57 -33.55 1.3
      vertex 62.01 -33.4921 0
      vertex 61.57 -33.55 0
    endloop
  endfacet
  facet normal -0.608654 0.793436 0
    outer loop
      vertex 62.7721 -33.0521 0
      vertex 62.42 -33.3222 1.3
      vertex 62.7721 -33.0521 1.3
    endloop
  endfacet
  facet normal -0.608654 0.793436 0
    outer loop
      vertex 62.42 -33.3222 1.3
      vertex 62.7721 -33.0521 0
      vertex 62.42 -33.3222 0
    endloop
  endfacet
  facet normal 0.608654 0.793436 -0
    outer loop
      vertex 60.72 -33.3222 0
      vertex 60.3679 -33.0521 1.3
      vertex 60.72 -33.3222 1.3
    endloop
  endfacet
  facet normal 0.608654 0.793436 0
    outer loop
      vertex 60.3679 -33.0521 1.3
      vertex 60.72 -33.3222 0
      vertex 60.3679 -33.0521 0
    endloop
  endfacet
  facet normal 0.130466 0.991453 -0
    outer loop
      vertex 61.57 -33.55 0
      vertex 61.13 -33.4921 1.3
      vertex 61.57 -33.55 1.3
    endloop
  endfacet
  facet normal 0.130466 0.991453 0
    outer loop
      vertex 61.13 -33.4921 1.3
      vertex 61.57 -33.55 0
      vertex 61.13 -33.4921 0
    endloop
  endfacet
  facet normal 0.923822 0.382823 0
    outer loop
      vertex 60.0978 -32.7 1.3
      vertex 59.9279 -32.29 0
      vertex 59.9279 -32.29 1.3
    endloop
  endfacet
  facet normal 0.923822 0.382823 0
    outer loop
      vertex 59.9279 -32.29 0
      vertex 60.0978 -32.7 1.3
      vertex 60.0978 -32.7 0
    endloop
  endfacet
  facet normal -0.382823 0.923822 0
    outer loop
      vertex 62.42 -33.3222 0
      vertex 62.01 -33.4921 1.3
      vertex 62.42 -33.3222 1.3
    endloop
  endfacet
  facet normal -0.382823 0.923822 0
    outer loop
      vertex 62.01 -33.4921 1.3
      vertex 62.42 -33.3222 0
      vertex 62.01 -33.4921 0
    endloop
  endfacet
  facet normal -0.793436 0.608654 0
    outer loop
      vertex 62.7721 -33.0521 0
      vertex 63.0422 -32.7 1.3
      vertex 63.0422 -32.7 0
    endloop
  endfacet
  facet normal -0.793436 0.608654 0
    outer loop
      vertex 63.0422 -32.7 1.3
      vertex 62.7721 -33.0521 0
      vertex 62.7721 -33.0521 1.3
    endloop
  endfacet
  facet normal 0.382823 0.923822 -0
    outer loop
      vertex 61.13 -33.4921 0
      vertex 60.72 -33.3222 1.3
      vertex 61.13 -33.4921 1.3
    endloop
  endfacet
  facet normal 0.382823 0.923822 0
    outer loop
      vertex 60.72 -33.3222 1.3
      vertex 61.13 -33.4921 0
      vertex 60.72 -33.3222 0
    endloop
  endfacet
  facet normal 0.793436 0.608654 0
    outer loop
      vertex 60.3679 -33.0521 1.3
      vertex 60.0978 -32.7 0
      vertex 60.0978 -32.7 1.3
    endloop
  endfacet
  facet normal 0.793436 0.608654 0
    outer loop
      vertex 60.0978 -32.7 0
      vertex 60.3679 -33.0521 1.3
      vertex 60.3679 -33.0521 0
    endloop
  endfacet
  facet normal -0.99518 -0.0980699 0
    outer loop
      vertex 64.67 -31.85 1.3
      vertex 64.6104 -31.2452 2.5
      vertex 64.6104 -31.2452 1.3
    endloop
  endfacet
  facet normal -0.99518 -0.0980699 0
    outer loop
      vertex 64.6104 -31.2452 2.5
      vertex 64.67 -31.85 1.3
      vertex 64.67 -31.85 2.5
    endloop
  endfacet
  facet normal 0.99518 -0.0980699 0
    outer loop
      vertex 58.47 -31.85 2.5
      vertex 58.5296 -31.2452 1.3
      vertex 58.5296 -31.2452 2.5
    endloop
  endfacet
  facet normal 0.99518 -0.0980699 0
    outer loop
      vertex 58.5296 -31.2452 1.3
      vertex 58.47 -31.85 2.5
      vertex 58.47 -31.85 1.3
    endloop
  endfacet
  facet normal -0.0980699 -0.99518 0
    outer loop
      vertex 61.57 -28.75 1.3
      vertex 62.1748 -28.8096 2.5
      vertex 61.57 -28.75 2.5
    endloop
  endfacet
  facet normal -0.0980699 -0.99518 -0
    outer loop
      vertex 62.1748 -28.8096 2.5
      vertex 61.57 -28.75 1.3
      vertex 62.1748 -28.8096 1.3
    endloop
  endfacet
  facet normal -0.772908 -0.634518 0
    outer loop
      vertex 64.1476 -30.1277 1.3
      vertex 63.762 -29.658 2.5
      vertex 63.762 -29.658 1.3
    endloop
  endfacet
  facet normal -0.772908 -0.634518 0
    outer loop
      vertex 63.762 -29.658 2.5
      vertex 64.1476 -30.1277 1.3
      vertex 64.1476 -30.1277 2.5
    endloop
  endfacet
  facet normal -0.956939 -0.290291 0
    outer loop
      vertex 64.6104 -31.2452 1.3
      vertex 64.434 -30.6637 2.5
      vertex 64.434 -30.6637 1.3
    endloop
  endfacet
  facet normal -0.956939 -0.290291 0
    outer loop
      vertex 64.434 -30.6637 2.5
      vertex 64.6104 -31.2452 1.3
      vertex 64.6104 -31.2452 2.5
    endloop
  endfacet
  facet normal 0.634518 -0.772908 0
    outer loop
      vertex 59.378 -29.658 1.3
      vertex 59.8477 -29.2724 2.5
      vertex 59.378 -29.658 2.5
    endloop
  endfacet
  facet normal 0.634518 -0.772908 0
    outer loop
      vertex 59.8477 -29.2724 2.5
      vertex 59.378 -29.658 1.3
      vertex 59.8477 -29.2724 1.3
    endloop
  endfacet
  facet normal 0.290291 -0.956939 0
    outer loop
      vertex 60.3837 -28.986 1.3
      vertex 60.9652 -28.8096 2.5
      vertex 60.3837 -28.986 2.5
    endloop
  endfacet
  facet normal 0.290291 -0.956939 0
    outer loop
      vertex 60.9652 -28.8096 2.5
      vertex 60.3837 -28.986 1.3
      vertex 60.9652 -28.8096 1.3
    endloop
  endfacet
  facet normal 0 0 1
    outer loop
      vertex 63.27 -31.85 1.3
      vertex 64.67 -31.85 1.3
      vertex 64.6104 -31.2452 1.3
    endloop
  endfacet
  facet normal 0 0 1
    outer loop
      vertex 63.2121 -31.41 1.3
      vertex 64.6104 -31.2452 1.3
      vertex 64.434 -30.6637 1.3
    endloop
  endfacet
  facet normal 0 0 1
    outer loop
      vertex 64.67 -31.85 1.3
      vertex 63.27 -31.85 1.3
      vertex 64.6104 -32.4548 1.3
    endloop
  endfacet
  facet normal 0 0 1
    outer loop
      vertex 63.0422 -31 1.3
      vertex 64.434 -30.6637 1.3
      vertex 64.1476 -30.1277 1.3
    endloop
  endfacet
  facet normal -0 0 1
    outer loop
      vertex 63.2121 -32.29 1.3
      vertex 64.6104 -32.4548 1.3
      vertex 63.27 -31.85 1.3
    endloop
  endfacet
  facet normal 0 0 1
    outer loop
      vertex 62.7721 -30.6479 1.3
      vertex 64.1476 -30.1277 1.3
      vertex 63.762 -29.658 1.3
    endloop
  endfacet
  facet normal 0 0 1
    outer loop
      vertex 64.6104 -32.4548 1.3
      vertex 63.2121 -32.29 1.3
      vertex 64.434 -33.0363 1.3
    endloop
  endfacet
  facet normal 0 0 1
    outer loop
      vertex 62.7721 -30.6479 1.3
      vertex 63.762 -29.658 1.3
      vertex 63.2923 -29.2724 1.3
    endloop
  endfacet
  facet normal -0 0 1
    outer loop
      vertex 63.0422 -32.7 1.3
      vertex 64.434 -33.0363 1.3
      vertex 63.2121 -32.29 1.3
    endloop
  endfacet
  facet normal 0 0 1
    outer loop
      vertex 64.434 -33.0363 1.3
      vertex 63.0422 -32.7 1.3
      vertex 64.1476 -33.5723 1.3
    endloop
  endfacet
  facet normal 0 0 1
    outer loop
      vertex 64.6104 -31.2452 1.3
      vertex 63.2121 -31.41 1.3
      vertex 63.27 -31.85 1.3
    endloop
  endfacet
  facet normal 0 0 1
    outer loop
      vertex 64.434 -30.6637 1.3
      vertex 63.0422 -31 1.3
      vertex 63.2121 -31.41 1.3
    endloop
  endfacet
  facet normal 0 0 1
    outer loop
      vertex 64.1476 -30.1277 1.3
      vertex 62.7721 -30.6479 1.3
      vertex 63.0422 -31 1.3
    endloop
  endfacet
  facet normal 0 0 1
    outer loop
      vertex 62.42 -30.3778 1.3
      vertex 63.2923 -29.2724 1.3
      vertex 62.7563 -28.986 1.3
    endloop
  endfacet
  facet normal 0 0 1
    outer loop
      vertex 63.2923 -29.2724 1.3
      vertex 62.42 -30.3778 1.3
      vertex 62.7721 -30.6479 1.3
    endloop
  endfacet
  facet normal 0 0 1
    outer loop
      vertex 62.01 -30.2079 1.3
      vertex 62.7563 -28.986 1.3
      vertex 62.1748 -28.8096 1.3
    endloop
  endfacet
  facet normal 0 0 1
    outer loop
      vertex 62.7563 -28.986 1.3
      vertex 62.01 -30.2079 1.3
      vertex 62.42 -30.3778 1.3
    endloop
  endfacet
  facet normal 0 0 1
    outer loop
      vertex 61.57 -30.15 1.3
      vertex 62.1748 -28.8096 1.3
      vertex 61.57 -28.75 1.3
    endloop
  endfacet
  facet normal 0 0 1
    outer loop
      vertex 62.1748 -28.8096 1.3
      vertex 61.57 -30.15 1.3
      vertex 62.01 -30.2079 1.3
    endloop
  endfacet
  facet normal -0 0 1
    outer loop
      vertex 60.9652 -28.8096 1.3
      vertex 61.57 -30.15 1.3
      vertex 61.57 -28.75 1.3
    endloop
  endfacet
  facet normal 0 0 1
    outer loop
      vertex 61.57 -30.15 1.3
      vertex 60.9652 -28.8096 1.3
      vertex 61.13 -30.2079 1.3
    endloop
  endfacet
  facet normal -0 0 1
    outer loop
      vertex 60.3837 -28.986 1.3
      vertex 61.13 -30.2079 1.3
      vertex 60.9652 -28.8096 1.3
    endloop
  endfacet
  facet normal 0 0 1
    outer loop
      vertex 61.13 -30.2079 1.3
      vertex 60.3837 -28.986 1.3
      vertex 60.72 -30.3778 1.3
    endloop
  endfacet
  facet normal -0 0 1
    outer loop
      vertex 59.8477 -29.2724 1.3
      vertex 60.72 -30.3778 1.3
      vertex 60.3837 -28.986 1.3
    endloop
  endfacet
  facet normal 0 0 1
    outer loop
      vertex 60.72 -30.3778 1.3
      vertex 59.8477 -29.2724 1.3
      vertex 60.3679 -30.6479 1.3
    endloop
  endfacet
  facet normal -0 0 1
    outer loop
      vertex 59.378 -29.658 1.3
      vertex 60.3679 -30.6479 1.3
      vertex 59.8477 -29.2724 1.3
    endloop
  endfacet
  facet normal 0 0 1
    outer loop
      vertex 60.3679 -30.6479 1.3
      vertex 58.9924 -30.1277 1.3
      vertex 60.0978 -31 1.3
    endloop
  endfacet
  facet normal -0 0 1
    outer loop
      vertex 58.9924 -30.1277 1.3
      vertex 60.3679 -30.6479 1.3
      vertex 59.378 -29.658 1.3
    endloop
  endfacet
  facet normal -0 0 1
    outer loop
      vertex 62.7721 -33.0521 1.3
      vertex 64.1476 -33.5723 1.3
      vertex 63.0422 -32.7 1.3
    endloop
  endfacet
  facet normal 0 0 1
    outer loop
      vertex 64.1476 -33.5723 1.3
      vertex 62.7721 -33.0521 1.3
      vertex 63.762 -34.042 1.3
    endloop
  endfacet
  facet normal 0 0 1
    outer loop
      vertex 63.762 -34.042 1.3
      vertex 62.7721 -33.0521 1.3
      vertex 63.2923 -34.4276 1.3
    endloop
  endfacet
  facet normal -0 0 1
    outer loop
      vertex 62.42 -33.3222 1.3
      vertex 63.2923 -34.4276 1.3
      vertex 62.7721 -33.0521 1.3
    endloop
  endfacet
  facet normal 0 0 1
    outer loop
      vertex 63.2923 -34.4276 1.3
      vertex 62.42 -33.3222 1.3
      vertex 62.7563 -34.714 1.3
    endloop
  endfacet
  facet normal -0 0 1
    outer loop
      vertex 62.01 -33.4921 1.3
      vertex 62.7563 -34.714 1.3
      vertex 62.42 -33.3222 1.3
    endloop
  endfacet
  facet normal 0 0 1
    outer loop
      vertex 62.7563 -34.714 1.3
      vertex 62.01 -33.4921 1.3
      vertex 62.1748 -34.8904 1.3
    endloop
  endfacet
  facet normal -0 0 1
    outer loop
      vertex 61.57 -33.55 1.3
      vertex 62.1748 -34.8904 1.3
      vertex 62.01 -33.4921 1.3
    endloop
  endfacet
  facet normal 0 0 1
    outer loop
      vertex 61.57 -33.55 1.3
      vertex 61.57 -34.95 1.3
      vertex 62.1748 -34.8904 1.3
    endloop
  endfacet
  facet normal 0 0 1
    outer loop
      vertex 60.9652 -34.8904 1.3
      vertex 61.57 -33.55 1.3
      vertex 61.13 -33.4921 1.3
    endloop
  endfacet
  facet normal 0 0 1
    outer loop
      vertex 61.57 -33.55 1.3
      vertex 60.9652 -34.8904 1.3
      vertex 61.57 -34.95 1.3
    endloop
  endfacet
  facet normal 0 0 1
    outer loop
      vertex 60.3837 -34.714 1.3
      vertex 61.13 -33.4921 1.3
      vertex 60.72 -33.3222 1.3
    endloop
  endfacet
  facet normal 0 0 1
    outer loop
      vertex 61.13 -33.4921 1.3
      vertex 60.3837 -34.714 1.3
      vertex 60.9652 -34.8904 1.3
    endloop
  endfacet
  facet normal 0 0 1
    outer loop
      vertex 59.8477 -34.4276 1.3
      vertex 60.72 -33.3222 1.3
      vertex 60.3679 -33.0521 1.3
    endloop
  endfacet
  facet normal 0 0 1
    outer loop
      vertex 58.9924 -33.5723 1.3
      vertex 60.3679 -33.0521 1.3
      vertex 60.0978 -32.7 1.3
    endloop
  endfacet
  facet normal 0 0 1
    outer loop
      vertex 58.706 -33.0363 1.3
      vertex 60.0978 -32.7 1.3
      vertex 59.9279 -32.29 1.3
    endloop
  endfacet
  facet normal 0 0 1
    outer loop
      vertex 60.72 -33.3222 1.3
      vertex 59.8477 -34.4276 1.3
      vertex 60.3837 -34.714 1.3
    endloop
  endfacet
  facet normal 0 0 1
    outer loop
      vertex 58.5296 -32.4548 1.3
      vertex 59.9279 -32.29 1.3
      vertex 59.87 -31.85 1.3
    endloop
  endfacet
  facet normal -0 0 1
    outer loop
      vertex 58.706 -30.6637 1.3
      vertex 60.0978 -31 1.3
      vertex 58.9924 -30.1277 1.3
    endloop
  endfacet
  facet normal 0 0 1
    outer loop
      vertex 60.0978 -31 1.3
      vertex 58.706 -30.6637 1.3
      vertex 59.9279 -31.41 1.3
    endloop
  endfacet
  facet normal 0 0 1
    outer loop
      vertex 60.3679 -33.0521 1.3
      vertex 59.378 -34.042 1.3
      vertex 59.8477 -34.4276 1.3
    endloop
  endfacet
  facet normal -0 0 1
    outer loop
      vertex 58.5296 -31.2452 1.3
      vertex 59.9279 -31.41 1.3
      vertex 58.706 -30.6637 1.3
    endloop
  endfacet
  facet normal 0 0 1
    outer loop
      vertex 60.3679 -33.0521 1.3
      vertex 58.9924 -33.5723 1.3
      vertex 59.378 -34.042 1.3
    endloop
  endfacet
  facet normal 0 0 1
    outer loop
      vertex 59.9279 -31.41 1.3
      vertex 58.5296 -31.2452 1.3
      vertex 59.87 -31.85 1.3
    endloop
  endfacet
  facet normal 0 0 1
    outer loop
      vertex 60.0978 -32.7 1.3
      vertex 58.706 -33.0363 1.3
      vertex 58.9924 -33.5723 1.3
    endloop
  endfacet
  facet normal 0 0 1
    outer loop
      vertex 58.47 -31.85 1.3
      vertex 59.87 -31.85 1.3
      vertex 58.5296 -31.2452 1.3
    endloop
  endfacet
  facet normal 0 0 1
    outer loop
      vertex 59.9279 -32.29 1.3
      vertex 58.5296 -32.4548 1.3
      vertex 58.706 -33.0363 1.3
    endloop
  endfacet
  facet normal 0 0 1
    outer loop
      vertex 59.87 -31.85 1.3
      vertex 58.47 -31.85 1.3
      vertex 58.5296 -32.4548 1.3
    endloop
  endfacet
  facet normal -0.881988 -0.471271 0
    outer loop
      vertex 64.434 -30.6637 1.3
      vertex 64.1476 -30.1277 2.5
      vertex 64.1476 -30.1277 1.3
    endloop
  endfacet
  facet normal -0.881988 -0.471271 0
    outer loop
      vertex 64.1476 -30.1277 2.5
      vertex 64.434 -30.6637 1.3
      vertex 64.434 -30.6637 2.5
    endloop
  endfacet
  facet normal -0.471271 -0.881988 0
    outer loop
      vertex 62.7563 -28.986 1.3
      vertex 63.2923 -29.2724 2.5
      vertex 62.7563 -28.986 2.5
    endloop
  endfacet
  facet normal -0.471271 -0.881988 -0
    outer loop
      vertex 63.2923 -29.2724 2.5
      vertex 62.7563 -28.986 1.3
      vertex 63.2923 -29.2724 1.3
    endloop
  endfacet
  facet normal -0.290291 -0.956939 0
    outer loop
      vertex 62.1748 -28.8096 1.3
      vertex 62.7563 -28.986 2.5
      vertex 62.1748 -28.8096 2.5
    endloop
  endfacet
  facet normal -0.290291 -0.956939 -0
    outer loop
      vertex 62.7563 -28.986 2.5
      vertex 62.1748 -28.8096 1.3
      vertex 62.7563 -28.986 1.3
    endloop
  endfacet
  facet normal -0.634518 -0.772908 0
    outer loop
      vertex 63.2923 -29.2724 1.3
      vertex 63.762 -29.658 2.5
      vertex 63.2923 -29.2724 2.5
    endloop
  endfacet
  facet normal -0.634518 -0.772908 -0
    outer loop
      vertex 63.762 -29.658 2.5
      vertex 63.2923 -29.2724 1.3
      vertex 63.762 -29.658 1.3
    endloop
  endfacet
  facet normal 0.881988 -0.471271 0
    outer loop
      vertex 58.706 -30.6637 2.5
      vertex 58.9924 -30.1277 1.3
      vertex 58.9924 -30.1277 2.5
    endloop
  endfacet
  facet normal 0.881988 -0.471271 0
    outer loop
      vertex 58.9924 -30.1277 1.3
      vertex 58.706 -30.6637 2.5
      vertex 58.706 -30.6637 1.3
    endloop
  endfacet
  facet normal 0.772908 -0.634518 0
    outer loop
      vertex 58.9924 -30.1277 2.5
      vertex 59.378 -29.658 1.3
      vertex 59.378 -29.658 2.5
    endloop
  endfacet
  facet normal 0.772908 -0.634518 0
    outer loop
      vertex 59.378 -29.658 1.3
      vertex 58.9924 -30.1277 2.5
      vertex 58.9924 -30.1277 1.3
    endloop
  endfacet
  facet normal 0.956939 -0.290291 0
    outer loop
      vertex 58.5296 -31.2452 2.5
      vertex 58.706 -30.6637 1.3
      vertex 58.706 -30.6637 2.5
    endloop
  endfacet
  facet normal 0.956939 -0.290291 0
    outer loop
      vertex 58.706 -30.6637 1.3
      vertex 58.5296 -31.2452 2.5
      vertex 58.5296 -31.2452 1.3
    endloop
  endfacet
  facet normal 0.471271 -0.881988 0
    outer loop
      vertex 59.8477 -29.2724 1.3
      vertex 60.3837 -28.986 2.5
      vertex 59.8477 -29.2724 2.5
    endloop
  endfacet
  facet normal 0.471271 -0.881988 0
    outer loop
      vertex 60.3837 -28.986 2.5
      vertex 59.8477 -29.2724 1.3
      vertex 60.3837 -28.986 1.3
    endloop
  endfacet
  facet normal 0.0980699 -0.99518 0
    outer loop
      vertex 60.9652 -28.8096 1.3
      vertex 61.57 -28.75 2.5
      vertex 60.9652 -28.8096 2.5
    endloop
  endfacet
  facet normal 0.0980699 -0.99518 0
    outer loop
      vertex 61.57 -28.75 2.5
      vertex 60.9652 -28.8096 1.3
      vertex 61.57 -28.75 1.3
    endloop
  endfacet
  facet normal -0.0980699 0.99518 0
    outer loop
      vertex 62.1748 -34.8904 1.3
      vertex 61.57 -34.95 2.5
      vertex 62.1748 -34.8904 2.5
    endloop
  endfacet
  facet normal -0.0980699 0.99518 0
    outer loop
      vertex 61.57 -34.95 2.5
      vertex 62.1748 -34.8904 1.3
      vertex 61.57 -34.95 1.3
    endloop
  endfacet
  facet normal -0.471271 0.881988 0
    outer loop
      vertex 63.2923 -34.4276 1.3
      vertex 62.7563 -34.714 2.5
      vertex 63.2923 -34.4276 2.5
    endloop
  endfacet
  facet normal -0.471271 0.881988 0
    outer loop
      vertex 62.7563 -34.714 2.5
      vertex 63.2923 -34.4276 1.3
      vertex 62.7563 -34.714 1.3
    endloop
  endfacet
  facet normal -0.772908 0.634518 0
    outer loop
      vertex 63.762 -34.042 1.3
      vertex 64.1476 -33.5723 2.5
      vertex 64.1476 -33.5723 1.3
    endloop
  endfacet
  facet normal -0.772908 0.634518 0
    outer loop
      vertex 64.1476 -33.5723 2.5
      vertex 63.762 -34.042 1.3
      vertex 63.762 -34.042 2.5
    endloop
  endfacet
  facet normal -0.956939 0.290291 0
    outer loop
      vertex 64.434 -33.0363 1.3
      vertex 64.6104 -32.4548 2.5
      vertex 64.6104 -32.4548 1.3
    endloop
  endfacet
  facet normal -0.956939 0.290291 0
    outer loop
      vertex 64.6104 -32.4548 2.5
      vertex 64.434 -33.0363 1.3
      vertex 64.434 -33.0363 2.5
    endloop
  endfacet
  facet normal 0.634518 0.772908 -0
    outer loop
      vertex 59.8477 -34.4276 1.3
      vertex 59.378 -34.042 2.5
      vertex 59.8477 -34.4276 2.5
    endloop
  endfacet
  facet normal 0.634518 0.772908 0
    outer loop
      vertex 59.378 -34.042 2.5
      vertex 59.8477 -34.4276 1.3
      vertex 59.378 -34.042 1.3
    endloop
  endfacet
  facet normal 0.290291 0.956939 -0
    outer loop
      vertex 60.9652 -34.8904 1.3
      vertex 60.3837 -34.714 2.5
      vertex 60.9652 -34.8904 2.5
    endloop
  endfacet
  facet normal 0.290291 0.956939 0
    outer loop
      vertex 60.3837 -34.714 2.5
      vertex 60.9652 -34.8904 1.3
      vertex 60.3837 -34.714 1.3
    endloop
  endfacet
  facet normal 0.881988 0.471271 0
    outer loop
      vertex 58.9924 -33.5723 2.5
      vertex 58.706 -33.0363 1.3
      vertex 58.706 -33.0363 2.5
    endloop
  endfacet
  facet normal 0.881988 0.471271 0
    outer loop
      vertex 58.706 -33.0363 1.3
      vertex 58.9924 -33.5723 2.5
      vertex 58.9924 -33.5723 1.3
    endloop
  endfacet
  facet normal 0.99518 0.0980699 0
    outer loop
      vertex 58.5296 -32.4548 2.5
      vertex 58.47 -31.85 1.3
      vertex 58.47 -31.85 2.5
    endloop
  endfacet
  facet normal 0.99518 0.0980699 0
    outer loop
      vertex 58.47 -31.85 1.3
      vertex 58.5296 -32.4548 2.5
      vertex 58.5296 -32.4548 1.3
    endloop
  endfacet
  facet normal -0.99518 0.0980699 0
    outer loop
      vertex 64.6104 -32.4548 1.3
      vertex 64.67 -31.85 2.5
      vertex 64.67 -31.85 1.3
    endloop
  endfacet
  facet normal -0.99518 0.0980699 0
    outer loop
      vertex 64.67 -31.85 2.5
      vertex 64.6104 -32.4548 1.3
      vertex 64.6104 -32.4548 2.5
    endloop
  endfacet
  facet normal -0.290291 0.956939 0
    outer loop
      vertex 62.7563 -34.714 1.3
      vertex 62.1748 -34.8904 2.5
      vertex 62.7563 -34.714 2.5
    endloop
  endfacet
  facet normal -0.290291 0.956939 0
    outer loop
      vertex 62.1748 -34.8904 2.5
      vertex 62.7563 -34.714 1.3
      vertex 62.1748 -34.8904 1.3
    endloop
  endfacet
  facet normal -0.634518 0.772908 0
    outer loop
      vertex 63.762 -34.042 1.3
      vertex 63.2923 -34.4276 2.5
      vertex 63.762 -34.042 2.5
    endloop
  endfacet
  facet normal -0.634518 0.772908 0
    outer loop
      vertex 63.2923 -34.4276 2.5
      vertex 63.762 -34.042 1.3
      vertex 63.2923 -34.4276 1.3
    endloop
  endfacet
  facet normal -0.881988 0.471271 0
    outer loop
      vertex 64.1476 -33.5723 1.3
      vertex 64.434 -33.0363 2.5
      vertex 64.434 -33.0363 1.3
    endloop
  endfacet
  facet normal -0.881988 0.471271 0
    outer loop
      vertex 64.434 -33.0363 2.5
      vertex 64.1476 -33.5723 1.3
      vertex 64.1476 -33.5723 2.5
    endloop
  endfacet
  facet normal 0.471271 0.881988 -0
    outer loop
      vertex 60.3837 -34.714 1.3
      vertex 59.8477 -34.4276 2.5
      vertex 60.3837 -34.714 2.5
    endloop
  endfacet
  facet normal 0.471271 0.881988 0
    outer loop
      vertex 59.8477 -34.4276 2.5
      vertex 60.3837 -34.714 1.3
      vertex 59.8477 -34.4276 1.3
    endloop
  endfacet
  facet normal 0.0980699 0.99518 -0
    outer loop
      vertex 61.57 -34.95 1.3
      vertex 60.9652 -34.8904 2.5
      vertex 61.57 -34.95 2.5
    endloop
  endfacet
  facet normal 0.0980699 0.99518 0
    outer loop
      vertex 60.9652 -34.8904 2.5
      vertex 61.57 -34.95 1.3
      vertex 60.9652 -34.8904 1.3
    endloop
  endfacet
  facet normal 0.772908 0.634518 0
    outer loop
      vertex 59.378 -34.042 2.5
      vertex 58.9924 -33.5723 1.3
      vertex 58.9924 -33.5723 2.5
    endloop
  endfacet
  facet normal 0.772908 0.634518 0
    outer loop
      vertex 58.9924 -33.5723 1.3
      vertex 59.378 -34.042 2.5
      vertex 59.378 -34.042 1.3
    endloop
  endfacet
  facet normal 0.956939 0.290291 0
    outer loop
      vertex 58.706 -33.0363 2.5
      vertex 58.5296 -32.4548 1.3
      vertex 58.5296 -32.4548 2.5
    endloop
  endfacet
  facet normal 0.956939 0.290291 0
    outer loop
      vertex 58.5296 -32.4548 1.3
      vertex 58.706 -33.0363 2.5
      vertex 58.706 -33.0363 1.3
    endloop
  endfacet
  facet normal -0.991453 -0.130466 0
    outer loop
      vertex -90.3 -54 0
      vertex -90.3579 -53.56 1.3
      vertex -90.3579 -53.56 0
    endloop
  endfacet
  facet normal -0.991453 -0.130466 0
    outer loop
      vertex -90.3579 -53.56 1.3
      vertex -90.3 -54 0
      vertex -90.3 -54 1.3
    endloop
  endfacet
  facet normal 0.991453 -0.130466 0
    outer loop
      vertex -93.7 -54 1.3
      vertex -93.6421 -53.56 0
      vertex -93.6421 -53.56 1.3
    endloop
  endfacet
  facet normal 0.991453 -0.130466 0
    outer loop
      vertex -93.6421 -53.56 0
      vertex -93.7 -54 1.3
      vertex -93.7 -54 0
    endloop
  endfacet
  facet normal -0.130466 -0.991453 0
    outer loop
      vertex -92 -52.3 0
      vertex -91.56 -52.3579 1.3
      vertex -92 -52.3 1.3
    endloop
  endfacet
  facet normal -0.130466 -0.991453 -0
    outer loop
      vertex -91.56 -52.3579 1.3
      vertex -92 -52.3 0
      vertex -91.56 -52.3579 0
    endloop
  endfacet
  facet normal -0.608654 -0.793436 0
    outer loop
      vertex -91.15 -52.5278 0
      vertex -90.7979 -52.7979 1.3
      vertex -91.15 -52.5278 1.3
    endloop
  endfacet
  facet normal -0.608654 -0.793436 -0
    outer loop
      vertex -90.7979 -52.7979 1.3
      vertex -91.15 -52.5278 0
      vertex -90.7979 -52.7979 0
    endloop
  endfacet
  facet normal -0.382823 -0.923822 0
    outer loop
      vertex -91.56 -52.3579 0
      vertex -91.15 -52.5278 1.3
      vertex -91.56 -52.3579 1.3
    endloop
  endfacet
  facet normal -0.382823 -0.923822 -0
    outer loop
      vertex -91.15 -52.5278 1.3
      vertex -91.56 -52.3579 0
      vertex -91.15 -52.5278 0
    endloop
  endfacet
  facet normal 0.608654 -0.793436 0
    outer loop
      vertex -93.2021 -52.7979 0
      vertex -92.85 -52.5278 1.3
      vertex -93.2021 -52.7979 1.3
    endloop
  endfacet
  facet normal 0.608654 -0.793436 0
    outer loop
      vertex -92.85 -52.5278 1.3
      vertex -93.2021 -52.7979 0
      vertex -92.85 -52.5278 0
    endloop
  endfacet
  facet normal 0.130466 -0.991453 0
    outer loop
      vertex -92.44 -52.3579 0
      vertex -92 -52.3 1.3
      vertex -92.44 -52.3579 1.3
    endloop
  endfacet
  facet normal 0.130466 -0.991453 0
    outer loop
      vertex -92 -52.3 1.3
      vertex -92.44 -52.3579 0
      vertex -92 -52.3 0
    endloop
  endfacet
  facet normal -0.923822 0.382823 0
    outer loop
      vertex -90.5278 -54.85 0
      vertex -90.3579 -54.44 1.3
      vertex -90.3579 -54.44 0
    endloop
  endfacet
  facet normal -0.923822 0.382823 0
    outer loop
      vertex -90.3579 -54.44 1.3
      vertex -90.5278 -54.85 0
      vertex -90.5278 -54.85 1.3
    endloop
  endfacet
  facet normal 0.991453 0.130466 0
    outer loop
      vertex -93.6421 -54.44 1.3
      vertex -93.7 -54 0
      vertex -93.7 -54 1.3
    endloop
  endfacet
  facet normal 0.991453 0.130466 0
    outer loop
      vertex -93.7 -54 0
      vertex -93.6421 -54.44 1.3
      vertex -93.6421 -54.44 0
    endloop
  endfacet
  facet normal -0.793436 -0.608654 0
    outer loop
      vertex -90.5278 -53.15 0
      vertex -90.7979 -52.7979 1.3
      vertex -90.7979 -52.7979 0
    endloop
  endfacet
  facet normal -0.793436 -0.608654 0
    outer loop
      vertex -90.7979 -52.7979 1.3
      vertex -90.5278 -53.15 0
      vertex -90.5278 -53.15 1.3
    endloop
  endfacet
  facet normal -0.923822 -0.382823 0
    outer loop
      vertex -90.3579 -53.56 0
      vertex -90.5278 -53.15 1.3
      vertex -90.5278 -53.15 0
    endloop
  endfacet
  facet normal -0.923822 -0.382823 0
    outer loop
      vertex -90.5278 -53.15 1.3
      vertex -90.3579 -53.56 0
      vertex -90.3579 -53.56 1.3
    endloop
  endfacet
  facet normal 0.793436 -0.608654 0
    outer loop
      vertex -93.4722 -53.15 1.3
      vertex -93.2021 -52.7979 0
      vertex -93.2021 -52.7979 1.3
    endloop
  endfacet
  facet normal 0.793436 -0.608654 0
    outer loop
      vertex -93.2021 -52.7979 0
      vertex -93.4722 -53.15 1.3
      vertex -93.4722 -53.15 0
    endloop
  endfacet
  facet normal 0.923822 -0.382823 0
    outer loop
      vertex -93.6421 -53.56 1.3
      vertex -93.4722 -53.15 0
      vertex -93.4722 -53.15 1.3
    endloop
  endfacet
  facet normal 0.923822 -0.382823 0
    outer loop
      vertex -93.4722 -53.15 0
      vertex -93.6421 -53.56 1.3
      vertex -93.6421 -53.56 0
    endloop
  endfacet
  facet normal 0.382823 -0.923822 0
    outer loop
      vertex -92.85 -52.5278 0
      vertex -92.44 -52.3579 1.3
      vertex -92.85 -52.5278 1.3
    endloop
  endfacet
  facet normal 0.382823 -0.923822 0
    outer loop
      vertex -92.44 -52.3579 1.3
      vertex -92.85 -52.5278 0
      vertex -92.44 -52.3579 0
    endloop
  endfacet
  facet normal -0.991453 0.130466 0
    outer loop
      vertex -90.3579 -54.44 0
      vertex -90.3 -54 1.3
      vertex -90.3 -54 0
    endloop
  endfacet
  facet normal -0.991453 0.130466 0
    outer loop
      vertex -90.3 -54 1.3
      vertex -90.3579 -54.44 0
      vertex -90.3579 -54.44 1.3
    endloop
  endfacet
  facet normal -0.130466 0.991453 0
    outer loop
      vertex -91.56 -55.6421 0
      vertex -92 -55.7 1.3
      vertex -91.56 -55.6421 1.3
    endloop
  endfacet
  facet normal -0.130466 0.991453 0
    outer loop
      vertex -92 -55.7 1.3
      vertex -91.56 -55.6421 0
      vertex -92 -55.7 0
    endloop
  endfacet
  facet normal -0.608654 0.793436 0
    outer loop
      vertex -90.7979 -55.2021 0
      vertex -91.15 -55.4722 1.3
      vertex -90.7979 -55.2021 1.3
    endloop
  endfacet
  facet normal -0.608654 0.793436 0
    outer loop
      vertex -91.15 -55.4722 1.3
      vertex -90.7979 -55.2021 0
      vertex -91.15 -55.4722 0
    endloop
  endfacet
  facet normal 0.608654 0.793436 -0
    outer loop
      vertex -92.85 -55.4722 0
      vertex -93.2021 -55.2021 1.3
      vertex -92.85 -55.4722 1.3
    endloop
  endfacet
  facet normal 0.608654 0.793436 0
    outer loop
      vertex -93.2021 -55.2021 1.3
      vertex -92.85 -55.4722 0
      vertex -93.2021 -55.2021 0
    endloop
  endfacet
  facet normal 0.130466 0.991453 -0
    outer loop
      vertex -92 -55.7 0
      vertex -92.44 -55.6421 1.3
      vertex -92 -55.7 1.3
    endloop
  endfacet
  facet normal 0.130466 0.991453 0
    outer loop
      vertex -92.44 -55.6421 1.3
      vertex -92 -55.7 0
      vertex -92.44 -55.6421 0
    endloop
  endfacet
  facet normal 0.923822 0.382823 0
    outer loop
      vertex -93.4722 -54.85 1.3
      vertex -93.6421 -54.44 0
      vertex -93.6421 -54.44 1.3
    endloop
  endfacet
  facet normal 0.923822 0.382823 0
    outer loop
      vertex -93.6421 -54.44 0
      vertex -93.4722 -54.85 1.3
      vertex -93.4722 -54.85 0
    endloop
  endfacet
  facet normal -0.382823 0.923822 0
    outer loop
      vertex -91.15 -55.4722 0
      vertex -91.56 -55.6421 1.3
      vertex -91.15 -55.4722 1.3
    endloop
  endfacet
  facet normal -0.382823 0.923822 0
    outer loop
      vertex -91.56 -55.6421 1.3
      vertex -91.15 -55.4722 0
      vertex -91.56 -55.6421 0
    endloop
  endfacet
  facet normal -0.793436 0.608654 0
    outer loop
      vertex -90.7979 -55.2021 0
      vertex -90.5278 -54.85 1.3
      vertex -90.5278 -54.85 0
    endloop
  endfacet
  facet normal -0.793436 0.608654 0
    outer loop
      vertex -90.5278 -54.85 1.3
      vertex -90.7979 -55.2021 0
      vertex -90.7979 -55.2021 1.3
    endloop
  endfacet
  facet normal 0.382823 0.923822 -0
    outer loop
      vertex -92.44 -55.6421 0
      vertex -92.85 -55.4722 1.3
      vertex -92.44 -55.6421 1.3
    endloop
  endfacet
  facet normal 0.382823 0.923822 0
    outer loop
      vertex -92.85 -55.4722 1.3
      vertex -92.44 -55.6421 0
      vertex -92.85 -55.4722 0
    endloop
  endfacet
  facet normal 0.793436 0.608654 0
    outer loop
      vertex -93.2021 -55.2021 1.3
      vertex -93.4722 -54.85 0
      vertex -93.4722 -54.85 1.3
    endloop
  endfacet
  facet normal 0.793436 0.608654 0
    outer loop
      vertex -93.4722 -54.85 0
      vertex -93.2021 -55.2021 1.3
      vertex -93.2021 -55.2021 0
    endloop
  endfacet
  facet normal -0.99518 -0.0980699 0
    outer loop
      vertex -88.9 -54 1.3
      vertex -88.9596 -53.3952 2.5
      vertex -88.9596 -53.3952 1.3
    endloop
  endfacet
  facet normal -0.99518 -0.0980699 0
    outer loop
      vertex -88.9596 -53.3952 2.5
      vertex -88.9 -54 1.3
      vertex -88.9 -54 2.5
    endloop
  endfacet
  facet normal 0.99518 -0.0980699 0
    outer loop
      vertex -95.1 -54 4
      vertex -95.0404 -53.3952 1.3
      vertex -95.0404 -53.3952 4
    endloop
  endfacet
  facet normal 0.99518 -0.0980699 0
    outer loop
      vertex -95.0404 -53.3952 1.3
      vertex -95.1 -54 4
      vertex -95.1 -54 1.3
    endloop
  endfacet
  facet normal -0.0980699 -0.99518 0
    outer loop
      vertex -92 -50.9 1.3
      vertex -91.3952 -50.9596 2.5
      vertex -92 -50.9 2.5
    endloop
  endfacet
  facet normal -0.0980699 -0.99518 -0
    outer loop
      vertex -91.3952 -50.9596 2.5
      vertex -92 -50.9 1.3
      vertex -91.3952 -50.9596 1.3
    endloop
  endfacet
  facet normal -0.772908 -0.634518 0
    outer loop
      vertex -89.4224 -52.2777 1.3
      vertex -89.808 -51.808 2.5
      vertex -89.808 -51.808 1.3
    endloop
  endfacet
  facet normal -0.772908 -0.634518 0
    outer loop
      vertex -89.808 -51.808 2.5
      vertex -89.4224 -52.2777 1.3
      vertex -89.4224 -52.2777 2.5
    endloop
  endfacet
  facet normal -0.956939 -0.290291 0
    outer loop
      vertex -88.9596 -53.3952 1.3
      vertex -89.136 -52.8137 2.5
      vertex -89.136 -52.8137 1.3
    endloop
  endfacet
  facet normal -0.956939 -0.290291 0
    outer loop
      vertex -89.136 -52.8137 2.5
      vertex -88.9596 -53.3952 1.3
      vertex -88.9596 -53.3952 2.5
    endloop
  endfacet
  facet normal 0.634518 -0.772908 0
    outer loop
      vertex -94.192 -51.808 1.3
      vertex -93.7223 -51.4224 2.5
      vertex -94.192 -51.808 2.5
    endloop
  endfacet
  facet normal 0.634518 -0.772908 0
    outer loop
      vertex -93.7223 -51.4224 2.5
      vertex -94.192 -51.808 1.3
      vertex -93.7223 -51.4224 1.3
    endloop
  endfacet
  facet normal 0.290291 -0.956939 0
    outer loop
      vertex -93.1863 -51.136 1.3
      vertex -92.6048 -50.9596 2.5
      vertex -93.1863 -51.136 2.5
    endloop
  endfacet
  facet normal 0.290291 -0.956939 0
    outer loop
      vertex -92.6048 -50.9596 2.5
      vertex -93.1863 -51.136 1.3
      vertex -92.6048 -50.9596 1.3
    endloop
  endfacet
  facet normal 0 0 1
    outer loop
      vertex -90.3 -54 1.3
      vertex -88.9 -54 1.3
      vertex -88.9596 -53.3952 1.3
    endloop
  endfacet
  facet normal 0 0 1
    outer loop
      vertex -90.3579 -53.56 1.3
      vertex -88.9596 -53.3952 1.3
      vertex -89.136 -52.8137 1.3
    endloop
  endfacet
  facet normal 0 0 1
    outer loop
      vertex -88.9 -54 1.3
      vertex -90.3 -54 1.3
      vertex -88.9596 -54.6048 1.3
    endloop
  endfacet
  facet normal 0 0 1
    outer loop
      vertex -90.5278 -53.15 1.3
      vertex -89.136 -52.8137 1.3
      vertex -89.4224 -52.2777 1.3
    endloop
  endfacet
  facet normal -0 0 1
    outer loop
      vertex -90.3579 -54.44 1.3
      vertex -88.9596 -54.6048 1.3
      vertex -90.3 -54 1.3
    endloop
  endfacet
  facet normal 0 0 1
    outer loop
      vertex -90.7979 -52.7979 1.3
      vertex -89.4224 -52.2777 1.3
      vertex -89.808 -51.808 1.3
    endloop
  endfacet
  facet normal 0 0 1
    outer loop
      vertex -88.9596 -54.6048 1.3
      vertex -90.3579 -54.44 1.3
      vertex -89.136 -55.1863 1.3
    endloop
  endfacet
  facet normal 0 0 1
    outer loop
      vertex -90.7979 -52.7979 1.3
      vertex -89.808 -51.808 1.3
      vertex -90.2777 -51.4224 1.3
    endloop
  endfacet
  facet normal -0 0 1
    outer loop
      vertex -90.5278 -54.85 1.3
      vertex -89.136 -55.1863 1.3
      vertex -90.3579 -54.44 1.3
    endloop
  endfacet
  facet normal 0 0 1
    outer loop
      vertex -89.136 -55.1863 1.3
      vertex -90.5278 -54.85 1.3
      vertex -89.4224 -55.7223 1.3
    endloop
  endfacet
  facet normal 0 0 1
    outer loop
      vertex -88.9596 -53.3952 1.3
      vertex -90.3579 -53.56 1.3
      vertex -90.3 -54 1.3
    endloop
  endfacet
  facet normal 0 0 1
    outer loop
      vertex -89.136 -52.8137 1.3
      vertex -90.5278 -53.15 1.3
      vertex -90.3579 -53.56 1.3
    endloop
  endfacet
  facet normal 0 0 1
    outer loop
      vertex -89.4224 -52.2777 1.3
      vertex -90.7979 -52.7979 1.3
      vertex -90.5278 -53.15 1.3
    endloop
  endfacet
  facet normal 0 0 1
    outer loop
      vertex -91.15 -52.5278 1.3
      vertex -90.2777 -51.4224 1.3
      vertex -90.8137 -51.136 1.3
    endloop
  endfacet
  facet normal 0 0 1
    outer loop
      vertex -90.2777 -51.4224 1.3
      vertex -91.15 -52.5278 1.3
      vertex -90.7979 -52.7979 1.3
    endloop
  endfacet
  facet normal 0 0 1
    outer loop
      vertex -91.56 -52.3579 1.3
      vertex -90.8137 -51.136 1.3
      vertex -91.3952 -50.9596 1.3
    endloop
  endfacet
  facet normal 0 0 1
    outer loop
      vertex -90.8137 -51.136 1.3
      vertex -91.56 -52.3579 1.3
      vertex -91.15 -52.5278 1.3
    endloop
  endfacet
  facet normal 0 0 1
    outer loop
      vertex -92 -52.3 1.3
      vertex -91.3952 -50.9596 1.3
      vertex -92 -50.9 1.3
    endloop
  endfacet
  facet normal 0 0 1
    outer loop
      vertex -91.3952 -50.9596 1.3
      vertex -92 -52.3 1.3
      vertex -91.56 -52.3579 1.3
    endloop
  endfacet
  facet normal -0 0 1
    outer loop
      vertex -92.6048 -50.9596 1.3
      vertex -92 -52.3 1.3
      vertex -92 -50.9 1.3
    endloop
  endfacet
  facet normal 0 0 1
    outer loop
      vertex -92 -52.3 1.3
      vertex -92.6048 -50.9596 1.3
      vertex -92.44 -52.3579 1.3
    endloop
  endfacet
  facet normal -0 0 1
    outer loop
      vertex -93.1863 -51.136 1.3
      vertex -92.44 -52.3579 1.3
      vertex -92.6048 -50.9596 1.3
    endloop
  endfacet
  facet normal 0 0 1
    outer loop
      vertex -92.44 -52.3579 1.3
      vertex -93.1863 -51.136 1.3
      vertex -92.85 -52.5278 1.3
    endloop
  endfacet
  facet normal -0 0 1
    outer loop
      vertex -93.7223 -51.4224 1.3
      vertex -92.85 -52.5278 1.3
      vertex -93.1863 -51.136 1.3
    endloop
  endfacet
  facet normal 0 0 1
    outer loop
      vertex -92.85 -52.5278 1.3
      vertex -93.7223 -51.4224 1.3
      vertex -93.2021 -52.7979 1.3
    endloop
  endfacet
  facet normal -0 0 1
    outer loop
      vertex -94.192 -51.808 1.3
      vertex -93.2021 -52.7979 1.3
      vertex -93.7223 -51.4224 1.3
    endloop
  endfacet
  facet normal 0 0 1
    outer loop
      vertex -93.2021 -52.7979 1.3
      vertex -94.5776 -52.2777 1.3
      vertex -93.4722 -53.15 1.3
    endloop
  endfacet
  facet normal -0 0 1
    outer loop
      vertex -94.5776 -52.2777 1.3
      vertex -93.2021 -52.7979 1.3
      vertex -94.192 -51.808 1.3
    endloop
  endfacet
  facet normal -0 0 1
    outer loop
      vertex -90.7979 -55.2021 1.3
      vertex -89.4224 -55.7223 1.3
      vertex -90.5278 -54.85 1.3
    endloop
  endfacet
  facet normal 0 0 1
    outer loop
      vertex -89.4224 -55.7223 1.3
      vertex -90.7979 -55.2021 1.3
      vertex -89.808 -56.192 1.3
    endloop
  endfacet
  facet normal 0 0 1
    outer loop
      vertex -89.808 -56.192 1.3
      vertex -90.7979 -55.2021 1.3
      vertex -90.2777 -56.5776 1.3
    endloop
  endfacet
  facet normal -0 0 1
    outer loop
      vertex -91.15 -55.4722 1.3
      vertex -90.2777 -56.5776 1.3
      vertex -90.7979 -55.2021 1.3
    endloop
  endfacet
  facet normal 0 0 1
    outer loop
      vertex -90.2777 -56.5776 1.3
      vertex -91.15 -55.4722 1.3
      vertex -90.8137 -56.864 1.3
    endloop
  endfacet
  facet normal -0 0 1
    outer loop
      vertex -91.56 -55.6421 1.3
      vertex -90.8137 -56.864 1.3
      vertex -91.15 -55.4722 1.3
    endloop
  endfacet
  facet normal 0 0 1
    outer loop
      vertex -90.8137 -56.864 1.3
      vertex -91.56 -55.6421 1.3
      vertex -91.3952 -57.0404 1.3
    endloop
  endfacet
  facet normal -0 0 1
    outer loop
      vertex -92 -55.7 1.3
      vertex -91.3952 -57.0404 1.3
      vertex -91.56 -55.6421 1.3
    endloop
  endfacet
  facet normal 0 0 1
    outer loop
      vertex -92 -55.7 1.3
      vertex -92 -57.1 1.3
      vertex -91.3952 -57.0404 1.3
    endloop
  endfacet
  facet normal 0 0 1
    outer loop
      vertex -92.6048 -57.0404 1.3
      vertex -92 -55.7 1.3
      vertex -92.44 -55.6421 1.3
    endloop
  endfacet
  facet normal 0 0 1
    outer loop
      vertex -92 -55.7 1.3
      vertex -92.6048 -57.0404 1.3
      vertex -92 -57.1 1.3
    endloop
  endfacet
  facet normal 0 0 1
    outer loop
      vertex -93.1863 -56.864 1.3
      vertex -92.44 -55.6421 1.3
      vertex -92.85 -55.4722 1.3
    endloop
  endfacet
  facet normal 0 0 1
    outer loop
      vertex -92.44 -55.6421 1.3
      vertex -93.1863 -56.864 1.3
      vertex -92.6048 -57.0404 1.3
    endloop
  endfacet
  facet normal 0 0 1
    outer loop
      vertex -93.7223 -56.5776 1.3
      vertex -92.85 -55.4722 1.3
      vertex -93.2021 -55.2021 1.3
    endloop
  endfacet
  facet normal 0 0 1
    outer loop
      vertex -94.5776 -55.7223 1.3
      vertex -93.2021 -55.2021 1.3
      vertex -93.4722 -54.85 1.3
    endloop
  endfacet
  facet normal 0 0 1
    outer loop
      vertex -94.864 -55.1863 1.3
      vertex -93.4722 -54.85 1.3
      vertex -93.6421 -54.44 1.3
    endloop
  endfacet
  facet normal 0 0 1
    outer loop
      vertex -92.85 -55.4722 1.3
      vertex -93.7223 -56.5776 1.3
      vertex -93.1863 -56.864 1.3
    endloop
  endfacet
  facet normal 0 0 1
    outer loop
      vertex -95.0404 -54.6048 1.3
      vertex -93.6421 -54.44 1.3
      vertex -93.7 -54 1.3
    endloop
  endfacet
  facet normal -0 0 1
    outer loop
      vertex -94.864 -52.8137 1.3
      vertex -93.4722 -53.15 1.3
      vertex -94.5776 -52.2777 1.3
    endloop
  endfacet
  facet normal 0 0 1
    outer loop
      vertex -93.4722 -53.15 1.3
      vertex -94.864 -52.8137 1.3
      vertex -93.6421 -53.56 1.3
    endloop
  endfacet
  facet normal 0 0 1
    outer loop
      vertex -93.2021 -55.2021 1.3
      vertex -94.192 -56.192 1.3
      vertex -93.7223 -56.5776 1.3
    endloop
  endfacet
  facet normal -0 0 1
    outer loop
      vertex -95.0404 -53.3952 1.3
      vertex -93.6421 -53.56 1.3
      vertex -94.864 -52.8137 1.3
    endloop
  endfacet
  facet normal 0 0 1
    outer loop
      vertex -93.2021 -55.2021 1.3
      vertex -94.5776 -55.7223 1.3
      vertex -94.192 -56.192 1.3
    endloop
  endfacet
  facet normal 0 0 1
    outer loop
      vertex -93.6421 -53.56 1.3
      vertex -95.0404 -53.3952 1.3
      vertex -93.7 -54 1.3
    endloop
  endfacet
  facet normal 0 0 1
    outer loop
      vertex -93.4722 -54.85 1.3
      vertex -94.864 -55.1863 1.3
      vertex -94.5776 -55.7223 1.3
    endloop
  endfacet
  facet normal 0 0 1
    outer loop
      vertex -95.1 -54 1.3
      vertex -93.7 -54 1.3
      vertex -95.0404 -53.3952 1.3
    endloop
  endfacet
  facet normal 0 0 1
    outer loop
      vertex -93.6421 -54.44 1.3
      vertex -95.0404 -54.6048 1.3
      vertex -94.864 -55.1863 1.3
    endloop
  endfacet
  facet normal 0 0 1
    outer loop
      vertex -93.7 -54 1.3
      vertex -95.1 -54 1.3
      vertex -95.0404 -54.6048 1.3
    endloop
  endfacet
  facet normal -0.881988 -0.471271 0
    outer loop
      vertex -89.136 -52.8137 1.3
      vertex -89.4224 -52.2777 2.5
      vertex -89.4224 -52.2777 1.3
    endloop
  endfacet
  facet normal -0.881988 -0.471271 0
    outer loop
      vertex -89.4224 -52.2777 2.5
      vertex -89.136 -52.8137 1.3
      vertex -89.136 -52.8137 2.5
    endloop
  endfacet
  facet normal -0.471271 -0.881988 0
    outer loop
      vertex -90.8137 -51.136 1.3
      vertex -90.2777 -51.4224 2.5
      vertex -90.8137 -51.136 2.5
    endloop
  endfacet
  facet normal -0.471271 -0.881988 -0
    outer loop
      vertex -90.2777 -51.4224 2.5
      vertex -90.8137 -51.136 1.3
      vertex -90.2777 -51.4224 1.3
    endloop
  endfacet
  facet normal -0.290291 -0.956939 0
    outer loop
      vertex -91.3952 -50.9596 1.3
      vertex -90.8137 -51.136 2.5
      vertex -91.3952 -50.9596 2.5
    endloop
  endfacet
  facet normal -0.290291 -0.956939 -0
    outer loop
      vertex -90.8137 -51.136 2.5
      vertex -91.3952 -50.9596 1.3
      vertex -90.8137 -51.136 1.3
    endloop
  endfacet
  facet normal -0.634518 -0.772908 0
    outer loop
      vertex -90.2777 -51.4224 1.3
      vertex -89.808 -51.808 2.5
      vertex -90.2777 -51.4224 2.5
    endloop
  endfacet
  facet normal -0.634518 -0.772908 -0
    outer loop
      vertex -89.808 -51.808 2.5
      vertex -90.2777 -51.4224 1.3
      vertex -89.808 -51.808 1.3
    endloop
  endfacet
  facet normal 0.881958 -0.471328 0
    outer loop
      vertex -94.7351 -52.5725 4
      vertex -94.864 -52.8137 4
      vertex -94.7351 -52.5725 2.5
    endloop
  endfacet
  facet normal 0.882013 -0.471225 0
    outer loop
      vertex -94.7351 -52.5725 2.5
      vertex -94.5776 -52.2777 1.3
      vertex -94.5776 -52.2777 2.5
    endloop
  endfacet
  facet normal 0.881988 -0.471271 -1.46998e-05
    outer loop
      vertex -94.7351 -52.5725 2.5
      vertex -94.864 -52.8137 1.3
      vertex -94.5776 -52.2777 1.3
    endloop
  endfacet
  facet normal 0.881958 -0.471328 0
    outer loop
      vertex -94.864 -52.8137 1.3
      vertex -94.7351 -52.5725 2.5
      vertex -94.864 -52.8137 4
    endloop
  endfacet
  facet normal 0.772908 -0.634518 0
    outer loop
      vertex -94.5776 -52.2777 2.5
      vertex -94.192 -51.808 1.3
      vertex -94.192 -51.808 2.5
    endloop
  endfacet
  facet normal 0.772908 -0.634518 0
    outer loop
      vertex -94.192 -51.808 1.3
      vertex -94.5776 -52.2777 2.5
      vertex -94.5776 -52.2777 1.3
    endloop
  endfacet
  facet normal 0.956939 -0.290291 0
    outer loop
      vertex -95.0404 -53.3952 4
      vertex -94.864 -52.8137 1.3
      vertex -94.864 -52.8137 4
    endloop
  endfacet
  facet normal 0.956939 -0.290291 0
    outer loop
      vertex -94.864 -52.8137 1.3
      vertex -95.0404 -53.3952 4
      vertex -95.0404 -53.3952 1.3
    endloop
  endfacet
  facet normal 0.471271 -0.881988 0
    outer loop
      vertex -93.7223 -51.4224 1.3
      vertex -93.1863 -51.136 2.5
      vertex -93.7223 -51.4224 2.5
    endloop
  endfacet
  facet normal 0.471271 -0.881988 0
    outer loop
      vertex -93.1863 -51.136 2.5
      vertex -93.7223 -51.4224 1.3
      vertex -93.1863 -51.136 1.3
    endloop
  endfacet
  facet normal 0.0980699 -0.99518 0
    outer loop
      vertex -92.6048 -50.9596 1.3
      vertex -92 -50.9 2.5
      vertex -92.6048 -50.9596 2.5
    endloop
  endfacet
  facet normal 0.0980699 -0.99518 0
    outer loop
      vertex -92 -50.9 2.5
      vertex -92.6048 -50.9596 1.3
      vertex -92 -50.9 1.3
    endloop
  endfacet
  facet normal -0.0980699 0.99518 0
    outer loop
      vertex -91.3952 -57.0404 1.3
      vertex -92 -57.1 4
      vertex -91.3952 -57.0404 4
    endloop
  endfacet
  facet normal -0.0980699 0.99518 0
    outer loop
      vertex -92 -57.1 4
      vertex -91.3952 -57.0404 1.3
      vertex -92 -57.1 1.3
    endloop
  endfacet
  facet normal -0.471271 0.881988 0
    outer loop
      vertex -90.2777 -56.5776 1.3
      vertex -90.8137 -56.864 4
      vertex -90.2777 -56.5776 4
    endloop
  endfacet
  facet normal -0.471271 0.881988 0
    outer loop
      vertex -90.8137 -56.864 4
      vertex -90.2777 -56.5776 1.3
      vertex -90.8137 -56.864 1.3
    endloop
  endfacet
  facet normal -0.772877 0.634555 0
    outer loop
      vertex -89.4224 -55.7223 1.3
      vertex -89.6504 -56 2.5
      vertex -89.4224 -55.7223 2.5
    endloop
  endfacet
  facet normal -0.772908 0.634518 -1.4371e-05
    outer loop
      vertex -89.808 -56.192 1.3
      vertex -89.6504 -56 2.5
      vertex -89.4224 -55.7223 1.3
    endloop
  endfacet
  facet normal -0.772952 0.634465 0
    outer loop
      vertex -89.808 -56.192 4
      vertex -89.6504 -56 2.5
      vertex -89.808 -56.192 1.3
    endloop
  endfacet
  facet normal -0.772952 0.634465 0
    outer loop
      vertex -89.6504 -56 2.5
      vertex -89.808 -56.192 4
      vertex -89.6504 -56 4
    endloop
  endfacet
  facet normal -0.956939 0.290291 0
    outer loop
      vertex -89.136 -55.1863 1.3
      vertex -88.9596 -54.6048 2.5
      vertex -88.9596 -54.6048 1.3
    endloop
  endfacet
  facet normal -0.956939 0.290291 0
    outer loop
      vertex -88.9596 -54.6048 2.5
      vertex -89.136 -55.1863 1.3
      vertex -89.136 -55.1863 2.5
    endloop
  endfacet
  facet normal 0.634518 0.772908 -0
    outer loop
      vertex -93.7223 -56.5776 1.3
      vertex -94.192 -56.192 4
      vertex -93.7223 -56.5776 4
    endloop
  endfacet
  facet normal 0.634518 0.772908 0
    outer loop
      vertex -94.192 -56.192 4
      vertex -93.7223 -56.5776 1.3
      vertex -94.192 -56.192 1.3
    endloop
  endfacet
  facet normal 0.290291 0.956939 -0
    outer loop
      vertex -92.6048 -57.0404 1.3
      vertex -93.1863 -56.864 4
      vertex -92.6048 -57.0404 4
    endloop
  endfacet
  facet normal 0.290291 0.956939 0
    outer loop
      vertex -93.1863 -56.864 4
      vertex -92.6048 -57.0404 1.3
      vertex -93.1863 -56.864 1.3
    endloop
  endfacet
  facet normal 0.881988 0.471271 0
    outer loop
      vertex -94.5776 -55.7223 4
      vertex -94.864 -55.1863 1.3
      vertex -94.864 -55.1863 4
    endloop
  endfacet
  facet normal 0.881988 0.471271 0
    outer loop
      vertex -94.864 -55.1863 1.3
      vertex -94.5776 -55.7223 4
      vertex -94.5776 -55.7223 1.3
    endloop
  endfacet
  facet normal 0.772908 0.634518 0
    outer loop
      vertex -94.192 -56.192 4
      vertex -94.5776 -55.7223 1.3
      vertex -94.5776 -55.7223 4
    endloop
  endfacet
  facet normal 0.772908 0.634518 0
    outer loop
      vertex -94.5776 -55.7223 1.3
      vertex -94.192 -56.192 4
      vertex -94.192 -56.192 1.3
    endloop
  endfacet
  facet normal 0.99518 0.0980699 0
    outer loop
      vertex -95.0404 -54.6048 4
      vertex -95.1 -54 1.3
      vertex -95.1 -54 4
    endloop
  endfacet
  facet normal 0.99518 0.0980699 0
    outer loop
      vertex -95.1 -54 1.3
      vertex -95.0404 -54.6048 4
      vertex -95.0404 -54.6048 1.3
    endloop
  endfacet
  facet normal -0.99518 0.0980699 0
    outer loop
      vertex -88.9596 -54.6048 1.3
      vertex -88.9 -54 2.5
      vertex -88.9 -54 1.3
    endloop
  endfacet
  facet normal -0.99518 0.0980699 0
    outer loop
      vertex -88.9 -54 2.5
      vertex -88.9596 -54.6048 1.3
      vertex -88.9596 -54.6048 2.5
    endloop
  endfacet
  facet normal -0.290291 0.956939 0
    outer loop
      vertex -90.8137 -56.864 1.3
      vertex -91.3952 -57.0404 4
      vertex -90.8137 -56.864 4
    endloop
  endfacet
  facet normal -0.290291 0.956939 0
    outer loop
      vertex -91.3952 -57.0404 4
      vertex -90.8137 -56.864 1.3
      vertex -91.3952 -57.0404 1.3
    endloop
  endfacet
  facet normal -0.634518 0.772908 0
    outer loop
      vertex -89.808 -56.192 1.3
      vertex -90.2777 -56.5776 4
      vertex -89.808 -56.192 4
    endloop
  endfacet
  facet normal -0.634518 0.772908 0
    outer loop
      vertex -90.2777 -56.5776 4
      vertex -89.808 -56.192 1.3
      vertex -90.2777 -56.5776 1.3
    endloop
  endfacet
  facet normal -0.881988 0.471271 0
    outer loop
      vertex -89.4224 -55.7223 1.3
      vertex -89.136 -55.1863 2.5
      vertex -89.136 -55.1863 1.3
    endloop
  endfacet
  facet normal -0.881988 0.471271 0
    outer loop
      vertex -89.136 -55.1863 2.5
      vertex -89.4224 -55.7223 1.3
      vertex -89.4224 -55.7223 2.5
    endloop
  endfacet
  facet normal 0.471271 0.881988 -0
    outer loop
      vertex -93.1863 -56.864 1.3
      vertex -93.7223 -56.5776 4
      vertex -93.1863 -56.864 4
    endloop
  endfacet
  facet normal 0.471271 0.881988 0
    outer loop
      vertex -93.7223 -56.5776 4
      vertex -93.1863 -56.864 1.3
      vertex -93.7223 -56.5776 1.3
    endloop
  endfacet
  facet normal 0.0980699 0.99518 -0
    outer loop
      vertex -92 -57.1 1.3
      vertex -92.6048 -57.0404 4
      vertex -92 -57.1 4
    endloop
  endfacet
  facet normal 0.0980699 0.99518 0
    outer loop
      vertex -92.6048 -57.0404 4
      vertex -92 -57.1 1.3
      vertex -92.6048 -57.0404 1.3
    endloop
  endfacet
  facet normal 0.956939 0.290291 0
    outer loop
      vertex -94.864 -55.1863 4
      vertex -95.0404 -54.6048 1.3
      vertex -95.0404 -54.6048 4
    endloop
  endfacet
  facet normal 0.956939 0.290291 0
    outer loop
      vertex -95.0404 -54.6048 1.3
      vertex -94.864 -55.1863 4
      vertex -94.864 -55.1863 1.3
    endloop
  endfacet
  facet normal -0.991453 -0.130466 0
    outer loop
      vertex -90.3 54 0
      vertex -90.3579 54.44 1.3
      vertex -90.3579 54.44 0
    endloop
  endfacet
  facet normal -0.991453 -0.130466 0
    outer loop
      vertex -90.3579 54.44 1.3
      vertex -90.3 54 0
      vertex -90.3 54 1.3
    endloop
  endfacet
  facet normal 0.991453 -0.130466 0
    outer loop
      vertex -93.7 54 1.3
      vertex -93.6421 54.44 0
      vertex -93.6421 54.44 1.3
    endloop
  endfacet
  facet normal 0.991453 -0.130466 0
    outer loop
      vertex -93.6421 54.44 0
      vertex -93.7 54 1.3
      vertex -93.7 54 0
    endloop
  endfacet
  facet normal -0.130466 -0.991453 0
    outer loop
      vertex -92 55.7 0
      vertex -91.56 55.6421 1.3
      vertex -92 55.7 1.3
    endloop
  endfacet
  facet normal -0.130466 -0.991453 -0
    outer loop
      vertex -91.56 55.6421 1.3
      vertex -92 55.7 0
      vertex -91.56 55.6421 0
    endloop
  endfacet
  facet normal -0.608654 -0.793436 0
    outer loop
      vertex -91.15 55.4722 0
      vertex -90.7979 55.2021 1.3
      vertex -91.15 55.4722 1.3
    endloop
  endfacet
  facet normal -0.608654 -0.793436 -0
    outer loop
      vertex -90.7979 55.2021 1.3
      vertex -91.15 55.4722 0
      vertex -90.7979 55.2021 0
    endloop
  endfacet
  facet normal -0.382823 -0.923822 0
    outer loop
      vertex -91.56 55.6421 0
      vertex -91.15 55.4722 1.3
      vertex -91.56 55.6421 1.3
    endloop
  endfacet
  facet normal -0.382823 -0.923822 -0
    outer loop
      vertex -91.15 55.4722 1.3
      vertex -91.56 55.6421 0
      vertex -91.15 55.4722 0
    endloop
  endfacet
  facet normal 0.608654 -0.793436 0
    outer loop
      vertex -93.2021 55.2021 0
      vertex -92.85 55.4722 1.3
      vertex -93.2021 55.2021 1.3
    endloop
  endfacet
  facet normal 0.608654 -0.793436 0
    outer loop
      vertex -92.85 55.4722 1.3
      vertex -93.2021 55.2021 0
      vertex -92.85 55.4722 0
    endloop
  endfacet
  facet normal 0.130466 -0.991453 0
    outer loop
      vertex -92.44 55.6421 0
      vertex -92 55.7 1.3
      vertex -92.44 55.6421 1.3
    endloop
  endfacet
  facet normal 0.130466 -0.991453 0
    outer loop
      vertex -92 55.7 1.3
      vertex -92.44 55.6421 0
      vertex -92 55.7 0
    endloop
  endfacet
  facet normal -0.923822 0.382823 0
    outer loop
      vertex -90.5278 53.15 0
      vertex -90.3579 53.56 1.3
      vertex -90.3579 53.56 0
    endloop
  endfacet
  facet normal -0.923822 0.382823 0
    outer loop
      vertex -90.3579 53.56 1.3
      vertex -90.5278 53.15 0
      vertex -90.5278 53.15 1.3
    endloop
  endfacet
  facet normal 0.991453 0.130466 0
    outer loop
      vertex -93.6421 53.56 1.3
      vertex -93.7 54 0
      vertex -93.7 54 1.3
    endloop
  endfacet
  facet normal 0.991453 0.130466 0
    outer loop
      vertex -93.7 54 0
      vertex -93.6421 53.56 1.3
      vertex -93.6421 53.56 0
    endloop
  endfacet
  facet normal -0.793436 -0.608654 0
    outer loop
      vertex -90.5278 54.85 0
      vertex -90.7979 55.2021 1.3
      vertex -90.7979 55.2021 0
    endloop
  endfacet
  facet normal -0.793436 -0.608654 0
    outer loop
      vertex -90.7979 55.2021 1.3
      vertex -90.5278 54.85 0
      vertex -90.5278 54.85 1.3
    endloop
  endfacet
  facet normal -0.923822 -0.382823 0
    outer loop
      vertex -90.3579 54.44 0
      vertex -90.5278 54.85 1.3
      vertex -90.5278 54.85 0
    endloop
  endfacet
  facet normal -0.923822 -0.382823 0
    outer loop
      vertex -90.5278 54.85 1.3
      vertex -90.3579 54.44 0
      vertex -90.3579 54.44 1.3
    endloop
  endfacet
  facet normal 0.793436 -0.608654 0
    outer loop
      vertex -93.4722 54.85 1.3
      vertex -93.2021 55.2021 0
      vertex -93.2021 55.2021 1.3
    endloop
  endfacet
  facet normal 0.793436 -0.608654 0
    outer loop
      vertex -93.2021 55.2021 0
      vertex -93.4722 54.85 1.3
      vertex -93.4722 54.85 0
    endloop
  endfacet
  facet normal 0.923822 -0.382823 0
    outer loop
      vertex -93.6421 54.44 1.3
      vertex -93.4722 54.85 0
      vertex -93.4722 54.85 1.3
    endloop
  endfacet
  facet normal 0.923822 -0.382823 0
    outer loop
      vertex -93.4722 54.85 0
      vertex -93.6421 54.44 1.3
      vertex -93.6421 54.44 0
    endloop
  endfacet
  facet normal 0.382823 -0.923822 0
    outer loop
      vertex -92.85 55.4722 0
      vertex -92.44 55.6421 1.3
      vertex -92.85 55.4722 1.3
    endloop
  endfacet
  facet normal 0.382823 -0.923822 0
    outer loop
      vertex -92.44 55.6421 1.3
      vertex -92.85 55.4722 0
      vertex -92.44 55.6421 0
    endloop
  endfacet
  facet normal -0.991453 0.130466 0
    outer loop
      vertex -90.3579 53.56 0
      vertex -90.3 54 1.3
      vertex -90.3 54 0
    endloop
  endfacet
  facet normal -0.991453 0.130466 0
    outer loop
      vertex -90.3 54 1.3
      vertex -90.3579 53.56 0
      vertex -90.3579 53.56 1.3
    endloop
  endfacet
  facet normal -0.130466 0.991453 0
    outer loop
      vertex -91.56 52.3579 0
      vertex -92 52.3 1.3
      vertex -91.56 52.3579 1.3
    endloop
  endfacet
  facet normal -0.130466 0.991453 0
    outer loop
      vertex -92 52.3 1.3
      vertex -91.56 52.3579 0
      vertex -92 52.3 0
    endloop
  endfacet
  facet normal -0.608654 0.793436 0
    outer loop
      vertex -90.7979 52.7979 0
      vertex -91.15 52.5278 1.3
      vertex -90.7979 52.7979 1.3
    endloop
  endfacet
  facet normal -0.608654 0.793436 0
    outer loop
      vertex -91.15 52.5278 1.3
      vertex -90.7979 52.7979 0
      vertex -91.15 52.5278 0
    endloop
  endfacet
  facet normal 0.608654 0.793436 -0
    outer loop
      vertex -92.85 52.5278 0
      vertex -93.2021 52.7979 1.3
      vertex -92.85 52.5278 1.3
    endloop
  endfacet
  facet normal 0.608654 0.793436 0
    outer loop
      vertex -93.2021 52.7979 1.3
      vertex -92.85 52.5278 0
      vertex -93.2021 52.7979 0
    endloop
  endfacet
  facet normal 0.130466 0.991453 -0
    outer loop
      vertex -92 52.3 0
      vertex -92.44 52.3579 1.3
      vertex -92 52.3 1.3
    endloop
  endfacet
  facet normal 0.130466 0.991453 0
    outer loop
      vertex -92.44 52.3579 1.3
      vertex -92 52.3 0
      vertex -92.44 52.3579 0
    endloop
  endfacet
  facet normal 0.923822 0.382823 0
    outer loop
      vertex -93.4722 53.15 1.3
      vertex -93.6421 53.56 0
      vertex -93.6421 53.56 1.3
    endloop
  endfacet
  facet normal 0.923822 0.382823 0
    outer loop
      vertex -93.6421 53.56 0
      vertex -93.4722 53.15 1.3
      vertex -93.4722 53.15 0
    endloop
  endfacet
  facet normal -0.382823 0.923822 0
    outer loop
      vertex -91.15 52.5278 0
      vertex -91.56 52.3579 1.3
      vertex -91.15 52.5278 1.3
    endloop
  endfacet
  facet normal -0.382823 0.923822 0
    outer loop
      vertex -91.56 52.3579 1.3
      vertex -91.15 52.5278 0
      vertex -91.56 52.3579 0
    endloop
  endfacet
  facet normal -0.793436 0.608654 0
    outer loop
      vertex -90.7979 52.7979 0
      vertex -90.5278 53.15 1.3
      vertex -90.5278 53.15 0
    endloop
  endfacet
  facet normal -0.793436 0.608654 0
    outer loop
      vertex -90.5278 53.15 1.3
      vertex -90.7979 52.7979 0
      vertex -90.7979 52.7979 1.3
    endloop
  endfacet
  facet normal 0.382823 0.923822 -0
    outer loop
      vertex -92.44 52.3579 0
      vertex -92.85 52.5278 1.3
      vertex -92.44 52.3579 1.3
    endloop
  endfacet
  facet normal 0.382823 0.923822 0
    outer loop
      vertex -92.85 52.5278 1.3
      vertex -92.44 52.3579 0
      vertex -92.85 52.5278 0
    endloop
  endfacet
  facet normal 0.793436 0.608654 0
    outer loop
      vertex -93.2021 52.7979 1.3
      vertex -93.4722 53.15 0
      vertex -93.4722 53.15 1.3
    endloop
  endfacet
  facet normal 0.793436 0.608654 0
    outer loop
      vertex -93.4722 53.15 0
      vertex -93.2021 52.7979 1.3
      vertex -93.2021 52.7979 0
    endloop
  endfacet
  facet normal -0.99518 -0.0980699 0
    outer loop
      vertex -88.9 54 1.3
      vertex -88.9596 54.6048 2.5
      vertex -88.9596 54.6048 1.3
    endloop
  endfacet
  facet normal -0.99518 -0.0980699 0
    outer loop
      vertex -88.9596 54.6048 2.5
      vertex -88.9 54 1.3
      vertex -88.9 54 2.5
    endloop
  endfacet
  facet normal 0.99518 -0.0980699 0
    outer loop
      vertex -95.1 54 4
      vertex -95.0404 54.6048 1.3
      vertex -95.0404 54.6048 4
    endloop
  endfacet
  facet normal 0.99518 -0.0980699 0
    outer loop
      vertex -95.0404 54.6048 1.3
      vertex -95.1 54 4
      vertex -95.1 54 1.3
    endloop
  endfacet
  facet normal -0.0980699 -0.99518 0
    outer loop
      vertex -92 57.1 1.3
      vertex -91.3952 57.0404 4
      vertex -92 57.1 4
    endloop
  endfacet
  facet normal -0.0980699 -0.99518 -0
    outer loop
      vertex -91.3952 57.0404 4
      vertex -92 57.1 1.3
      vertex -91.3952 57.0404 1.3
    endloop
  endfacet
  facet normal -0.772952 -0.634465 0
    outer loop
      vertex -89.808 56.192 1.3
      vertex -89.6504 56 2.5
      vertex -89.808 56.192 4
    endloop
  endfacet
  facet normal -0.772908 -0.634518 -1.4371e-05
    outer loop
      vertex -89.4224 55.7223 1.3
      vertex -89.6504 56 2.5
      vertex -89.808 56.192 1.3
    endloop
  endfacet
  facet normal -0.772877 -0.634555 0
    outer loop
      vertex -89.6504 56 2.5
      vertex -89.4224 55.7223 1.3
      vertex -89.4224 55.7223 2.5
    endloop
  endfacet
  facet normal -0.772952 -0.634465 0
    outer loop
      vertex -89.808 56.192 4
      vertex -89.6504 56 2.5
      vertex -89.6504 56 4
    endloop
  endfacet
  facet normal -0.956939 -0.290291 0
    outer loop
      vertex -88.9596 54.6048 1.3
      vertex -89.136 55.1863 2.5
      vertex -89.136 55.1863 1.3
    endloop
  endfacet
  facet normal -0.956939 -0.290291 0
    outer loop
      vertex -89.136 55.1863 2.5
      vertex -88.9596 54.6048 1.3
      vertex -88.9596 54.6048 2.5
    endloop
  endfacet
  facet normal 0.634518 -0.772908 0
    outer loop
      vertex -94.192 56.192 1.3
      vertex -93.7223 56.5776 4
      vertex -94.192 56.192 4
    endloop
  endfacet
  facet normal 0.634518 -0.772908 0
    outer loop
      vertex -93.7223 56.5776 4
      vertex -94.192 56.192 1.3
      vertex -93.7223 56.5776 1.3
    endloop
  endfacet
  facet normal 0.290291 -0.956939 0
    outer loop
      vertex -93.1863 56.864 1.3
      vertex -92.6048 57.0404 4
      vertex -93.1863 56.864 4
    endloop
  endfacet
  facet normal 0.290291 -0.956939 0
    outer loop
      vertex -92.6048 57.0404 4
      vertex -93.1863 56.864 1.3
      vertex -92.6048 57.0404 1.3
    endloop
  endfacet
  facet normal 0.772908 0.634518 0
    outer loop
      vertex -94.192 51.808 2.5
      vertex -94.5776 52.2777 1.3
      vertex -94.5776 52.2777 2.5
    endloop
  endfacet
  facet normal 0.772908 0.634518 0
    outer loop
      vertex -94.5776 52.2777 1.3
      vertex -94.192 51.808 2.5
      vertex -94.192 51.808 1.3
    endloop
  endfacet
  facet normal -0.881988 -0.471271 0
    outer loop
      vertex -89.136 55.1863 1.3
      vertex -89.4224 55.7223 2.5
      vertex -89.4224 55.7223 1.3
    endloop
  endfacet
  facet normal -0.881988 -0.471271 0
    outer loop
      vertex -89.4224 55.7223 2.5
      vertex -89.136 55.1863 1.3
      vertex -89.136 55.1863 2.5
    endloop
  endfacet
  facet normal -0.471271 -0.881988 0
    outer loop
      vertex -90.8137 56.864 1.3
      vertex -90.2777 56.5776 4
      vertex -90.8137 56.864 4
    endloop
  endfacet
  facet normal -0.471271 -0.881988 -0
    outer loop
      vertex -90.2777 56.5776 4
      vertex -90.8137 56.864 1.3
      vertex -90.2777 56.5776 1.3
    endloop
  endfacet
  facet normal -0.290291 -0.956939 0
    outer loop
      vertex -91.3952 57.0404 1.3
      vertex -90.8137 56.864 4
      vertex -91.3952 57.0404 4
    endloop
  endfacet
  facet normal -0.290291 -0.956939 -0
    outer loop
      vertex -90.8137 56.864 4
      vertex -91.3952 57.0404 1.3
      vertex -90.8137 56.864 1.3
    endloop
  endfacet
  facet normal -0.634518 -0.772908 0
    outer loop
      vertex -90.2777 56.5776 1.3
      vertex -89.808 56.192 4
      vertex -90.2777 56.5776 4
    endloop
  endfacet
  facet normal -0.634518 -0.772908 -0
    outer loop
      vertex -89.808 56.192 4
      vertex -90.2777 56.5776 1.3
      vertex -89.808 56.192 1.3
    endloop
  endfacet
  facet normal 0.881988 -0.471271 0
    outer loop
      vertex -94.864 55.1863 4
      vertex -94.5776 55.7223 1.3
      vertex -94.5776 55.7223 4
    endloop
  endfacet
  facet normal 0.881988 -0.471271 0
    outer loop
      vertex -94.5776 55.7223 1.3
      vertex -94.864 55.1863 4
      vertex -94.864 55.1863 1.3
    endloop
  endfacet
  facet normal 0.772908 -0.634518 0
    outer loop
      vertex -94.5776 55.7223 4
      vertex -94.192 56.192 1.3
      vertex -94.192 56.192 4
    endloop
  endfacet
  facet normal 0.772908 -0.634518 0
    outer loop
      vertex -94.192 56.192 1.3
      vertex -94.5776 55.7223 4
      vertex -94.5776 55.7223 1.3
    endloop
  endfacet
  facet normal 0.956939 -0.290291 0
    outer loop
      vertex -95.0404 54.6048 4
      vertex -94.864 55.1863 1.3
      vertex -94.864 55.1863 4
    endloop
  endfacet
  facet normal 0.956939 -0.290291 0
    outer loop
      vertex -94.864 55.1863 1.3
      vertex -95.0404 54.6048 4
      vertex -95.0404 54.6048 1.3
    endloop
  endfacet
  facet normal 0.471271 -0.881988 0
    outer loop
      vertex -93.7223 56.5776 1.3
      vertex -93.1863 56.864 4
      vertex -93.7223 56.5776 4
    endloop
  endfacet
  facet normal 0.471271 -0.881988 0
    outer loop
      vertex -93.1863 56.864 4
      vertex -93.7223 56.5776 1.3
      vertex -93.1863 56.864 1.3
    endloop
  endfacet
  facet normal 0.0980699 -0.99518 0
    outer loop
      vertex -92.6048 57.0404 1.3
      vertex -92 57.1 4
      vertex -92.6048 57.0404 4
    endloop
  endfacet
  facet normal 0.0980699 -0.99518 0
    outer loop
      vertex -92 57.1 4
      vertex -92.6048 57.0404 1.3
      vertex -92 57.1 1.3
    endloop
  endfacet
  facet normal -0.0980699 0.99518 0
    outer loop
      vertex -91.3952 50.9596 1.3
      vertex -92 50.9 2.5
      vertex -91.3952 50.9596 2.5
    endloop
  endfacet
  facet normal -0.0980699 0.99518 0
    outer loop
      vertex -92 50.9 2.5
      vertex -91.3952 50.9596 1.3
      vertex -92 50.9 1.3
    endloop
  endfacet
  facet normal -0.471271 0.881988 0
    outer loop
      vertex -90.2777 51.4224 1.3
      vertex -90.8137 51.136 2.5
      vertex -90.2777 51.4224 2.5
    endloop
  endfacet
  facet normal -0.471271 0.881988 0
    outer loop
      vertex -90.8137 51.136 2.5
      vertex -90.2777 51.4224 1.3
      vertex -90.8137 51.136 1.3
    endloop
  endfacet
  facet normal -0.772908 0.634518 0
    outer loop
      vertex -89.808 51.808 1.3
      vertex -89.4224 52.2777 2.5
      vertex -89.4224 52.2777 1.3
    endloop
  endfacet
  facet normal -0.772908 0.634518 0
    outer loop
      vertex -89.4224 52.2777 2.5
      vertex -89.808 51.808 1.3
      vertex -89.808 51.808 2.5
    endloop
  endfacet
  facet normal -0.956939 0.290291 0
    outer loop
      vertex -89.136 52.8137 1.3
      vertex -88.9596 53.3952 2.5
      vertex -88.9596 53.3952 1.3
    endloop
  endfacet
  facet normal -0.956939 0.290291 0
    outer loop
      vertex -88.9596 53.3952 2.5
      vertex -89.136 52.8137 1.3
      vertex -89.136 52.8137 2.5
    endloop
  endfacet
  facet normal 0.634518 0.772908 -0
    outer loop
      vertex -93.7223 51.4224 1.3
      vertex -94.192 51.808 2.5
      vertex -93.7223 51.4224 2.5
    endloop
  endfacet
  facet normal 0.634518 0.772908 0
    outer loop
      vertex -94.192 51.808 2.5
      vertex -93.7223 51.4224 1.3
      vertex -94.192 51.808 1.3
    endloop
  endfacet
  facet normal 0.290291 0.956939 -0
    outer loop
      vertex -92.6048 50.9596 1.3
      vertex -93.1863 51.136 2.5
      vertex -92.6048 50.9596 2.5
    endloop
  endfacet
  facet normal 0.290291 0.956939 0
    outer loop
      vertex -93.1863 51.136 2.5
      vertex -92.6048 50.9596 1.3
      vertex -93.1863 51.136 1.3
    endloop
  endfacet
  facet normal 0.99518 0.0980699 0
    outer loop
      vertex -95.0404 53.3952 4
      vertex -95.1 54 1.3
      vertex -95.1 54 4
    endloop
  endfacet
  facet normal 0.99518 0.0980699 0
    outer loop
      vertex -95.1 54 1.3
      vertex -95.0404 53.3952 4
      vertex -95.0404 53.3952 1.3
    endloop
  endfacet
  facet normal 0.881958 0.471328 -0
    outer loop
      vertex -94.7351 52.5725 2.5
      vertex -94.864 52.8137 4
      vertex -94.7351 52.5725 4
    endloop
  endfacet
  facet normal 0.881958 0.471328 0
    outer loop
      vertex -94.864 52.8137 4
      vertex -94.7351 52.5725 2.5
      vertex -94.864 52.8137 1.3
    endloop
  endfacet
  facet normal 0.882013 0.471225 -0
    outer loop
      vertex -94.5776 52.2777 1.3
      vertex -94.7351 52.5725 2.5
      vertex -94.5776 52.2777 2.5
    endloop
  endfacet
  facet normal 0.881988 0.471271 -1.46998e-05
    outer loop
      vertex -94.7351 52.5725 2.5
      vertex -94.5776 52.2777 1.3
      vertex -94.864 52.8137 1.3
    endloop
  endfacet
  facet normal 0 0 1
    outer loop
      vertex -90.3 54 1.3
      vertex -88.9 54 1.3
      vertex -88.9596 54.6048 1.3
    endloop
  endfacet
  facet normal 0 0 1
    outer loop
      vertex -90.3579 54.44 1.3
      vertex -88.9596 54.6048 1.3
      vertex -89.136 55.1863 1.3
    endloop
  endfacet
  facet normal 0 0 1
    outer loop
      vertex -88.9 54 1.3
      vertex -90.3 54 1.3
      vertex -88.9596 53.3952 1.3
    endloop
  endfacet
  facet normal 0 0 1
    outer loop
      vertex -90.5278 54.85 1.3
      vertex -89.136 55.1863 1.3
      vertex -89.4224 55.7223 1.3
    endloop
  endfacet
  facet normal -0 0 1
    outer loop
      vertex -90.3579 53.56 1.3
      vertex -88.9596 53.3952 1.3
      vertex -90.3 54 1.3
    endloop
  endfacet
  facet normal 0 0 1
    outer loop
      vertex -90.7979 55.2021 1.3
      vertex -89.4224 55.7223 1.3
      vertex -89.808 56.192 1.3
    endloop
  endfacet
  facet normal 0 0 1
    outer loop
      vertex -88.9596 53.3952 1.3
      vertex -90.3579 53.56 1.3
      vertex -89.136 52.8137 1.3
    endloop
  endfacet
  facet normal 0 0 1
    outer loop
      vertex -90.7979 55.2021 1.3
      vertex -89.808 56.192 1.3
      vertex -90.2777 56.5776 1.3
    endloop
  endfacet
  facet normal -0 0 1
    outer loop
      vertex -90.5278 53.15 1.3
      vertex -89.136 52.8137 1.3
      vertex -90.3579 53.56 1.3
    endloop
  endfacet
  facet normal 0 0 1
    outer loop
      vertex -89.136 52.8137 1.3
      vertex -90.5278 53.15 1.3
      vertex -89.4224 52.2777 1.3
    endloop
  endfacet
  facet normal 0 0 1
    outer loop
      vertex -88.9596 54.6048 1.3
      vertex -90.3579 54.44 1.3
      vertex -90.3 54 1.3
    endloop
  endfacet
  facet normal 0 0 1
    outer loop
      vertex -89.136 55.1863 1.3
      vertex -90.5278 54.85 1.3
      vertex -90.3579 54.44 1.3
    endloop
  endfacet
  facet normal 0 0 1
    outer loop
      vertex -89.4224 55.7223 1.3
      vertex -90.7979 55.2021 1.3
      vertex -90.5278 54.85 1.3
    endloop
  endfacet
  facet normal 0 0 1
    outer loop
      vertex -91.15 55.4722 1.3
      vertex -90.2777 56.5776 1.3
      vertex -90.8137 56.864 1.3
    endloop
  endfacet
  facet normal 0 0 1
    outer loop
      vertex -90.2777 56.5776 1.3
      vertex -91.15 55.4722 1.3
      vertex -90.7979 55.2021 1.3
    endloop
  endfacet
  facet normal 0 0 1
    outer loop
      vertex -91.56 55.6421 1.3
      vertex -90.8137 56.864 1.3
      vertex -91.3952 57.0404 1.3
    endloop
  endfacet
  facet normal 0 0 1
    outer loop
      vertex -90.8137 56.864 1.3
      vertex -91.56 55.6421 1.3
      vertex -91.15 55.4722 1.3
    endloop
  endfacet
  facet normal 0 0 1
    outer loop
      vertex -92 55.7 1.3
      vertex -91.3952 57.0404 1.3
      vertex -92 57.1 1.3
    endloop
  endfacet
  facet normal 0 0 1
    outer loop
      vertex -91.3952 57.0404 1.3
      vertex -92 55.7 1.3
      vertex -91.56 55.6421 1.3
    endloop
  endfacet
  facet normal -0 0 1
    outer loop
      vertex -92.6048 57.0404 1.3
      vertex -92 55.7 1.3
      vertex -92 57.1 1.3
    endloop
  endfacet
  facet normal 0 0 1
    outer loop
      vertex -92 55.7 1.3
      vertex -92.6048 57.0404 1.3
      vertex -92.44 55.6421 1.3
    endloop
  endfacet
  facet normal -0 0 1
    outer loop
      vertex -93.1863 56.864 1.3
      vertex -92.44 55.6421 1.3
      vertex -92.6048 57.0404 1.3
    endloop
  endfacet
  facet normal 0 0 1
    outer loop
      vertex -92.44 55.6421 1.3
      vertex -93.1863 56.864 1.3
      vertex -92.85 55.4722 1.3
    endloop
  endfacet
  facet normal -0 0 1
    outer loop
      vertex -93.7223 56.5776 1.3
      vertex -92.85 55.4722 1.3
      vertex -93.1863 56.864 1.3
    endloop
  endfacet
  facet normal 0 0 1
    outer loop
      vertex -92.85 55.4722 1.3
      vertex -93.7223 56.5776 1.3
      vertex -93.2021 55.2021 1.3
    endloop
  endfacet
  facet normal -0 0 1
    outer loop
      vertex -94.192 56.192 1.3
      vertex -93.2021 55.2021 1.3
      vertex -93.7223 56.5776 1.3
    endloop
  endfacet
  facet normal 0 0 1
    outer loop
      vertex -93.2021 55.2021 1.3
      vertex -94.5776 55.7223 1.3
      vertex -93.4722 54.85 1.3
    endloop
  endfacet
  facet normal -0 0 1
    outer loop
      vertex -94.5776 55.7223 1.3
      vertex -93.2021 55.2021 1.3
      vertex -94.192 56.192 1.3
    endloop
  endfacet
  facet normal -0 0 1
    outer loop
      vertex -90.7979 52.7979 1.3
      vertex -89.4224 52.2777 1.3
      vertex -90.5278 53.15 1.3
    endloop
  endfacet
  facet normal 0 0 1
    outer loop
      vertex -89.4224 52.2777 1.3
      vertex -90.7979 52.7979 1.3
      vertex -89.808 51.808 1.3
    endloop
  endfacet
  facet normal 0 0 1
    outer loop
      vertex -89.808 51.808 1.3
      vertex -90.7979 52.7979 1.3
      vertex -90.2777 51.4224 1.3
    endloop
  endfacet
  facet normal -0 0 1
    outer loop
      vertex -91.15 52.5278 1.3
      vertex -90.2777 51.4224 1.3
      vertex -90.7979 52.7979 1.3
    endloop
  endfacet
  facet normal 0 0 1
    outer loop
      vertex -90.2777 51.4224 1.3
      vertex -91.15 52.5278 1.3
      vertex -90.8137 51.136 1.3
    endloop
  endfacet
  facet normal -0 0 1
    outer loop
      vertex -91.56 52.3579 1.3
      vertex -90.8137 51.136 1.3
      vertex -91.15 52.5278 1.3
    endloop
  endfacet
  facet normal 0 0 1
    outer loop
      vertex -90.8137 51.136 1.3
      vertex -91.56 52.3579 1.3
      vertex -91.3952 50.9596 1.3
    endloop
  endfacet
  facet normal -0 0 1
    outer loop
      vertex -92 52.3 1.3
      vertex -91.3952 50.9596 1.3
      vertex -91.56 52.3579 1.3
    endloop
  endfacet
  facet normal 0 0 1
    outer loop
      vertex -92 52.3 1.3
      vertex -92 50.9 1.3
      vertex -91.3952 50.9596 1.3
    endloop
  endfacet
  facet normal 0 0 1
    outer loop
      vertex -92.6048 50.9596 1.3
      vertex -92 52.3 1.3
      vertex -92.44 52.3579 1.3
    endloop
  endfacet
  facet normal 0 0 1
    outer loop
      vertex -92 52.3 1.3
      vertex -92.6048 50.9596 1.3
      vertex -92 50.9 1.3
    endloop
  endfacet
  facet normal 0 0 1
    outer loop
      vertex -93.1863 51.136 1.3
      vertex -92.44 52.3579 1.3
      vertex -92.85 52.5278 1.3
    endloop
  endfacet
  facet normal 0 0 1
    outer loop
      vertex -92.44 52.3579 1.3
      vertex -93.1863 51.136 1.3
      vertex -92.6048 50.9596 1.3
    endloop
  endfacet
  facet normal 0 0 1
    outer loop
      vertex -93.7223 51.4224 1.3
      vertex -92.85 52.5278 1.3
      vertex -93.2021 52.7979 1.3
    endloop
  endfacet
  facet normal 0 0 1
    outer loop
      vertex -94.5776 52.2777 1.3
      vertex -93.2021 52.7979 1.3
      vertex -93.4722 53.15 1.3
    endloop
  endfacet
  facet normal 0 0 1
    outer loop
      vertex -94.864 52.8137 1.3
      vertex -93.4722 53.15 1.3
      vertex -93.6421 53.56 1.3
    endloop
  endfacet
  facet normal 0 0 1
    outer loop
      vertex -92.85 52.5278 1.3
      vertex -93.7223 51.4224 1.3
      vertex -93.1863 51.136 1.3
    endloop
  endfacet
  facet normal 0 0 1
    outer loop
      vertex -95.0404 53.3952 1.3
      vertex -93.6421 53.56 1.3
      vertex -93.7 54 1.3
    endloop
  endfacet
  facet normal -0 0 1
    outer loop
      vertex -94.864 55.1863 1.3
      vertex -93.4722 54.85 1.3
      vertex -94.5776 55.7223 1.3
    endloop
  endfacet
  facet normal 0 0 1
    outer loop
      vertex -93.4722 54.85 1.3
      vertex -94.864 55.1863 1.3
      vertex -93.6421 54.44 1.3
    endloop
  endfacet
  facet normal 0 0 1
    outer loop
      vertex -93.2021 52.7979 1.3
      vertex -94.192 51.808 1.3
      vertex -93.7223 51.4224 1.3
    endloop
  endfacet
  facet normal -0 0 1
    outer loop
      vertex -95.0404 54.6048 1.3
      vertex -93.6421 54.44 1.3
      vertex -94.864 55.1863 1.3
    endloop
  endfacet
  facet normal 0 0 1
    outer loop
      vertex -93.2021 52.7979 1.3
      vertex -94.5776 52.2777 1.3
      vertex -94.192 51.808 1.3
    endloop
  endfacet
  facet normal 0 0 1
    outer loop
      vertex -93.6421 54.44 1.3
      vertex -95.0404 54.6048 1.3
      vertex -93.7 54 1.3
    endloop
  endfacet
  facet normal 0 0 1
    outer loop
      vertex -93.4722 53.15 1.3
      vertex -94.864 52.8137 1.3
      vertex -94.5776 52.2777 1.3
    endloop
  endfacet
  facet normal 0 0 1
    outer loop
      vertex -95.1 54 1.3
      vertex -93.7 54 1.3
      vertex -95.0404 54.6048 1.3
    endloop
  endfacet
  facet normal 0 0 1
    outer loop
      vertex -93.6421 53.56 1.3
      vertex -95.0404 53.3952 1.3
      vertex -94.864 52.8137 1.3
    endloop
  endfacet
  facet normal 0 0 1
    outer loop
      vertex -93.7 54 1.3
      vertex -95.1 54 1.3
      vertex -95.0404 53.3952 1.3
    endloop
  endfacet
  facet normal -0.290291 0.956939 0
    outer loop
      vertex -90.8137 51.136 1.3
      vertex -91.3952 50.9596 2.5
      vertex -90.8137 51.136 2.5
    endloop
  endfacet
  facet normal -0.290291 0.956939 0
    outer loop
      vertex -91.3952 50.9596 2.5
      vertex -90.8137 51.136 1.3
      vertex -91.3952 50.9596 1.3
    endloop
  endfacet
  facet normal -0.634518 0.772908 0
    outer loop
      vertex -89.808 51.808 1.3
      vertex -90.2777 51.4224 2.5
      vertex -89.808 51.808 2.5
    endloop
  endfacet
  facet normal -0.634518 0.772908 0
    outer loop
      vertex -90.2777 51.4224 2.5
      vertex -89.808 51.808 1.3
      vertex -90.2777 51.4224 1.3
    endloop
  endfacet
  facet normal -0.881988 0.471271 0
    outer loop
      vertex -89.4224 52.2777 1.3
      vertex -89.136 52.8137 2.5
      vertex -89.136 52.8137 1.3
    endloop
  endfacet
  facet normal -0.881988 0.471271 0
    outer loop
      vertex -89.136 52.8137 2.5
      vertex -89.4224 52.2777 1.3
      vertex -89.4224 52.2777 2.5
    endloop
  endfacet
  facet normal -0.99518 0.0980699 0
    outer loop
      vertex -88.9596 53.3952 1.3
      vertex -88.9 54 2.5
      vertex -88.9 54 1.3
    endloop
  endfacet
  facet normal -0.99518 0.0980699 0
    outer loop
      vertex -88.9 54 2.5
      vertex -88.9596 53.3952 1.3
      vertex -88.9596 53.3952 2.5
    endloop
  endfacet
  facet normal 0.471271 0.881988 -0
    outer loop
      vertex -93.1863 51.136 1.3
      vertex -93.7223 51.4224 2.5
      vertex -93.1863 51.136 2.5
    endloop
  endfacet
  facet normal 0.471271 0.881988 0
    outer loop
      vertex -93.7223 51.4224 2.5
      vertex -93.1863 51.136 1.3
      vertex -93.7223 51.4224 1.3
    endloop
  endfacet
  facet normal 0.0980699 0.99518 -0
    outer loop
      vertex -92 50.9 1.3
      vertex -92.6048 50.9596 2.5
      vertex -92 50.9 2.5
    endloop
  endfacet
  facet normal 0.0980699 0.99518 0
    outer loop
      vertex -92.6048 50.9596 2.5
      vertex -92 50.9 1.3
      vertex -92.6048 50.9596 1.3
    endloop
  endfacet
  facet normal 0.956939 0.290291 0
    outer loop
      vertex -94.864 52.8137 4
      vertex -95.0404 53.3952 1.3
      vertex -95.0404 53.3952 4
    endloop
  endfacet
  facet normal 0.956939 0.290291 0
    outer loop
      vertex -95.0404 53.3952 1.3
      vertex -94.864 52.8137 4
      vertex -94.864 52.8137 1.3
    endloop
  endfacet
  facet normal -0.991453 -0.130466 0
    outer loop
      vertex 93.7 -54 0
      vertex 93.6421 -53.56 1.3
      vertex 93.6421 -53.56 0
    endloop
  endfacet
  facet normal -0.991453 -0.130466 0
    outer loop
      vertex 93.6421 -53.56 1.3
      vertex 93.7 -54 0
      vertex 93.7 -54 1.3
    endloop
  endfacet
  facet normal 0.991453 -0.130466 0
    outer loop
      vertex 90.3 -54 1.3
      vertex 90.3579 -53.56 0
      vertex 90.3579 -53.56 1.3
    endloop
  endfacet
  facet normal 0.991453 -0.130466 0
    outer loop
      vertex 90.3579 -53.56 0
      vertex 90.3 -54 1.3
      vertex 90.3 -54 0
    endloop
  endfacet
  facet normal -0.130466 -0.991453 0
    outer loop
      vertex 92 -52.3 0
      vertex 92.44 -52.3579 1.3
      vertex 92 -52.3 1.3
    endloop
  endfacet
  facet normal -0.130466 -0.991453 -0
    outer loop
      vertex 92.44 -52.3579 1.3
      vertex 92 -52.3 0
      vertex 92.44 -52.3579 0
    endloop
  endfacet
  facet normal 0.793436 0.608654 0
    outer loop
      vertex 90.7979 -55.2021 1.3
      vertex 90.5278 -54.85 0
      vertex 90.5278 -54.85 1.3
    endloop
  endfacet
  facet normal 0.793436 0.608654 0
    outer loop
      vertex 90.5278 -54.85 0
      vertex 90.7979 -55.2021 1.3
      vertex 90.7979 -55.2021 0
    endloop
  endfacet
  facet normal -0.608654 -0.793436 0
    outer loop
      vertex 92.85 -52.5278 0
      vertex 93.2021 -52.7979 1.3
      vertex 92.85 -52.5278 1.3
    endloop
  endfacet
  facet normal -0.608654 -0.793436 -0
    outer loop
      vertex 93.2021 -52.7979 1.3
      vertex 92.85 -52.5278 0
      vertex 93.2021 -52.7979 0
    endloop
  endfacet
  facet normal -0.382823 -0.923822 0
    outer loop
      vertex 92.44 -52.3579 0
      vertex 92.85 -52.5278 1.3
      vertex 92.44 -52.3579 1.3
    endloop
  endfacet
  facet normal -0.382823 -0.923822 -0
    outer loop
      vertex 92.85 -52.5278 1.3
      vertex 92.44 -52.3579 0
      vertex 92.85 -52.5278 0
    endloop
  endfacet
  facet normal 0.608654 -0.793436 0
    outer loop
      vertex 90.7979 -52.7979 0
      vertex 91.15 -52.5278 1.3
      vertex 90.7979 -52.7979 1.3
    endloop
  endfacet
  facet normal 0.608654 -0.793436 0
    outer loop
      vertex 91.15 -52.5278 1.3
      vertex 90.7979 -52.7979 0
      vertex 91.15 -52.5278 0
    endloop
  endfacet
  facet normal 0.130466 -0.991453 0
    outer loop
      vertex 91.56 -52.3579 0
      vertex 92 -52.3 1.3
      vertex 91.56 -52.3579 1.3
    endloop
  endfacet
  facet normal 0.130466 -0.991453 0
    outer loop
      vertex 92 -52.3 1.3
      vertex 91.56 -52.3579 0
      vertex 92 -52.3 0
    endloop
  endfacet
  facet normal -0.793436 0.608654 0
    outer loop
      vertex 93.2021 -55.2021 0
      vertex 93.4722 -54.85 1.3
      vertex 93.4722 -54.85 0
    endloop
  endfacet
  facet normal -0.793436 0.608654 0
    outer loop
      vertex 93.4722 -54.85 1.3
      vertex 93.2021 -55.2021 0
      vertex 93.2021 -55.2021 1.3
    endloop
  endfacet
  facet normal -0.923822 0.382823 0
    outer loop
      vertex 93.4722 -54.85 0
      vertex 93.6421 -54.44 1.3
      vertex 93.6421 -54.44 0
    endloop
  endfacet
  facet normal -0.923822 0.382823 0
    outer loop
      vertex 93.6421 -54.44 1.3
      vertex 93.4722 -54.85 0
      vertex 93.4722 -54.85 1.3
    endloop
  endfacet
  facet normal 0.991453 0.130466 0
    outer loop
      vertex 90.3579 -54.44 1.3
      vertex 90.3 -54 0
      vertex 90.3 -54 1.3
    endloop
  endfacet
  facet normal 0.991453 0.130466 0
    outer loop
      vertex 90.3 -54 0
      vertex 90.3579 -54.44 1.3
      vertex 90.3579 -54.44 0
    endloop
  endfacet
  facet normal -0.793436 -0.608654 0
    outer loop
      vertex 93.4722 -53.15 0
      vertex 93.2021 -52.7979 1.3
      vertex 93.2021 -52.7979 0
    endloop
  endfacet
  facet normal -0.793436 -0.608654 0
    outer loop
      vertex 93.2021 -52.7979 1.3
      vertex 93.4722 -53.15 0
      vertex 93.4722 -53.15 1.3
    endloop
  endfacet
  facet normal -0.923822 -0.382823 0
    outer loop
      vertex 93.6421 -53.56 0
      vertex 93.4722 -53.15 1.3
      vertex 93.4722 -53.15 0
    endloop
  endfacet
  facet normal -0.923822 -0.382823 0
    outer loop
      vertex 93.4722 -53.15 1.3
      vertex 93.6421 -53.56 0
      vertex 93.6421 -53.56 1.3
    endloop
  endfacet
  facet normal 0.793436 -0.608654 0
    outer loop
      vertex 90.5278 -53.15 1.3
      vertex 90.7979 -52.7979 0
      vertex 90.7979 -52.7979 1.3
    endloop
  endfacet
  facet normal 0.793436 -0.608654 0
    outer loop
      vertex 90.7979 -52.7979 0
      vertex 90.5278 -53.15 1.3
      vertex 90.5278 -53.15 0
    endloop
  endfacet
  facet normal 0.923822 -0.382823 0
    outer loop
      vertex 90.3579 -53.56 1.3
      vertex 90.5278 -53.15 0
      vertex 90.5278 -53.15 1.3
    endloop
  endfacet
  facet normal 0.923822 -0.382823 0
    outer loop
      vertex 90.5278 -53.15 0
      vertex 90.3579 -53.56 1.3
      vertex 90.3579 -53.56 0
    endloop
  endfacet
  facet normal 0.382823 -0.923822 0
    outer loop
      vertex 91.15 -52.5278 0
      vertex 91.56 -52.3579 1.3
      vertex 91.15 -52.5278 1.3
    endloop
  endfacet
  facet normal 0.382823 -0.923822 0
    outer loop
      vertex 91.56 -52.3579 1.3
      vertex 91.15 -52.5278 0
      vertex 91.56 -52.3579 0
    endloop
  endfacet
  facet normal -0.130466 0.991453 0
    outer loop
      vertex 92.44 -55.6421 0
      vertex 92 -55.7 1.3
      vertex 92.44 -55.6421 1.3
    endloop
  endfacet
  facet normal -0.130466 0.991453 0
    outer loop
      vertex 92 -55.7 1.3
      vertex 92.44 -55.6421 0
      vertex 92 -55.7 0
    endloop
  endfacet
  facet normal -0.608654 0.793436 0
    outer loop
      vertex 93.2021 -55.2021 0
      vertex 92.85 -55.4722 1.3
      vertex 93.2021 -55.2021 1.3
    endloop
  endfacet
  facet normal -0.608654 0.793436 0
    outer loop
      vertex 92.85 -55.4722 1.3
      vertex 93.2021 -55.2021 0
      vertex 92.85 -55.4722 0
    endloop
  endfacet
  facet normal -0.991453 0.130466 0
    outer loop
      vertex 93.6421 -54.44 0
      vertex 93.7 -54 1.3
      vertex 93.7 -54 0
    endloop
  endfacet
  facet normal -0.991453 0.130466 0
    outer loop
      vertex 93.7 -54 1.3
      vertex 93.6421 -54.44 0
      vertex 93.6421 -54.44 1.3
    endloop
  endfacet
  facet normal 0.608654 0.793436 -0
    outer loop
      vertex 91.15 -55.4722 0
      vertex 90.7979 -55.2021 1.3
      vertex 91.15 -55.4722 1.3
    endloop
  endfacet
  facet normal 0.608654 0.793436 0
    outer loop
      vertex 90.7979 -55.2021 1.3
      vertex 91.15 -55.4722 0
      vertex 90.7979 -55.2021 0
    endloop
  endfacet
  facet normal 0.130466 0.991453 -0
    outer loop
      vertex 92 -55.7 0
      vertex 91.56 -55.6421 1.3
      vertex 92 -55.7 1.3
    endloop
  endfacet
  facet normal 0.130466 0.991453 0
    outer loop
      vertex 91.56 -55.6421 1.3
      vertex 92 -55.7 0
      vertex 91.56 -55.6421 0
    endloop
  endfacet
  facet normal 0.923822 0.382823 0
    outer loop
      vertex 90.5278 -54.85 1.3
      vertex 90.3579 -54.44 0
      vertex 90.3579 -54.44 1.3
    endloop
  endfacet
  facet normal 0.923822 0.382823 0
    outer loop
      vertex 90.3579 -54.44 0
      vertex 90.5278 -54.85 1.3
      vertex 90.5278 -54.85 0
    endloop
  endfacet
  facet normal -0.382823 0.923822 0
    outer loop
      vertex 92.85 -55.4722 0
      vertex 92.44 -55.6421 1.3
      vertex 92.85 -55.4722 1.3
    endloop
  endfacet
  facet normal -0.382823 0.923822 0
    outer loop
      vertex 92.44 -55.6421 1.3
      vertex 92.85 -55.4722 0
      vertex 92.44 -55.6421 0
    endloop
  endfacet
  facet normal 0.382823 0.923822 -0
    outer loop
      vertex 91.56 -55.6421 0
      vertex 91.15 -55.4722 1.3
      vertex 91.56 -55.6421 1.3
    endloop
  endfacet
  facet normal 0.382823 0.923822 0
    outer loop
      vertex 91.15 -55.4722 1.3
      vertex 91.56 -55.6421 0
      vertex 91.15 -55.4722 0
    endloop
  endfacet
  facet normal -0.634518 -0.772908 0
    outer loop
      vertex 93.7223 -51.4224 1.3
      vertex 94.192 -51.808 2.5
      vertex 93.7223 -51.4224 2.5
    endloop
  endfacet
  facet normal -0.634518 -0.772908 -0
    outer loop
      vertex 94.192 -51.808 2.5
      vertex 93.7223 -51.4224 1.3
      vertex 94.192 -51.808 1.3
    endloop
  endfacet
  facet normal -0.956939 0.290291 0
    outer loop
      vertex 94.864 -55.1863 1.3
      vertex 95.0404 -54.6048 4
      vertex 95.0404 -54.6048 1.3
    endloop
  endfacet
  facet normal -0.956939 0.290291 0
    outer loop
      vertex 95.0404 -54.6048 4
      vertex 94.864 -55.1863 1.3
      vertex 94.864 -55.1863 4
    endloop
  endfacet
  facet normal 0.290291 0.956939 -0
    outer loop
      vertex 91.3952 -57.0404 1.3
      vertex 90.8137 -56.864 4
      vertex 91.3952 -57.0404 4
    endloop
  endfacet
  facet normal 0.290291 0.956939 0
    outer loop
      vertex 90.8137 -56.864 4
      vertex 91.3952 -57.0404 1.3
      vertex 90.8137 -56.864 1.3
    endloop
  endfacet
  facet normal -0.956939 -0.290291 0
    outer loop
      vertex 95.0404 -53.3952 1.3
      vertex 94.864 -52.8137 4
      vertex 94.864 -52.8137 1.3
    endloop
  endfacet
  facet normal -0.956939 -0.290291 0
    outer loop
      vertex 94.864 -52.8137 4
      vertex 95.0404 -53.3952 1.3
      vertex 95.0404 -53.3952 4
    endloop
  endfacet
  facet normal 0.290291 -0.956939 0
    outer loop
      vertex 90.8137 -51.136 1.3
      vertex 91.3952 -50.9596 2.5
      vertex 90.8137 -51.136 2.5
    endloop
  endfacet
  facet normal 0.290291 -0.956939 0
    outer loop
      vertex 91.3952 -50.9596 2.5
      vertex 90.8137 -51.136 1.3
      vertex 91.3952 -50.9596 1.3
    endloop
  endfacet
  facet normal 0.881988 -0.471271 0
    outer loop
      vertex 89.136 -52.8137 2.5
      vertex 89.4224 -52.2777 1.3
      vertex 89.4224 -52.2777 2.5
    endloop
  endfacet
  facet normal 0.881988 -0.471271 0
    outer loop
      vertex 89.4224 -52.2777 1.3
      vertex 89.136 -52.8137 2.5
      vertex 89.136 -52.8137 1.3
    endloop
  endfacet
  facet normal -0.882013 -0.471225 0
    outer loop
      vertex 94.5776 -52.2777 1.3
      vertex 94.7351 -52.5725 2.5
      vertex 94.5776 -52.2777 2.5
    endloop
  endfacet
  facet normal -0.881988 -0.471271 -1.46998e-05
    outer loop
      vertex 94.864 -52.8137 1.3
      vertex 94.7351 -52.5725 2.5
      vertex 94.5776 -52.2777 1.3
    endloop
  endfacet
  facet normal -0.881958 -0.471328 -0
    outer loop
      vertex 94.864 -52.8137 4
      vertex 94.7351 -52.5725 2.5
      vertex 94.864 -52.8137 1.3
    endloop
  endfacet
  facet normal -0.881958 -0.471328 0
    outer loop
      vertex 94.7351 -52.5725 2.5
      vertex 94.864 -52.8137 4
      vertex 94.7351 -52.5725 4
    endloop
  endfacet
  facet normal -0.772908 -0.634518 0
    outer loop
      vertex 94.5776 -52.2777 1.3
      vertex 94.192 -51.808 2.5
      vertex 94.192 -51.808 1.3
    endloop
  endfacet
  facet normal -0.772908 -0.634518 0
    outer loop
      vertex 94.192 -51.808 2.5
      vertex 94.5776 -52.2777 1.3
      vertex 94.5776 -52.2777 2.5
    endloop
  endfacet
  facet normal -0.471271 -0.881988 0
    outer loop
      vertex 93.1863 -51.136 1.3
      vertex 93.7223 -51.4224 2.5
      vertex 93.1863 -51.136 2.5
    endloop
  endfacet
  facet normal -0.471271 -0.881988 -0
    outer loop
      vertex 93.7223 -51.4224 2.5
      vertex 93.1863 -51.136 1.3
      vertex 93.7223 -51.4224 1.3
    endloop
  endfacet
  facet normal -0.0980699 -0.99518 0
    outer loop
      vertex 92 -50.9 1.3
      vertex 92.6048 -50.9596 2.5
      vertex 92 -50.9 2.5
    endloop
  endfacet
  facet normal -0.0980699 -0.99518 -0
    outer loop
      vertex 92.6048 -50.9596 2.5
      vertex 92 -50.9 1.3
      vertex 92.6048 -50.9596 1.3
    endloop
  endfacet
  facet normal 0.99518 -0.0980699 0
    outer loop
      vertex 88.9 -54 2.5
      vertex 88.9596 -53.3952 1.3
      vertex 88.9596 -53.3952 2.5
    endloop
  endfacet
  facet normal 0.99518 -0.0980699 0
    outer loop
      vertex 88.9596 -53.3952 1.3
      vertex 88.9 -54 2.5
      vertex 88.9 -54 1.3
    endloop
  endfacet
  facet normal 0.772908 -0.634518 0
    outer loop
      vertex 89.4224 -52.2777 2.5
      vertex 89.808 -51.808 1.3
      vertex 89.808 -51.808 2.5
    endloop
  endfacet
  facet normal 0.772908 -0.634518 0
    outer loop
      vertex 89.808 -51.808 1.3
      vertex 89.4224 -52.2777 2.5
      vertex 89.4224 -52.2777 1.3
    endloop
  endfacet
  facet normal 0.471271 -0.881988 0
    outer loop
      vertex 90.2777 -51.4224 1.3
      vertex 90.8137 -51.136 2.5
      vertex 90.2777 -51.4224 2.5
    endloop
  endfacet
  facet normal 0.471271 -0.881988 0
    outer loop
      vertex 90.8137 -51.136 2.5
      vertex 90.2777 -51.4224 1.3
      vertex 90.8137 -51.136 1.3
    endloop
  endfacet
  facet normal 0.0980699 -0.99518 0
    outer loop
      vertex 91.3952 -50.9596 1.3
      vertex 92 -50.9 2.5
      vertex 91.3952 -50.9596 2.5
    endloop
  endfacet
  facet normal 0.0980699 -0.99518 0
    outer loop
      vertex 92 -50.9 2.5
      vertex 91.3952 -50.9596 1.3
      vertex 92 -50.9 1.3
    endloop
  endfacet
  facet normal 0.634518 -0.772908 0
    outer loop
      vertex 89.808 -51.808 1.3
      vertex 90.2777 -51.4224 2.5
      vertex 89.808 -51.808 2.5
    endloop
  endfacet
  facet normal 0.634518 -0.772908 0
    outer loop
      vertex 90.2777 -51.4224 2.5
      vertex 89.808 -51.808 1.3
      vertex 90.2777 -51.4224 1.3
    endloop
  endfacet
  facet normal -0.99518 0.0980699 0
    outer loop
      vertex 95.0404 -54.6048 1.3
      vertex 95.1 -54 4
      vertex 95.1 -54 1.3
    endloop
  endfacet
  facet normal -0.99518 0.0980699 0
    outer loop
      vertex 95.1 -54 4
      vertex 95.0404 -54.6048 1.3
      vertex 95.0404 -54.6048 4
    endloop
  endfacet
  facet normal -0.0980699 0.99518 0
    outer loop
      vertex 92.6048 -57.0404 1.3
      vertex 92 -57.1 4
      vertex 92.6048 -57.0404 4
    endloop
  endfacet
  facet normal -0.0980699 0.99518 0
    outer loop
      vertex 92 -57.1 4
      vertex 92.6048 -57.0404 1.3
      vertex 92 -57.1 1.3
    endloop
  endfacet
  facet normal -0.290291 0.956939 0
    outer loop
      vertex 93.1863 -56.864 1.3
      vertex 92.6048 -57.0404 4
      vertex 93.1863 -56.864 4
    endloop
  endfacet
  facet normal -0.290291 0.956939 0
    outer loop
      vertex 92.6048 -57.0404 4
      vertex 93.1863 -56.864 1.3
      vertex 92.6048 -57.0404 1.3
    endloop
  endfacet
  facet normal -0.471271 0.881988 0
    outer loop
      vertex 93.7223 -56.5776 1.3
      vertex 93.1863 -56.864 4
      vertex 93.7223 -56.5776 4
    endloop
  endfacet
  facet normal -0.471271 0.881988 0
    outer loop
      vertex 93.1863 -56.864 4
      vertex 93.7223 -56.5776 1.3
      vertex 93.1863 -56.864 1.3
    endloop
  endfacet
  facet normal -0.772908 0.634518 0
    outer loop
      vertex 94.192 -56.192 1.3
      vertex 94.5776 -55.7223 4
      vertex 94.5776 -55.7223 1.3
    endloop
  endfacet
  facet normal -0.772908 0.634518 0
    outer loop
      vertex 94.5776 -55.7223 4
      vertex 94.192 -56.192 1.3
      vertex 94.192 -56.192 4
    endloop
  endfacet
  facet normal 0.0980699 0.99518 -0
    outer loop
      vertex 92 -57.1 1.3
      vertex 91.3952 -57.0404 4
      vertex 92 -57.1 4
    endloop
  endfacet
  facet normal 0.0980699 0.99518 0
    outer loop
      vertex 91.3952 -57.0404 4
      vertex 92 -57.1 1.3
      vertex 91.3952 -57.0404 1.3
    endloop
  endfacet
  facet normal 0.634518 0.772908 -0
    outer loop
      vertex 90.2777 -56.5776 1.3
      vertex 89.808 -56.192 4
      vertex 90.2777 -56.5776 4
    endloop
  endfacet
  facet normal 0.634518 0.772908 0
    outer loop
      vertex 89.808 -56.192 4
      vertex 90.2777 -56.5776 1.3
      vertex 89.808 -56.192 1.3
    endloop
  endfacet
  facet normal 0.881988 0.471271 0
    outer loop
      vertex 89.4224 -55.7223 2.5
      vertex 89.136 -55.1863 1.3
      vertex 89.136 -55.1863 2.5
    endloop
  endfacet
  facet normal 0.881988 0.471271 0
    outer loop
      vertex 89.136 -55.1863 1.3
      vertex 89.4224 -55.7223 2.5
      vertex 89.4224 -55.7223 1.3
    endloop
  endfacet
  facet normal 0.99518 0.0980699 0
    outer loop
      vertex 88.9596 -54.6048 2.5
      vertex 88.9 -54 1.3
      vertex 88.9 -54 2.5
    endloop
  endfacet
  facet normal 0.99518 0.0980699 0
    outer loop
      vertex 88.9 -54 1.3
      vertex 88.9596 -54.6048 2.5
      vertex 88.9596 -54.6048 1.3
    endloop
  endfacet
  facet normal 0 0 1
    outer loop
      vertex 93.7 -54 1.3
      vertex 95.1 -54 1.3
      vertex 95.0404 -53.3952 1.3
    endloop
  endfacet
  facet normal 0 0 1
    outer loop
      vertex 93.6421 -53.56 1.3
      vertex 95.0404 -53.3952 1.3
      vertex 94.864 -52.8137 1.3
    endloop
  endfacet
  facet normal 0 0 1
    outer loop
      vertex 95.1 -54 1.3
      vertex 93.7 -54 1.3
      vertex 95.0404 -54.6048 1.3
    endloop
  endfacet
  facet normal 0 0 1
    outer loop
      vertex 93.4722 -53.15 1.3
      vertex 94.864 -52.8137 1.3
      vertex 94.5776 -52.2777 1.3
    endloop
  endfacet
  facet normal -0 0 1
    outer loop
      vertex 93.6421 -54.44 1.3
      vertex 95.0404 -54.6048 1.3
      vertex 93.7 -54 1.3
    endloop
  endfacet
  facet normal 0 0 1
    outer loop
      vertex 93.2021 -52.7979 1.3
      vertex 94.5776 -52.2777 1.3
      vertex 94.192 -51.808 1.3
    endloop
  endfacet
  facet normal 0 0 1
    outer loop
      vertex 95.0404 -54.6048 1.3
      vertex 93.6421 -54.44 1.3
      vertex 94.864 -55.1863 1.3
    endloop
  endfacet
  facet normal 0 0 1
    outer loop
      vertex 93.2021 -52.7979 1.3
      vertex 94.192 -51.808 1.3
      vertex 93.7223 -51.4224 1.3
    endloop
  endfacet
  facet normal -0 0 1
    outer loop
      vertex 93.4722 -54.85 1.3
      vertex 94.864 -55.1863 1.3
      vertex 93.6421 -54.44 1.3
    endloop
  endfacet
  facet normal 0 0 1
    outer loop
      vertex 94.864 -55.1863 1.3
      vertex 93.4722 -54.85 1.3
      vertex 94.5776 -55.7223 1.3
    endloop
  endfacet
  facet normal 0 0 1
    outer loop
      vertex 95.0404 -53.3952 1.3
      vertex 93.6421 -53.56 1.3
      vertex 93.7 -54 1.3
    endloop
  endfacet
  facet normal 0 0 1
    outer loop
      vertex 94.864 -52.8137 1.3
      vertex 93.4722 -53.15 1.3
      vertex 93.6421 -53.56 1.3
    endloop
  endfacet
  facet normal 0 0 1
    outer loop
      vertex 94.5776 -52.2777 1.3
      vertex 93.2021 -52.7979 1.3
      vertex 93.4722 -53.15 1.3
    endloop
  endfacet
  facet normal 0 0 1
    outer loop
      vertex 92.85 -52.5278 1.3
      vertex 93.7223 -51.4224 1.3
      vertex 93.1863 -51.136 1.3
    endloop
  endfacet
  facet normal 0 0 1
    outer loop
      vertex 93.7223 -51.4224 1.3
      vertex 92.85 -52.5278 1.3
      vertex 93.2021 -52.7979 1.3
    endloop
  endfacet
  facet normal 0 0 1
    outer loop
      vertex 92.44 -52.3579 1.3
      vertex 93.1863 -51.136 1.3
      vertex 92.6048 -50.9596 1.3
    endloop
  endfacet
  facet normal 0 0 1
    outer loop
      vertex 93.1863 -51.136 1.3
      vertex 92.44 -52.3579 1.3
      vertex 92.85 -52.5278 1.3
    endloop
  endfacet
  facet normal 0 0 1
    outer loop
      vertex 92 -52.3 1.3
      vertex 92.6048 -50.9596 1.3
      vertex 92 -50.9 1.3
    endloop
  endfacet
  facet normal 0 0 1
    outer loop
      vertex 92.6048 -50.9596 1.3
      vertex 92 -52.3 1.3
      vertex 92.44 -52.3579 1.3
    endloop
  endfacet
  facet normal -0 0 1
    outer loop
      vertex 91.3952 -50.9596 1.3
      vertex 92 -52.3 1.3
      vertex 92 -50.9 1.3
    endloop
  endfacet
  facet normal 0 0 1
    outer loop
      vertex 92 -52.3 1.3
      vertex 91.3952 -50.9596 1.3
      vertex 91.56 -52.3579 1.3
    endloop
  endfacet
  facet normal -0 0 1
    outer loop
      vertex 90.8137 -51.136 1.3
      vertex 91.56 -52.3579 1.3
      vertex 91.3952 -50.9596 1.3
    endloop
  endfacet
  facet normal 0 0 1
    outer loop
      vertex 91.56 -52.3579 1.3
      vertex 90.8137 -51.136 1.3
      vertex 91.15 -52.5278 1.3
    endloop
  endfacet
  facet normal -0 0 1
    outer loop
      vertex 90.2777 -51.4224 1.3
      vertex 91.15 -52.5278 1.3
      vertex 90.8137 -51.136 1.3
    endloop
  endfacet
  facet normal 0 0 1
    outer loop
      vertex 91.15 -52.5278 1.3
      vertex 90.2777 -51.4224 1.3
      vertex 90.7979 -52.7979 1.3
    endloop
  endfacet
  facet normal -0 0 1
    outer loop
      vertex 89.808 -51.808 1.3
      vertex 90.7979 -52.7979 1.3
      vertex 90.2777 -51.4224 1.3
    endloop
  endfacet
  facet normal 0 0 1
    outer loop
      vertex 90.7979 -52.7979 1.3
      vertex 89.4224 -52.2777 1.3
      vertex 90.5278 -53.15 1.3
    endloop
  endfacet
  facet normal -0 0 1
    outer loop
      vertex 89.4224 -52.2777 1.3
      vertex 90.7979 -52.7979 1.3
      vertex 89.808 -51.808 1.3
    endloop
  endfacet
  facet normal -0 0 1
    outer loop
      vertex 93.2021 -55.2021 1.3
      vertex 94.5776 -55.7223 1.3
      vertex 93.4722 -54.85 1.3
    endloop
  endfacet
  facet normal 0 0 1
    outer loop
      vertex 94.5776 -55.7223 1.3
      vertex 93.2021 -55.2021 1.3
      vertex 94.192 -56.192 1.3
    endloop
  endfacet
  facet normal 0 0 1
    outer loop
      vertex 94.192 -56.192 1.3
      vertex 93.2021 -55.2021 1.3
      vertex 93.7223 -56.5776 1.3
    endloop
  endfacet
  facet normal -0 0 1
    outer loop
      vertex 92.85 -55.4722 1.3
      vertex 93.7223 -56.5776 1.3
      vertex 93.2021 -55.2021 1.3
    endloop
  endfacet
  facet normal 0 0 1
    outer loop
      vertex 93.7223 -56.5776 1.3
      vertex 92.85 -55.4722 1.3
      vertex 93.1863 -56.864 1.3
    endloop
  endfacet
  facet normal -0 0 1
    outer loop
      vertex 92.44 -55.6421 1.3
      vertex 93.1863 -56.864 1.3
      vertex 92.85 -55.4722 1.3
    endloop
  endfacet
  facet normal 0 0 1
    outer loop
      vertex 93.1863 -56.864 1.3
      vertex 92.44 -55.6421 1.3
      vertex 92.6048 -57.0404 1.3
    endloop
  endfacet
  facet normal -0 0 1
    outer loop
      vertex 92 -55.7 1.3
      vertex 92.6048 -57.0404 1.3
      vertex 92.44 -55.6421 1.3
    endloop
  endfacet
  facet normal 0 0 1
    outer loop
      vertex 92 -55.7 1.3
      vertex 92 -57.1 1.3
      vertex 92.6048 -57.0404 1.3
    endloop
  endfacet
  facet normal 0 0 1
    outer loop
      vertex 91.3952 -57.0404 1.3
      vertex 92 -55.7 1.3
      vertex 91.56 -55.6421 1.3
    endloop
  endfacet
  facet normal 0 0 1
    outer loop
      vertex 92 -55.7 1.3
      vertex 91.3952 -57.0404 1.3
      vertex 92 -57.1 1.3
    endloop
  endfacet
  facet normal 0 0 1
    outer loop
      vertex 90.8137 -56.864 1.3
      vertex 91.56 -55.6421 1.3
      vertex 91.15 -55.4722 1.3
    endloop
  endfacet
  facet normal 0 0 1
    outer loop
      vertex 91.56 -55.6421 1.3
      vertex 90.8137 -56.864 1.3
      vertex 91.3952 -57.0404 1.3
    endloop
  endfacet
  facet normal 0 0 1
    outer loop
      vertex 90.2777 -56.5776 1.3
      vertex 91.15 -55.4722 1.3
      vertex 90.7979 -55.2021 1.3
    endloop
  endfacet
  facet normal 0 0 1
    outer loop
      vertex 89.4224 -55.7223 1.3
      vertex 90.7979 -55.2021 1.3
      vertex 90.5278 -54.85 1.3
    endloop
  endfacet
  facet normal 0 0 1
    outer loop
      vertex 89.136 -55.1863 1.3
      vertex 90.5278 -54.85 1.3
      vertex 90.3579 -54.44 1.3
    endloop
  endfacet
  facet normal 0 0 1
    outer loop
      vertex 91.15 -55.4722 1.3
      vertex 90.2777 -56.5776 1.3
      vertex 90.8137 -56.864 1.3
    endloop
  endfacet
  facet normal 0 0 1
    outer loop
      vertex 88.9596 -54.6048 1.3
      vertex 90.3579 -54.44 1.3
      vertex 90.3 -54 1.3
    endloop
  endfacet
  facet normal -0 0 1
    outer loop
      vertex 89.136 -52.8137 1.3
      vertex 90.5278 -53.15 1.3
      vertex 89.4224 -52.2777 1.3
    endloop
  endfacet
  facet normal 0 0 1
    outer loop
      vertex 90.5278 -53.15 1.3
      vertex 89.136 -52.8137 1.3
      vertex 90.3579 -53.56 1.3
    endloop
  endfacet
  facet normal 0 0 1
    outer loop
      vertex 90.7979 -55.2021 1.3
      vertex 89.808 -56.192 1.3
      vertex 90.2777 -56.5776 1.3
    endloop
  endfacet
  facet normal -0 0 1
    outer loop
      vertex 88.9596 -53.3952 1.3
      vertex 90.3579 -53.56 1.3
      vertex 89.136 -52.8137 1.3
    endloop
  endfacet
  facet normal 0 0 1
    outer loop
      vertex 90.7979 -55.2021 1.3
      vertex 89.4224 -55.7223 1.3
      vertex 89.808 -56.192 1.3
    endloop
  endfacet
  facet normal 0 0 1
    outer loop
      vertex 90.3579 -53.56 1.3
      vertex 88.9596 -53.3952 1.3
      vertex 90.3 -54 1.3
    endloop
  endfacet
  facet normal 0 0 1
    outer loop
      vertex 90.5278 -54.85 1.3
      vertex 89.136 -55.1863 1.3
      vertex 89.4224 -55.7223 1.3
    endloop
  endfacet
  facet normal 0 0 1
    outer loop
      vertex 88.9 -54 1.3
      vertex 90.3 -54 1.3
      vertex 88.9596 -53.3952 1.3
    endloop
  endfacet
  facet normal 0 0 1
    outer loop
      vertex 90.3579 -54.44 1.3
      vertex 88.9596 -54.6048 1.3
      vertex 89.136 -55.1863 1.3
    endloop
  endfacet
  facet normal 0 0 1
    outer loop
      vertex 90.3 -54 1.3
      vertex 88.9 -54 1.3
      vertex 88.9596 -54.6048 1.3
    endloop
  endfacet
  facet normal 0.772952 0.634465 0
    outer loop
      vertex 89.6504 -56 4
      vertex 89.808 -56.192 4
      vertex 89.6504 -56 2.5
    endloop
  endfacet
  facet normal 0.772877 0.634555 0
    outer loop
      vertex 89.6504 -56 2.5
      vertex 89.4224 -55.7223 1.3
      vertex 89.4224 -55.7223 2.5
    endloop
  endfacet
  facet normal 0.772908 0.634518 -1.4371e-05
    outer loop
      vertex 89.6504 -56 2.5
      vertex 89.808 -56.192 1.3
      vertex 89.4224 -55.7223 1.3
    endloop
  endfacet
  facet normal 0.772952 0.634465 -0
    outer loop
      vertex 89.808 -56.192 1.3
      vertex 89.6504 -56 2.5
      vertex 89.808 -56.192 4
    endloop
  endfacet
  facet normal -0.290291 -0.956939 0
    outer loop
      vertex 92.6048 -50.9596 1.3
      vertex 93.1863 -51.136 2.5
      vertex 92.6048 -50.9596 2.5
    endloop
  endfacet
  facet normal -0.290291 -0.956939 -0
    outer loop
      vertex 93.1863 -51.136 2.5
      vertex 92.6048 -50.9596 1.3
      vertex 93.1863 -51.136 1.3
    endloop
  endfacet
  facet normal 0.956939 -0.290291 0
    outer loop
      vertex 88.9596 -53.3952 2.5
      vertex 89.136 -52.8137 1.3
      vertex 89.136 -52.8137 2.5
    endloop
  endfacet
  facet normal 0.956939 -0.290291 0
    outer loop
      vertex 89.136 -52.8137 1.3
      vertex 88.9596 -53.3952 2.5
      vertex 88.9596 -53.3952 1.3
    endloop
  endfacet
  facet normal -0.99518 -0.0980699 0
    outer loop
      vertex 95.1 -54 1.3
      vertex 95.0404 -53.3952 4
      vertex 95.0404 -53.3952 1.3
    endloop
  endfacet
  facet normal -0.99518 -0.0980699 0
    outer loop
      vertex 95.0404 -53.3952 4
      vertex 95.1 -54 1.3
      vertex 95.1 -54 4
    endloop
  endfacet
  facet normal -0.634518 0.772908 0
    outer loop
      vertex 94.192 -56.192 1.3
      vertex 93.7223 -56.5776 4
      vertex 94.192 -56.192 4
    endloop
  endfacet
  facet normal -0.634518 0.772908 0
    outer loop
      vertex 93.7223 -56.5776 4
      vertex 94.192 -56.192 1.3
      vertex 93.7223 -56.5776 1.3
    endloop
  endfacet
  facet normal -0.881988 0.471271 0
    outer loop
      vertex 94.5776 -55.7223 1.3
      vertex 94.864 -55.1863 4
      vertex 94.864 -55.1863 1.3
    endloop
  endfacet
  facet normal -0.881988 0.471271 0
    outer loop
      vertex 94.864 -55.1863 4
      vertex 94.5776 -55.7223 1.3
      vertex 94.5776 -55.7223 4
    endloop
  endfacet
  facet normal 0.471271 0.881988 -0
    outer loop
      vertex 90.8137 -56.864 1.3
      vertex 90.2777 -56.5776 4
      vertex 90.8137 -56.864 4
    endloop
  endfacet
  facet normal 0.471271 0.881988 0
    outer loop
      vertex 90.2777 -56.5776 4
      vertex 90.8137 -56.864 1.3
      vertex 90.2777 -56.5776 1.3
    endloop
  endfacet
  facet normal 0.956939 0.290291 0
    outer loop
      vertex 89.136 -55.1863 2.5
      vertex 88.9596 -54.6048 1.3
      vertex 88.9596 -54.6048 2.5
    endloop
  endfacet
  facet normal 0.956939 0.290291 0
    outer loop
      vertex 88.9596 -54.6048 1.3
      vertex 89.136 -55.1863 2.5
      vertex 89.136 -55.1863 1.3
    endloop
  endfacet
  facet normal -0.991453 -0.130466 0
    outer loop
      vertex 93.7 54 0
      vertex 93.6421 54.44 1.3
      vertex 93.6421 54.44 0
    endloop
  endfacet
  facet normal -0.991453 -0.130466 0
    outer loop
      vertex 93.6421 54.44 1.3
      vertex 93.7 54 0
      vertex 93.7 54 1.3
    endloop
  endfacet
  facet normal 0.991453 -0.130466 0
    outer loop
      vertex 90.3 54 1.3
      vertex 90.3579 54.44 0
      vertex 90.3579 54.44 1.3
    endloop
  endfacet
  facet normal 0.991453 -0.130466 0
    outer loop
      vertex 90.3579 54.44 0
      vertex 90.3 54 1.3
      vertex 90.3 54 0
    endloop
  endfacet
  facet normal -0.130466 -0.991453 0
    outer loop
      vertex 92 55.7 0
      vertex 92.44 55.6421 1.3
      vertex 92 55.7 1.3
    endloop
  endfacet
  facet normal -0.130466 -0.991453 -0
    outer loop
      vertex 92.44 55.6421 1.3
      vertex 92 55.7 0
      vertex 92.44 55.6421 0
    endloop
  endfacet
  facet normal -0.608654 -0.793436 0
    outer loop
      vertex 92.85 55.4722 0
      vertex 93.2021 55.2021 1.3
      vertex 92.85 55.4722 1.3
    endloop
  endfacet
  facet normal -0.608654 -0.793436 -0
    outer loop
      vertex 93.2021 55.2021 1.3
      vertex 92.85 55.4722 0
      vertex 93.2021 55.2021 0
    endloop
  endfacet
  facet normal -0.382823 -0.923822 0
    outer loop
      vertex 92.44 55.6421 0
      vertex 92.85 55.4722 1.3
      vertex 92.44 55.6421 1.3
    endloop
  endfacet
  facet normal -0.382823 -0.923822 -0
    outer loop
      vertex 92.85 55.4722 1.3
      vertex 92.44 55.6421 0
      vertex 92.85 55.4722 0
    endloop
  endfacet
  facet normal 0.608654 -0.793436 0
    outer loop
      vertex 90.7979 55.2021 0
      vertex 91.15 55.4722 1.3
      vertex 90.7979 55.2021 1.3
    endloop
  endfacet
  facet normal 0.608654 -0.793436 0
    outer loop
      vertex 91.15 55.4722 1.3
      vertex 90.7979 55.2021 0
      vertex 91.15 55.4722 0
    endloop
  endfacet
  facet normal 0.130466 -0.991453 0
    outer loop
      vertex 91.56 55.6421 0
      vertex 92 55.7 1.3
      vertex 91.56 55.6421 1.3
    endloop
  endfacet
  facet normal 0.130466 -0.991453 0
    outer loop
      vertex 92 55.7 1.3
      vertex 91.56 55.6421 0
      vertex 92 55.7 0
    endloop
  endfacet
  facet normal -0.923822 0.382823 0
    outer loop
      vertex 93.4722 53.15 0
      vertex 93.6421 53.56 1.3
      vertex 93.6421 53.56 0
    endloop
  endfacet
  facet normal -0.923822 0.382823 0
    outer loop
      vertex 93.6421 53.56 1.3
      vertex 93.4722 53.15 0
      vertex 93.4722 53.15 1.3
    endloop
  endfacet
  facet normal 0.991453 0.130466 0
    outer loop
      vertex 90.3579 53.56 1.3
      vertex 90.3 54 0
      vertex 90.3 54 1.3
    endloop
  endfacet
  facet normal 0.991453 0.130466 0
    outer loop
      vertex 90.3 54 0
      vertex 90.3579 53.56 1.3
      vertex 90.3579 53.56 0
    endloop
  endfacet
  facet normal -0.793436 -0.608654 0
    outer loop
      vertex 93.4722 54.85 0
      vertex 93.2021 55.2021 1.3
      vertex 93.2021 55.2021 0
    endloop
  endfacet
  facet normal -0.793436 -0.608654 0
    outer loop
      vertex 93.2021 55.2021 1.3
      vertex 93.4722 54.85 0
      vertex 93.4722 54.85 1.3
    endloop
  endfacet
  facet normal -0.923822 -0.382823 0
    outer loop
      vertex 93.6421 54.44 0
      vertex 93.4722 54.85 1.3
      vertex 93.4722 54.85 0
    endloop
  endfacet
  facet normal -0.923822 -0.382823 0
    outer loop
      vertex 93.4722 54.85 1.3
      vertex 93.6421 54.44 0
      vertex 93.6421 54.44 1.3
    endloop
  endfacet
  facet normal 0.793436 -0.608654 0
    outer loop
      vertex 90.5278 54.85 1.3
      vertex 90.7979 55.2021 0
      vertex 90.7979 55.2021 1.3
    endloop
  endfacet
  facet normal 0.793436 -0.608654 0
    outer loop
      vertex 90.7979 55.2021 0
      vertex 90.5278 54.85 1.3
      vertex 90.5278 54.85 0
    endloop
  endfacet
  facet normal 0.923822 -0.382823 0
    outer loop
      vertex 90.3579 54.44 1.3
      vertex 90.5278 54.85 0
      vertex 90.5278 54.85 1.3
    endloop
  endfacet
  facet normal 0.923822 -0.382823 0
    outer loop
      vertex 90.5278 54.85 0
      vertex 90.3579 54.44 1.3
      vertex 90.3579 54.44 0
    endloop
  endfacet
  facet normal 0.382823 -0.923822 0
    outer loop
      vertex 91.15 55.4722 0
      vertex 91.56 55.6421 1.3
      vertex 91.15 55.4722 1.3
    endloop
  endfacet
  facet normal 0.382823 -0.923822 0
    outer loop
      vertex 91.56 55.6421 1.3
      vertex 91.15 55.4722 0
      vertex 91.56 55.6421 0
    endloop
  endfacet
  facet normal -0.991453 0.130466 0
    outer loop
      vertex 93.6421 53.56 0
      vertex 93.7 54 1.3
      vertex 93.7 54 0
    endloop
  endfacet
  facet normal -0.991453 0.130466 0
    outer loop
      vertex 93.7 54 1.3
      vertex 93.6421 53.56 0
      vertex 93.6421 53.56 1.3
    endloop
  endfacet
  facet normal -0.130466 0.991453 0
    outer loop
      vertex 92.44 52.3579 0
      vertex 92 52.3 1.3
      vertex 92.44 52.3579 1.3
    endloop
  endfacet
  facet normal -0.130466 0.991453 0
    outer loop
      vertex 92 52.3 1.3
      vertex 92.44 52.3579 0
      vertex 92 52.3 0
    endloop
  endfacet
  facet normal -0.608654 0.793436 0
    outer loop
      vertex 93.2021 52.7979 0
      vertex 92.85 52.5278 1.3
      vertex 93.2021 52.7979 1.3
    endloop
  endfacet
  facet normal -0.608654 0.793436 0
    outer loop
      vertex 92.85 52.5278 1.3
      vertex 93.2021 52.7979 0
      vertex 92.85 52.5278 0
    endloop
  endfacet
  facet normal 0.608654 0.793436 -0
    outer loop
      vertex 91.15 52.5278 0
      vertex 90.7979 52.7979 1.3
      vertex 91.15 52.5278 1.3
    endloop
  endfacet
  facet normal 0.608654 0.793436 0
    outer loop
      vertex 90.7979 52.7979 1.3
      vertex 91.15 52.5278 0
      vertex 90.7979 52.7979 0
    endloop
  endfacet
  facet normal 0.130466 0.991453 -0
    outer loop
      vertex 92 52.3 0
      vertex 91.56 52.3579 1.3
      vertex 92 52.3 1.3
    endloop
  endfacet
  facet normal 0.130466 0.991453 0
    outer loop
      vertex 91.56 52.3579 1.3
      vertex 92 52.3 0
      vertex 91.56 52.3579 0
    endloop
  endfacet
  facet normal 0.923822 0.382823 0
    outer loop
      vertex 90.5278 53.15 1.3
      vertex 90.3579 53.56 0
      vertex 90.3579 53.56 1.3
    endloop
  endfacet
  facet normal 0.923822 0.382823 0
    outer loop
      vertex 90.3579 53.56 0
      vertex 90.5278 53.15 1.3
      vertex 90.5278 53.15 0
    endloop
  endfacet
  facet normal -0.382823 0.923822 0
    outer loop
      vertex 92.85 52.5278 0
      vertex 92.44 52.3579 1.3
      vertex 92.85 52.5278 1.3
    endloop
  endfacet
  facet normal -0.382823 0.923822 0
    outer loop
      vertex 92.44 52.3579 1.3
      vertex 92.85 52.5278 0
      vertex 92.44 52.3579 0
    endloop
  endfacet
  facet normal -0.793436 0.608654 0
    outer loop
      vertex 93.2021 52.7979 0
      vertex 93.4722 53.15 1.3
      vertex 93.4722 53.15 0
    endloop
  endfacet
  facet normal -0.793436 0.608654 0
    outer loop
      vertex 93.4722 53.15 1.3
      vertex 93.2021 52.7979 0
      vertex 93.2021 52.7979 1.3
    endloop
  endfacet
  facet normal 0.382823 0.923822 -0
    outer loop
      vertex 91.56 52.3579 0
      vertex 91.15 52.5278 1.3
      vertex 91.56 52.3579 1.3
    endloop
  endfacet
  facet normal 0.382823 0.923822 0
    outer loop
      vertex 91.15 52.5278 1.3
      vertex 91.56 52.3579 0
      vertex 91.15 52.5278 0
    endloop
  endfacet
  facet normal 0.793436 0.608654 0
    outer loop
      vertex 90.7979 52.7979 1.3
      vertex 90.5278 53.15 0
      vertex 90.5278 53.15 1.3
    endloop
  endfacet
  facet normal 0.793436 0.608654 0
    outer loop
      vertex 90.5278 53.15 0
      vertex 90.7979 52.7979 1.3
      vertex 90.7979 52.7979 0
    endloop
  endfacet
  facet normal -0.99518 -0.0980699 0
    outer loop
      vertex 95.1 54 1.3
      vertex 95.0404 54.6048 4
      vertex 95.0404 54.6048 1.3
    endloop
  endfacet
  facet normal -0.99518 -0.0980699 0
    outer loop
      vertex 95.0404 54.6048 4
      vertex 95.1 54 1.3
      vertex 95.1 54 4
    endloop
  endfacet
  facet normal 0.99518 -0.0980699 0
    outer loop
      vertex 88.9 54 2.5
      vertex 88.9596 54.6048 1.3
      vertex 88.9596 54.6048 2.5
    endloop
  endfacet
  facet normal 0.99518 -0.0980699 0
    outer loop
      vertex 88.9596 54.6048 1.3
      vertex 88.9 54 2.5
      vertex 88.9 54 1.3
    endloop
  endfacet
  facet normal -0.0980699 -0.99518 0
    outer loop
      vertex 92 57.1 1.3
      vertex 92.6048 57.0404 4
      vertex 92 57.1 4
    endloop
  endfacet
  facet normal -0.0980699 -0.99518 -0
    outer loop
      vertex 92.6048 57.0404 4
      vertex 92 57.1 1.3
      vertex 92.6048 57.0404 1.3
    endloop
  endfacet
  facet normal -0.772908 -0.634518 0
    outer loop
      vertex 94.5776 55.7223 1.3
      vertex 94.192 56.192 4
      vertex 94.192 56.192 1.3
    endloop
  endfacet
  facet normal -0.772908 -0.634518 0
    outer loop
      vertex 94.192 56.192 4
      vertex 94.5776 55.7223 1.3
      vertex 94.5776 55.7223 4
    endloop
  endfacet
  facet normal -0.956939 -0.290291 0
    outer loop
      vertex 95.0404 54.6048 1.3
      vertex 94.864 55.1863 4
      vertex 94.864 55.1863 1.3
    endloop
  endfacet
  facet normal -0.956939 -0.290291 0
    outer loop
      vertex 94.864 55.1863 4
      vertex 95.0404 54.6048 1.3
      vertex 95.0404 54.6048 4
    endloop
  endfacet
  facet normal 0.634518 -0.772908 0
    outer loop
      vertex 89.808 56.192 1.3
      vertex 90.2777 56.5776 4
      vertex 89.808 56.192 4
    endloop
  endfacet
  facet normal 0.634518 -0.772908 0
    outer loop
      vertex 90.2777 56.5776 4
      vertex 89.808 56.192 1.3
      vertex 90.2777 56.5776 1.3
    endloop
  endfacet
  facet normal 0.290291 -0.956939 0
    outer loop
      vertex 90.8137 56.864 1.3
      vertex 91.3952 57.0404 4
      vertex 90.8137 56.864 4
    endloop
  endfacet
  facet normal 0.290291 -0.956939 0
    outer loop
      vertex 91.3952 57.0404 4
      vertex 90.8137 56.864 1.3
      vertex 91.3952 57.0404 1.3
    endloop
  endfacet
  facet normal 0.772908 0.634518 0
    outer loop
      vertex 89.808 51.808 2.5
      vertex 89.4224 52.2777 1.3
      vertex 89.4224 52.2777 2.5
    endloop
  endfacet
  facet normal 0.772908 0.634518 0
    outer loop
      vertex 89.4224 52.2777 1.3
      vertex 89.808 51.808 2.5
      vertex 89.808 51.808 1.3
    endloop
  endfacet
  facet normal -0.881988 -0.471271 0
    outer loop
      vertex 94.864 55.1863 1.3
      vertex 94.5776 55.7223 4
      vertex 94.5776 55.7223 1.3
    endloop
  endfacet
  facet normal -0.881988 -0.471271 0
    outer loop
      vertex 94.5776 55.7223 4
      vertex 94.864 55.1863 1.3
      vertex 94.864 55.1863 4
    endloop
  endfacet
  facet normal -0.471271 -0.881988 0
    outer loop
      vertex 93.1863 56.864 1.3
      vertex 93.7223 56.5776 4
      vertex 93.1863 56.864 4
    endloop
  endfacet
  facet normal -0.471271 -0.881988 -0
    outer loop
      vertex 93.7223 56.5776 4
      vertex 93.1863 56.864 1.3
      vertex 93.7223 56.5776 1.3
    endloop
  endfacet
  facet normal -0.290291 -0.956939 0
    outer loop
      vertex 92.6048 57.0404 1.3
      vertex 93.1863 56.864 4
      vertex 92.6048 57.0404 4
    endloop
  endfacet
  facet normal -0.290291 -0.956939 -0
    outer loop
      vertex 93.1863 56.864 4
      vertex 92.6048 57.0404 1.3
      vertex 93.1863 56.864 1.3
    endloop
  endfacet
  facet normal -0.634518 -0.772908 0
    outer loop
      vertex 93.7223 56.5776 1.3
      vertex 94.192 56.192 4
      vertex 93.7223 56.5776 4
    endloop
  endfacet
  facet normal -0.634518 -0.772908 -0
    outer loop
      vertex 94.192 56.192 4
      vertex 93.7223 56.5776 1.3
      vertex 94.192 56.192 1.3
    endloop
  endfacet
  facet normal 0.881988 -0.471271 0
    outer loop
      vertex 89.136 55.1863 2.5
      vertex 89.4224 55.7223 1.3
      vertex 89.4224 55.7223 2.5
    endloop
  endfacet
  facet normal 0.881988 -0.471271 0
    outer loop
      vertex 89.4224 55.7223 1.3
      vertex 89.136 55.1863 2.5
      vertex 89.136 55.1863 1.3
    endloop
  endfacet
  facet normal 0.772952 -0.634465 0
    outer loop
      vertex 89.6504 56 2.5
      vertex 89.808 56.192 4
      vertex 89.6504 56 4
    endloop
  endfacet
  facet normal 0.772952 -0.634465 0
    outer loop
      vertex 89.808 56.192 4
      vertex 89.6504 56 2.5
      vertex 89.808 56.192 1.3
    endloop
  endfacet
  facet normal 0.772877 -0.634555 0
    outer loop
      vertex 89.4224 55.7223 1.3
      vertex 89.6504 56 2.5
      vertex 89.4224 55.7223 2.5
    endloop
  endfacet
  facet normal 0.772908 -0.634518 -1.4371e-05
    outer loop
      vertex 89.6504 56 2.5
      vertex 89.4224 55.7223 1.3
      vertex 89.808 56.192 1.3
    endloop
  endfacet
  facet normal 0.956939 -0.290291 0
    outer loop
      vertex 88.9596 54.6048 2.5
      vertex 89.136 55.1863 1.3
      vertex 89.136 55.1863 2.5
    endloop
  endfacet
  facet normal 0.956939 -0.290291 0
    outer loop
      vertex 89.136 55.1863 1.3
      vertex 88.9596 54.6048 2.5
      vertex 88.9596 54.6048 1.3
    endloop
  endfacet
  facet normal 0.471271 -0.881988 0
    outer loop
      vertex 90.2777 56.5776 1.3
      vertex 90.8137 56.864 4
      vertex 90.2777 56.5776 4
    endloop
  endfacet
  facet normal 0.471271 -0.881988 0
    outer loop
      vertex 90.8137 56.864 4
      vertex 90.2777 56.5776 1.3
      vertex 90.8137 56.864 1.3
    endloop
  endfacet
  facet normal 0.0980699 -0.99518 0
    outer loop
      vertex 91.3952 57.0404 1.3
      vertex 92 57.1 4
      vertex 91.3952 57.0404 4
    endloop
  endfacet
  facet normal 0.0980699 -0.99518 0
    outer loop
      vertex 92 57.1 4
      vertex 91.3952 57.0404 1.3
      vertex 92 57.1 1.3
    endloop
  endfacet
  facet normal -0.0980699 0.99518 0
    outer loop
      vertex 92.6048 50.9596 1.3
      vertex 92 50.9 2.5
      vertex 92.6048 50.9596 2.5
    endloop
  endfacet
  facet normal -0.0980699 0.99518 0
    outer loop
      vertex 92 50.9 2.5
      vertex 92.6048 50.9596 1.3
      vertex 92 50.9 1.3
    endloop
  endfacet
  facet normal -0.471271 0.881988 0
    outer loop
      vertex 93.7223 51.4224 1.3
      vertex 93.1863 51.136 2.5
      vertex 93.7223 51.4224 2.5
    endloop
  endfacet
  facet normal -0.471271 0.881988 0
    outer loop
      vertex 93.1863 51.136 2.5
      vertex 93.7223 51.4224 1.3
      vertex 93.1863 51.136 1.3
    endloop
  endfacet
  facet normal -0.772908 0.634518 0
    outer loop
      vertex 94.192 51.808 1.3
      vertex 94.5776 52.2777 2.5
      vertex 94.5776 52.2777 1.3
    endloop
  endfacet
  facet normal -0.772908 0.634518 0
    outer loop
      vertex 94.5776 52.2777 2.5
      vertex 94.192 51.808 1.3
      vertex 94.192 51.808 2.5
    endloop
  endfacet
  facet normal -0.956939 0.290291 0
    outer loop
      vertex 94.864 52.8137 1.3
      vertex 95.0404 53.3952 4
      vertex 95.0404 53.3952 1.3
    endloop
  endfacet
  facet normal -0.956939 0.290291 0
    outer loop
      vertex 95.0404 53.3952 4
      vertex 94.864 52.8137 1.3
      vertex 94.864 52.8137 4
    endloop
  endfacet
  facet normal 0.634518 0.772908 -0
    outer loop
      vertex 90.2777 51.4224 1.3
      vertex 89.808 51.808 2.5
      vertex 90.2777 51.4224 2.5
    endloop
  endfacet
  facet normal 0.634518 0.772908 0
    outer loop
      vertex 89.808 51.808 2.5
      vertex 90.2777 51.4224 1.3
      vertex 89.808 51.808 1.3
    endloop
  endfacet
  facet normal 0.290291 0.956939 -0
    outer loop
      vertex 91.3952 50.9596 1.3
      vertex 90.8137 51.136 2.5
      vertex 91.3952 50.9596 2.5
    endloop
  endfacet
  facet normal 0.290291 0.956939 0
    outer loop
      vertex 90.8137 51.136 2.5
      vertex 91.3952 50.9596 1.3
      vertex 90.8137 51.136 1.3
    endloop
  endfacet
  facet normal 0.99518 0.0980699 0
    outer loop
      vertex 88.9596 53.3952 2.5
      vertex 88.9 54 1.3
      vertex 88.9 54 2.5
    endloop
  endfacet
  facet normal 0.99518 0.0980699 0
    outer loop
      vertex 88.9 54 1.3
      vertex 88.9596 53.3952 2.5
      vertex 88.9596 53.3952 1.3
    endloop
  endfacet
  facet normal 0.881988 0.471271 0
    outer loop
      vertex 89.4224 52.2777 2.5
      vertex 89.136 52.8137 1.3
      vertex 89.136 52.8137 2.5
    endloop
  endfacet
  facet normal 0.881988 0.471271 0
    outer loop
      vertex 89.136 52.8137 1.3
      vertex 89.4224 52.2777 2.5
      vertex 89.4224 52.2777 1.3
    endloop
  endfacet
  facet normal 0 0 1
    outer loop
      vertex 93.7 54 1.3
      vertex 95.1 54 1.3
      vertex 95.0404 54.6048 1.3
    endloop
  endfacet
  facet normal 0 0 1
    outer loop
      vertex 93.6421 54.44 1.3
      vertex 95.0404 54.6048 1.3
      vertex 94.864 55.1863 1.3
    endloop
  endfacet
  facet normal 0 0 1
    outer loop
      vertex 95.1 54 1.3
      vertex 93.7 54 1.3
      vertex 95.0404 53.3952 1.3
    endloop
  endfacet
  facet normal 0 0 1
    outer loop
      vertex 93.4722 54.85 1.3
      vertex 94.864 55.1863 1.3
      vertex 94.5776 55.7223 1.3
    endloop
  endfacet
  facet normal -0 0 1
    outer loop
      vertex 93.6421 53.56 1.3
      vertex 95.0404 53.3952 1.3
      vertex 93.7 54 1.3
    endloop
  endfacet
  facet normal 0 0 1
    outer loop
      vertex 93.2021 55.2021 1.3
      vertex 94.5776 55.7223 1.3
      vertex 94.192 56.192 1.3
    endloop
  endfacet
  facet normal 0 0 1
    outer loop
      vertex 95.0404 53.3952 1.3
      vertex 93.6421 53.56 1.3
      vertex 94.864 52.8137 1.3
    endloop
  endfacet
  facet normal 0 0 1
    outer loop
      vertex 93.2021 55.2021 1.3
      vertex 94.192 56.192 1.3
      vertex 93.7223 56.5776 1.3
    endloop
  endfacet
  facet normal -0 0 1
    outer loop
      vertex 93.4722 53.15 1.3
      vertex 94.864 52.8137 1.3
      vertex 93.6421 53.56 1.3
    endloop
  endfacet
  facet normal 0 0 1
    outer loop
      vertex 94.864 52.8137 1.3
      vertex 93.4722 53.15 1.3
      vertex 94.5776 52.2777 1.3
    endloop
  endfacet
  facet normal 0 0 1
    outer loop
      vertex 95.0404 54.6048 1.3
      vertex 93.6421 54.44 1.3
      vertex 93.7 54 1.3
    endloop
  endfacet
  facet normal 0 0 1
    outer loop
      vertex 94.864 55.1863 1.3
      vertex 93.4722 54.85 1.3
      vertex 93.6421 54.44 1.3
    endloop
  endfacet
  facet normal 0 0 1
    outer loop
      vertex 94.5776 55.7223 1.3
      vertex 93.2021 55.2021 1.3
      vertex 93.4722 54.85 1.3
    endloop
  endfacet
  facet normal 0 0 1
    outer loop
      vertex 92.85 55.4722 1.3
      vertex 93.7223 56.5776 1.3
      vertex 93.1863 56.864 1.3
    endloop
  endfacet
  facet normal 0 0 1
    outer loop
      vertex 93.7223 56.5776 1.3
      vertex 92.85 55.4722 1.3
      vertex 93.2021 55.2021 1.3
    endloop
  endfacet
  facet normal 0 0 1
    outer loop
      vertex 92.44 55.6421 1.3
      vertex 93.1863 56.864 1.3
      vertex 92.6048 57.0404 1.3
    endloop
  endfacet
  facet normal 0 0 1
    outer loop
      vertex 93.1863 56.864 1.3
      vertex 92.44 55.6421 1.3
      vertex 92.85 55.4722 1.3
    endloop
  endfacet
  facet normal 0 0 1
    outer loop
      vertex 92 55.7 1.3
      vertex 92.6048 57.0404 1.3
      vertex 92 57.1 1.3
    endloop
  endfacet
  facet normal 0 0 1
    outer loop
      vertex 92.6048 57.0404 1.3
      vertex 92 55.7 1.3
      vertex 92.44 55.6421 1.3
    endloop
  endfacet
  facet normal -0 0 1
    outer loop
      vertex 91.3952 57.0404 1.3
      vertex 92 55.7 1.3
      vertex 92 57.1 1.3
    endloop
  endfacet
  facet normal 0 0 1
    outer loop
      vertex 92 55.7 1.3
      vertex 91.3952 57.0404 1.3
      vertex 91.56 55.6421 1.3
    endloop
  endfacet
  facet normal -0 0 1
    outer loop
      vertex 90.8137 56.864 1.3
      vertex 91.56 55.6421 1.3
      vertex 91.3952 57.0404 1.3
    endloop
  endfacet
  facet normal 0 0 1
    outer loop
      vertex 91.56 55.6421 1.3
      vertex 90.8137 56.864 1.3
      vertex 91.15 55.4722 1.3
    endloop
  endfacet
  facet normal -0 0 1
    outer loop
      vertex 90.2777 56.5776 1.3
      vertex 91.15 55.4722 1.3
      vertex 90.8137 56.864 1.3
    endloop
  endfacet
  facet normal 0 0 1
    outer loop
      vertex 91.15 55.4722 1.3
      vertex 90.2777 56.5776 1.3
      vertex 90.7979 55.2021 1.3
    endloop
  endfacet
  facet normal -0 0 1
    outer loop
      vertex 89.808 56.192 1.3
      vertex 90.7979 55.2021 1.3
      vertex 90.2777 56.5776 1.3
    endloop
  endfacet
  facet normal 0 0 1
    outer loop
      vertex 90.7979 55.2021 1.3
      vertex 89.4224 55.7223 1.3
      vertex 90.5278 54.85 1.3
    endloop
  endfacet
  facet normal -0 0 1
    outer loop
      vertex 89.4224 55.7223 1.3
      vertex 90.7979 55.2021 1.3
      vertex 89.808 56.192 1.3
    endloop
  endfacet
  facet normal -0 0 1
    outer loop
      vertex 93.2021 52.7979 1.3
      vertex 94.5776 52.2777 1.3
      vertex 93.4722 53.15 1.3
    endloop
  endfacet
  facet normal 0 0 1
    outer loop
      vertex 94.5776 52.2777 1.3
      vertex 93.2021 52.7979 1.3
      vertex 94.192 51.808 1.3
    endloop
  endfacet
  facet normal 0 0 1
    outer loop
      vertex 94.192 51.808 1.3
      vertex 93.2021 52.7979 1.3
      vertex 93.7223 51.4224 1.3
    endloop
  endfacet
  facet normal -0 0 1
    outer loop
      vertex 92.85 52.5278 1.3
      vertex 93.7223 51.4224 1.3
      vertex 93.2021 52.7979 1.3
    endloop
  endfacet
  facet normal 0 0 1
    outer loop
      vertex 93.7223 51.4224 1.3
      vertex 92.85 52.5278 1.3
      vertex 93.1863 51.136 1.3
    endloop
  endfacet
  facet normal -0 0 1
    outer loop
      vertex 92.44 52.3579 1.3
      vertex 93.1863 51.136 1.3
      vertex 92.85 52.5278 1.3
    endloop
  endfacet
  facet normal 0 0 1
    outer loop
      vertex 93.1863 51.136 1.3
      vertex 92.44 52.3579 1.3
      vertex 92.6048 50.9596 1.3
    endloop
  endfacet
  facet normal -0 0 1
    outer loop
      vertex 92 52.3 1.3
      vertex 92.6048 50.9596 1.3
      vertex 92.44 52.3579 1.3
    endloop
  endfacet
  facet normal 0 0 1
    outer loop
      vertex 92 52.3 1.3
      vertex 92 50.9 1.3
      vertex 92.6048 50.9596 1.3
    endloop
  endfacet
  facet normal 0 0 1
    outer loop
      vertex 91.3952 50.9596 1.3
      vertex 92 52.3 1.3
      vertex 91.56 52.3579 1.3
    endloop
  endfacet
  facet normal 0 0 1
    outer loop
      vertex 92 52.3 1.3
      vertex 91.3952 50.9596 1.3
      vertex 92 50.9 1.3
    endloop
  endfacet
  facet normal 0 0 1
    outer loop
      vertex 90.8137 51.136 1.3
      vertex 91.56 52.3579 1.3
      vertex 91.15 52.5278 1.3
    endloop
  endfacet
  facet normal 0 0 1
    outer loop
      vertex 91.56 52.3579 1.3
      vertex 90.8137 51.136 1.3
      vertex 91.3952 50.9596 1.3
    endloop
  endfacet
  facet normal 0 0 1
    outer loop
      vertex 90.2777 51.4224 1.3
      vertex 91.15 52.5278 1.3
      vertex 90.7979 52.7979 1.3
    endloop
  endfacet
  facet normal 0 0 1
    outer loop
      vertex 89.4224 52.2777 1.3
      vertex 90.7979 52.7979 1.3
      vertex 90.5278 53.15 1.3
    endloop
  endfacet
  facet normal 0 0 1
    outer loop
      vertex 89.136 52.8137 1.3
      vertex 90.5278 53.15 1.3
      vertex 90.3579 53.56 1.3
    endloop
  endfacet
  facet normal 0 0 1
    outer loop
      vertex 91.15 52.5278 1.3
      vertex 90.2777 51.4224 1.3
      vertex 90.8137 51.136 1.3
    endloop
  endfacet
  facet normal 0 0 1
    outer loop
      vertex 88.9596 53.3952 1.3
      vertex 90.3579 53.56 1.3
      vertex 90.3 54 1.3
    endloop
  endfacet
  facet normal -0 0 1
    outer loop
      vertex 89.136 55.1863 1.3
      vertex 90.5278 54.85 1.3
      vertex 89.4224 55.7223 1.3
    endloop
  endfacet
  facet normal 0 0 1
    outer loop
      vertex 90.5278 54.85 1.3
      vertex 89.136 55.1863 1.3
      vertex 90.3579 54.44 1.3
    endloop
  endfacet
  facet normal 0 0 1
    outer loop
      vertex 90.7979 52.7979 1.3
      vertex 89.808 51.808 1.3
      vertex 90.2777 51.4224 1.3
    endloop
  endfacet
  facet normal -0 0 1
    outer loop
      vertex 88.9596 54.6048 1.3
      vertex 90.3579 54.44 1.3
      vertex 89.136 55.1863 1.3
    endloop
  endfacet
  facet normal 0 0 1
    outer loop
      vertex 90.7979 52.7979 1.3
      vertex 89.4224 52.2777 1.3
      vertex 89.808 51.808 1.3
    endloop
  endfacet
  facet normal 0 0 1
    outer loop
      vertex 90.3579 54.44 1.3
      vertex 88.9596 54.6048 1.3
      vertex 90.3 54 1.3
    endloop
  endfacet
  facet normal 0 0 1
    outer loop
      vertex 90.5278 53.15 1.3
      vertex 89.136 52.8137 1.3
      vertex 89.4224 52.2777 1.3
    endloop
  endfacet
  facet normal 0 0 1
    outer loop
      vertex 88.9 54 1.3
      vertex 90.3 54 1.3
      vertex 88.9596 54.6048 1.3
    endloop
  endfacet
  facet normal 0 0 1
    outer loop
      vertex 90.3579 53.56 1.3
      vertex 88.9596 53.3952 1.3
      vertex 89.136 52.8137 1.3
    endloop
  endfacet
  facet normal 0 0 1
    outer loop
      vertex 90.3 54 1.3
      vertex 88.9 54 1.3
      vertex 88.9596 53.3952 1.3
    endloop
  endfacet
  facet normal 0.956939 0.290291 0
    outer loop
      vertex 89.136 52.8137 2.5
      vertex 88.9596 53.3952 1.3
      vertex 88.9596 53.3952 2.5
    endloop
  endfacet
  facet normal 0.956939 0.290291 0
    outer loop
      vertex 88.9596 53.3952 1.3
      vertex 89.136 52.8137 2.5
      vertex 89.136 52.8137 1.3
    endloop
  endfacet
  facet normal -0.99518 0.0980699 0
    outer loop
      vertex 95.0404 53.3952 1.3
      vertex 95.1 54 4
      vertex 95.1 54 1.3
    endloop
  endfacet
  facet normal -0.99518 0.0980699 0
    outer loop
      vertex 95.1 54 4
      vertex 95.0404 53.3952 1.3
      vertex 95.0404 53.3952 4
    endloop
  endfacet
  facet normal -0.290291 0.956939 0
    outer loop
      vertex 93.1863 51.136 1.3
      vertex 92.6048 50.9596 2.5
      vertex 93.1863 51.136 2.5
    endloop
  endfacet
  facet normal -0.290291 0.956939 0
    outer loop
      vertex 92.6048 50.9596 2.5
      vertex 93.1863 51.136 1.3
      vertex 92.6048 50.9596 1.3
    endloop
  endfacet
  facet normal -0.634518 0.772908 0
    outer loop
      vertex 94.192 51.808 1.3
      vertex 93.7223 51.4224 2.5
      vertex 94.192 51.808 2.5
    endloop
  endfacet
  facet normal -0.634518 0.772908 0
    outer loop
      vertex 93.7223 51.4224 2.5
      vertex 94.192 51.808 1.3
      vertex 93.7223 51.4224 1.3
    endloop
  endfacet
  facet normal -0.881958 0.471328 0
    outer loop
      vertex 94.864 52.8137 1.3
      vertex 94.7351 52.5725 2.5
      vertex 94.864 52.8137 4
    endloop
  endfacet
  facet normal -0.881988 0.471271 -1.46998e-05
    outer loop
      vertex 94.5776 52.2777 1.3
      vertex 94.7351 52.5725 2.5
      vertex 94.864 52.8137 1.3
    endloop
  endfacet
  facet normal -0.882013 0.471225 0
    outer loop
      vertex 94.7351 52.5725 2.5
      vertex 94.5776 52.2777 1.3
      vertex 94.5776 52.2777 2.5
    endloop
  endfacet
  facet normal -0.881958 0.471328 0
    outer loop
      vertex 94.864 52.8137 4
      vertex 94.7351 52.5725 2.5
      vertex 94.7351 52.5725 4
    endloop
  endfacet
  facet normal 0.471271 0.881988 -0
    outer loop
      vertex 90.8137 51.136 1.3
      vertex 90.2777 51.4224 2.5
      vertex 90.8137 51.136 2.5
    endloop
  endfacet
  facet normal 0.471271 0.881988 0
    outer loop
      vertex 90.2777 51.4224 2.5
      vertex 90.8137 51.136 1.3
      vertex 90.2777 51.4224 1.3
    endloop
  endfacet
  facet normal 0.0980699 0.99518 -0
    outer loop
      vertex 92 50.9 1.3
      vertex 91.3952 50.9596 2.5
      vertex 92 50.9 2.5
    endloop
  endfacet
  facet normal 0.0980699 0.99518 0
    outer loop
      vertex 91.3952 50.9596 2.5
      vertex 92 50.9 1.3
      vertex 91.3952 50.9596 1.3
    endloop
  endfacet
  facet normal 0.980815 0.19494 0
    outer loop
      vertex -58.3978 -34.7765 2.5
      vertex -58.4743 -34.3916 0
      vertex -58.4743 -34.3916 2.5
    endloop
  endfacet
  facet normal 0.980815 0.19494 0
    outer loop
      vertex -58.4743 -34.3916 0
      vertex -58.3978 -34.7765 2.5
      vertex -58.3978 -34.7765 0
    endloop
  endfacet
  facet normal 0.946858 0.321651 0
    outer loop
      vertex -58.2716 -35.148 2.5
      vertex -58.3978 -34.7765 0
      vertex -58.3978 -34.7765 2.5
    endloop
  endfacet
  facet normal 0.946858 0.321651 0
    outer loop
      vertex -58.3978 -34.7765 0
      vertex -58.2716 -35.148 2.5
      vertex -58.2716 -35.148 0
    endloop
  endfacet
  facet normal 0 1 -0
    outer loop
      vertex -44 -37 0
      vertex -55.5 -37 2.5
      vertex -44 -37 2.5
    endloop
  endfacet
  facet normal 0 1 0
    outer loop
      vertex -55.5 -37 2.5
      vertex -44 -37 0
      vertex -55.5 -37 0
    endloop
  endfacet
  facet normal 0 1 -0
    outer loop
      vertex 52.5 -37 0
      vertex 44 -37 2.5
      vertex 52.5 -37 2.5
    endloop
  endfacet
  facet normal 0 1 0
    outer loop
      vertex 44 -37 2.5
      vertex 52.5 -37 0
      vertex 44 -37 0
    endloop
  endfacet
  facet normal -0.997853 -0.0654873 0
    outer loop
      vertex 55.5 36 0
      vertex 55.4743 36.3916 2.5
      vertex 55.4743 36.3916 0
    endloop
  endfacet
  facet normal -0.997853 -0.0654873 0
    outer loop
      vertex 55.4743 36.3916 2.5
      vertex 55.5 36 0
      vertex 55.5 36 2.5
    endloop
  endfacet
  facet normal 0.997853 -0.0654873 0
    outer loop
      vertex -58.5 36 2.5
      vertex -58.4743 36.3916 0
      vertex -58.4743 36.3916 2.5
    endloop
  endfacet
  facet normal 0.997853 -0.0654873 0
    outer loop
      vertex -58.4743 36.3916 0
      vertex -58.5 36 2.5
      vertex -58.5 36 0
    endloop
  endfacet
  facet normal -1 0 0
    outer loop
      vertex 55.5 -34 0
      vertex 55.5 36 2.5
      vertex 55.5 36 0
    endloop
  endfacet
  facet normal -1 -0 0
    outer loop
      vertex 55.5 36 2.5
      vertex 55.5 -34 0
      vertex 55.5 -34 2.5
    endloop
  endfacet
  facet normal 0.997853 0.0654873 0
    outer loop
      vertex -58.4743 -34.3916 2.5
      vertex -58.5 -34 0
      vertex -58.5 -34 2.5
    endloop
  endfacet
  facet normal 0.997853 0.0654873 0
    outer loop
      vertex -58.5 -34 0
      vertex -58.4743 -34.3916 2.5
      vertex -58.4743 -34.3916 0
    endloop
  endfacet
  facet normal 1 -0 0
    outer loop
      vertex -58.5 -34 2.5
      vertex -58.5 36 0
      vertex -58.5 36 2.5
    endloop
  endfacet
  facet normal 1 0 0
    outer loop
      vertex -58.5 36 0
      vertex -58.5 -34 2.5
      vertex -58.5 -34 0
    endloop
  endfacet
  facet normal -0.896961 -0.44211 0
    outer loop
      vertex 55.2716 37.148 0
      vertex 55.0981 37.5 2.5
      vertex 55.0981 37.5 0
    endloop
  endfacet
  facet normal -0.896961 -0.44211 0
    outer loop
      vertex 55.0981 37.5 2.5
      vertex 55.2716 37.148 0
      vertex 55.2716 37.148 2.5
    endloop
  endfacet
  facet normal 0 -1 0
    outer loop
      vertex -55.5 39 0
      vertex 52.5 39 2.5
      vertex -55.5 39 2.5
    endloop
  endfacet
  facet normal 0 -1 -0
    outer loop
      vertex 52.5 39 2.5
      vertex -55.5 39 0
      vertex 52.5 39 0
    endloop
  endfacet
  facet normal -0.980815 -0.19494 0
    outer loop
      vertex 55.4743 36.3916 0
      vertex 55.3978 36.7765 2.5
      vertex 55.3978 36.7765 0
    endloop
  endfacet
  facet normal -0.980815 -0.19494 0
    outer loop
      vertex 55.3978 36.7765 2.5
      vertex 55.4743 36.3916 0
      vertex 55.4743 36.3916 2.5
    endloop
  endfacet
  facet normal -0.751724 0.659478 0
    outer loop
      vertex 54.6213 -36.1213 0
      vertex 54.8801 -35.8263 2.5
      vertex 54.8801 -35.8263 0
    endloop
  endfacet
  facet normal -0.751724 0.659478 0
    outer loop
      vertex 54.8801 -35.8263 2.5
      vertex 54.6213 -36.1213 0
      vertex 54.6213 -36.1213 2.5
    endloop
  endfacet
  facet normal -0.659478 0.751724 0
    outer loop
      vertex 54.6213 -36.1213 0
      vertex 54.3263 -36.3801 2.5
      vertex 54.6213 -36.1213 2.5
    endloop
  endfacet
  facet normal -0.659478 0.751724 0
    outer loop
      vertex 54.3263 -36.3801 2.5
      vertex 54.6213 -36.1213 0
      vertex 54.3263 -36.3801 0
    endloop
  endfacet
  facet normal 0.896961 0.44211 0
    outer loop
      vertex -58.0981 -35.5 2.5
      vertex -58.2716 -35.148 0
      vertex -58.2716 -35.148 2.5
    endloop
  endfacet
  facet normal 0.896961 0.44211 0
    outer loop
      vertex -58.2716 -35.148 0
      vertex -58.0981 -35.5 2.5
      vertex -58.0981 -35.5 0
    endloop
  endfacet
  facet normal 0.659478 0.751724 -0
    outer loop
      vertex -57.3263 -36.3801 0
      vertex -57.6213 -36.1213 2.5
      vertex -57.3263 -36.3801 2.5
    endloop
  endfacet
  facet normal 0.659478 0.751724 0
    outer loop
      vertex -57.6213 -36.1213 2.5
      vertex -57.3263 -36.3801 0
      vertex -57.6213 -36.1213 0
    endloop
  endfacet
  facet normal 0.555523 -0.831501 0
    outer loop
      vertex -57.3263 38.3801 0
      vertex -57 38.5981 2.5
      vertex -57.3263 38.3801 2.5
    endloop
  endfacet
  facet normal 0.555523 -0.831501 0
    outer loop
      vertex -57 38.5981 2.5
      vertex -57.3263 38.3801 0
      vertex -57 38.5981 0
    endloop
  endfacet
  facet normal 0.831501 -0.555523 0
    outer loop
      vertex -58.0981 37.5 2.5
      vertex -57.8801 37.8263 0
      vertex -57.8801 37.8263 2.5
    endloop
  endfacet
  facet normal 0.831501 -0.555523 0
    outer loop
      vertex -57.8801 37.8263 0
      vertex -58.0981 37.5 2.5
      vertex -58.0981 37.5 0
    endloop
  endfacet
  facet normal -0.946858 -0.321651 0
    outer loop
      vertex 55.3978 36.7765 0
      vertex 55.2716 37.148 2.5
      vertex 55.2716 37.148 0
    endloop
  endfacet
  facet normal -0.946858 -0.321651 0
    outer loop
      vertex 55.2716 37.148 2.5
      vertex 55.3978 36.7765 0
      vertex 55.3978 36.7765 2.5
    endloop
  endfacet
  facet normal -0.659478 -0.751724 0
    outer loop
      vertex 54.3263 38.3801 0
      vertex 54.6213 38.1213 2.5
      vertex 54.3263 38.3801 2.5
    endloop
  endfacet
  facet normal -0.659478 -0.751724 -0
    outer loop
      vertex 54.6213 38.1213 2.5
      vertex 54.3263 38.3801 0
      vertex 54.6213 38.1213 0
    endloop
  endfacet
  facet normal -0.0654873 -0.997853 0
    outer loop
      vertex 52.5 39 0
      vertex 52.8916 38.9743 2.5
      vertex 52.5 39 2.5
    endloop
  endfacet
  facet normal -0.0654873 -0.997853 -0
    outer loop
      vertex 52.8916 38.9743 2.5
      vertex 52.5 39 0
      vertex 52.8916 38.9743 0
    endloop
  endfacet
  facet normal -0.321651 0.946858 0
    outer loop
      vertex 53.648 -36.7716 0
      vertex 53.2765 -36.8978 2.5
      vertex 53.648 -36.7716 2.5
    endloop
  endfacet
  facet normal -0.321651 0.946858 0
    outer loop
      vertex 53.2765 -36.8978 2.5
      vertex 53.648 -36.7716 0
      vertex 53.2765 -36.8978 0
    endloop
  endfacet
  facet normal 0.980815 -0.19494 0
    outer loop
      vertex -58.4743 36.3916 2.5
      vertex -58.3978 36.7765 0
      vertex -58.3978 36.7765 2.5
    endloop
  endfacet
  facet normal 0.980815 -0.19494 0
    outer loop
      vertex -58.3978 36.7765 0
      vertex -58.4743 36.3916 2.5
      vertex -58.4743 36.3916 0
    endloop
  endfacet
  facet normal 0.946858 -0.321651 0
    outer loop
      vertex -58.3978 36.7765 2.5
      vertex -58.2716 37.148 0
      vertex -58.2716 37.148 2.5
    endloop
  endfacet
  facet normal 0.946858 -0.321651 0
    outer loop
      vertex -58.2716 37.148 0
      vertex -58.3978 36.7765 2.5
      vertex -58.3978 36.7765 0
    endloop
  endfacet
  facet normal 0.896961 -0.44211 0
    outer loop
      vertex -58.2716 37.148 2.5
      vertex -58.0981 37.5 0
      vertex -58.0981 37.5 2.5
    endloop
  endfacet
  facet normal 0.896961 -0.44211 0
    outer loop
      vertex -58.0981 37.5 0
      vertex -58.2716 37.148 2.5
      vertex -58.2716 37.148 0
    endloop
  endfacet
  facet normal 0.659478 -0.751724 0
    outer loop
      vertex -57.6213 38.1213 0
      vertex -57.3263 38.3801 2.5
      vertex -57.6213 38.1213 2.5
    endloop
  endfacet
  facet normal 0.659478 -0.751724 0
    outer loop
      vertex -57.3263 38.3801 2.5
      vertex -57.6213 38.1213 0
      vertex -57.3263 38.3801 0
    endloop
  endfacet
  facet normal 0.751724 -0.659478 0
    outer loop
      vertex -57.8801 37.8263 2.5
      vertex -57.6213 38.1213 0
      vertex -57.6213 38.1213 2.5
    endloop
  endfacet
  facet normal 0.751724 -0.659478 0
    outer loop
      vertex -57.6213 38.1213 0
      vertex -57.8801 37.8263 2.5
      vertex -57.8801 37.8263 0
    endloop
  endfacet
  facet normal -0.44211 -0.896961 0
    outer loop
      vertex 53.648 38.7716 0
      vertex 54 38.5981 2.5
      vertex 53.648 38.7716 2.5
    endloop
  endfacet
  facet normal -0.44211 -0.896961 -0
    outer loop
      vertex 54 38.5981 2.5
      vertex 53.648 38.7716 0
      vertex 54 38.5981 0
    endloop
  endfacet
  facet normal -0.555523 -0.831501 0
    outer loop
      vertex 54 38.5981 0
      vertex 54.3263 38.3801 2.5
      vertex 54 38.5981 2.5
    endloop
  endfacet
  facet normal -0.555523 -0.831501 -0
    outer loop
      vertex 54.3263 38.3801 2.5
      vertex 54 38.5981 0
      vertex 54.3263 38.3801 0
    endloop
  endfacet
  facet normal -0.321651 -0.946858 0
    outer loop
      vertex 53.2765 38.8978 0
      vertex 53.648 38.7716 2.5
      vertex 53.2765 38.8978 2.5
    endloop
  endfacet
  facet normal -0.321651 -0.946858 -0
    outer loop
      vertex 53.648 38.7716 2.5
      vertex 53.2765 38.8978 0
      vertex 53.648 38.7716 0
    endloop
  endfacet
  facet normal 0.19494 -0.980815 0
    outer loop
      vertex -56.2765 38.8978 0
      vertex -55.8916 38.9743 2.5
      vertex -56.2765 38.8978 2.5
    endloop
  endfacet
  facet normal 0.19494 -0.980815 0
    outer loop
      vertex -55.8916 38.9743 2.5
      vertex -56.2765 38.8978 0
      vertex -55.8916 38.9743 0
    endloop
  endfacet
  facet normal 0.0654873 -0.997853 0
    outer loop
      vertex -55.8916 38.9743 0
      vertex -55.5 39 2.5
      vertex -55.8916 38.9743 2.5
    endloop
  endfacet
  facet normal 0.0654873 -0.997853 0
    outer loop
      vertex -55.5 39 2.5
      vertex -55.8916 38.9743 0
      vertex -55.5 39 0
    endloop
  endfacet
  facet normal 0.44211 -0.896961 0
    outer loop
      vertex -57 38.5981 0
      vertex -56.648 38.7716 2.5
      vertex -57 38.5981 2.5
    endloop
  endfacet
  facet normal 0.44211 -0.896961 0
    outer loop
      vertex -56.648 38.7716 2.5
      vertex -57 38.5981 0
      vertex -56.648 38.7716 0
    endloop
  endfacet
  facet normal 0.321651 -0.946858 0
    outer loop
      vertex -56.648 38.7716 0
      vertex -56.2765 38.8978 2.5
      vertex -56.648 38.7716 2.5
    endloop
  endfacet
  facet normal 0.321651 -0.946858 0
    outer loop
      vertex -56.2765 38.8978 2.5
      vertex -56.648 38.7716 0
      vertex -56.2765 38.8978 0
    endloop
  endfacet
  facet normal 0.555523 0.831501 -0
    outer loop
      vertex -57 -36.5981 0
      vertex -57.3263 -36.3801 2.5
      vertex -57 -36.5981 2.5
    endloop
  endfacet
  facet normal 0.555523 0.831501 0
    outer loop
      vertex -57.3263 -36.3801 2.5
      vertex -57 -36.5981 0
      vertex -57.3263 -36.3801 0
    endloop
  endfacet
  facet normal 0.44211 0.896961 -0
    outer loop
      vertex -56.648 -36.7716 0
      vertex -57 -36.5981 2.5
      vertex -56.648 -36.7716 2.5
    endloop
  endfacet
  facet normal 0.44211 0.896961 0
    outer loop
      vertex -57 -36.5981 2.5
      vertex -56.648 -36.7716 0
      vertex -57 -36.5981 0
    endloop
  endfacet
  facet normal 0.0654873 0.997853 -0
    outer loop
      vertex -55.5 -37 0
      vertex -55.8916 -36.9743 2.5
      vertex -55.5 -37 2.5
    endloop
  endfacet
  facet normal 0.0654873 0.997853 0
    outer loop
      vertex -55.8916 -36.9743 2.5
      vertex -55.5 -37 0
      vertex -55.8916 -36.9743 0
    endloop
  endfacet
  facet normal 0.321651 0.946858 -0
    outer loop
      vertex -56.2765 -36.8978 0
      vertex -56.648 -36.7716 2.5
      vertex -56.2765 -36.8978 2.5
    endloop
  endfacet
  facet normal 0.321651 0.946858 0
    outer loop
      vertex -56.648 -36.7716 2.5
      vertex -56.2765 -36.8978 0
      vertex -56.648 -36.7716 0
    endloop
  endfacet
  facet normal 0.19494 0.980815 -0
    outer loop
      vertex -55.8916 -36.9743 0
      vertex -56.2765 -36.8978 2.5
      vertex -55.8916 -36.9743 2.5
    endloop
  endfacet
  facet normal 0.19494 0.980815 0
    outer loop
      vertex -56.2765 -36.8978 2.5
      vertex -55.8916 -36.9743 0
      vertex -56.2765 -36.8978 0
    endloop
  endfacet
  facet normal -0.896961 0.44211 0
    outer loop
      vertex 55.0981 -35.5 0
      vertex 55.2716 -35.148 2.5
      vertex 55.2716 -35.148 0
    endloop
  endfacet
  facet normal -0.896961 0.44211 0
    outer loop
      vertex 55.2716 -35.148 2.5
      vertex 55.0981 -35.5 0
      vertex 55.0981 -35.5 2.5
    endloop
  endfacet
  facet normal -0.980815 0.19494 0
    outer loop
      vertex 55.3978 -34.7765 0
      vertex 55.4743 -34.3916 2.5
      vertex 55.4743 -34.3916 0
    endloop
  endfacet
  facet normal -0.980815 0.19494 0
    outer loop
      vertex 55.4743 -34.3916 2.5
      vertex 55.3978 -34.7765 0
      vertex 55.3978 -34.7765 2.5
    endloop
  endfacet
  facet normal -0.946858 0.321651 0
    outer loop
      vertex 55.2716 -35.148 0
      vertex 55.3978 -34.7765 2.5
      vertex 55.3978 -34.7765 0
    endloop
  endfacet
  facet normal -0.946858 0.321651 0
    outer loop
      vertex 55.3978 -34.7765 2.5
      vertex 55.2716 -35.148 0
      vertex 55.2716 -35.148 2.5
    endloop
  endfacet
  facet normal -0.555523 0.831501 0
    outer loop
      vertex 54.3263 -36.3801 0
      vertex 54 -36.5981 2.5
      vertex 54.3263 -36.3801 2.5
    endloop
  endfacet
  facet normal -0.555523 0.831501 0
    outer loop
      vertex 54 -36.5981 2.5
      vertex 54.3263 -36.3801 0
      vertex 54 -36.5981 0
    endloop
  endfacet
  facet normal -0.44211 0.896961 0
    outer loop
      vertex 54 -36.5981 0
      vertex 53.648 -36.7716 2.5
      vertex 54 -36.5981 2.5
    endloop
  endfacet
  facet normal -0.44211 0.896961 0
    outer loop
      vertex 53.648 -36.7716 2.5
      vertex 54 -36.5981 0
      vertex 53.648 -36.7716 0
    endloop
  endfacet
  facet normal -0.751724 -0.659478 0
    outer loop
      vertex 54.8801 37.8263 0
      vertex 54.6213 38.1213 2.5
      vertex 54.6213 38.1213 0
    endloop
  endfacet
  facet normal -0.751724 -0.659478 0
    outer loop
      vertex 54.6213 38.1213 2.5
      vertex 54.8801 37.8263 0
      vertex 54.8801 37.8263 2.5
    endloop
  endfacet
  facet normal -0.831501 -0.555523 0
    outer loop
      vertex 55.0981 37.5 0
      vertex 54.8801 37.8263 2.5
      vertex 54.8801 37.8263 0
    endloop
  endfacet
  facet normal -0.831501 -0.555523 0
    outer loop
      vertex 54.8801 37.8263 2.5
      vertex 55.0981 37.5 0
      vertex 55.0981 37.5 2.5
    endloop
  endfacet
  facet normal -0.19494 -0.980815 0
    outer loop
      vertex 52.8916 38.9743 0
      vertex 53.2765 38.8978 2.5
      vertex 52.8916 38.9743 2.5
    endloop
  endfacet
  facet normal -0.19494 -0.980815 -0
    outer loop
      vertex 53.2765 38.8978 2.5
      vertex 52.8916 38.9743 0
      vertex 53.2765 38.8978 0
    endloop
  endfacet
  facet normal -0.997853 0.0654873 0
    outer loop
      vertex 55.4743 -34.3916 0
      vertex 55.5 -34 2.5
      vertex 55.5 -34 0
    endloop
  endfacet
  facet normal -0.997853 0.0654873 0
    outer loop
      vertex 55.5 -34 2.5
      vertex 55.4743 -34.3916 0
      vertex 55.4743 -34.3916 2.5
    endloop
  endfacet
  facet normal -0.831501 0.555523 0
    outer loop
      vertex 54.8801 -35.8263 0
      vertex 55.0981 -35.5 2.5
      vertex 55.0981 -35.5 0
    endloop
  endfacet
  facet normal -0.831501 0.555523 0
    outer loop
      vertex 55.0981 -35.5 2.5
      vertex 54.8801 -35.8263 0
      vertex 54.8801 -35.8263 2.5
    endloop
  endfacet
  facet normal -0.19494 0.980815 0
    outer loop
      vertex 53.2765 -36.8978 0
      vertex 52.8916 -36.9743 2.5
      vertex 53.2765 -36.8978 2.5
    endloop
  endfacet
  facet normal -0.19494 0.980815 0
    outer loop
      vertex 52.8916 -36.9743 2.5
      vertex 53.2765 -36.8978 0
      vertex 52.8916 -36.9743 0
    endloop
  endfacet
  facet normal -0.0654873 0.997853 0
    outer loop
      vertex 52.8916 -36.9743 0
      vertex 52.5 -37 2.5
      vertex 52.8916 -36.9743 2.5
    endloop
  endfacet
  facet normal -0.0654873 0.997853 0
    outer loop
      vertex 52.5 -37 2.5
      vertex 52.8916 -36.9743 0
      vertex 52.5 -37 0
    endloop
  endfacet
  facet normal 0.831501 0.555523 0
    outer loop
      vertex -57.8801 -35.8263 2.5
      vertex -58.0981 -35.5 0
      vertex -58.0981 -35.5 2.5
    endloop
  endfacet
  facet normal 0.831501 0.555523 0
    outer loop
      vertex -58.0981 -35.5 0
      vertex -57.8801 -35.8263 2.5
      vertex -57.8801 -35.8263 0
    endloop
  endfacet
  facet normal 0.751724 0.659478 0
    outer loop
      vertex -57.6213 -36.1213 2.5
      vertex -57.8801 -35.8263 0
      vertex -57.8801 -35.8263 2.5
    endloop
  endfacet
  facet normal 0.751724 0.659478 0
    outer loop
      vertex -57.8801 -35.8263 0
      vertex -57.6213 -36.1213 2.5
      vertex -57.6213 -36.1213 0
    endloop
  endfacet
  facet normal 1 -0 0
    outer loop
      vertex -88 -23 2.25
      vertex -88 23 0
      vertex -88 23 2.25
    endloop
  endfacet
  facet normal 1 0 0
    outer loop
      vertex -88 23 0
      vertex -88 -23 2.25
      vertex -88 -23 0
    endloop
  endfacet
  facet normal 0 0 -1
    outer loop
      vertex -88 -23 2.25
      vertex -60 23 2.25
      vertex -60 -23 2.25
    endloop
  endfacet
  facet normal -0 0 -1
    outer loop
      vertex -60 23 2.25
      vertex -88 -23 2.25
      vertex -88 23 2.25
    endloop
  endfacet
  facet normal -1 0 0
    outer loop
      vertex -60 -23 0
      vertex -60 23 2.25
      vertex -60 23 0
    endloop
  endfacet
  facet normal -1 -0 0
    outer loop
      vertex -60 23 2.25
      vertex -60 -23 0
      vertex -60 -23 2.25
    endloop
  endfacet
  facet normal 0 -1 0
    outer loop
      vertex -88 23 0
      vertex -60 23 2.25
      vertex -88 23 2.25
    endloop
  endfacet
  facet normal 0 -1 -0
    outer loop
      vertex -60 23 2.25
      vertex -88 23 0
      vertex -60 23 0
    endloop
  endfacet
  facet normal 0 1 -0
    outer loop
      vertex -60 -23 0
      vertex -88 -23 2.25
      vertex -60 -23 2.25
    endloop
  endfacet
  facet normal 0 1 0
    outer loop
      vertex -88 -23 2.25
      vertex -60 -23 0
      vertex -88 -23 0
    endloop
  endfacet
  facet normal 0.980815 0.19494 0
    outer loop
      vertex -43.8978 -50.7765 2.5
      vertex -43.9743 -50.3916 0
      vertex -43.9743 -50.3916 2.5
    endloop
  endfacet
  facet normal 0.980815 0.19494 0
    outer loop
      vertex -43.9743 -50.3916 0
      vertex -43.8978 -50.7765 2.5
      vertex -43.8978 -50.7765 0
    endloop
  endfacet
  facet normal 0.946858 0.321651 0
    outer loop
      vertex -43.7716 -51.148 2.5
      vertex -43.8978 -50.7765 0
      vertex -43.8978 -50.7765 2.5
    endloop
  endfacet
  facet normal 0.946858 0.321651 0
    outer loop
      vertex -43.8978 -50.7765 0
      vertex -43.7716 -51.148 2.5
      vertex -43.7716 -51.148 0
    endloop
  endfacet
  facet normal 0 1 -0
    outer loop
      vertex 41 -53 0
      vertex -41 -53 2.5
      vertex 41 -53 2.5
    endloop
  endfacet
  facet normal 0 1 0
    outer loop
      vertex -41 -53 2.5
      vertex 41 -53 0
      vertex -41 -53 0
    endloop
  endfacet
  facet normal -0.44211 0.896961 0
    outer loop
      vertex 42.5 -52.5981 0
      vertex 42.148 -52.7716 2.5
      vertex 42.5 -52.5981 2.5
    endloop
  endfacet
  facet normal -0.44211 0.896961 0
    outer loop
      vertex 42.148 -52.7716 2.5
      vertex 42.5 -52.5981 0
      vertex 42.148 -52.7716 0
    endloop
  endfacet
  facet normal -0.997853 0.0654873 0
    outer loop
      vertex 43.9743 -50.3916 0
      vertex 44 -50 2.5
      vertex 44 -50 0
    endloop
  endfacet
  facet normal -0.997853 0.0654873 0
    outer loop
      vertex 44 -50 2.5
      vertex 43.9743 -50.3916 0
      vertex 43.9743 -50.3916 2.5
    endloop
  endfacet
  facet normal 0.896961 0.44211 0
    outer loop
      vertex -43.5981 -51.5 2.5
      vertex -43.7716 -51.148 0
      vertex -43.7716 -51.148 2.5
    endloop
  endfacet
  facet normal 0.896961 0.44211 0
    outer loop
      vertex -43.7716 -51.148 0
      vertex -43.5981 -51.5 2.5
      vertex -43.5981 -51.5 0
    endloop
  endfacet
  facet normal 0.659478 0.751724 -0
    outer loop
      vertex -42.8263 -52.3801 0
      vertex -43.1213 -52.1213 2.5
      vertex -42.8263 -52.3801 2.5
    endloop
  endfacet
  facet normal 0.659478 0.751724 0
    outer loop
      vertex -43.1213 -52.1213 2.5
      vertex -42.8263 -52.3801 0
      vertex -43.1213 -52.1213 0
    endloop
  endfacet
  facet normal 0.997853 0.0654873 0
    outer loop
      vertex -43.9743 -50.3916 2.5
      vertex -44 -50 0
      vertex -44 -50 2.5
    endloop
  endfacet
  facet normal 0.997853 0.0654873 0
    outer loop
      vertex -44 -50 0
      vertex -43.9743 -50.3916 2.5
      vertex -43.9743 -50.3916 0
    endloop
  endfacet
  facet normal 1 -0 0
    outer loop
      vertex -44 -50 2.5
      vertex -44 -37 0
      vertex -44 -37 2.5
    endloop
  endfacet
  facet normal 1 0 0
    outer loop
      vertex -44 -37 0
      vertex -44 -50 2.5
      vertex -44 -50 0
    endloop
  endfacet
  facet normal -1 0 0
    outer loop
      vertex 44 -50 0
      vertex 44 -37 2.5
      vertex 44 -37 0
    endloop
  endfacet
  facet normal -1 -0 0
    outer loop
      vertex 44 -37 2.5
      vertex 44 -50 0
      vertex 44 -50 2.5
    endloop
  endfacet
  facet normal -0.321651 0.946858 0
    outer loop
      vertex 42.148 -52.7716 0
      vertex 41.7765 -52.8978 2.5
      vertex 42.148 -52.7716 2.5
    endloop
  endfacet
  facet normal -0.321651 0.946858 0
    outer loop
      vertex 41.7765 -52.8978 2.5
      vertex 42.148 -52.7716 0
      vertex 41.7765 -52.8978 0
    endloop
  endfacet
  facet normal -0.980815 0.19494 0
    outer loop
      vertex 43.8978 -50.7765 0
      vertex 43.9743 -50.3916 2.5
      vertex 43.9743 -50.3916 0
    endloop
  endfacet
  facet normal -0.980815 0.19494 0
    outer loop
      vertex 43.9743 -50.3916 2.5
      vertex 43.8978 -50.7765 0
      vertex 43.8978 -50.7765 2.5
    endloop
  endfacet
  facet normal 0.555523 0.831501 -0
    outer loop
      vertex -42.5 -52.5981 0
      vertex -42.8263 -52.3801 2.5
      vertex -42.5 -52.5981 2.5
    endloop
  endfacet
  facet normal 0.555523 0.831501 0
    outer loop
      vertex -42.8263 -52.3801 2.5
      vertex -42.5 -52.5981 0
      vertex -42.8263 -52.3801 0
    endloop
  endfacet
  facet normal 0.44211 0.896961 -0
    outer loop
      vertex -42.148 -52.7716 0
      vertex -42.5 -52.5981 2.5
      vertex -42.148 -52.7716 2.5
    endloop
  endfacet
  facet normal 0.44211 0.896961 0
    outer loop
      vertex -42.5 -52.5981 2.5
      vertex -42.148 -52.7716 0
      vertex -42.5 -52.5981 0
    endloop
  endfacet
  facet normal 0.0654873 0.997853 -0
    outer loop
      vertex -41 -53 0
      vertex -41.3916 -52.9743 2.5
      vertex -41 -53 2.5
    endloop
  endfacet
  facet normal 0.0654873 0.997853 0
    outer loop
      vertex -41.3916 -52.9743 2.5
      vertex -41 -53 0
      vertex -41.3916 -52.9743 0
    endloop
  endfacet
  facet normal 0.321651 0.946858 -0
    outer loop
      vertex -41.7765 -52.8978 0
      vertex -42.148 -52.7716 2.5
      vertex -41.7765 -52.8978 2.5
    endloop
  endfacet
  facet normal 0.321651 0.946858 0
    outer loop
      vertex -42.148 -52.7716 2.5
      vertex -41.7765 -52.8978 0
      vertex -42.148 -52.7716 0
    endloop
  endfacet
  facet normal 0.19494 0.980815 -0
    outer loop
      vertex -41.3916 -52.9743 0
      vertex -41.7765 -52.8978 2.5
      vertex -41.3916 -52.9743 2.5
    endloop
  endfacet
  facet normal 0.19494 0.980815 0
    outer loop
      vertex -41.7765 -52.8978 2.5
      vertex -41.3916 -52.9743 0
      vertex -41.7765 -52.8978 0
    endloop
  endfacet
  facet normal -0.19494 0.980815 0
    outer loop
      vertex 41.7765 -52.8978 0
      vertex 41.3916 -52.9743 2.5
      vertex 41.7765 -52.8978 2.5
    endloop
  endfacet
  facet normal -0.19494 0.980815 0
    outer loop
      vertex 41.3916 -52.9743 2.5
      vertex 41.7765 -52.8978 0
      vertex 41.3916 -52.9743 0
    endloop
  endfacet
  facet normal -0.0654873 0.997853 0
    outer loop
      vertex 41.3916 -52.9743 0
      vertex 41 -53 2.5
      vertex 41.3916 -52.9743 2.5
    endloop
  endfacet
  facet normal -0.0654873 0.997853 0
    outer loop
      vertex 41 -53 2.5
      vertex 41.3916 -52.9743 0
      vertex 41 -53 0
    endloop
  endfacet
  facet normal -0.751724 0.659478 0
    outer loop
      vertex 43.1213 -52.1213 0
      vertex 43.3801 -51.8263 2.5
      vertex 43.3801 -51.8263 0
    endloop
  endfacet
  facet normal -0.751724 0.659478 0
    outer loop
      vertex 43.3801 -51.8263 2.5
      vertex 43.1213 -52.1213 0
      vertex 43.1213 -52.1213 2.5
    endloop
  endfacet
  facet normal -0.831501 0.555523 0
    outer loop
      vertex 43.3801 -51.8263 0
      vertex 43.5981 -51.5 2.5
      vertex 43.5981 -51.5 0
    endloop
  endfacet
  facet normal -0.831501 0.555523 0
    outer loop
      vertex 43.5981 -51.5 2.5
      vertex 43.3801 -51.8263 0
      vertex 43.3801 -51.8263 2.5
    endloop
  endfacet
  facet normal -0.659478 0.751724 0
    outer loop
      vertex 43.1213 -52.1213 0
      vertex 42.8263 -52.3801 2.5
      vertex 43.1213 -52.1213 2.5
    endloop
  endfacet
  facet normal -0.659478 0.751724 0
    outer loop
      vertex 42.8263 -52.3801 2.5
      vertex 43.1213 -52.1213 0
      vertex 42.8263 -52.3801 0
    endloop
  endfacet
  facet normal -0.555523 0.831501 0
    outer loop
      vertex 42.8263 -52.3801 0
      vertex 42.5 -52.5981 2.5
      vertex 42.8263 -52.3801 2.5
    endloop
  endfacet
  facet normal -0.555523 0.831501 0
    outer loop
      vertex 42.5 -52.5981 2.5
      vertex 42.8263 -52.3801 0
      vertex 42.5 -52.5981 0
    endloop
  endfacet
  facet normal -0.946858 0.321651 0
    outer loop
      vertex 43.7716 -51.148 0
      vertex 43.8978 -50.7765 2.5
      vertex 43.8978 -50.7765 0
    endloop
  endfacet
  facet normal -0.946858 0.321651 0
    outer loop
      vertex 43.8978 -50.7765 2.5
      vertex 43.7716 -51.148 0
      vertex 43.7716 -51.148 2.5
    endloop
  endfacet
  facet normal -0.896961 0.44211 0
    outer loop
      vertex 43.5981 -51.5 0
      vertex 43.7716 -51.148 2.5
      vertex 43.7716 -51.148 0
    endloop
  endfacet
  facet normal -0.896961 0.44211 0
    outer loop
      vertex 43.7716 -51.148 2.5
      vertex 43.5981 -51.5 0
      vertex 43.5981 -51.5 2.5
    endloop
  endfacet
  facet normal 0.751724 0.659478 0
    outer loop
      vertex -43.1213 -52.1213 2.5
      vertex -43.3801 -51.8263 0
      vertex -43.3801 -51.8263 2.5
    endloop
  endfacet
  facet normal 0.751724 0.659478 0
    outer loop
      vertex -43.3801 -51.8263 0
      vertex -43.1213 -52.1213 2.5
      vertex -43.1213 -52.1213 0
    endloop
  endfacet
  facet normal 0.831501 0.555523 0
    outer loop
      vertex -43.3801 -51.8263 2.5
      vertex -43.5981 -51.5 0
      vertex -43.5981 -51.5 2.5
    endloop
  endfacet
  facet normal 0.831501 0.555523 0
    outer loop
      vertex -43.5981 -51.5 0
      vertex -43.3801 -51.8263 2.5
      vertex -43.3801 -51.8263 0
    endloop
  endfacet
endsolid OpenSCAD_Model
