solid OpenSCAD_Model
  facet normal 0 -0.0653599 0.997862
    outer loop
      vertex -58 -60.6 1.60655
      vertex -42 -60.7 1.6
      vertex -42 -60.6 1.60655
    endloop
  endfacet
  facet normal 0 -0.0653599 0.997862
    outer loop
      vertex -42 -60.7 1.6
      vertex -58 -60.6 1.60655
      vertex -58 -60.7 1.6
    endloop
  endfacet
  facet normal 0 -0.0653599 -0.997862
    outer loop
      vertex -58 -60.7 3.4
      vertex -42 -60.6 3.39345
      vertex -42 -60.7 3.4
    endloop
  endfacet
  facet normal -0 -0.0653599 -0.997862
    outer loop
      vertex -42 -60.6 3.39345
      vertex -58 -60.7 3.4
      vertex -58 -60.6 3.39345
    endloop
  endfacet
  facet normal 0 0.997859 -0.0654083
    outer loop
      vertex -42 -61.6 2.5
      vertex -58 -61.5923 2.61747
      vertex -42 -61.5923 2.61747
    endloop
  endfacet
  facet normal 0 0.997859 -0.0654083
    outer loop
      vertex -58 -61.5923 2.61747
      vertex -42 -61.6 2.5
      vertex -58 -61.6 2.5
    endloop
  endfacet
  facet normal 0 0.659382 -0.751808
    outer loop
      vertex -58 -61.3364 3.1364
      vertex -42 -61.2479 3.21402
      vertex -42 -61.3364 3.1364
    endloop
  endfacet
  facet normal 0 0.659382 -0.751808
    outer loop
      vertex -42 -61.2479 3.21402
      vertex -58 -61.3364 3.1364
      vertex -58 -61.2479 3.21402
    endloop
  endfacet
  facet normal 0 0.32137 -0.946954
    outer loop
      vertex -58 -61.0444 3.33149
      vertex -42 -60.9329 3.36933
      vertex -42 -61.0444 3.33149
    endloop
  endfacet
  facet normal 0 0.32137 -0.946954
    outer loop
      vertex -42 -60.9329 3.36933
      vertex -58 -61.0444 3.33149
      vertex -58 -60.9329 3.36933
    endloop
  endfacet
  facet normal -0 0.32137 0.946954
    outer loop
      vertex -58 -60.9329 1.63067
      vertex -42 -61.0444 1.66851
      vertex -42 -60.9329 1.63067
    endloop
  endfacet
  facet normal 0 0.32137 0.946954
    outer loop
      vertex -42 -61.0444 1.66851
      vertex -58 -60.9329 1.63067
      vertex -58 -61.0444 1.66851
    endloop
  endfacet
  facet normal 1 0 0
    outer loop
      vertex -58 -60.7 3.4
      vertex -58 -60.6 1.60655
      vertex -58 -60.6 3.39345
    endloop
  endfacet
  facet normal 1 0 0
    outer loop
      vertex -58 -60.7 3.4
      vertex -58 -60.7 1.6
      vertex -58 -60.6 1.60655
    endloop
  endfacet
  facet normal 1 -0 0
    outer loop
      vertex -58 -60.8175 3.3923
      vertex -58 -60.7 1.6
      vertex -58 -60.7 3.4
    endloop
  endfacet
  facet normal 1 0 0
    outer loop
      vertex -58 -60.8175 3.3923
      vertex -58 -60.8175 1.6077
      vertex -58 -60.7 1.6
    endloop
  endfacet
  facet normal 1 -0 0
    outer loop
      vertex -58 -60.9329 3.36933
      vertex -58 -60.8175 1.6077
      vertex -58 -60.8175 3.3923
    endloop
  endfacet
  facet normal 1 0 0
    outer loop
      vertex -58 -60.9329 3.36933
      vertex -58 -60.9329 1.63067
      vertex -58 -60.8175 1.6077
    endloop
  endfacet
  facet normal 1 -0 0
    outer loop
      vertex -58 -61.0444 3.33149
      vertex -58 -60.9329 1.63067
      vertex -58 -60.9329 3.36933
    endloop
  endfacet
  facet normal 1 0 0
    outer loop
      vertex -58 -61.0444 3.33149
      vertex -58 -61.0444 1.66851
      vertex -58 -60.9329 1.63067
    endloop
  endfacet
  facet normal 1 -0 0
    outer loop
      vertex -58 -61.15 3.27942
      vertex -58 -61.0444 1.66851
      vertex -58 -61.0444 3.33149
    endloop
  endfacet
  facet normal 1 0 0
    outer loop
      vertex -58 -61.15 3.27942
      vertex -58 -61.15 1.72058
      vertex -58 -61.0444 1.66851
    endloop
  endfacet
  facet normal 1 -0 0
    outer loop
      vertex -58 -61.2479 3.21402
      vertex -58 -61.15 1.72058
      vertex -58 -61.15 3.27942
    endloop
  endfacet
  facet normal 1 0 0
    outer loop
      vertex -58 -61.2479 3.21402
      vertex -58 -61.2479 1.78598
      vertex -58 -61.15 1.72058
    endloop
  endfacet
  facet normal 1 -0 0
    outer loop
      vertex -58 -61.3364 3.1364
      vertex -58 -61.2479 1.78598
      vertex -58 -61.2479 3.21402
    endloop
  endfacet
  facet normal 1 0 0
    outer loop
      vertex -58 -61.3364 3.1364
      vertex -58 -61.3364 1.8636
      vertex -58 -61.2479 1.78598
    endloop
  endfacet
  facet normal 1 -0 0
    outer loop
      vertex -58 -61.414 3.04788
      vertex -58 -61.3364 1.8636
      vertex -58 -61.3364 3.1364
    endloop
  endfacet
  facet normal 1 0 0
    outer loop
      vertex -58 -61.414 3.04788
      vertex -58 -61.414 1.95211
      vertex -58 -61.3364 1.8636
    endloop
  endfacet
  facet normal 1 -0 0
    outer loop
      vertex -58 -61.4794 2.95
      vertex -58 -61.414 1.95211
      vertex -58 -61.414 3.04788
    endloop
  endfacet
  facet normal 1 0 0
    outer loop
      vertex -58 -61.4794 2.95
      vertex -58 -61.4794 2.05
      vertex -58 -61.414 1.95211
    endloop
  endfacet
  facet normal 1 -0 0
    outer loop
      vertex -58 -61.5315 2.84441
      vertex -58 -61.4794 2.05
      vertex -58 -61.4794 2.95
    endloop
  endfacet
  facet normal 1 0 0
    outer loop
      vertex -58 -61.5315 2.84441
      vertex -58 -61.5315 2.15558
      vertex -58 -61.4794 2.05
    endloop
  endfacet
  facet normal 1 -0 0
    outer loop
      vertex -58 -61.5693 2.73294
      vertex -58 -61.5315 2.15558
      vertex -58 -61.5315 2.84441
    endloop
  endfacet
  facet normal 1 0 0
    outer loop
      vertex -58 -61.5693 2.73294
      vertex -58 -61.5693 2.26706
      vertex -58 -61.5315 2.15558
    endloop
  endfacet
  facet normal 1 -0 0
    outer loop
      vertex -58 -61.5923 2.61747
      vertex -58 -61.5693 2.26706
      vertex -58 -61.5693 2.73294
    endloop
  endfacet
  facet normal 1 0 0
    outer loop
      vertex -58 -61.5923 2.61747
      vertex -58 -61.5923 2.38253
      vertex -58 -61.5693 2.26706
    endloop
  endfacet
  facet normal 1 0 -0
    outer loop
      vertex -58 -61.5923 2.38253
      vertex -58 -61.5923 2.61747
      vertex -58 -61.6 2.5
    endloop
  endfacet
  facet normal 0 0.831501 0.555523
    outer loop
      vertex -42 -61.414 1.95211
      vertex -58 -61.4794 2.05
      vertex -42 -61.4794 2.05
    endloop
  endfacet
  facet normal 0 0.831501 0.555523
    outer loop
      vertex -58 -61.4794 2.05
      vertex -42 -61.414 1.95211
      vertex -58 -61.414 1.95211
    endloop
  endfacet
  facet normal 0 0.896776 -0.442485
    outer loop
      vertex -42 -61.5315 2.84441
      vertex -58 -61.4794 2.95
      vertex -42 -61.4794 2.95
    endloop
  endfacet
  facet normal 0 0.896776 -0.442485
    outer loop
      vertex -58 -61.4794 2.95
      vertex -42 -61.5315 2.84441
      vertex -58 -61.5315 2.84441
    endloop
  endfacet
  facet normal 0 0.751966 -0.659202
    outer loop
      vertex -42 -61.414 3.04788
      vertex -58 -61.3364 3.1364
      vertex -42 -61.3364 3.1364
    endloop
  endfacet
  facet normal 0 0.751966 -0.659202
    outer loop
      vertex -58 -61.3364 3.1364
      vertex -42 -61.414 3.04788
      vertex -58 -61.414 3.04788
    endloop
  endfacet
  facet normal 0 0.947031 -0.321143
    outer loop
      vertex -42 -61.5693 2.73294
      vertex -58 -61.5315 2.84441
      vertex -42 -61.5315 2.84441
    endloop
  endfacet
  facet normal 0 0.947031 -0.321143
    outer loop
      vertex -58 -61.5315 2.84441
      vertex -42 -61.5693 2.73294
      vertex -58 -61.5693 2.73294
    endloop
  endfacet
  facet normal 0 0.0653917 -0.99786
    outer loop
      vertex -58 -60.8175 3.3923
      vertex -42 -60.7 3.4
      vertex -42 -60.8175 3.3923
    endloop
  endfacet
  facet normal 0 0.0653917 -0.99786
    outer loop
      vertex -42 -60.7 3.4
      vertex -58 -60.8175 3.3923
      vertex -58 -60.7 3.4
    endloop
  endfacet
  facet normal 0 0.997859 0.0654083
    outer loop
      vertex -42 -61.5923 2.38253
      vertex -58 -61.6 2.5
      vertex -42 -61.6 2.5
    endloop
  endfacet
  facet normal 0 0.997859 0.0654083
    outer loop
      vertex -58 -61.6 2.5
      vertex -42 -61.5923 2.38253
      vertex -58 -61.5923 2.38253
    endloop
  endfacet
  facet normal 0 0.94704 0.321117
    outer loop
      vertex -42 -61.5315 2.15558
      vertex -58 -61.5693 2.26706
      vertex -42 -61.5693 2.26706
    endloop
  endfacet
  facet normal 0 0.94704 0.321117
    outer loop
      vertex -58 -61.5693 2.26706
      vertex -42 -61.5315 2.15558
      vertex -58 -61.5315 2.15558
    endloop
  endfacet
  facet normal 0 0.751929 0.659244
    outer loop
      vertex -42 -61.3364 1.8636
      vertex -58 -61.414 1.95211
      vertex -42 -61.414 1.95211
    endloop
  endfacet
  facet normal 0 0.751929 0.659244
    outer loop
      vertex -58 -61.414 1.95211
      vertex -42 -61.3364 1.8636
      vertex -58 -61.3364 1.8636
    endloop
  endfacet
  facet normal -0 0.555484 0.831527
    outer loop
      vertex -58 -61.15 1.72058
      vertex -42 -61.2479 1.78598
      vertex -42 -61.15 1.72058
    endloop
  endfacet
  facet normal 0 0.555484 0.831527
    outer loop
      vertex -42 -61.2479 1.78598
      vertex -58 -61.15 1.72058
      vertex -58 -61.2479 1.78598
    endloop
  endfacet
  facet normal 0 0.831475 -0.555562
    outer loop
      vertex -42 -61.4794 2.95
      vertex -58 -61.414 3.04788
      vertex -42 -61.414 3.04788
    endloop
  endfacet
  facet normal 0 0.831475 -0.555562
    outer loop
      vertex -58 -61.414 3.04788
      vertex -42 -61.4794 2.95
      vertex -58 -61.4794 2.95
    endloop
  endfacet
  facet normal 0 0.980734 -0.195348
    outer loop
      vertex -42 -61.5923 2.61747
      vertex -58 -61.5693 2.73294
      vertex -42 -61.5693 2.73294
    endloop
  endfacet
  facet normal 0 0.980734 -0.195348
    outer loop
      vertex -58 -61.5693 2.73294
      vertex -42 -61.5923 2.61747
      vertex -58 -61.5923 2.61747
    endloop
  endfacet
  facet normal -1 0 0
    outer loop
      vertex -42 -60.7 1.6
      vertex -42 -60.6 3.39345
      vertex -42 -60.6 1.60655
    endloop
  endfacet
  facet normal -1 0 0
    outer loop
      vertex -42 -60.7 1.6
      vertex -42 -60.7 3.4
      vertex -42 -60.6 3.39345
    endloop
  endfacet
  facet normal -1 0 0
    outer loop
      vertex -42 -60.8175 1.6077
      vertex -42 -60.7 3.4
      vertex -42 -60.7 1.6
    endloop
  endfacet
  facet normal -1 0 0
    outer loop
      vertex -42 -60.8175 1.6077
      vertex -42 -60.8175 3.3923
      vertex -42 -60.7 3.4
    endloop
  endfacet
  facet normal -1 0 0
    outer loop
      vertex -42 -60.9329 1.63067
      vertex -42 -60.8175 3.3923
      vertex -42 -60.8175 1.6077
    endloop
  endfacet
  facet normal -1 0 0
    outer loop
      vertex -42 -60.9329 1.63067
      vertex -42 -60.9329 3.36933
      vertex -42 -60.8175 3.3923
    endloop
  endfacet
  facet normal -1 0 0
    outer loop
      vertex -42 -61.0444 1.66851
      vertex -42 -60.9329 3.36933
      vertex -42 -60.9329 1.63067
    endloop
  endfacet
  facet normal -1 0 0
    outer loop
      vertex -42 -61.0444 1.66851
      vertex -42 -61.0444 3.33149
      vertex -42 -60.9329 3.36933
    endloop
  endfacet
  facet normal -1 0 0
    outer loop
      vertex -42 -61.15 1.72058
      vertex -42 -61.0444 3.33149
      vertex -42 -61.0444 1.66851
    endloop
  endfacet
  facet normal -1 0 0
    outer loop
      vertex -42 -61.15 1.72058
      vertex -42 -61.15 3.27942
      vertex -42 -61.0444 3.33149
    endloop
  endfacet
  facet normal -1 0 0
    outer loop
      vertex -42 -61.2479 1.78598
      vertex -42 -61.15 3.27942
      vertex -42 -61.15 1.72058
    endloop
  endfacet
  facet normal -1 0 0
    outer loop
      vertex -42 -61.2479 1.78598
      vertex -42 -61.2479 3.21402
      vertex -42 -61.15 3.27942
    endloop
  endfacet
  facet normal -1 0 0
    outer loop
      vertex -42 -61.3364 1.8636
      vertex -42 -61.2479 3.21402
      vertex -42 -61.2479 1.78598
    endloop
  endfacet
  facet normal -1 0 0
    outer loop
      vertex -42 -61.3364 1.8636
      vertex -42 -61.3364 3.1364
      vertex -42 -61.2479 3.21402
    endloop
  endfacet
  facet normal -1 0 0
    outer loop
      vertex -42 -61.414 1.95211
      vertex -42 -61.3364 3.1364
      vertex -42 -61.3364 1.8636
    endloop
  endfacet
  facet normal -1 0 0
    outer loop
      vertex -42 -61.414 1.95211
      vertex -42 -61.414 3.04788
      vertex -42 -61.3364 3.1364
    endloop
  endfacet
  facet normal -1 0 0
    outer loop
      vertex -42 -61.4794 2.05
      vertex -42 -61.414 3.04788
      vertex -42 -61.414 1.95211
    endloop
  endfacet
  facet normal -1 0 0
    outer loop
      vertex -42 -61.4794 2.05
      vertex -42 -61.4794 2.95
      vertex -42 -61.414 3.04788
    endloop
  endfacet
  facet normal -1 0 0
    outer loop
      vertex -42 -61.5315 2.15558
      vertex -42 -61.4794 2.95
      vertex -42 -61.4794 2.05
    endloop
  endfacet
  facet normal -1 0 0
    outer loop
      vertex -42 -61.5315 2.15558
      vertex -42 -61.5315 2.84441
      vertex -42 -61.4794 2.95
    endloop
  endfacet
  facet normal -1 0 0
    outer loop
      vertex -42 -61.5693 2.26706
      vertex -42 -61.5315 2.84441
      vertex -42 -61.5315 2.15558
    endloop
  endfacet
  facet normal -1 0 0
    outer loop
      vertex -42 -61.5693 2.26706
      vertex -42 -61.5693 2.73294
      vertex -42 -61.5315 2.84441
    endloop
  endfacet
  facet normal -1 0 0
    outer loop
      vertex -42 -61.5923 2.38253
      vertex -42 -61.5693 2.73294
      vertex -42 -61.5693 2.26706
    endloop
  endfacet
  facet normal -1 0 0
    outer loop
      vertex -42 -61.5923 2.38253
      vertex -42 -61.5923 2.61747
      vertex -42 -61.5693 2.73294
    endloop
  endfacet
  facet normal -1 0 -0
    outer loop
      vertex -42 -61.5923 2.61747
      vertex -42 -61.5923 2.38253
      vertex -42 -61.6 2.5
    endloop
  endfacet
  facet normal 0 0.442247 -0.896893
    outer loop
      vertex -58 -61.15 3.27942
      vertex -42 -61.0444 3.33149
      vertex -42 -61.15 3.27942
    endloop
  endfacet
  facet normal 0 0.442247 -0.896893
    outer loop
      vertex -42 -61.0444 3.33149
      vertex -58 -61.15 3.27942
      vertex -58 -61.0444 3.33149
    endloop
  endfacet
  facet normal 0 0.555484 -0.831527
    outer loop
      vertex -58 -61.2479 3.21402
      vertex -42 -61.15 3.27942
      vertex -42 -61.2479 3.21402
    endloop
  endfacet
  facet normal 0 0.555484 -0.831527
    outer loop
      vertex -42 -61.15 3.27942
      vertex -58 -61.2479 3.21402
      vertex -58 -61.15 3.27942
    endloop
  endfacet
  facet normal 0 0.195217 -0.98076
    outer loop
      vertex -58 -60.9329 3.36933
      vertex -42 -60.8175 3.3923
      vertex -42 -60.9329 3.36933
    endloop
  endfacet
  facet normal 0 0.195217 -0.98076
    outer loop
      vertex -42 -60.8175 3.3923
      vertex -58 -60.9329 3.36933
      vertex -58 -60.8175 3.3923
    endloop
  endfacet
  facet normal 0 0.980734 0.195348
    outer loop
      vertex -42 -61.5693 2.26706
      vertex -58 -61.5923 2.38253
      vertex -42 -61.5923 2.38253
    endloop
  endfacet
  facet normal 0 0.980734 0.195348
    outer loop
      vertex -58 -61.5923 2.38253
      vertex -42 -61.5693 2.26706
      vertex -58 -61.5693 2.26706
    endloop
  endfacet
  facet normal 0 0.896759 0.442519
    outer loop
      vertex -42 -61.4794 2.05
      vertex -58 -61.5315 2.15558
      vertex -42 -61.5315 2.15558
    endloop
  endfacet
  facet normal 0 0.896759 0.442519
    outer loop
      vertex -58 -61.5315 2.15558
      vertex -42 -61.4794 2.05
      vertex -58 -61.4794 2.05
    endloop
  endfacet
  facet normal -0 0.659382 0.751808
    outer loop
      vertex -58 -61.2479 1.78598
      vertex -42 -61.3364 1.8636
      vertex -42 -61.2479 1.78598
    endloop
  endfacet
  facet normal 0 0.659382 0.751808
    outer loop
      vertex -42 -61.3364 1.8636
      vertex -58 -61.2479 1.78598
      vertex -58 -61.3364 1.8636
    endloop
  endfacet
  facet normal -0 0.195217 0.98076
    outer loop
      vertex -58 -60.8175 1.6077
      vertex -42 -60.9329 1.63067
      vertex -42 -60.8175 1.6077
    endloop
  endfacet
  facet normal 0 0.195217 0.98076
    outer loop
      vertex -42 -60.9329 1.63067
      vertex -58 -60.8175 1.6077
      vertex -58 -60.9329 1.63067
    endloop
  endfacet
  facet normal -0 0.442247 0.896893
    outer loop
      vertex -58 -61.0444 1.66851
      vertex -42 -61.15 1.72058
      vertex -42 -61.0444 1.66851
    endloop
  endfacet
  facet normal 0 0.442247 0.896893
    outer loop
      vertex -42 -61.15 1.72058
      vertex -58 -61.0444 1.66851
      vertex -58 -61.15 1.72058
    endloop
  endfacet
  facet normal -0 0.0653917 0.99786
    outer loop
      vertex -58 -60.7 1.6
      vertex -42 -60.8175 1.6077
      vertex -42 -60.7 1.6
    endloop
  endfacet
  facet normal 0 0.0653917 0.99786
    outer loop
      vertex -42 -60.8175 1.6077
      vertex -58 -60.7 1.6
      vertex -58 -60.8175 1.6077
    endloop
  endfacet
  facet normal 0 0.947031 -0.321143
    outer loop
      vertex 58 -61.5693 2.73294
      vertex 42 -61.5315 2.84441
      vertex 58 -61.5315 2.84441
    endloop
  endfacet
  facet normal 0 0.947031 -0.321143
    outer loop
      vertex 42 -61.5315 2.84441
      vertex 58 -61.5693 2.73294
      vertex 42 -61.5693 2.73294
    endloop
  endfacet
  facet normal 0 0.442247 -0.896893
    outer loop
      vertex 42 -61.15 3.27942
      vertex 58 -61.0444 3.33149
      vertex 58 -61.15 3.27942
    endloop
  endfacet
  facet normal 0 0.442247 -0.896893
    outer loop
      vertex 58 -61.0444 3.33149
      vertex 42 -61.15 3.27942
      vertex 42 -61.0444 3.33149
    endloop
  endfacet
  facet normal 0 -0.0653599 -0.997862
    outer loop
      vertex 42 -60.7 3.4
      vertex 58 -60.6 3.39345
      vertex 58 -60.7 3.4
    endloop
  endfacet
  facet normal -0 -0.0653599 -0.997862
    outer loop
      vertex 58 -60.6 3.39345
      vertex 42 -60.7 3.4
      vertex 42 -60.6 3.39345
    endloop
  endfacet
  facet normal 0 -0.0653599 0.997862
    outer loop
      vertex 42 -60.6 1.60655
      vertex 58 -60.7 1.6
      vertex 58 -60.6 1.60655
    endloop
  endfacet
  facet normal 0 -0.0653599 0.997862
    outer loop
      vertex 58 -60.7 1.6
      vertex 42 -60.6 1.60655
      vertex 42 -60.7 1.6
    endloop
  endfacet
  facet normal -0 0.555484 0.831527
    outer loop
      vertex 42 -61.15 1.72058
      vertex 58 -61.2479 1.78598
      vertex 58 -61.15 1.72058
    endloop
  endfacet
  facet normal 0 0.555484 0.831527
    outer loop
      vertex 58 -61.2479 1.78598
      vertex 42 -61.15 1.72058
      vertex 42 -61.2479 1.78598
    endloop
  endfacet
  facet normal 0 0.94704 0.321117
    outer loop
      vertex 58 -61.5315 2.15558
      vertex 42 -61.5693 2.26706
      vertex 58 -61.5693 2.26706
    endloop
  endfacet
  facet normal 0 0.94704 0.321117
    outer loop
      vertex 42 -61.5693 2.26706
      vertex 58 -61.5315 2.15558
      vertex 42 -61.5315 2.15558
    endloop
  endfacet
  facet normal -0 0.659382 0.751808
    outer loop
      vertex 42 -61.2479 1.78598
      vertex 58 -61.3364 1.8636
      vertex 58 -61.2479 1.78598
    endloop
  endfacet
  facet normal 0 0.659382 0.751808
    outer loop
      vertex 58 -61.3364 1.8636
      vertex 42 -61.2479 1.78598
      vertex 42 -61.3364 1.8636
    endloop
  endfacet
  facet normal 0 0.831501 0.555523
    outer loop
      vertex 58 -61.414 1.95211
      vertex 42 -61.4794 2.05
      vertex 58 -61.4794 2.05
    endloop
  endfacet
  facet normal 0 0.831501 0.555523
    outer loop
      vertex 42 -61.4794 2.05
      vertex 58 -61.414 1.95211
      vertex 42 -61.414 1.95211
    endloop
  endfacet
  facet normal 0 0.0653917 -0.99786
    outer loop
      vertex 42 -60.8175 3.3923
      vertex 58 -60.7 3.4
      vertex 58 -60.8175 3.3923
    endloop
  endfacet
  facet normal 0 0.0653917 -0.99786
    outer loop
      vertex 58 -60.7 3.4
      vertex 42 -60.8175 3.3923
      vertex 42 -60.7 3.4
    endloop
  endfacet
  facet normal 0 0.659382 -0.751808
    outer loop
      vertex 42 -61.3364 3.1364
      vertex 58 -61.2479 3.21402
      vertex 58 -61.3364 3.1364
    endloop
  endfacet
  facet normal 0 0.659382 -0.751808
    outer loop
      vertex 58 -61.2479 3.21402
      vertex 42 -61.3364 3.1364
      vertex 42 -61.2479 3.21402
    endloop
  endfacet
  facet normal -0 0.0653917 0.99786
    outer loop
      vertex 42 -60.7 1.6
      vertex 58 -60.8175 1.6077
      vertex 58 -60.7 1.6
    endloop
  endfacet
  facet normal 0 0.0653917 0.99786
    outer loop
      vertex 58 -60.8175 1.6077
      vertex 42 -60.7 1.6
      vertex 42 -60.8175 1.6077
    endloop
  endfacet
  facet normal 0 0.997859 0.0654083
    outer loop
      vertex 58 -61.5923 2.38253
      vertex 42 -61.6 2.5
      vertex 58 -61.6 2.5
    endloop
  endfacet
  facet normal 0 0.997859 0.0654083
    outer loop
      vertex 42 -61.6 2.5
      vertex 58 -61.5923 2.38253
      vertex 42 -61.5923 2.38253
    endloop
  endfacet
  facet normal 1 0 0
    outer loop
      vertex 42 -60.7 3.4
      vertex 42 -60.6 1.60655
      vertex 42 -60.6 3.39345
    endloop
  endfacet
  facet normal 1 0 0
    outer loop
      vertex 42 -60.7 3.4
      vertex 42 -60.7 1.6
      vertex 42 -60.6 1.60655
    endloop
  endfacet
  facet normal 1 -0 0
    outer loop
      vertex 42 -60.8175 3.3923
      vertex 42 -60.7 1.6
      vertex 42 -60.7 3.4
    endloop
  endfacet
  facet normal 1 0 0
    outer loop
      vertex 42 -60.8175 3.3923
      vertex 42 -60.8175 1.6077
      vertex 42 -60.7 1.6
    endloop
  endfacet
  facet normal 1 -0 0
    outer loop
      vertex 42 -60.9329 3.36933
      vertex 42 -60.8175 1.6077
      vertex 42 -60.8175 3.3923
    endloop
  endfacet
  facet normal 1 0 0
    outer loop
      vertex 42 -60.9329 3.36933
      vertex 42 -60.9329 1.63067
      vertex 42 -60.8175 1.6077
    endloop
  endfacet
  facet normal 1 -0 0
    outer loop
      vertex 42 -61.0444 3.33149
      vertex 42 -60.9329 1.63067
      vertex 42 -60.9329 3.36933
    endloop
  endfacet
  facet normal 1 0 0
    outer loop
      vertex 42 -61.0444 3.33149
      vertex 42 -61.0444 1.66851
      vertex 42 -60.9329 1.63067
    endloop
  endfacet
  facet normal 1 -0 0
    outer loop
      vertex 42 -61.15 3.27942
      vertex 42 -61.0444 1.66851
      vertex 42 -61.0444 3.33149
    endloop
  endfacet
  facet normal 1 0 0
    outer loop
      vertex 42 -61.15 3.27942
      vertex 42 -61.15 1.72058
      vertex 42 -61.0444 1.66851
    endloop
  endfacet
  facet normal 1 -0 0
    outer loop
      vertex 42 -61.2479 3.21402
      vertex 42 -61.15 1.72058
      vertex 42 -61.15 3.27942
    endloop
  endfacet
  facet normal 1 0 0
    outer loop
      vertex 42 -61.2479 3.21402
      vertex 42 -61.2479 1.78598
      vertex 42 -61.15 1.72058
    endloop
  endfacet
  facet normal 1 -0 0
    outer loop
      vertex 42 -61.3364 3.1364
      vertex 42 -61.2479 1.78598
      vertex 42 -61.2479 3.21402
    endloop
  endfacet
  facet normal 1 0 0
    outer loop
      vertex 42 -61.3364 3.1364
      vertex 42 -61.3364 1.8636
      vertex 42 -61.2479 1.78598
    endloop
  endfacet
  facet normal 1 -0 0
    outer loop
      vertex 42 -61.414 3.04788
      vertex 42 -61.3364 1.8636
      vertex 42 -61.3364 3.1364
    endloop
  endfacet
  facet normal 1 0 0
    outer loop
      vertex 42 -61.414 3.04788
      vertex 42 -61.414 1.95211
      vertex 42 -61.3364 1.8636
    endloop
  endfacet
  facet normal 1 -0 0
    outer loop
      vertex 42 -61.4794 2.95
      vertex 42 -61.414 1.95211
      vertex 42 -61.414 3.04788
    endloop
  endfacet
  facet normal 1 0 0
    outer loop
      vertex 42 -61.4794 2.95
      vertex 42 -61.4794 2.05
      vertex 42 -61.414 1.95211
    endloop
  endfacet
  facet normal 1 -0 0
    outer loop
      vertex 42 -61.5315 2.84441
      vertex 42 -61.4794 2.05
      vertex 42 -61.4794 2.95
    endloop
  endfacet
  facet normal 1 0 0
    outer loop
      vertex 42 -61.5315 2.84441
      vertex 42 -61.5315 2.15558
      vertex 42 -61.4794 2.05
    endloop
  endfacet
  facet normal 1 -0 0
    outer loop
      vertex 42 -61.5693 2.73294
      vertex 42 -61.5315 2.15558
      vertex 42 -61.5315 2.84441
    endloop
  endfacet
  facet normal 1 0 0
    outer loop
      vertex 42 -61.5693 2.73294
      vertex 42 -61.5693 2.26706
      vertex 42 -61.5315 2.15558
    endloop
  endfacet
  facet normal 1 -0 0
    outer loop
      vertex 42 -61.5923 2.61747
      vertex 42 -61.5693 2.26706
      vertex 42 -61.5693 2.73294
    endloop
  endfacet
  facet normal 1 0 0
    outer loop
      vertex 42 -61.5923 2.61747
      vertex 42 -61.5923 2.38253
      vertex 42 -61.5693 2.26706
    endloop
  endfacet
  facet normal 1 0 -0
    outer loop
      vertex 42 -61.5923 2.38253
      vertex 42 -61.5923 2.61747
      vertex 42 -61.6 2.5
    endloop
  endfacet
  facet normal -0 0.32137 0.946954
    outer loop
      vertex 42 -60.9329 1.63067
      vertex 58 -61.0444 1.66851
      vertex 58 -60.9329 1.63067
    endloop
  endfacet
  facet normal 0 0.32137 0.946954
    outer loop
      vertex 58 -61.0444 1.66851
      vertex 42 -60.9329 1.63067
      vertex 42 -61.0444 1.66851
    endloop
  endfacet
  facet normal 0 0.980734 0.195348
    outer loop
      vertex 58 -61.5693 2.26706
      vertex 42 -61.5923 2.38253
      vertex 58 -61.5923 2.38253
    endloop
  endfacet
  facet normal 0 0.980734 0.195348
    outer loop
      vertex 42 -61.5923 2.38253
      vertex 58 -61.5693 2.26706
      vertex 42 -61.5693 2.26706
    endloop
  endfacet
  facet normal 0 0.751929 0.659244
    outer loop
      vertex 58 -61.3364 1.8636
      vertex 42 -61.414 1.95211
      vertex 58 -61.414 1.95211
    endloop
  endfacet
  facet normal 0 0.751929 0.659244
    outer loop
      vertex 42 -61.414 1.95211
      vertex 58 -61.3364 1.8636
      vertex 42 -61.3364 1.8636
    endloop
  endfacet
  facet normal 0 0.997859 -0.0654083
    outer loop
      vertex 58 -61.6 2.5
      vertex 42 -61.5923 2.61747
      vertex 58 -61.5923 2.61747
    endloop
  endfacet
  facet normal 0 0.997859 -0.0654083
    outer loop
      vertex 42 -61.5923 2.61747
      vertex 58 -61.6 2.5
      vertex 42 -61.6 2.5
    endloop
  endfacet
  facet normal 0 0.896776 -0.442485
    outer loop
      vertex 58 -61.5315 2.84441
      vertex 42 -61.4794 2.95
      vertex 58 -61.4794 2.95
    endloop
  endfacet
  facet normal 0 0.896776 -0.442485
    outer loop
      vertex 42 -61.4794 2.95
      vertex 58 -61.5315 2.84441
      vertex 42 -61.5315 2.84441
    endloop
  endfacet
  facet normal 0 0.751966 -0.659202
    outer loop
      vertex 58 -61.414 3.04788
      vertex 42 -61.3364 3.1364
      vertex 58 -61.3364 3.1364
    endloop
  endfacet
  facet normal 0 0.751966 -0.659202
    outer loop
      vertex 42 -61.3364 3.1364
      vertex 58 -61.414 3.04788
      vertex 42 -61.414 3.04788
    endloop
  endfacet
  facet normal 0 0.195217 -0.98076
    outer loop
      vertex 42 -60.9329 3.36933
      vertex 58 -60.8175 3.3923
      vertex 58 -60.9329 3.36933
    endloop
  endfacet
  facet normal 0 0.195217 -0.98076
    outer loop
      vertex 58 -60.8175 3.3923
      vertex 42 -60.9329 3.36933
      vertex 42 -60.8175 3.3923
    endloop
  endfacet
  facet normal 0 0.32137 -0.946954
    outer loop
      vertex 42 -61.0444 3.33149
      vertex 58 -60.9329 3.36933
      vertex 58 -61.0444 3.33149
    endloop
  endfacet
  facet normal 0 0.32137 -0.946954
    outer loop
      vertex 58 -60.9329 3.36933
      vertex 42 -61.0444 3.33149
      vertex 42 -60.9329 3.36933
    endloop
  endfacet
  facet normal 0 0.555484 -0.831527
    outer loop
      vertex 42 -61.2479 3.21402
      vertex 58 -61.15 3.27942
      vertex 58 -61.2479 3.21402
    endloop
  endfacet
  facet normal 0 0.555484 -0.831527
    outer loop
      vertex 58 -61.15 3.27942
      vertex 42 -61.2479 3.21402
      vertex 42 -61.15 3.27942
    endloop
  endfacet
  facet normal -0 0.195217 0.98076
    outer loop
      vertex 42 -60.8175 1.6077
      vertex 58 -60.9329 1.63067
      vertex 58 -60.8175 1.6077
    endloop
  endfacet
  facet normal 0 0.195217 0.98076
    outer loop
      vertex 58 -60.9329 1.63067
      vertex 42 -60.8175 1.6077
      vertex 42 -60.9329 1.63067
    endloop
  endfacet
  facet normal -0 0.442247 0.896893
    outer loop
      vertex 42 -61.0444 1.66851
      vertex 58 -61.15 1.72058
      vertex 58 -61.0444 1.66851
    endloop
  endfacet
  facet normal 0 0.442247 0.896893
    outer loop
      vertex 58 -61.15 1.72058
      vertex 42 -61.0444 1.66851
      vertex 42 -61.15 1.72058
    endloop
  endfacet
  facet normal 0 0.896759 0.442519
    outer loop
      vertex 58 -61.4794 2.05
      vertex 42 -61.5315 2.15558
      vertex 58 -61.5315 2.15558
    endloop
  endfacet
  facet normal 0 0.896759 0.442519
    outer loop
      vertex 42 -61.5315 2.15558
      vertex 58 -61.4794 2.05
      vertex 42 -61.4794 2.05
    endloop
  endfacet
  facet normal -1 0 0
    outer loop
      vertex 58 -60.7 1.6
      vertex 58 -60.6 3.39345
      vertex 58 -60.6 1.60655
    endloop
  endfacet
  facet normal -1 0 0
    outer loop
      vertex 58 -60.7 1.6
      vertex 58 -60.7 3.4
      vertex 58 -60.6 3.39345
    endloop
  endfacet
  facet normal -1 0 0
    outer loop
      vertex 58 -60.8175 1.6077
      vertex 58 -60.7 3.4
      vertex 58 -60.7 1.6
    endloop
  endfacet
  facet normal -1 0 0
    outer loop
      vertex 58 -60.8175 1.6077
      vertex 58 -60.8175 3.3923
      vertex 58 -60.7 3.4
    endloop
  endfacet
  facet normal -1 0 0
    outer loop
      vertex 58 -60.9329 1.63067
      vertex 58 -60.8175 3.3923
      vertex 58 -60.8175 1.6077
    endloop
  endfacet
  facet normal -1 0 0
    outer loop
      vertex 58 -60.9329 1.63067
      vertex 58 -60.9329 3.36933
      vertex 58 -60.8175 3.3923
    endloop
  endfacet
  facet normal -1 0 0
    outer loop
      vertex 58 -61.0444 1.66851
      vertex 58 -60.9329 3.36933
      vertex 58 -60.9329 1.63067
    endloop
  endfacet
  facet normal -1 0 0
    outer loop
      vertex 58 -61.0444 1.66851
      vertex 58 -61.0444 3.33149
      vertex 58 -60.9329 3.36933
    endloop
  endfacet
  facet normal -1 0 0
    outer loop
      vertex 58 -61.15 1.72058
      vertex 58 -61.0444 3.33149
      vertex 58 -61.0444 1.66851
    endloop
  endfacet
  facet normal -1 0 0
    outer loop
      vertex 58 -61.15 1.72058
      vertex 58 -61.15 3.27942
      vertex 58 -61.0444 3.33149
    endloop
  endfacet
  facet normal -1 0 0
    outer loop
      vertex 58 -61.2479 1.78598
      vertex 58 -61.15 3.27942
      vertex 58 -61.15 1.72058
    endloop
  endfacet
  facet normal -1 0 0
    outer loop
      vertex 58 -61.2479 1.78598
      vertex 58 -61.2479 3.21402
      vertex 58 -61.15 3.27942
    endloop
  endfacet
  facet normal -1 0 0
    outer loop
      vertex 58 -61.3364 1.8636
      vertex 58 -61.2479 3.21402
      vertex 58 -61.2479 1.78598
    endloop
  endfacet
  facet normal -1 0 0
    outer loop
      vertex 58 -61.3364 1.8636
      vertex 58 -61.3364 3.1364
      vertex 58 -61.2479 3.21402
    endloop
  endfacet
  facet normal -1 0 0
    outer loop
      vertex 58 -61.414 1.95211
      vertex 58 -61.3364 3.1364
      vertex 58 -61.3364 1.8636
    endloop
  endfacet
  facet normal -1 0 0
    outer loop
      vertex 58 -61.414 1.95211
      vertex 58 -61.414 3.04788
      vertex 58 -61.3364 3.1364
    endloop
  endfacet
  facet normal -1 0 0
    outer loop
      vertex 58 -61.4794 2.05
      vertex 58 -61.414 3.04788
      vertex 58 -61.414 1.95211
    endloop
  endfacet
  facet normal -1 0 0
    outer loop
      vertex 58 -61.4794 2.05
      vertex 58 -61.4794 2.95
      vertex 58 -61.414 3.04788
    endloop
  endfacet
  facet normal -1 0 0
    outer loop
      vertex 58 -61.5315 2.15558
      vertex 58 -61.4794 2.95
      vertex 58 -61.4794 2.05
    endloop
  endfacet
  facet normal -1 0 0
    outer loop
      vertex 58 -61.5315 2.15558
      vertex 58 -61.5315 2.84441
      vertex 58 -61.4794 2.95
    endloop
  endfacet
  facet normal -1 0 0
    outer loop
      vertex 58 -61.5693 2.26706
      vertex 58 -61.5315 2.84441
      vertex 58 -61.5315 2.15558
    endloop
  endfacet
  facet normal -1 0 0
    outer loop
      vertex 58 -61.5693 2.26706
      vertex 58 -61.5693 2.73294
      vertex 58 -61.5315 2.84441
    endloop
  endfacet
  facet normal -1 0 0
    outer loop
      vertex 58 -61.5923 2.38253
      vertex 58 -61.5693 2.73294
      vertex 58 -61.5693 2.26706
    endloop
  endfacet
  facet normal -1 0 0
    outer loop
      vertex 58 -61.5923 2.38253
      vertex 58 -61.5923 2.61747
      vertex 58 -61.5693 2.73294
    endloop
  endfacet
  facet normal -1 0 -0
    outer loop
      vertex 58 -61.5923 2.61747
      vertex 58 -61.5923 2.38253
      vertex 58 -61.6 2.5
    endloop
  endfacet
  facet normal 0 0.980734 -0.195348
    outer loop
      vertex 58 -61.5923 2.61747
      vertex 42 -61.5693 2.73294
      vertex 58 -61.5693 2.73294
    endloop
  endfacet
  facet normal 0 0.980734 -0.195348
    outer loop
      vertex 42 -61.5693 2.73294
      vertex 58 -61.5923 2.61747
      vertex 42 -61.5923 2.61747
    endloop
  endfacet
  facet normal 0 0.831475 -0.555562
    outer loop
      vertex 58 -61.4794 2.95
      vertex 42 -61.414 3.04788
      vertex 58 -61.414 3.04788
    endloop
  endfacet
  facet normal 0 0.831475 -0.555562
    outer loop
      vertex 42 -61.414 3.04788
      vertex 58 -61.4794 2.95
      vertex 42 -61.4794 2.95
    endloop
  endfacet
  facet normal 0 -0.831501 0.555523
    outer loop
      vertex -58 61.414 1.95211
      vertex -42 61.4794 2.05
      vertex -58 61.4794 2.05
    endloop
  endfacet
  facet normal 0 -0.831501 0.555523
    outer loop
      vertex -42 61.4794 2.05
      vertex -58 61.414 1.95211
      vertex -42 61.414 1.95211
    endloop
  endfacet
  facet normal 0 -0.947031 -0.321143
    outer loop
      vertex -58 61.5693 2.73294
      vertex -42 61.5315 2.84441
      vertex -58 61.5315 2.84441
    endloop
  endfacet
  facet normal 0 -0.947031 -0.321143
    outer loop
      vertex -42 61.5315 2.84441
      vertex -58 61.5693 2.73294
      vertex -42 61.5693 2.73294
    endloop
  endfacet
  facet normal 0 -0.442247 -0.896893
    outer loop
      vertex -58 61.0444 3.33149
      vertex -42 61.15 3.27942
      vertex -42 61.0444 3.33149
    endloop
  endfacet
  facet normal -0 -0.442247 -0.896893
    outer loop
      vertex -42 61.15 3.27942
      vertex -58 61.0444 3.33149
      vertex -58 61.15 3.27942
    endloop
  endfacet
  facet normal 0 -0.442247 0.896893
    outer loop
      vertex -58 61.15 1.72058
      vertex -42 61.0444 1.66851
      vertex -42 61.15 1.72058
    endloop
  endfacet
  facet normal 0 -0.442247 0.896893
    outer loop
      vertex -42 61.0444 1.66851
      vertex -58 61.15 1.72058
      vertex -58 61.0444 1.66851
    endloop
  endfacet
  facet normal 0 -0.555484 0.831527
    outer loop
      vertex -58 61.2479 1.78598
      vertex -42 61.15 1.72058
      vertex -42 61.2479 1.78598
    endloop
  endfacet
  facet normal 0 -0.555484 0.831527
    outer loop
      vertex -42 61.15 1.72058
      vertex -58 61.2479 1.78598
      vertex -58 61.15 1.72058
    endloop
  endfacet
  facet normal 0 -0.980734 0.195348
    outer loop
      vertex -58 61.5693 2.26706
      vertex -42 61.5923 2.38253
      vertex -58 61.5923 2.38253
    endloop
  endfacet
  facet normal 0 -0.980734 0.195348
    outer loop
      vertex -42 61.5923 2.38253
      vertex -58 61.5693 2.26706
      vertex -42 61.5693 2.26706
    endloop
  endfacet
  facet normal 0 -0.997859 0.0654083
    outer loop
      vertex -58 61.5923 2.38253
      vertex -42 61.6 2.5
      vertex -58 61.6 2.5
    endloop
  endfacet
  facet normal 0 -0.997859 0.0654083
    outer loop
      vertex -42 61.6 2.5
      vertex -58 61.5923 2.38253
      vertex -42 61.5923 2.38253
    endloop
  endfacet
  facet normal 0 -0.0653917 -0.99786
    outer loop
      vertex -58 60.7 3.4
      vertex -42 60.8175 3.3923
      vertex -42 60.7 3.4
    endloop
  endfacet
  facet normal -0 -0.0653917 -0.99786
    outer loop
      vertex -42 60.8175 3.3923
      vertex -58 60.7 3.4
      vertex -58 60.8175 3.3923
    endloop
  endfacet
  facet normal 0 -0.659382 -0.751808
    outer loop
      vertex -58 61.2479 3.21402
      vertex -42 61.3364 3.1364
      vertex -42 61.2479 3.21402
    endloop
  endfacet
  facet normal -0 -0.659382 -0.751808
    outer loop
      vertex -42 61.3364 3.1364
      vertex -58 61.2479 3.21402
      vertex -58 61.3364 3.1364
    endloop
  endfacet
  facet normal 0 -0.980734 -0.195348
    outer loop
      vertex -58 61.5923 2.61747
      vertex -42 61.5693 2.73294
      vertex -58 61.5693 2.73294
    endloop
  endfacet
  facet normal 0 -0.980734 -0.195348
    outer loop
      vertex -42 61.5693 2.73294
      vertex -58 61.5923 2.61747
      vertex -42 61.5923 2.61747
    endloop
  endfacet
  facet normal 0 -0.751966 -0.659202
    outer loop
      vertex -58 61.414 3.04788
      vertex -42 61.3364 3.1364
      vertex -58 61.3364 3.1364
    endloop
  endfacet
  facet normal 0 -0.751966 -0.659202
    outer loop
      vertex -42 61.3364 3.1364
      vertex -58 61.414 3.04788
      vertex -42 61.414 3.04788
    endloop
  endfacet
  facet normal 0 -0.0653917 0.99786
    outer loop
      vertex -58 60.8175 1.6077
      vertex -42 60.7 1.6
      vertex -42 60.8175 1.6077
    endloop
  endfacet
  facet normal 0 -0.0653917 0.99786
    outer loop
      vertex -42 60.7 1.6
      vertex -58 60.8175 1.6077
      vertex -58 60.7 1.6
    endloop
  endfacet
  facet normal 0 0.0653599 -0.997862
    outer loop
      vertex -58 60.6 3.39345
      vertex -42 60.7 3.4
      vertex -42 60.6 3.39345
    endloop
  endfacet
  facet normal 0 0.0653599 -0.997862
    outer loop
      vertex -42 60.7 3.4
      vertex -58 60.6 3.39345
      vertex -58 60.7 3.4
    endloop
  endfacet
  facet normal 0 -0.195217 0.98076
    outer loop
      vertex -58 60.9329 1.63067
      vertex -42 60.8175 1.6077
      vertex -42 60.9329 1.63067
    endloop
  endfacet
  facet normal 0 -0.195217 0.98076
    outer loop
      vertex -42 60.8175 1.6077
      vertex -58 60.9329 1.63067
      vertex -58 60.8175 1.6077
    endloop
  endfacet
  facet normal 0 -0.32137 0.946954
    outer loop
      vertex -58 61.0444 1.66851
      vertex -42 60.9329 1.63067
      vertex -42 61.0444 1.66851
    endloop
  endfacet
  facet normal 0 -0.32137 0.946954
    outer loop
      vertex -42 60.9329 1.63067
      vertex -58 61.0444 1.66851
      vertex -58 60.9329 1.63067
    endloop
  endfacet
  facet normal 0 -0.659382 0.751808
    outer loop
      vertex -58 61.3364 1.8636
      vertex -42 61.2479 1.78598
      vertex -42 61.3364 1.8636
    endloop
  endfacet
  facet normal 0 -0.659382 0.751808
    outer loop
      vertex -42 61.2479 1.78598
      vertex -58 61.3364 1.8636
      vertex -58 61.2479 1.78598
    endloop
  endfacet
  facet normal 0 -0.751929 0.659244
    outer loop
      vertex -58 61.3364 1.8636
      vertex -42 61.414 1.95211
      vertex -58 61.414 1.95211
    endloop
  endfacet
  facet normal 0 -0.751929 0.659244
    outer loop
      vertex -42 61.414 1.95211
      vertex -58 61.3364 1.8636
      vertex -42 61.3364 1.8636
    endloop
  endfacet
  facet normal 0 -0.896759 0.442519
    outer loop
      vertex -58 61.4794 2.05
      vertex -42 61.5315 2.15558
      vertex -58 61.5315 2.15558
    endloop
  endfacet
  facet normal 0 -0.896759 0.442519
    outer loop
      vertex -42 61.5315 2.15558
      vertex -58 61.4794 2.05
      vertex -42 61.4794 2.05
    endloop
  endfacet
  facet normal 0 -0.32137 -0.946954
    outer loop
      vertex -58 60.9329 3.36933
      vertex -42 61.0444 3.33149
      vertex -42 60.9329 3.36933
    endloop
  endfacet
  facet normal -0 -0.32137 -0.946954
    outer loop
      vertex -42 61.0444 3.33149
      vertex -58 60.9329 3.36933
      vertex -58 61.0444 3.33149
    endloop
  endfacet
  facet normal 0 -0.195217 -0.98076
    outer loop
      vertex -58 60.8175 3.3923
      vertex -42 60.9329 3.36933
      vertex -42 60.8175 3.3923
    endloop
  endfacet
  facet normal -0 -0.195217 -0.98076
    outer loop
      vertex -42 60.9329 3.36933
      vertex -58 60.8175 3.3923
      vertex -58 60.9329 3.36933
    endloop
  endfacet
  facet normal 0 -0.555484 -0.831527
    outer loop
      vertex -58 61.15 3.27942
      vertex -42 61.2479 3.21402
      vertex -42 61.15 3.27942
    endloop
  endfacet
  facet normal -0 -0.555484 -0.831527
    outer loop
      vertex -42 61.2479 3.21402
      vertex -58 61.15 3.27942
      vertex -58 61.2479 3.21402
    endloop
  endfacet
  facet normal 0 -0.997859 -0.0654083
    outer loop
      vertex -58 61.6 2.5
      vertex -42 61.5923 2.61747
      vertex -58 61.5923 2.61747
    endloop
  endfacet
  facet normal 0 -0.997859 -0.0654083
    outer loop
      vertex -42 61.5923 2.61747
      vertex -58 61.6 2.5
      vertex -42 61.6 2.5
    endloop
  endfacet
  facet normal 0 -0.831475 -0.555562
    outer loop
      vertex -58 61.4794 2.95
      vertex -42 61.414 3.04788
      vertex -58 61.414 3.04788
    endloop
  endfacet
  facet normal 0 -0.831475 -0.555562
    outer loop
      vertex -42 61.414 3.04788
      vertex -58 61.4794 2.95
      vertex -42 61.4794 2.95
    endloop
  endfacet
  facet normal 0 -0.896776 -0.442485
    outer loop
      vertex -58 61.5315 2.84441
      vertex -42 61.4794 2.95
      vertex -58 61.4794 2.95
    endloop
  endfacet
  facet normal 0 -0.896776 -0.442485
    outer loop
      vertex -42 61.4794 2.95
      vertex -58 61.5315 2.84441
      vertex -42 61.5315 2.84441
    endloop
  endfacet
  facet normal -0 0.0653599 0.997862
    outer loop
      vertex -58 60.7 1.6
      vertex -42 60.6 1.60655
      vertex -42 60.7 1.6
    endloop
  endfacet
  facet normal 0 0.0653599 0.997862
    outer loop
      vertex -42 60.6 1.60655
      vertex -58 60.7 1.6
      vertex -58 60.6 1.60655
    endloop
  endfacet
  facet normal 1 0 0
    outer loop
      vertex -58 61.5923 2.61747
      vertex -58 61.5923 2.38253
      vertex -58 61.6 2.5
    endloop
  endfacet
  facet normal 1 0 0
    outer loop
      vertex -58 61.5693 2.73294
      vertex -58 61.5923 2.38253
      vertex -58 61.5923 2.61747
    endloop
  endfacet
  facet normal 1 0 0
    outer loop
      vertex -58 61.5693 2.73294
      vertex -58 61.5693 2.26706
      vertex -58 61.5923 2.38253
    endloop
  endfacet
  facet normal 1 0 0
    outer loop
      vertex -58 61.5315 2.84441
      vertex -58 61.5693 2.26706
      vertex -58 61.5693 2.73294
    endloop
  endfacet
  facet normal 1 0 0
    outer loop
      vertex -58 61.5315 2.84441
      vertex -58 61.5315 2.15558
      vertex -58 61.5693 2.26706
    endloop
  endfacet
  facet normal 1 0 0
    outer loop
      vertex -58 61.4794 2.95
      vertex -58 61.5315 2.15558
      vertex -58 61.5315 2.84441
    endloop
  endfacet
  facet normal 1 0 0
    outer loop
      vertex -58 61.4794 2.95
      vertex -58 61.4794 2.05
      vertex -58 61.5315 2.15558
    endloop
  endfacet
  facet normal 1 0 0
    outer loop
      vertex -58 61.414 3.04788
      vertex -58 61.4794 2.05
      vertex -58 61.4794 2.95
    endloop
  endfacet
  facet normal 1 0 0
    outer loop
      vertex -58 61.414 3.04788
      vertex -58 61.414 1.95211
      vertex -58 61.4794 2.05
    endloop
  endfacet
  facet normal 1 0 0
    outer loop
      vertex -58 61.3364 3.1364
      vertex -58 61.414 1.95211
      vertex -58 61.414 3.04788
    endloop
  endfacet
  facet normal 1 0 0
    outer loop
      vertex -58 61.3364 3.1364
      vertex -58 61.3364 1.8636
      vertex -58 61.414 1.95211
    endloop
  endfacet
  facet normal 1 0 0
    outer loop
      vertex -58 61.2479 3.21402
      vertex -58 61.3364 1.8636
      vertex -58 61.3364 3.1364
    endloop
  endfacet
  facet normal 1 0 0
    outer loop
      vertex -58 61.2479 3.21402
      vertex -58 61.2479 1.78598
      vertex -58 61.3364 1.8636
    endloop
  endfacet
  facet normal 1 0 0
    outer loop
      vertex -58 61.15 3.27942
      vertex -58 61.2479 1.78598
      vertex -58 61.2479 3.21402
    endloop
  endfacet
  facet normal 1 0 0
    outer loop
      vertex -58 61.15 3.27942
      vertex -58 61.15 1.72058
      vertex -58 61.2479 1.78598
    endloop
  endfacet
  facet normal 1 0 0
    outer loop
      vertex -58 61.0444 3.33149
      vertex -58 61.15 1.72058
      vertex -58 61.15 3.27942
    endloop
  endfacet
  facet normal 1 0 0
    outer loop
      vertex -58 61.0444 3.33149
      vertex -58 61.0444 1.66851
      vertex -58 61.15 1.72058
    endloop
  endfacet
  facet normal 1 0 0
    outer loop
      vertex -58 60.9329 3.36933
      vertex -58 61.0444 1.66851
      vertex -58 61.0444 3.33149
    endloop
  endfacet
  facet normal 1 0 0
    outer loop
      vertex -58 60.9329 3.36933
      vertex -58 60.9329 1.63067
      vertex -58 61.0444 1.66851
    endloop
  endfacet
  facet normal 1 0 0
    outer loop
      vertex -58 60.8175 3.3923
      vertex -58 60.9329 1.63067
      vertex -58 60.9329 3.36933
    endloop
  endfacet
  facet normal 1 0 0
    outer loop
      vertex -58 60.8175 3.3923
      vertex -58 60.8175 1.6077
      vertex -58 60.9329 1.63067
    endloop
  endfacet
  facet normal 1 0 0
    outer loop
      vertex -58 60.7 3.4
      vertex -58 60.8175 1.6077
      vertex -58 60.8175 3.3923
    endloop
  endfacet
  facet normal 1 0 0
    outer loop
      vertex -58 60.7 3.4
      vertex -58 60.7 1.6
      vertex -58 60.8175 1.6077
    endloop
  endfacet
  facet normal 1 -0 0
    outer loop
      vertex -58 60.6 3.39345
      vertex -58 60.7 1.6
      vertex -58 60.7 3.4
    endloop
  endfacet
  facet normal 1 0 0
    outer loop
      vertex -58 60.7 1.6
      vertex -58 60.6 3.39345
      vertex -58 60.6 1.60655
    endloop
  endfacet
  facet normal 0 -0.94704 0.321117
    outer loop
      vertex -58 61.5315 2.15558
      vertex -42 61.5693 2.26706
      vertex -58 61.5693 2.26706
    endloop
  endfacet
  facet normal 0 -0.94704 0.321117
    outer loop
      vertex -42 61.5693 2.26706
      vertex -58 61.5315 2.15558
      vertex -42 61.5315 2.15558
    endloop
  endfacet
  facet normal -1 0 0
    outer loop
      vertex -42 61.5923 2.38253
      vertex -42 61.5923 2.61747
      vertex -42 61.6 2.5
    endloop
  endfacet
  facet normal -1 0 0
    outer loop
      vertex -42 61.5693 2.26706
      vertex -42 61.5923 2.61747
      vertex -42 61.5923 2.38253
    endloop
  endfacet
  facet normal -1 0 0
    outer loop
      vertex -42 61.5693 2.26706
      vertex -42 61.5693 2.73294
      vertex -42 61.5923 2.61747
    endloop
  endfacet
  facet normal -1 0 0
    outer loop
      vertex -42 61.5315 2.15558
      vertex -42 61.5693 2.73294
      vertex -42 61.5693 2.26706
    endloop
  endfacet
  facet normal -1 0 0
    outer loop
      vertex -42 61.5315 2.15558
      vertex -42 61.5315 2.84441
      vertex -42 61.5693 2.73294
    endloop
  endfacet
  facet normal -1 0 0
    outer loop
      vertex -42 61.4794 2.05
      vertex -42 61.5315 2.84441
      vertex -42 61.5315 2.15558
    endloop
  endfacet
  facet normal -1 0 0
    outer loop
      vertex -42 61.4794 2.05
      vertex -42 61.4794 2.95
      vertex -42 61.5315 2.84441
    endloop
  endfacet
  facet normal -1 0 0
    outer loop
      vertex -42 61.414 1.95211
      vertex -42 61.4794 2.95
      vertex -42 61.4794 2.05
    endloop
  endfacet
  facet normal -1 0 0
    outer loop
      vertex -42 61.414 1.95211
      vertex -42 61.414 3.04788
      vertex -42 61.4794 2.95
    endloop
  endfacet
  facet normal -1 0 0
    outer loop
      vertex -42 61.3364 1.8636
      vertex -42 61.414 3.04788
      vertex -42 61.414 1.95211
    endloop
  endfacet
  facet normal -1 0 0
    outer loop
      vertex -42 61.3364 1.8636
      vertex -42 61.3364 3.1364
      vertex -42 61.414 3.04788
    endloop
  endfacet
  facet normal -1 0 0
    outer loop
      vertex -42 61.2479 1.78598
      vertex -42 61.3364 3.1364
      vertex -42 61.3364 1.8636
    endloop
  endfacet
  facet normal -1 0 0
    outer loop
      vertex -42 61.2479 1.78598
      vertex -42 61.2479 3.21402
      vertex -42 61.3364 3.1364
    endloop
  endfacet
  facet normal -1 0 0
    outer loop
      vertex -42 61.15 1.72058
      vertex -42 61.2479 3.21402
      vertex -42 61.2479 1.78598
    endloop
  endfacet
  facet normal -1 0 0
    outer loop
      vertex -42 61.15 1.72058
      vertex -42 61.15 3.27942
      vertex -42 61.2479 3.21402
    endloop
  endfacet
  facet normal -1 0 0
    outer loop
      vertex -42 61.0444 1.66851
      vertex -42 61.15 3.27942
      vertex -42 61.15 1.72058
    endloop
  endfacet
  facet normal -1 0 0
    outer loop
      vertex -42 61.0444 1.66851
      vertex -42 61.0444 3.33149
      vertex -42 61.15 3.27942
    endloop
  endfacet
  facet normal -1 0 0
    outer loop
      vertex -42 60.9329 1.63067
      vertex -42 61.0444 3.33149
      vertex -42 61.0444 1.66851
    endloop
  endfacet
  facet normal -1 0 0
    outer loop
      vertex -42 60.9329 1.63067
      vertex -42 60.9329 3.36933
      vertex -42 61.0444 3.33149
    endloop
  endfacet
  facet normal -1 0 0
    outer loop
      vertex -42 60.8175 1.6077
      vertex -42 60.9329 3.36933
      vertex -42 60.9329 1.63067
    endloop
  endfacet
  facet normal -1 0 0
    outer loop
      vertex -42 60.8175 1.6077
      vertex -42 60.8175 3.3923
      vertex -42 60.9329 3.36933
    endloop
  endfacet
  facet normal -1 0 0
    outer loop
      vertex -42 60.7 1.6
      vertex -42 60.8175 3.3923
      vertex -42 60.8175 1.6077
    endloop
  endfacet
  facet normal -1 0 0
    outer loop
      vertex -42 60.7 1.6
      vertex -42 60.7 3.4
      vertex -42 60.8175 3.3923
    endloop
  endfacet
  facet normal -1 0 0
    outer loop
      vertex -42 60.6 1.60655
      vertex -42 60.7 3.4
      vertex -42 60.7 1.6
    endloop
  endfacet
  facet normal -1 0 0
    outer loop
      vertex -42 60.7 3.4
      vertex -42 60.6 1.60655
      vertex -42 60.6 3.39345
    endloop
  endfacet
  facet normal 0 -0.831501 0.555523
    outer loop
      vertex 42 61.414 1.95211
      vertex 58 61.4794 2.05
      vertex 42 61.4794 2.05
    endloop
  endfacet
  facet normal 0 -0.831501 0.555523
    outer loop
      vertex 58 61.4794 2.05
      vertex 42 61.414 1.95211
      vertex 58 61.414 1.95211
    endloop
  endfacet
  facet normal 0 -0.947031 -0.321143
    outer loop
      vertex 42 61.5693 2.73294
      vertex 58 61.5315 2.84441
      vertex 42 61.5315 2.84441
    endloop
  endfacet
  facet normal 0 -0.947031 -0.321143
    outer loop
      vertex 58 61.5315 2.84441
      vertex 42 61.5693 2.73294
      vertex 58 61.5693 2.73294
    endloop
  endfacet
  facet normal 0 -0.442247 -0.896893
    outer loop
      vertex 42 61.0444 3.33149
      vertex 58 61.15 3.27942
      vertex 58 61.0444 3.33149
    endloop
  endfacet
  facet normal -0 -0.442247 -0.896893
    outer loop
      vertex 58 61.15 3.27942
      vertex 42 61.0444 3.33149
      vertex 42 61.15 3.27942
    endloop
  endfacet
  facet normal 0 -0.442247 0.896893
    outer loop
      vertex 42 61.15 1.72058
      vertex 58 61.0444 1.66851
      vertex 58 61.15 1.72058
    endloop
  endfacet
  facet normal 0 -0.442247 0.896893
    outer loop
      vertex 58 61.0444 1.66851
      vertex 42 61.15 1.72058
      vertex 42 61.0444 1.66851
    endloop
  endfacet
  facet normal 0 -0.555484 0.831527
    outer loop
      vertex 42 61.2479 1.78598
      vertex 58 61.15 1.72058
      vertex 58 61.2479 1.78598
    endloop
  endfacet
  facet normal 0 -0.555484 0.831527
    outer loop
      vertex 58 61.15 1.72058
      vertex 42 61.2479 1.78598
      vertex 42 61.15 1.72058
    endloop
  endfacet
  facet normal 0 -0.94704 0.321117
    outer loop
      vertex 42 61.5315 2.15558
      vertex 58 61.5693 2.26706
      vertex 42 61.5693 2.26706
    endloop
  endfacet
  facet normal 0 -0.94704 0.321117
    outer loop
      vertex 58 61.5693 2.26706
      vertex 42 61.5315 2.15558
      vertex 58 61.5315 2.15558
    endloop
  endfacet
  facet normal 0 -0.980734 0.195348
    outer loop
      vertex 42 61.5693 2.26706
      vertex 58 61.5923 2.38253
      vertex 42 61.5923 2.38253
    endloop
  endfacet
  facet normal 0 -0.980734 0.195348
    outer loop
      vertex 58 61.5923 2.38253
      vertex 42 61.5693 2.26706
      vertex 58 61.5693 2.26706
    endloop
  endfacet
  facet normal 0 -0.997859 0.0654083
    outer loop
      vertex 42 61.5923 2.38253
      vertex 58 61.6 2.5
      vertex 42 61.6 2.5
    endloop
  endfacet
  facet normal 0 -0.997859 0.0654083
    outer loop
      vertex 58 61.6 2.5
      vertex 42 61.5923 2.38253
      vertex 58 61.5923 2.38253
    endloop
  endfacet
  facet normal 0 -0.0653917 -0.99786
    outer loop
      vertex 42 60.7 3.4
      vertex 58 60.8175 3.3923
      vertex 58 60.7 3.4
    endloop
  endfacet
  facet normal -0 -0.0653917 -0.99786
    outer loop
      vertex 58 60.8175 3.3923
      vertex 42 60.7 3.4
      vertex 42 60.8175 3.3923
    endloop
  endfacet
  facet normal 0 -0.659382 -0.751808
    outer loop
      vertex 42 61.2479 3.21402
      vertex 58 61.3364 3.1364
      vertex 58 61.2479 3.21402
    endloop
  endfacet
  facet normal -0 -0.659382 -0.751808
    outer loop
      vertex 58 61.3364 3.1364
      vertex 42 61.2479 3.21402
      vertex 42 61.3364 3.1364
    endloop
  endfacet
  facet normal 0 -0.980734 -0.195348
    outer loop
      vertex 42 61.5923 2.61747
      vertex 58 61.5693 2.73294
      vertex 42 61.5693 2.73294
    endloop
  endfacet
  facet normal 0 -0.980734 -0.195348
    outer loop
      vertex 58 61.5693 2.73294
      vertex 42 61.5923 2.61747
      vertex 58 61.5923 2.61747
    endloop
  endfacet
  facet normal 0 -0.751966 -0.659202
    outer loop
      vertex 42 61.414 3.04788
      vertex 58 61.3364 3.1364
      vertex 42 61.3364 3.1364
    endloop
  endfacet
  facet normal 0 -0.751966 -0.659202
    outer loop
      vertex 58 61.3364 3.1364
      vertex 42 61.414 3.04788
      vertex 58 61.414 3.04788
    endloop
  endfacet
  facet normal 0 -0.0653917 0.99786
    outer loop
      vertex 42 60.8175 1.6077
      vertex 58 60.7 1.6
      vertex 58 60.8175 1.6077
    endloop
  endfacet
  facet normal 0 -0.0653917 0.99786
    outer loop
      vertex 58 60.7 1.6
      vertex 42 60.8175 1.6077
      vertex 42 60.7 1.6
    endloop
  endfacet
  facet normal 0 0.0653599 -0.997862
    outer loop
      vertex 42 60.6 3.39345
      vertex 58 60.7 3.4
      vertex 58 60.6 3.39345
    endloop
  endfacet
  facet normal 0 0.0653599 -0.997862
    outer loop
      vertex 58 60.7 3.4
      vertex 42 60.6 3.39345
      vertex 42 60.7 3.4
    endloop
  endfacet
  facet normal 0 -0.195217 0.98076
    outer loop
      vertex 42 60.9329 1.63067
      vertex 58 60.8175 1.6077
      vertex 58 60.9329 1.63067
    endloop
  endfacet
  facet normal 0 -0.195217 0.98076
    outer loop
      vertex 58 60.8175 1.6077
      vertex 42 60.9329 1.63067
      vertex 42 60.8175 1.6077
    endloop
  endfacet
  facet normal 0 -0.32137 0.946954
    outer loop
      vertex 42 61.0444 1.66851
      vertex 58 60.9329 1.63067
      vertex 58 61.0444 1.66851
    endloop
  endfacet
  facet normal 0 -0.32137 0.946954
    outer loop
      vertex 58 60.9329 1.63067
      vertex 42 61.0444 1.66851
      vertex 42 60.9329 1.63067
    endloop
  endfacet
  facet normal 0 -0.659382 0.751808
    outer loop
      vertex 42 61.3364 1.8636
      vertex 58 61.2479 1.78598
      vertex 58 61.3364 1.8636
    endloop
  endfacet
  facet normal 0 -0.659382 0.751808
    outer loop
      vertex 58 61.2479 1.78598
      vertex 42 61.3364 1.8636
      vertex 42 61.2479 1.78598
    endloop
  endfacet
  facet normal 0 -0.751929 0.659244
    outer loop
      vertex 42 61.3364 1.8636
      vertex 58 61.414 1.95211
      vertex 42 61.414 1.95211
    endloop
  endfacet
  facet normal 0 -0.751929 0.659244
    outer loop
      vertex 58 61.414 1.95211
      vertex 42 61.3364 1.8636
      vertex 58 61.3364 1.8636
    endloop
  endfacet
  facet normal 0 -0.896759 0.442519
    outer loop
      vertex 42 61.4794 2.05
      vertex 58 61.5315 2.15558
      vertex 42 61.5315 2.15558
    endloop
  endfacet
  facet normal 0 -0.896759 0.442519
    outer loop
      vertex 58 61.5315 2.15558
      vertex 42 61.4794 2.05
      vertex 58 61.4794 2.05
    endloop
  endfacet
  facet normal 0 -0.32137 -0.946954
    outer loop
      vertex 42 60.9329 3.36933
      vertex 58 61.0444 3.33149
      vertex 58 60.9329 3.36933
    endloop
  endfacet
  facet normal -0 -0.32137 -0.946954
    outer loop
      vertex 58 61.0444 3.33149
      vertex 42 60.9329 3.36933
      vertex 42 61.0444 3.33149
    endloop
  endfacet
  facet normal 0 -0.195217 -0.98076
    outer loop
      vertex 42 60.8175 3.3923
      vertex 58 60.9329 3.36933
      vertex 58 60.8175 3.3923
    endloop
  endfacet
  facet normal -0 -0.195217 -0.98076
    outer loop
      vertex 58 60.9329 3.36933
      vertex 42 60.8175 3.3923
      vertex 42 60.9329 3.36933
    endloop
  endfacet
  facet normal 0 -0.555484 -0.831527
    outer loop
      vertex 42 61.15 3.27942
      vertex 58 61.2479 3.21402
      vertex 58 61.15 3.27942
    endloop
  endfacet
  facet normal -0 -0.555484 -0.831527
    outer loop
      vertex 58 61.2479 3.21402
      vertex 42 61.15 3.27942
      vertex 42 61.2479 3.21402
    endloop
  endfacet
  facet normal 0 -0.997859 -0.0654083
    outer loop
      vertex 42 61.6 2.5
      vertex 58 61.5923 2.61747
      vertex 42 61.5923 2.61747
    endloop
  endfacet
  facet normal 0 -0.997859 -0.0654083
    outer loop
      vertex 58 61.5923 2.61747
      vertex 42 61.6 2.5
      vertex 58 61.6 2.5
    endloop
  endfacet
  facet normal 0 -0.831475 -0.555562
    outer loop
      vertex 42 61.4794 2.95
      vertex 58 61.414 3.04788
      vertex 42 61.414 3.04788
    endloop
  endfacet
  facet normal 0 -0.831475 -0.555562
    outer loop
      vertex 58 61.414 3.04788
      vertex 42 61.4794 2.95
      vertex 58 61.4794 2.95
    endloop
  endfacet
  facet normal 0 -0.896776 -0.442485
    outer loop
      vertex 42 61.5315 2.84441
      vertex 58 61.4794 2.95
      vertex 42 61.4794 2.95
    endloop
  endfacet
  facet normal 0 -0.896776 -0.442485
    outer loop
      vertex 58 61.4794 2.95
      vertex 42 61.5315 2.84441
      vertex 58 61.5315 2.84441
    endloop
  endfacet
  facet normal -0 0.0653599 0.997862
    outer loop
      vertex 42 60.7 1.6
      vertex 58 60.6 1.60655
      vertex 58 60.7 1.6
    endloop
  endfacet
  facet normal 0 0.0653599 0.997862
    outer loop
      vertex 58 60.6 1.60655
      vertex 42 60.7 1.6
      vertex 42 60.6 1.60655
    endloop
  endfacet
  facet normal 1 0 0
    outer loop
      vertex 42 61.5923 2.61747
      vertex 42 61.5923 2.38253
      vertex 42 61.6 2.5
    endloop
  endfacet
  facet normal 1 0 0
    outer loop
      vertex 42 61.5693 2.73294
      vertex 42 61.5923 2.38253
      vertex 42 61.5923 2.61747
    endloop
  endfacet
  facet normal 1 0 0
    outer loop
      vertex 42 61.5693 2.73294
      vertex 42 61.5693 2.26706
      vertex 42 61.5923 2.38253
    endloop
  endfacet
  facet normal 1 0 0
    outer loop
      vertex 42 61.5315 2.84441
      vertex 42 61.5693 2.26706
      vertex 42 61.5693 2.73294
    endloop
  endfacet
  facet normal 1 0 0
    outer loop
      vertex 42 61.5315 2.84441
      vertex 42 61.5315 2.15558
      vertex 42 61.5693 2.26706
    endloop
  endfacet
  facet normal 1 0 0
    outer loop
      vertex 42 61.4794 2.95
      vertex 42 61.5315 2.15558
      vertex 42 61.5315 2.84441
    endloop
  endfacet
  facet normal 1 0 0
    outer loop
      vertex 42 61.4794 2.95
      vertex 42 61.4794 2.05
      vertex 42 61.5315 2.15558
    endloop
  endfacet
  facet normal 1 0 0
    outer loop
      vertex 42 61.414 3.04788
      vertex 42 61.4794 2.05
      vertex 42 61.4794 2.95
    endloop
  endfacet
  facet normal 1 0 0
    outer loop
      vertex 42 61.414 3.04788
      vertex 42 61.414 1.95211
      vertex 42 61.4794 2.05
    endloop
  endfacet
  facet normal 1 0 0
    outer loop
      vertex 42 61.3364 3.1364
      vertex 42 61.414 1.95211
      vertex 42 61.414 3.04788
    endloop
  endfacet
  facet normal 1 0 0
    outer loop
      vertex 42 61.3364 3.1364
      vertex 42 61.3364 1.8636
      vertex 42 61.414 1.95211
    endloop
  endfacet
  facet normal 1 0 0
    outer loop
      vertex 42 61.2479 3.21402
      vertex 42 61.3364 1.8636
      vertex 42 61.3364 3.1364
    endloop
  endfacet
  facet normal 1 0 0
    outer loop
      vertex 42 61.2479 3.21402
      vertex 42 61.2479 1.78598
      vertex 42 61.3364 1.8636
    endloop
  endfacet
  facet normal 1 0 0
    outer loop
      vertex 42 61.15 3.27942
      vertex 42 61.2479 1.78598
      vertex 42 61.2479 3.21402
    endloop
  endfacet
  facet normal 1 0 0
    outer loop
      vertex 42 61.15 3.27942
      vertex 42 61.15 1.72058
      vertex 42 61.2479 1.78598
    endloop
  endfacet
  facet normal 1 0 0
    outer loop
      vertex 42 61.0444 3.33149
      vertex 42 61.15 1.72058
      vertex 42 61.15 3.27942
    endloop
  endfacet
  facet normal 1 0 0
    outer loop
      vertex 42 61.0444 3.33149
      vertex 42 61.0444 1.66851
      vertex 42 61.15 1.72058
    endloop
  endfacet
  facet normal 1 0 0
    outer loop
      vertex 42 60.9329 3.36933
      vertex 42 61.0444 1.66851
      vertex 42 61.0444 3.33149
    endloop
  endfacet
  facet normal 1 0 0
    outer loop
      vertex 42 60.9329 3.36933
      vertex 42 60.9329 1.63067
      vertex 42 61.0444 1.66851
    endloop
  endfacet
  facet normal 1 0 0
    outer loop
      vertex 42 60.8175 3.3923
      vertex 42 60.9329 1.63067
      vertex 42 60.9329 3.36933
    endloop
  endfacet
  facet normal 1 0 0
    outer loop
      vertex 42 60.8175 3.3923
      vertex 42 60.8175 1.6077
      vertex 42 60.9329 1.63067
    endloop
  endfacet
  facet normal 1 0 0
    outer loop
      vertex 42 60.7 3.4
      vertex 42 60.8175 1.6077
      vertex 42 60.8175 3.3923
    endloop
  endfacet
  facet normal 1 0 0
    outer loop
      vertex 42 60.7 3.4
      vertex 42 60.7 1.6
      vertex 42 60.8175 1.6077
    endloop
  endfacet
  facet normal 1 -0 0
    outer loop
      vertex 42 60.6 3.39345
      vertex 42 60.7 1.6
      vertex 42 60.7 3.4
    endloop
  endfacet
  facet normal 1 0 0
    outer loop
      vertex 42 60.7 1.6
      vertex 42 60.6 3.39345
      vertex 42 60.6 1.60655
    endloop
  endfacet
  facet normal -1 0 0
    outer loop
      vertex 58 61.5923 2.38253
      vertex 58 61.5923 2.61747
      vertex 58 61.6 2.5
    endloop
  endfacet
  facet normal -1 0 0
    outer loop
      vertex 58 61.5693 2.26706
      vertex 58 61.5923 2.61747
      vertex 58 61.5923 2.38253
    endloop
  endfacet
  facet normal -1 0 0
    outer loop
      vertex 58 61.5693 2.26706
      vertex 58 61.5693 2.73294
      vertex 58 61.5923 2.61747
    endloop
  endfacet
  facet normal -1 0 0
    outer loop
      vertex 58 61.5315 2.15558
      vertex 58 61.5693 2.73294
      vertex 58 61.5693 2.26706
    endloop
  endfacet
  facet normal -1 0 0
    outer loop
      vertex 58 61.5315 2.15558
      vertex 58 61.5315 2.84441
      vertex 58 61.5693 2.73294
    endloop
  endfacet
  facet normal -1 0 0
    outer loop
      vertex 58 61.4794 2.05
      vertex 58 61.5315 2.84441
      vertex 58 61.5315 2.15558
    endloop
  endfacet
  facet normal -1 0 0
    outer loop
      vertex 58 61.4794 2.05
      vertex 58 61.4794 2.95
      vertex 58 61.5315 2.84441
    endloop
  endfacet
  facet normal -1 0 0
    outer loop
      vertex 58 61.414 1.95211
      vertex 58 61.4794 2.95
      vertex 58 61.4794 2.05
    endloop
  endfacet
  facet normal -1 0 0
    outer loop
      vertex 58 61.414 1.95211
      vertex 58 61.414 3.04788
      vertex 58 61.4794 2.95
    endloop
  endfacet
  facet normal -1 0 0
    outer loop
      vertex 58 61.3364 1.8636
      vertex 58 61.414 3.04788
      vertex 58 61.414 1.95211
    endloop
  endfacet
  facet normal -1 0 0
    outer loop
      vertex 58 61.3364 1.8636
      vertex 58 61.3364 3.1364
      vertex 58 61.414 3.04788
    endloop
  endfacet
  facet normal -1 0 0
    outer loop
      vertex 58 61.2479 1.78598
      vertex 58 61.3364 3.1364
      vertex 58 61.3364 1.8636
    endloop
  endfacet
  facet normal -1 0 0
    outer loop
      vertex 58 61.2479 1.78598
      vertex 58 61.2479 3.21402
      vertex 58 61.3364 3.1364
    endloop
  endfacet
  facet normal -1 0 0
    outer loop
      vertex 58 61.15 1.72058
      vertex 58 61.2479 3.21402
      vertex 58 61.2479 1.78598
    endloop
  endfacet
  facet normal -1 0 0
    outer loop
      vertex 58 61.15 1.72058
      vertex 58 61.15 3.27942
      vertex 58 61.2479 3.21402
    endloop
  endfacet
  facet normal -1 0 0
    outer loop
      vertex 58 61.0444 1.66851
      vertex 58 61.15 3.27942
      vertex 58 61.15 1.72058
    endloop
  endfacet
  facet normal -1 0 0
    outer loop
      vertex 58 61.0444 1.66851
      vertex 58 61.0444 3.33149
      vertex 58 61.15 3.27942
    endloop
  endfacet
  facet normal -1 0 0
    outer loop
      vertex 58 60.9329 1.63067
      vertex 58 61.0444 3.33149
      vertex 58 61.0444 1.66851
    endloop
  endfacet
  facet normal -1 0 0
    outer loop
      vertex 58 60.9329 1.63067
      vertex 58 60.9329 3.36933
      vertex 58 61.0444 3.33149
    endloop
  endfacet
  facet normal -1 0 0
    outer loop
      vertex 58 60.8175 1.6077
      vertex 58 60.9329 3.36933
      vertex 58 60.9329 1.63067
    endloop
  endfacet
  facet normal -1 0 0
    outer loop
      vertex 58 60.8175 1.6077
      vertex 58 60.8175 3.3923
      vertex 58 60.9329 3.36933
    endloop
  endfacet
  facet normal -1 0 0
    outer loop
      vertex 58 60.7 1.6
      vertex 58 60.8175 3.3923
      vertex 58 60.8175 1.6077
    endloop
  endfacet
  facet normal -1 0 0
    outer loop
      vertex 58 60.7 1.6
      vertex 58 60.7 3.4
      vertex 58 60.8175 3.3923
    endloop
  endfacet
  facet normal -1 0 0
    outer loop
      vertex 58 60.6 1.60655
      vertex 58 60.7 3.4
      vertex 58 60.7 1.6
    endloop
  endfacet
  facet normal -1 0 0
    outer loop
      vertex 58 60.7 3.4
      vertex 58 60.6 1.60655
      vertex 58 60.6 3.39345
    endloop
  endfacet
  facet normal 0 0 -1
    outer loop
      vertex -104.5 -63 0
      vertex -7 -60.6 0
      vertex -7 -63 0
    endloop
  endfacet
  facet normal 0 0 -1
    outer loop
      vertex -104.5 -63 0
      vertex -104.5 -60.6 0
      vertex -7 -60.6 0
    endloop
  endfacet
  facet normal 0 0 -1
    outer loop
      vertex -104.5 -63 0
      vertex -105.427 -60.5393 0
      vertex -104.5 -60.6 0
    endloop
  endfacet
  facet normal 0 0 -1
    outer loop
      vertex -105.74 -62.9187 0
      vertex -105.427 -60.5393 0
      vertex -104.5 -63 0
    endloop
  endfacet
  facet normal 0 0 -1
    outer loop
      vertex -105.74 -62.9187 0
      vertex -106.338 -60.3581 0
      vertex -105.427 -60.5393 0
    endloop
  endfacet
  facet normal 0 0 -1
    outer loop
      vertex -106.959 -62.6763 0
      vertex -106.338 -60.3581 0
      vertex -105.74 -62.9187 0
    endloop
  endfacet
  facet normal 0 0 -1
    outer loop
      vertex -106.959 -62.6763 0
      vertex -107.217 -60.0595 0
      vertex -106.338 -60.3581 0
    endloop
  endfacet
  facet normal 0 0 -1
    outer loop
      vertex -108.135 -62.2769 0
      vertex -107.217 -60.0595 0
      vertex -106.959 -62.6763 0
    endloop
  endfacet
  facet normal -0 0 -1
    outer loop
      vertex -107.217 -60.0595 0
      vertex -108.135 -62.2769 0
      vertex -108.05 -59.6488 0
    endloop
  endfacet
  facet normal 0 0 -1
    outer loop
      vertex -109.25 -61.7272 0
      vertex -108.05 -59.6488 0
      vertex -108.135 -62.2769 0
    endloop
  endfacet
  facet normal -0 0 -1
    outer loop
      vertex -108.05 -59.6488 0
      vertex -109.25 -61.7272 0
      vertex -108.822 -59.1328 0
    endloop
  endfacet
  facet normal 0 0 -1
    outer loop
      vertex -110.283 -61.0369 0
      vertex -108.822 -59.1328 0
      vertex -109.25 -61.7272 0
    endloop
  endfacet
  facet normal -0 0 -1
    outer loop
      vertex -108.822 -59.1328 0
      vertex -110.283 -61.0369 0
      vertex -109.52 -58.5205 0
    endloop
  endfacet
  facet normal 0 0 -1
    outer loop
      vertex -111.218 -60.2175 0
      vertex -109.52 -58.5205 0
      vertex -110.283 -61.0369 0
    endloop
  endfacet
  facet normal -0 0 -1
    outer loop
      vertex -109.52 -58.5205 0
      vertex -111.218 -60.2175 0
      vertex -110.133 -57.8222 0
    endloop
  endfacet
  facet normal 0 0 -1
    outer loop
      vertex -112.037 -59.2832 0
      vertex -110.133 -57.8222 0
      vertex -111.218 -60.2175 0
    endloop
  endfacet
  facet normal -0 0 -1
    outer loop
      vertex -110.133 -57.8222 0
      vertex -112.037 -59.2832 0
      vertex -110.649 -57.05 0
    endloop
  endfacet
  facet normal 0 0 -1
    outer loop
      vertex -112.727 -58.25 0
      vertex -110.649 -57.05 0
      vertex -112.037 -59.2832 0
    endloop
  endfacet
  facet normal -0 0 -1
    outer loop
      vertex -110.649 -57.05 0
      vertex -112.727 -58.25 0
      vertex -111.06 -56.2171 0
    endloop
  endfacet
  facet normal 0 0 -1
    outer loop
      vertex -113.277 -57.1355 0
      vertex -111.06 -56.2171 0
      vertex -112.727 -58.25 0
    endloop
  endfacet
  facet normal 0 0 -1
    outer loop
      vertex -113.676 -55.9588 0
      vertex -111.358 -55.3376 0
      vertex -113.277 -57.1355 0
    endloop
  endfacet
  facet normal -0 0 -1
    outer loop
      vertex -111.06 -56.2171 0
      vertex -113.277 -57.1355 0
      vertex -111.358 -55.3376 0
    endloop
  endfacet
  facet normal 0 0 -1
    outer loop
      vertex 111.6 53.5 0
      vertex 114 53.5 0
      vertex 114 7 0
    endloop
  endfacet
  facet normal 0 0 -1
    outer loop
      vertex 114 53.5 0
      vertex 111.6 53.5 0
      vertex 113.919 54.74 0
    endloop
  endfacet
  facet normal 0 0 -1
    outer loop
      vertex 111.539 54.4267 0
      vertex 113.919 54.74 0
      vertex 111.6 53.5 0
    endloop
  endfacet
  facet normal -0 0 -1
    outer loop
      vertex 113.919 54.74 0
      vertex 111.539 54.4267 0
      vertex 113.676 55.9588 0
    endloop
  endfacet
  facet normal 0 0 -1
    outer loop
      vertex 111.358 55.3376 0
      vertex 113.676 55.9588 0
      vertex 111.539 54.4267 0
    endloop
  endfacet
  facet normal 0 0 -1
    outer loop
      vertex 111.6 53.5 0
      vertex 114 7 0
      vertex 111.6 7 0
    endloop
  endfacet
  facet normal -0 0 -1
    outer loop
      vertex 113.676 55.9588 0
      vertex 111.358 55.3376 0
      vertex 113.277 57.1355 0
    endloop
  endfacet
  facet normal 0 0 -1
    outer loop
      vertex 111.06 56.2171 0
      vertex 113.277 57.1355 0
      vertex 111.358 55.3376 0
    endloop
  endfacet
  facet normal -0 0 -1
    outer loop
      vertex 113.277 57.1355 0
      vertex 111.06 56.2171 0
      vertex 112.727 58.25 0
    endloop
  endfacet
  facet normal 0 0 -1
    outer loop
      vertex 110.649 57.05 0
      vertex 112.727 58.25 0
      vertex 111.06 56.2171 0
    endloop
  endfacet
  facet normal -0 0 -1
    outer loop
      vertex 112.727 58.25 0
      vertex 110.649 57.05 0
      vertex 112.037 59.2832 0
    endloop
  endfacet
  facet normal 0 0 -1
    outer loop
      vertex 110.133 57.8222 0
      vertex 112.037 59.2832 0
      vertex 110.649 57.05 0
    endloop
  endfacet
  facet normal -0 0 -1
    outer loop
      vertex 112.037 59.2832 0
      vertex 110.133 57.8222 0
      vertex 111.218 60.2175 0
    endloop
  endfacet
  facet normal 0 0 -1
    outer loop
      vertex 109.52 58.5205 0
      vertex 111.218 60.2175 0
      vertex 110.133 57.8222 0
    endloop
  endfacet
  facet normal -0 0 -1
    outer loop
      vertex 111.218 60.2175 0
      vertex 109.52 58.5205 0
      vertex 110.283 61.0369 0
    endloop
  endfacet
  facet normal 0 0 -1
    outer loop
      vertex 108.822 59.1328 0
      vertex 110.283 61.0369 0
      vertex 109.52 58.5205 0
    endloop
  endfacet
  facet normal -0 0 -1
    outer loop
      vertex 110.283 61.0369 0
      vertex 108.822 59.1328 0
      vertex 109.25 61.7272 0
    endloop
  endfacet
  facet normal 0 0 -1
    outer loop
      vertex 108.05 59.6488 0
      vertex 109.25 61.7272 0
      vertex 108.822 59.1328 0
    endloop
  endfacet
  facet normal -0 0 -1
    outer loop
      vertex 109.25 61.7272 0
      vertex 108.05 59.6488 0
      vertex 108.135 62.2769 0
    endloop
  endfacet
  facet normal 0 0 -1
    outer loop
      vertex 107.217 60.0595 0
      vertex 108.135 62.2769 0
      vertex 108.05 59.6488 0
    endloop
  endfacet
  facet normal 0 0 -1
    outer loop
      vertex 107.217 60.0595 0
      vertex 106.959 62.6763 0
      vertex 108.135 62.2769 0
    endloop
  endfacet
  facet normal 0 0 -1
    outer loop
      vertex 106.338 60.3581 0
      vertex 106.959 62.6763 0
      vertex 107.217 60.0595 0
    endloop
  endfacet
  facet normal 0 0 -1
    outer loop
      vertex 106.338 60.3581 0
      vertex 105.74 62.9187 0
      vertex 106.959 62.6763 0
    endloop
  endfacet
  facet normal 0 0 -1
    outer loop
      vertex 105.427 60.5393 0
      vertex 105.74 62.9187 0
      vertex 106.338 60.3581 0
    endloop
  endfacet
  facet normal 0 0 -1
    outer loop
      vertex 104.5 60.6 0
      vertex 105.74 62.9187 0
      vertex 105.427 60.5393 0
    endloop
  endfacet
  facet normal 0 0 -1
    outer loop
      vertex 104.5 60.6 0
      vertex 104.5 63 0
      vertex 105.74 62.9187 0
    endloop
  endfacet
  facet normal 0 0 -1
    outer loop
      vertex -104.5 60.6 0
      vertex 104.5 63 0
      vertex 104.5 60.6 0
    endloop
  endfacet
  facet normal 0 0 -1
    outer loop
      vertex -104.5 60.6 0
      vertex -104.5 63 0
      vertex 104.5 63 0
    endloop
  endfacet
  facet normal 0 0 -1
    outer loop
      vertex -105.427 60.5393 0
      vertex -104.5 63 0
      vertex -104.5 60.6 0
    endloop
  endfacet
  facet normal 0 0 -1
    outer loop
      vertex -105.427 60.5393 0
      vertex -105.74 62.9187 0
      vertex -104.5 63 0
    endloop
  endfacet
  facet normal 0 0 -1
    outer loop
      vertex -106.338 60.3581 0
      vertex -105.74 62.9187 0
      vertex -105.427 60.5393 0
    endloop
  endfacet
  facet normal 0 0 -1
    outer loop
      vertex -106.338 60.3581 0
      vertex -106.959 62.6763 0
      vertex -105.74 62.9187 0
    endloop
  endfacet
  facet normal 0 0 -1
    outer loop
      vertex -107.217 60.0595 0
      vertex -106.959 62.6763 0
      vertex -106.338 60.3581 0
    endloop
  endfacet
  facet normal 0 0 -1
    outer loop
      vertex -108.135 62.2769 0
      vertex -107.217 60.0595 0
      vertex -108.05 59.6488 0
    endloop
  endfacet
  facet normal 0 0 -1
    outer loop
      vertex -107.217 60.0595 0
      vertex -108.135 62.2769 0
      vertex -106.959 62.6763 0
    endloop
  endfacet
  facet normal 0 0 -1
    outer loop
      vertex -109.25 61.7272 0
      vertex -108.05 59.6488 0
      vertex -108.822 59.1328 0
    endloop
  endfacet
  facet normal 0 0 -1
    outer loop
      vertex -108.05 59.6488 0
      vertex -109.25 61.7272 0
      vertex -108.135 62.2769 0
    endloop
  endfacet
  facet normal 0 0 -1
    outer loop
      vertex -110.283 61.0369 0
      vertex -108.822 59.1328 0
      vertex -109.52 58.5205 0
    endloop
  endfacet
  facet normal 0 0 -1
    outer loop
      vertex -111.218 60.2175 0
      vertex -109.52 58.5205 0
      vertex -110.133 57.8222 0
    endloop
  endfacet
  facet normal 0 0 -1
    outer loop
      vertex -108.822 59.1328 0
      vertex -110.283 61.0369 0
      vertex -109.25 61.7272 0
    endloop
  endfacet
  facet normal 0 0 -1
    outer loop
      vertex -112.037 59.2832 0
      vertex -110.133 57.8222 0
      vertex -110.649 57.05 0
    endloop
  endfacet
  facet normal 0 0 -1
    outer loop
      vertex -112.727 58.25 0
      vertex -110.649 57.05 0
      vertex -111.06 56.2171 0
    endloop
  endfacet
  facet normal 0 0 -1
    outer loop
      vertex -109.52 58.5205 0
      vertex -111.218 60.2175 0
      vertex -110.283 61.0369 0
    endloop
  endfacet
  facet normal 0 0 -1
    outer loop
      vertex -113.277 57.1355 0
      vertex -111.06 56.2171 0
      vertex -111.358 55.3376 0
    endloop
  endfacet
  facet normal 0 0 -1
    outer loop
      vertex -113.676 55.9588 0
      vertex -111.358 55.3376 0
      vertex -111.539 54.4267 0
    endloop
  endfacet
  facet normal 0 0 -1
    outer loop
      vertex -113.919 54.74 0
      vertex -111.539 54.4267 0
      vertex -111.6 53.5 0
    endloop
  endfacet
  facet normal 0 0 -1
    outer loop
      vertex -110.133 57.8222 0
      vertex -112.037 59.2832 0
      vertex -111.218 60.2175 0
    endloop
  endfacet
  facet normal 0 0 -1
    outer loop
      vertex -111.6 -53.5 0
      vertex -114 -53.5 0
      vertex -111.6 53.5 0
    endloop
  endfacet
  facet normal -0 0 -1
    outer loop
      vertex -111.358 -55.3376 0
      vertex -113.676 -55.9588 0
      vertex -111.539 -54.4267 0
    endloop
  endfacet
  facet normal 0 0 -1
    outer loop
      vertex -114 53.5 0
      vertex -111.6 53.5 0
      vertex -114 -53.5 0
    endloop
  endfacet
  facet normal 0 0 -1
    outer loop
      vertex -113.919 -54.74 0
      vertex -111.539 -54.4267 0
      vertex -113.676 -55.9588 0
    endloop
  endfacet
  facet normal 0 -0 -1
    outer loop
      vertex -113.919 54.74 0
      vertex -111.6 53.5 0
      vertex -114 53.5 0
    endloop
  endfacet
  facet normal -0 0 -1
    outer loop
      vertex -111.539 -54.4267 0
      vertex -113.919 -54.74 0
      vertex -111.6 -53.5 0
    endloop
  endfacet
  facet normal 0 0 -1
    outer loop
      vertex -110.649 57.05 0
      vertex -112.727 58.25 0
      vertex -112.037 59.2832 0
    endloop
  endfacet
  facet normal -0 0 -1
    outer loop
      vertex -111.6 -53.5 0
      vertex -113.919 -54.74 0
      vertex -114 -53.5 0
    endloop
  endfacet
  facet normal 0 0 -1
    outer loop
      vertex -111.06 56.2171 0
      vertex -113.277 57.1355 0
      vertex -112.727 58.25 0
    endloop
  endfacet
  facet normal 0 0 -1
    outer loop
      vertex -111.358 55.3376 0
      vertex -113.676 55.9588 0
      vertex -113.277 57.1355 0
    endloop
  endfacet
  facet normal 0 0 -1
    outer loop
      vertex -111.539 54.4267 0
      vertex -113.919 54.74 0
      vertex -113.676 55.9588 0
    endloop
  endfacet
  facet normal 0 0 -1
    outer loop
      vertex 113.919 -54.74 0
      vertex 111.539 -54.4267 0
      vertex 111.6 -53.5 0
    endloop
  endfacet
  facet normal 0 0 -1
    outer loop
      vertex 112.727 -58.25 0
      vertex 111.358 -55.3376 0
      vertex 111.539 -54.4267 0
    endloop
  endfacet
  facet normal 0 0 -1
    outer loop
      vertex 110.133 -57.8222 0
      vertex 112.037 -59.2832 0
      vertex 111.218 -60.2175 0
    endloop
  endfacet
  facet normal 0 0 -1
    outer loop
      vertex 112.727 -58.25 0
      vertex 111.06 -56.2171 0
      vertex 111.358 -55.3376 0
    endloop
  endfacet
  facet normal 0 0 -1
    outer loop
      vertex 112.727 -58.25 0
      vertex 110.649 -57.05 0
      vertex 111.06 -56.2171 0
    endloop
  endfacet
  facet normal 0 0 -1
    outer loop
      vertex 109.52 -58.5205 0
      vertex 111.218 -60.2175 0
      vertex 110.283 -61.0369 0
    endloop
  endfacet
  facet normal 0 0 -1
    outer loop
      vertex 112.037 -59.2832 0
      vertex 110.133 -57.8222 0
      vertex 110.649 -57.05 0
    endloop
  endfacet
  facet normal 0 0 -1
    outer loop
      vertex 111.218 -60.2175 0
      vertex 109.52 -58.5205 0
      vertex 110.133 -57.8222 0
    endloop
  endfacet
  facet normal 0 0 -1
    outer loop
      vertex 108.822 -59.1328 0
      vertex 110.283 -61.0369 0
      vertex 109.25 -61.7272 0
    endloop
  endfacet
  facet normal 0 0 -1
    outer loop
      vertex 110.283 -61.0369 0
      vertex 108.822 -59.1328 0
      vertex 109.52 -58.5205 0
    endloop
  endfacet
  facet normal 0 0 -1
    outer loop
      vertex 108.05 -59.6488 0
      vertex 109.25 -61.7272 0
      vertex 108.135 -62.2769 0
    endloop
  endfacet
  facet normal 0 0 -1
    outer loop
      vertex 109.25 -61.7272 0
      vertex 108.05 -59.6488 0
      vertex 108.822 -59.1328 0
    endloop
  endfacet
  facet normal 0 0 -1
    outer loop
      vertex 108.135 -62.2769 0
      vertex 107.217 -60.0595 0
      vertex 108.05 -59.6488 0
    endloop
  endfacet
  facet normal 0 0 -1
    outer loop
      vertex 106.959 -62.6763 0
      vertex 107.217 -60.0595 0
      vertex 108.135 -62.2769 0
    endloop
  endfacet
  facet normal 0 0 -1
    outer loop
      vertex 106.959 -62.6763 0
      vertex 106.338 -60.3581 0
      vertex 107.217 -60.0595 0
    endloop
  endfacet
  facet normal 0 0 -1
    outer loop
      vertex 105.74 -62.9187 0
      vertex 106.338 -60.3581 0
      vertex 106.959 -62.6763 0
    endloop
  endfacet
  facet normal 0 0 -1
    outer loop
      vertex 105.74 -62.9187 0
      vertex 105.427 -60.5393 0
      vertex 106.338 -60.3581 0
    endloop
  endfacet
  facet normal 0 0 -1
    outer loop
      vertex 104.5 -63 0
      vertex 105.427 -60.5393 0
      vertex 105.74 -62.9187 0
    endloop
  endfacet
  facet normal 0 0 -1
    outer loop
      vertex 104.5 -63 0
      vertex 104.5 -60.6 0
      vertex 105.427 -60.5393 0
    endloop
  endfacet
  facet normal 0 0 -1
    outer loop
      vertex 7 -63 0
      vertex 104.5 -60.6 0
      vertex 104.5 -63 0
    endloop
  endfacet
  facet normal -0 0 -1
    outer loop
      vertex 104.5 -60.6 0
      vertex 7 -63 0
      vertex 7 -60.6 0
    endloop
  endfacet
  facet normal 0 0 -1
    outer loop
      vertex 111.6 -53.5 0
      vertex 114 -53.5 0
      vertex 113.919 -54.74 0
    endloop
  endfacet
  facet normal 0 0 -1
    outer loop
      vertex 111.539 -54.4267 0
      vertex 113.919 -54.74 0
      vertex 113.676 -55.9588 0
    endloop
  endfacet
  facet normal 0 0 -1
    outer loop
      vertex 111.539 -54.4267 0
      vertex 113.676 -55.9588 0
      vertex 113.277 -57.1355 0
    endloop
  endfacet
  facet normal 0 0 -1
    outer loop
      vertex 111.539 -54.4267 0
      vertex 113.277 -57.1355 0
      vertex 112.727 -58.25 0
    endloop
  endfacet
  facet normal 0 0 -1
    outer loop
      vertex 110.649 -57.05 0
      vertex 112.727 -58.25 0
      vertex 112.037 -59.2832 0
    endloop
  endfacet
  facet normal 0 0 -1
    outer loop
      vertex 114 -53.5 0
      vertex 111.6 -53.5 0
      vertex 114 -7 0
    endloop
  endfacet
  facet normal -0 0 -1
    outer loop
      vertex 114 -7 0
      vertex 111.6 -53.5 0
      vertex 111.6 -7 0
    endloop
  endfacet
  facet normal -0.980698 -0.195528 0
    outer loop
      vertex -113.676 -55.9588 0
      vertex -113.919 -54.74 8
      vertex -113.919 -54.74 0
    endloop
  endfacet
  facet normal -0.980698 -0.195528 0
    outer loop
      vertex -113.919 -54.74 8
      vertex -113.676 -55.9588 0
      vertex -113.676 -55.9588 8
    endloop
  endfacet
  facet normal -1 0 0
    outer loop
      vertex -114 -53.5 0
      vertex -114 53.5 8
      vertex -114 53.5 0
    endloop
  endfacet
  facet normal -1 -0 0
    outer loop
      vertex -114 53.5 8
      vertex -114 -53.5 0
      vertex -114 -53.5 8
    endloop
  endfacet
  facet normal 0.997873 0.0651837 0
    outer loop
      vertex 114 53.5 8
      vertex 113.919 54.74 0
      vertex 113.919 54.74 8
    endloop
  endfacet
  facet normal 0.997873 0.0651837 0
    outer loop
      vertex 113.919 54.74 0
      vertex 114 53.5 8
      vertex 114 53.5 0
    endloop
  endfacet
  facet normal -0.997873 -0.0651837 0
    outer loop
      vertex -113.919 -54.74 0
      vertex -114 -53.5 8
      vertex -114 -53.5 0
    endloop
  endfacet
  facet normal -0.997873 -0.0651837 0
    outer loop
      vertex -114 -53.5 8
      vertex -113.919 -54.74 0
      vertex -113.919 -54.74 8
    endloop
  endfacet
  facet normal -0.321585 0.946881 0
    outer loop
      vertex -106.959 62.6763 0
      vertex -108.135 62.2769 8
      vertex -106.959 62.6763 8
    endloop
  endfacet
  facet normal -0.321585 0.946881 0
    outer loop
      vertex -108.135 62.2769 8
      vertex -106.959 62.6763 0
      vertex -108.135 62.2769 0
    endloop
  endfacet
  facet normal 0 0 1
    outer loop
      vertex 96.2959 50.6878 8
      vertex 114 53.5 8
      vertex 113.919 54.74 8
    endloop
  endfacet
  facet normal 0 0 1
    outer loop
      vertex 114 53.5 8
      vertex 96.93 47.5 8
      vertex 114 -53.5 8
    endloop
  endfacet
  facet normal 0 0 1
    outer loop
      vertex 96.2959 50.6878 8
      vertex 113.919 54.74 8
      vertex 113.676 55.9588 8
    endloop
  endfacet
  facet normal -0 0 1
    outer loop
      vertex 96.93 -47.5 8
      vertex 114 -53.5 8
      vertex 96.93 47.5 8
    endloop
  endfacet
  facet normal 0 0 1
    outer loop
      vertex 96.2959 50.6878 8
      vertex 113.676 55.9588 8
      vertex 113.277 57.1355 8
    endloop
  endfacet
  facet normal -0 0 1
    outer loop
      vertex 96.8587 -48.5873 8
      vertex 114 -53.5 8
      vertex 96.93 -47.5 8
    endloop
  endfacet
  facet normal 0 0 1
    outer loop
      vertex 96.2959 50.6878 8
      vertex 113.277 57.1355 8
      vertex 112.727 58.25 8
    endloop
  endfacet
  facet normal -0 0 1
    outer loop
      vertex 96.6462 -49.656 8
      vertex 114 -53.5 8
      vertex 96.8587 -48.5873 8
    endloop
  endfacet
  facet normal 0 0 1
    outer loop
      vertex 96.2959 50.6878 8
      vertex 112.727 58.25 8
      vertex 112.037 59.2832 8
    endloop
  endfacet
  facet normal -0 0 1
    outer loop
      vertex 96.2959 -50.6878 8
      vertex 114 -53.5 8
      vertex 96.6462 -49.656 8
    endloop
  endfacet
  facet normal 0 0 1
    outer loop
      vertex 96.2959 50.6878 8
      vertex 112.037 59.2832 8
      vertex 111.218 60.2175 8
    endloop
  endfacet
  facet normal 0 0 1
    outer loop
      vertex 114 -53.5 8
      vertex 96.2959 -50.6878 8
      vertex 113.919 -54.74 8
    endloop
  endfacet
  facet normal 0 0 1
    outer loop
      vertex 96.2959 50.6878 8
      vertex 111.218 60.2175 8
      vertex 110.283 61.0369 8
    endloop
  endfacet
  facet normal 0 0 1
    outer loop
      vertex 113.919 -54.74 8
      vertex 96.2959 -50.6878 8
      vertex 113.676 -55.9588 8
    endloop
  endfacet
  facet normal 0 0 1
    outer loop
      vertex 96.2959 50.6878 8
      vertex 110.283 61.0369 8
      vertex 109.25 61.7272 8
    endloop
  endfacet
  facet normal 0 0 1
    outer loop
      vertex 113.676 -55.9588 8
      vertex 96.2959 -50.6878 8
      vertex 113.277 -57.1355 8
    endloop
  endfacet
  facet normal 0 0 1
    outer loop
      vertex 96.2959 50.6878 8
      vertex 109.25 61.7272 8
      vertex 108.135 62.2769 8
    endloop
  endfacet
  facet normal 0 0 1
    outer loop
      vertex 113.277 -57.1355 8
      vertex 96.2959 -50.6878 8
      vertex 112.727 -58.25 8
    endloop
  endfacet
  facet normal 0 0 1
    outer loop
      vertex 96.2959 50.6878 8
      vertex 108.135 62.2769 8
      vertex 106.959 62.6763 8
    endloop
  endfacet
  facet normal 0 0 1
    outer loop
      vertex 112.727 -58.25 8
      vertex 96.2959 -50.6878 8
      vertex 112.037 -59.2832 8
    endloop
  endfacet
  facet normal 0 0 1
    outer loop
      vertex 96.2959 50.6878 8
      vertex 106.959 62.6763 8
      vertex 105.74 62.9187 8
    endloop
  endfacet
  facet normal 0 0 1
    outer loop
      vertex 112.037 -59.2832 8
      vertex 96.2959 -50.6878 8
      vertex 111.218 -60.2175 8
    endloop
  endfacet
  facet normal 0 0 1
    outer loop
      vertex 96.2959 50.6878 8
      vertex 105.74 62.9187 8
      vertex 104.5 63 8
    endloop
  endfacet
  facet normal 0 0 1
    outer loop
      vertex 111.218 -60.2175 8
      vertex 96.2959 -50.6878 8
      vertex 110.283 -61.0369 8
    endloop
  endfacet
  facet normal 0 0 1
    outer loop
      vertex 110.283 -61.0369 8
      vertex 96.2959 -50.6878 8
      vertex 109.25 -61.7272 8
    endloop
  endfacet
  facet normal 0 0 1
    outer loop
      vertex 114 53.5 8
      vertex 96.8587 48.5873 8
      vertex 96.93 47.5 8
    endloop
  endfacet
  facet normal 0 0 1
    outer loop
      vertex 114 53.5 8
      vertex 96.6462 49.656 8
      vertex 96.8587 48.5873 8
    endloop
  endfacet
  facet normal 0 0 1
    outer loop
      vertex 114 53.5 8
      vertex 96.2959 50.6878 8
      vertex 96.6462 49.656 8
    endloop
  endfacet
  facet normal 0 0 1
    outer loop
      vertex 104.5 63 8
      vertex 95.814 51.665 8
      vertex 96.2959 50.6878 8
    endloop
  endfacet
  facet normal 0 0 1
    outer loop
      vertex 104.5 63 8
      vertex 95.2086 52.571 8
      vertex 95.814 51.665 8
    endloop
  endfacet
  facet normal 0 0 1
    outer loop
      vertex 104.5 63 8
      vertex 94.4902 53.3902 8
      vertex 95.2086 52.571 8
    endloop
  endfacet
  facet normal 0 0 1
    outer loop
      vertex 104.5 63 8
      vertex 93.671 54.1086 8
      vertex 94.4902 53.3902 8
    endloop
  endfacet
  facet normal 0 0 1
    outer loop
      vertex 104.5 63 8
      vertex 92.765 54.714 8
      vertex 93.671 54.1086 8
    endloop
  endfacet
  facet normal 0 0 1
    outer loop
      vertex 104.5 63 8
      vertex 91.7878 55.1959 8
      vertex 92.765 54.714 8
    endloop
  endfacet
  facet normal 0 0 1
    outer loop
      vertex 104.5 63 8
      vertex 90.756 55.5462 8
      vertex 91.7878 55.1959 8
    endloop
  endfacet
  facet normal 0 0 1
    outer loop
      vertex 104.5 63 8
      vertex 89.6873 55.7587 8
      vertex 90.756 55.5462 8
    endloop
  endfacet
  facet normal 0 0 1
    outer loop
      vertex 104.5 63 8
      vertex 88.6 55.83 8
      vertex 89.6873 55.7587 8
    endloop
  endfacet
  facet normal 0 0 1
    outer loop
      vertex 104.5 63 8
      vertex -88.6 55.83 8
      vertex 88.6 55.83 8
    endloop
  endfacet
  facet normal 0 0 1
    outer loop
      vertex -96.8587 48.5873 8
      vertex -114 53.5 8
      vertex -96.93 47.5 8
    endloop
  endfacet
  facet normal 0 0 1
    outer loop
      vertex -96.6462 49.656 8
      vertex -114 53.5 8
      vertex -96.8587 48.5873 8
    endloop
  endfacet
  facet normal 0 0 1
    outer loop
      vertex -96.2959 50.6878 8
      vertex -114 53.5 8
      vertex -96.6462 49.656 8
    endloop
  endfacet
  facet normal -0 0 1
    outer loop
      vertex -114 53.5 8
      vertex -96.2959 50.6878 8
      vertex -104.5 63 8
    endloop
  endfacet
  facet normal 0 0 1
    outer loop
      vertex -95.814 51.665 8
      vertex -104.5 63 8
      vertex -96.2959 50.6878 8
    endloop
  endfacet
  facet normal 0 0 1
    outer loop
      vertex -95.2086 52.571 8
      vertex -104.5 63 8
      vertex -95.814 51.665 8
    endloop
  endfacet
  facet normal 0 0 1
    outer loop
      vertex -94.4902 53.3902 8
      vertex -104.5 63 8
      vertex -95.2086 52.571 8
    endloop
  endfacet
  facet normal 0 0 1
    outer loop
      vertex -93.671 54.1086 8
      vertex -104.5 63 8
      vertex -94.4902 53.3902 8
    endloop
  endfacet
  facet normal 0 0 1
    outer loop
      vertex -92.765 54.714 8
      vertex -104.5 63 8
      vertex -93.671 54.1086 8
    endloop
  endfacet
  facet normal 0 0 1
    outer loop
      vertex -91.7878 55.1959 8
      vertex -104.5 63 8
      vertex -92.765 54.714 8
    endloop
  endfacet
  facet normal 0 0 1
    outer loop
      vertex -90.756 55.5462 8
      vertex -104.5 63 8
      vertex -91.7878 55.1959 8
    endloop
  endfacet
  facet normal 0 0 1
    outer loop
      vertex -89.6873 55.7587 8
      vertex -104.5 63 8
      vertex -90.756 55.5462 8
    endloop
  endfacet
  facet normal 0 0 1
    outer loop
      vertex -88.6 55.83 8
      vertex -104.5 63 8
      vertex -89.6873 55.7587 8
    endloop
  endfacet
  facet normal -0 0 1
    outer loop
      vertex -104.5 63 8
      vertex -88.6 55.83 8
      vertex 104.5 63 8
    endloop
  endfacet
  facet normal 0 0 1
    outer loop
      vertex 109.25 -61.7272 8
      vertex 96.2959 -50.6878 8
      vertex 108.135 -62.2769 8
    endloop
  endfacet
  facet normal 0 0 1
    outer loop
      vertex 108.135 -62.2769 8
      vertex 96.2959 -50.6878 8
      vertex 106.959 -62.6763 8
    endloop
  endfacet
  facet normal 0 0 1
    outer loop
      vertex 106.959 -62.6763 8
      vertex 96.2959 -50.6878 8
      vertex 105.74 -62.9187 8
    endloop
  endfacet
  facet normal 0 0 1
    outer loop
      vertex 105.74 -62.9187 8
      vertex 96.2959 -50.6878 8
      vertex 104.5 -63 8
    endloop
  endfacet
  facet normal -0 0 1
    outer loop
      vertex 95.814 -51.665 8
      vertex 104.5 -63 8
      vertex 96.2959 -50.6878 8
    endloop
  endfacet
  facet normal -0 0 1
    outer loop
      vertex 95.2086 -52.571 8
      vertex 104.5 -63 8
      vertex 95.814 -51.665 8
    endloop
  endfacet
  facet normal -0 0 1
    outer loop
      vertex 94.4902 -53.3902 8
      vertex 104.5 -63 8
      vertex 95.2086 -52.571 8
    endloop
  endfacet
  facet normal -0 0 1
    outer loop
      vertex 93.671 -54.1086 8
      vertex 104.5 -63 8
      vertex 94.4902 -53.3902 8
    endloop
  endfacet
  facet normal -0 0 1
    outer loop
      vertex 92.765 -54.714 8
      vertex 104.5 -63 8
      vertex 93.671 -54.1086 8
    endloop
  endfacet
  facet normal -0 0 1
    outer loop
      vertex 91.7878 -55.1959 8
      vertex 104.5 -63 8
      vertex 92.765 -54.714 8
    endloop
  endfacet
  facet normal -0 0 1
    outer loop
      vertex 90.756 -55.5462 8
      vertex 104.5 -63 8
      vertex 91.7878 -55.1959 8
    endloop
  endfacet
  facet normal -0 0 1
    outer loop
      vertex 89.6873 -55.7587 8
      vertex 104.5 -63 8
      vertex 90.756 -55.5462 8
    endloop
  endfacet
  facet normal -0 0 1
    outer loop
      vertex 88.6 -55.83 8
      vertex 104.5 -63 8
      vertex 89.6873 -55.7587 8
    endloop
  endfacet
  facet normal -0 0 1
    outer loop
      vertex -88.6 -55.83 8
      vertex 104.5 -63 8
      vertex 88.6 -55.83 8
    endloop
  endfacet
  facet normal 0 0 1
    outer loop
      vertex -96.93 47.5 8
      vertex -114 53.5 8
      vertex -96.93 -47.5 8
    endloop
  endfacet
  facet normal 0 0 1
    outer loop
      vertex -88.6 -55.83 8
      vertex -104.5 -63 8
      vertex 104.5 -63 8
    endloop
  endfacet
  facet normal 0 0 1
    outer loop
      vertex -89.6873 -55.7587 8
      vertex -104.5 -63 8
      vertex -88.6 -55.83 8
    endloop
  endfacet
  facet normal 0 0 1
    outer loop
      vertex -90.756 -55.5462 8
      vertex -104.5 -63 8
      vertex -89.6873 -55.7587 8
    endloop
  endfacet
  facet normal 0 0 1
    outer loop
      vertex -91.7878 -55.1959 8
      vertex -104.5 -63 8
      vertex -90.756 -55.5462 8
    endloop
  endfacet
  facet normal 0 0 1
    outer loop
      vertex -92.765 -54.714 8
      vertex -104.5 -63 8
      vertex -91.7878 -55.1959 8
    endloop
  endfacet
  facet normal 0 0 1
    outer loop
      vertex -93.671 -54.1086 8
      vertex -104.5 -63 8
      vertex -92.765 -54.714 8
    endloop
  endfacet
  facet normal 0 0 1
    outer loop
      vertex -94.4902 -53.3902 8
      vertex -104.5 -63 8
      vertex -93.671 -54.1086 8
    endloop
  endfacet
  facet normal 0 0 1
    outer loop
      vertex -95.2086 -52.571 8
      vertex -104.5 -63 8
      vertex -94.4902 -53.3902 8
    endloop
  endfacet
  facet normal 0 0 1
    outer loop
      vertex -95.814 -51.665 8
      vertex -104.5 -63 8
      vertex -95.2086 -52.571 8
    endloop
  endfacet
  facet normal 0 0 1
    outer loop
      vertex -96.2959 -50.6878 8
      vertex -104.5 -63 8
      vertex -95.814 -51.665 8
    endloop
  endfacet
  facet normal 0 0 1
    outer loop
      vertex -114 -53.5 8
      vertex -96.2959 -50.6878 8
      vertex -96.6462 -49.656 8
    endloop
  endfacet
  facet normal 0 0 1
    outer loop
      vertex -114 -53.5 8
      vertex -96.6462 -49.656 8
      vertex -96.8587 -48.5873 8
    endloop
  endfacet
  facet normal 0 0 1
    outer loop
      vertex -114 -53.5 8
      vertex -96.93 -47.5 8
      vertex -114 53.5 8
    endloop
  endfacet
  facet normal 0 0 1
    outer loop
      vertex -114 53.5 8
      vertex -104.5 63 8
      vertex -105.74 62.9187 8
    endloop
  endfacet
  facet normal 0 0 1
    outer loop
      vertex -96.93 -47.5 8
      vertex -114 -53.5 8
      vertex -96.8587 -48.5873 8
    endloop
  endfacet
  facet normal 0 0 1
    outer loop
      vertex -114 53.5 8
      vertex -105.74 62.9187 8
      vertex -106.959 62.6763 8
    endloop
  endfacet
  facet normal 0 0 1
    outer loop
      vertex -96.2959 -50.6878 8
      vertex -114 -53.5 8
      vertex -113.277 -57.1355 8
    endloop
  endfacet
  facet normal 0 0 1
    outer loop
      vertex -114 53.5 8
      vertex -106.959 62.6763 8
      vertex -108.135 62.2769 8
    endloop
  endfacet
  facet normal 0 0 1
    outer loop
      vertex -96.2959 -50.6878 8
      vertex -105.74 -62.9187 8
      vertex -104.5 -63 8
    endloop
  endfacet
  facet normal 0 0 1
    outer loop
      vertex -114 53.5 8
      vertex -108.135 62.2769 8
      vertex -109.25 61.7272 8
    endloop
  endfacet
  facet normal 0 0 1
    outer loop
      vertex -96.2959 -50.6878 8
      vertex -106.959 -62.6763 8
      vertex -105.74 -62.9187 8
    endloop
  endfacet
  facet normal 0 0 1
    outer loop
      vertex -114 53.5 8
      vertex -109.25 61.7272 8
      vertex -110.283 61.0369 8
    endloop
  endfacet
  facet normal 0 0 1
    outer loop
      vertex -96.2959 -50.6878 8
      vertex -108.135 -62.2769 8
      vertex -106.959 -62.6763 8
    endloop
  endfacet
  facet normal 0 0 1
    outer loop
      vertex -114 53.5 8
      vertex -110.283 61.0369 8
      vertex -111.218 60.2175 8
    endloop
  endfacet
  facet normal 0 0 1
    outer loop
      vertex -96.2959 -50.6878 8
      vertex -109.25 -61.7272 8
      vertex -108.135 -62.2769 8
    endloop
  endfacet
  facet normal 0 0 1
    outer loop
      vertex -114 53.5 8
      vertex -111.218 60.2175 8
      vertex -112.037 59.2832 8
    endloop
  endfacet
  facet normal 0 0 1
    outer loop
      vertex -96.2959 -50.6878 8
      vertex -110.283 -61.0369 8
      vertex -109.25 -61.7272 8
    endloop
  endfacet
  facet normal 0 0 1
    outer loop
      vertex -114 53.5 8
      vertex -112.037 59.2832 8
      vertex -112.727 58.25 8
    endloop
  endfacet
  facet normal 0 0 1
    outer loop
      vertex -96.2959 -50.6878 8
      vertex -111.218 -60.2175 8
      vertex -110.283 -61.0369 8
    endloop
  endfacet
  facet normal 0 0 1
    outer loop
      vertex -114 53.5 8
      vertex -112.727 58.25 8
      vertex -113.277 57.1355 8
    endloop
  endfacet
  facet normal 0 0 1
    outer loop
      vertex -96.2959 -50.6878 8
      vertex -112.037 -59.2832 8
      vertex -111.218 -60.2175 8
    endloop
  endfacet
  facet normal 0 0 1
    outer loop
      vertex -114 53.5 8
      vertex -113.277 57.1355 8
      vertex -113.676 55.9588 8
    endloop
  endfacet
  facet normal 0 0 1
    outer loop
      vertex -96.2959 -50.6878 8
      vertex -112.727 -58.25 8
      vertex -112.037 -59.2832 8
    endloop
  endfacet
  facet normal 0 0 1
    outer loop
      vertex -114 53.5 8
      vertex -113.676 55.9588 8
      vertex -113.919 54.74 8
    endloop
  endfacet
  facet normal 0 0 1
    outer loop
      vertex -96.2959 -50.6878 8
      vertex -113.277 -57.1355 8
      vertex -112.727 -58.25 8
    endloop
  endfacet
  facet normal 0 0 1
    outer loop
      vertex -113.277 -57.1355 8
      vertex -114 -53.5 8
      vertex -113.676 -55.9588 8
    endloop
  endfacet
  facet normal 0 0 1
    outer loop
      vertex -113.676 -55.9588 8
      vertex -114 -53.5 8
      vertex -113.919 -54.74 8
    endloop
  endfacet
  facet normal 0.065424 0.997858 -0
    outer loop
      vertex 105.74 62.9187 0
      vertex 104.5 63 8
      vertex 105.74 62.9187 8
    endloop
  endfacet
  facet normal 0.065424 0.997858 0
    outer loop
      vertex 104.5 63 8
      vertex 105.74 62.9187 0
      vertex 104.5 63 0
    endloop
  endfacet
  facet normal 0 1 -0
    outer loop
      vertex 104.5 63 0
      vertex -104.5 63 8
      vertex 104.5 63 8
    endloop
  endfacet
  facet normal 0 1 0
    outer loop
      vertex -104.5 63 8
      vertex 104.5 63 0
      vertex -104.5 63 0
    endloop
  endfacet
  facet normal -0.997873 0.0651837 0
    outer loop
      vertex -114 53.5 0
      vertex -113.919 54.74 8
      vertex -113.919 54.74 0
    endloop
  endfacet
  facet normal -0.997873 0.0651837 0
    outer loop
      vertex -113.919 54.74 8
      vertex -114 53.5 0
      vertex -114 53.5 8
    endloop
  endfacet
  facet normal 1 0 0
    outer loop
      vertex 114 53.5 8
      vertex 114 7 1
      vertex 114 53.5 0
    endloop
  endfacet
  facet normal 1 0 0
    outer loop
      vertex 114 53.5 8
      vertex 114 -7 1
      vertex 114 7 1
    endloop
  endfacet
  facet normal 1 -0 0
    outer loop
      vertex 114 -53.5 8
      vertex 114 -7 1
      vertex 114 53.5 8
    endloop
  endfacet
  facet normal 1 0 0
    outer loop
      vertex 114 -53.5 0
      vertex 114 -7 1
      vertex 114 -53.5 8
    endloop
  endfacet
  facet normal 1 0 0
    outer loop
      vertex 114 -7 1
      vertex 114 -53.5 0
      vertex 114 -7 0
    endloop
  endfacet
  facet normal 1 0 0
    outer loop
      vertex 114 53.5 0
      vertex 114 7 1
      vertex 114 7 0
    endloop
  endfacet
  facet normal 0 -1 0
    outer loop
      vertex -104.5 -63 8
      vertex -7 -63 1
      vertex 104.5 -63 8
    endloop
  endfacet
  facet normal 0 -1 0
    outer loop
      vertex -104.5 -63 0
      vertex -7 -63 1
      vertex -104.5 -63 8
    endloop
  endfacet
  facet normal 0 -1 -0
    outer loop
      vertex -7 -63 1
      vertex -104.5 -63 0
      vertex -7 -63 0
    endloop
  endfacet
  facet normal 0 -1 0
    outer loop
      vertex 7 -63 1
      vertex 104.5 -63 8
      vertex -7 -63 1
    endloop
  endfacet
  facet normal 0 -1 0
    outer loop
      vertex 104.5 -63 0
      vertex 7 -63 1
      vertex 7 -63 0
    endloop
  endfacet
  facet normal 0 -1 0
    outer loop
      vertex 7 -63 1
      vertex 104.5 -63 0
      vertex 104.5 -63 8
    endloop
  endfacet
  facet normal 0.896748 0.442541 0
    outer loop
      vertex 113.277 57.1355 8
      vertex 112.727 58.25 0
      vertex 112.727 58.25 8
    endloop
  endfacet
  facet normal 0.896748 0.442541 0
    outer loop
      vertex 112.727 58.25 0
      vertex 113.277 57.1355 8
      vertex 113.277 57.1355 0
    endloop
  endfacet
  facet normal -0.659085 0.752068 0
    outer loop
      vertex -110.283 61.0369 0
      vertex -111.218 60.2175 8
      vertex -110.283 61.0369 8
    endloop
  endfacet
  facet normal -0.659085 0.752068 0
    outer loop
      vertex -111.218 60.2175 8
      vertex -110.283 61.0369 0
      vertex -111.218 60.2175 0
    endloop
  endfacet
  facet normal 0.659085 -0.752068 0
    outer loop
      vertex 110.283 -61.0369 0
      vertex 111.218 -60.2175 8
      vertex 110.283 -61.0369 8
    endloop
  endfacet
  facet normal 0.659085 -0.752068 0
    outer loop
      vertex 111.218 -60.2175 8
      vertex 110.283 -61.0369 0
      vertex 111.218 -60.2175 0
    endloop
  endfacet
  facet normal 0.980698 -0.195528 0
    outer loop
      vertex 113.676 -55.9588 8
      vertex 113.919 -54.74 0
      vertex 113.919 -54.74 8
    endloop
  endfacet
  facet normal 0.980698 -0.195528 0
    outer loop
      vertex 113.919 -54.74 0
      vertex 113.676 -55.9588 8
      vertex 113.676 -55.9588 0
    endloop
  endfacet
  facet normal -0.195033 -0.980797 0
    outer loop
      vertex -106.959 -62.6763 0
      vertex -105.74 -62.9187 8
      vertex -106.959 -62.6763 8
    endloop
  endfacet
  facet normal -0.195033 -0.980797 -0
    outer loop
      vertex -105.74 -62.9187 8
      vertex -106.959 -62.6763 0
      vertex -105.74 -62.9187 0
    endloop
  endfacet
  facet normal -0.896748 -0.442541 0
    outer loop
      vertex -112.727 -58.25 0
      vertex -113.277 -57.1355 8
      vertex -113.277 -57.1355 0
    endloop
  endfacet
  facet normal -0.896748 -0.442541 0
    outer loop
      vertex -113.277 -57.1355 8
      vertex -112.727 -58.25 0
      vertex -112.727 -58.25 8
    endloop
  endfacet
  facet normal 0.947037 0.321125 0
    outer loop
      vertex 113.676 55.9588 8
      vertex 113.277 57.1355 0
      vertex 113.277 57.1355 8
    endloop
  endfacet
  facet normal 0.947037 0.321125 0
    outer loop
      vertex 113.277 57.1355 0
      vertex 113.676 55.9588 8
      vertex 113.676 55.9588 0
    endloop
  endfacet
  facet normal 0.980698 0.195528 0
    outer loop
      vertex 113.919 54.74 8
      vertex 113.676 55.9588 0
      vertex 113.676 55.9588 8
    endloop
  endfacet
  facet normal 0.980698 0.195528 0
    outer loop
      vertex 113.676 55.9588 0
      vertex 113.919 54.74 8
      vertex 113.919 54.74 0
    endloop
  endfacet
  facet normal 0.751983 0.659182 0
    outer loop
      vertex 112.037 59.2832 8
      vertex 111.218 60.2175 0
      vertex 111.218 60.2175 8
    endloop
  endfacet
  facet normal 0.751983 0.659182 0
    outer loop
      vertex 111.218 60.2175 0
      vertex 112.037 59.2832 8
      vertex 112.037 59.2832 0
    endloop
  endfacet
  facet normal 0.659085 0.752068 -0
    outer loop
      vertex 111.218 60.2175 0
      vertex 110.283 61.0369 8
      vertex 111.218 60.2175 8
    endloop
  endfacet
  facet normal 0.659085 0.752068 0
    outer loop
      vertex 110.283 61.0369 8
      vertex 111.218 60.2175 0
      vertex 110.283 61.0369 0
    endloop
  endfacet
  facet normal 0.321585 0.946881 -0
    outer loop
      vertex 108.135 62.2769 0
      vertex 106.959 62.6763 8
      vertex 108.135 62.2769 8
    endloop
  endfacet
  facet normal 0.321585 0.946881 0
    outer loop
      vertex 106.959 62.6763 8
      vertex 108.135 62.2769 0
      vertex 106.959 62.6763 0
    endloop
  endfacet
  facet normal -0.065424 0.997858 0
    outer loop
      vertex -104.5 63 0
      vertex -105.74 62.9187 8
      vertex -104.5 63 8
    endloop
  endfacet
  facet normal -0.065424 0.997858 0
    outer loop
      vertex -105.74 62.9187 8
      vertex -104.5 63 0
      vertex -105.74 62.9187 0
    endloop
  endfacet
  facet normal -0.195033 0.980797 0
    outer loop
      vertex -105.74 62.9187 0
      vertex -106.959 62.6763 8
      vertex -105.74 62.9187 8
    endloop
  endfacet
  facet normal -0.195033 0.980797 0
    outer loop
      vertex -106.959 62.6763 8
      vertex -105.74 62.9187 0
      vertex -106.959 62.6763 0
    endloop
  endfacet
  facet normal -0.55561 0.831443 0
    outer loop
      vertex -109.25 61.7272 0
      vertex -110.283 61.0369 8
      vertex -109.25 61.7272 8
    endloop
  endfacet
  facet normal -0.55561 0.831443 0
    outer loop
      vertex -110.283 61.0369 8
      vertex -109.25 61.7272 0
      vertex -110.283 61.0369 0
    endloop
  endfacet
  facet normal -0.442187 0.896923 0
    outer loop
      vertex -108.135 62.2769 0
      vertex -109.25 61.7272 8
      vertex -108.135 62.2769 8
    endloop
  endfacet
  facet normal -0.442187 0.896923 0
    outer loop
      vertex -109.25 61.7272 8
      vertex -108.135 62.2769 0
      vertex -109.25 61.7272 0
    endloop
  endfacet
  facet normal -0.751983 0.659182 0
    outer loop
      vertex -112.037 59.2832 0
      vertex -111.218 60.2175 8
      vertex -111.218 60.2175 0
    endloop
  endfacet
  facet normal -0.751983 0.659182 0
    outer loop
      vertex -111.218 60.2175 8
      vertex -112.037 59.2832 0
      vertex -112.037 59.2832 8
    endloop
  endfacet
  facet normal -0.831604 0.555369 0
    outer loop
      vertex -112.727 58.25 0
      vertex -112.037 59.2832 8
      vertex -112.037 59.2832 0
    endloop
  endfacet
  facet normal -0.831604 0.555369 0
    outer loop
      vertex -112.037 59.2832 8
      vertex -112.727 58.25 0
      vertex -112.727 58.25 8
    endloop
  endfacet
  facet normal -0.896748 0.442541 0
    outer loop
      vertex -113.277 57.1355 0
      vertex -112.727 58.25 8
      vertex -112.727 58.25 0
    endloop
  endfacet
  facet normal -0.896748 0.442541 0
    outer loop
      vertex -112.727 58.25 8
      vertex -113.277 57.1355 0
      vertex -113.277 57.1355 8
    endloop
  endfacet
  facet normal 0.442187 -0.896923 0
    outer loop
      vertex 108.135 -62.2769 0
      vertex 109.25 -61.7272 8
      vertex 108.135 -62.2769 8
    endloop
  endfacet
  facet normal 0.442187 -0.896923 0
    outer loop
      vertex 109.25 -61.7272 8
      vertex 108.135 -62.2769 0
      vertex 109.25 -61.7272 0
    endloop
  endfacet
  facet normal 0.55561 -0.831443 0
    outer loop
      vertex 109.25 -61.7272 0
      vertex 110.283 -61.0369 8
      vertex 109.25 -61.7272 8
    endloop
  endfacet
  facet normal 0.55561 -0.831443 0
    outer loop
      vertex 110.283 -61.0369 8
      vertex 109.25 -61.7272 0
      vertex 110.283 -61.0369 0
    endloop
  endfacet
  facet normal 0.831604 -0.555369 0
    outer loop
      vertex 112.037 -59.2832 8
      vertex 112.727 -58.25 0
      vertex 112.727 -58.25 8
    endloop
  endfacet
  facet normal 0.831604 -0.555369 0
    outer loop
      vertex 112.727 -58.25 0
      vertex 112.037 -59.2832 8
      vertex 112.037 -59.2832 0
    endloop
  endfacet
  facet normal 0.947037 -0.321125 0
    outer loop
      vertex 113.277 -57.1355 8
      vertex 113.676 -55.9588 0
      vertex 113.676 -55.9588 8
    endloop
  endfacet
  facet normal 0.947037 -0.321125 0
    outer loop
      vertex 113.676 -55.9588 0
      vertex 113.277 -57.1355 8
      vertex 113.277 -57.1355 0
    endloop
  endfacet
  facet normal 0.321585 -0.946881 0
    outer loop
      vertex 106.959 -62.6763 0
      vertex 108.135 -62.2769 8
      vertex 106.959 -62.6763 8
    endloop
  endfacet
  facet normal 0.321585 -0.946881 0
    outer loop
      vertex 108.135 -62.2769 8
      vertex 106.959 -62.6763 0
      vertex 108.135 -62.2769 0
    endloop
  endfacet
  facet normal 0.065424 -0.997858 0
    outer loop
      vertex 104.5 -63 0
      vertex 105.74 -62.9187 8
      vertex 104.5 -63 8
    endloop
  endfacet
  facet normal 0.065424 -0.997858 0
    outer loop
      vertex 105.74 -62.9187 8
      vertex 104.5 -63 0
      vertex 105.74 -62.9187 0
    endloop
  endfacet
  facet normal 0.195033 -0.980797 0
    outer loop
      vertex 105.74 -62.9187 0
      vertex 106.959 -62.6763 8
      vertex 105.74 -62.9187 8
    endloop
  endfacet
  facet normal 0.195033 -0.980797 0
    outer loop
      vertex 106.959 -62.6763 8
      vertex 105.74 -62.9187 0
      vertex 106.959 -62.6763 0
    endloop
  endfacet
  facet normal -0.442187 -0.896923 0
    outer loop
      vertex -109.25 -61.7272 0
      vertex -108.135 -62.2769 8
      vertex -109.25 -61.7272 8
    endloop
  endfacet
  facet normal -0.442187 -0.896923 -0
    outer loop
      vertex -108.135 -62.2769 8
      vertex -109.25 -61.7272 0
      vertex -108.135 -62.2769 0
    endloop
  endfacet
  facet normal -0.55561 -0.831443 0
    outer loop
      vertex -110.283 -61.0369 0
      vertex -109.25 -61.7272 8
      vertex -110.283 -61.0369 8
    endloop
  endfacet
  facet normal -0.55561 -0.831443 -0
    outer loop
      vertex -109.25 -61.7272 8
      vertex -110.283 -61.0369 0
      vertex -109.25 -61.7272 0
    endloop
  endfacet
  facet normal -0.321585 -0.946881 0
    outer loop
      vertex -108.135 -62.2769 0
      vertex -106.959 -62.6763 8
      vertex -108.135 -62.2769 8
    endloop
  endfacet
  facet normal -0.321585 -0.946881 -0
    outer loop
      vertex -106.959 -62.6763 8
      vertex -108.135 -62.2769 0
      vertex -106.959 -62.6763 0
    endloop
  endfacet
  facet normal -0.751983 -0.659182 0
    outer loop
      vertex -111.218 -60.2175 0
      vertex -112.037 -59.2832 8
      vertex -112.037 -59.2832 0
    endloop
  endfacet
  facet normal -0.751983 -0.659182 0
    outer loop
      vertex -112.037 -59.2832 8
      vertex -111.218 -60.2175 0
      vertex -111.218 -60.2175 8
    endloop
  endfacet
  facet normal -0.659085 -0.752068 0
    outer loop
      vertex -111.218 -60.2175 0
      vertex -110.283 -61.0369 8
      vertex -111.218 -60.2175 8
    endloop
  endfacet
  facet normal -0.659085 -0.752068 -0
    outer loop
      vertex -110.283 -61.0369 8
      vertex -111.218 -60.2175 0
      vertex -110.283 -61.0369 0
    endloop
  endfacet
  facet normal -0.947037 -0.321125 0
    outer loop
      vertex -113.277 -57.1355 0
      vertex -113.676 -55.9588 8
      vertex -113.676 -55.9588 0
    endloop
  endfacet
  facet normal -0.947037 -0.321125 0
    outer loop
      vertex -113.676 -55.9588 8
      vertex -113.277 -57.1355 0
      vertex -113.277 -57.1355 8
    endloop
  endfacet
  facet normal 0.831604 0.555369 0
    outer loop
      vertex 112.727 58.25 8
      vertex 112.037 59.2832 0
      vertex 112.037 59.2832 8
    endloop
  endfacet
  facet normal 0.831604 0.555369 0
    outer loop
      vertex 112.037 59.2832 0
      vertex 112.727 58.25 8
      vertex 112.727 58.25 0
    endloop
  endfacet
  facet normal 0.55561 0.831443 -0
    outer loop
      vertex 110.283 61.0369 0
      vertex 109.25 61.7272 8
      vertex 110.283 61.0369 8
    endloop
  endfacet
  facet normal 0.55561 0.831443 0
    outer loop
      vertex 109.25 61.7272 8
      vertex 110.283 61.0369 0
      vertex 109.25 61.7272 0
    endloop
  endfacet
  facet normal 0.442187 0.896923 -0
    outer loop
      vertex 109.25 61.7272 0
      vertex 108.135 62.2769 8
      vertex 109.25 61.7272 8
    endloop
  endfacet
  facet normal 0.442187 0.896923 0
    outer loop
      vertex 108.135 62.2769 8
      vertex 109.25 61.7272 0
      vertex 108.135 62.2769 0
    endloop
  endfacet
  facet normal -0.947037 0.321125 0
    outer loop
      vertex -113.676 55.9588 0
      vertex -113.277 57.1355 8
      vertex -113.277 57.1355 0
    endloop
  endfacet
  facet normal -0.947037 0.321125 0
    outer loop
      vertex -113.277 57.1355 8
      vertex -113.676 55.9588 0
      vertex -113.676 55.9588 8
    endloop
  endfacet
  facet normal 0.751983 -0.659182 0
    outer loop
      vertex 111.218 -60.2175 8
      vertex 112.037 -59.2832 0
      vertex 112.037 -59.2832 8
    endloop
  endfacet
  facet normal 0.751983 -0.659182 0
    outer loop
      vertex 112.037 -59.2832 0
      vertex 111.218 -60.2175 8
      vertex 111.218 -60.2175 0
    endloop
  endfacet
  facet normal 0.997873 -0.0651837 0
    outer loop
      vertex 113.919 -54.74 8
      vertex 114 -53.5 0
      vertex 114 -53.5 8
    endloop
  endfacet
  facet normal 0.997873 -0.0651837 0
    outer loop
      vertex 114 -53.5 0
      vertex 113.919 -54.74 8
      vertex 113.919 -54.74 0
    endloop
  endfacet
  facet normal 0.896748 -0.442541 0
    outer loop
      vertex 112.727 -58.25 8
      vertex 113.277 -57.1355 0
      vertex 113.277 -57.1355 8
    endloop
  endfacet
  facet normal 0.896748 -0.442541 0
    outer loop
      vertex 113.277 -57.1355 0
      vertex 112.727 -58.25 8
      vertex 112.727 -58.25 0
    endloop
  endfacet
  facet normal -0.065424 -0.997858 0
    outer loop
      vertex -105.74 -62.9187 0
      vertex -104.5 -63 8
      vertex -105.74 -62.9187 8
    endloop
  endfacet
  facet normal -0.065424 -0.997858 -0
    outer loop
      vertex -104.5 -63 8
      vertex -105.74 -62.9187 0
      vertex -104.5 -63 0
    endloop
  endfacet
  facet normal 0.195033 0.980797 -0
    outer loop
      vertex 106.959 62.6763 0
      vertex 105.74 62.9187 8
      vertex 106.959 62.6763 8
    endloop
  endfacet
  facet normal 0.195033 0.980797 0
    outer loop
      vertex 105.74 62.9187 8
      vertex 106.959 62.6763 0
      vertex 105.74 62.9187 0
    endloop
  endfacet
  facet normal -0.980698 0.195528 0
    outer loop
      vertex -113.919 54.74 0
      vertex -113.676 55.9588 8
      vertex -113.676 55.9588 0
    endloop
  endfacet
  facet normal -0.980698 0.195528 0
    outer loop
      vertex -113.676 55.9588 8
      vertex -113.919 54.74 0
      vertex -113.919 54.74 8
    endloop
  endfacet
  facet normal -0.831604 -0.555369 0
    outer loop
      vertex -112.037 -59.2832 0
      vertex -112.727 -58.25 8
      vertex -112.727 -58.25 0
    endloop
  endfacet
  facet normal -0.831604 -0.555369 0
    outer loop
      vertex -112.727 -58.25 8
      vertex -112.037 -59.2832 0
      vertex -112.037 -59.2832 8
    endloop
  endfacet
  facet normal 0.980799 0.195022 0
    outer loop
      vertex -96.6462 -49.656 8
      vertex -96.8587 -48.5873 6
      vertex -96.8587 -48.5873 8
    endloop
  endfacet
  facet normal 0.980799 0.195022 0
    outer loop
      vertex -96.8587 -48.5873 6
      vertex -96.6462 -49.656 8
      vertex -96.6462 -49.656 6
    endloop
  endfacet
  facet normal 0.946916 0.321482 0
    outer loop
      vertex -96.2959 -50.6878 8
      vertex -96.6462 -49.656 6
      vertex -96.6462 -49.656 8
    endloop
  endfacet
  facet normal 0.946916 0.321482 0
    outer loop
      vertex -96.6462 -49.656 6
      vertex -96.2959 -50.6878 8
      vertex -96.2959 -50.6878 6
    endloop
  endfacet
  facet normal 0.997857 0.0654347 0
    outer loop
      vertex -96.8587 -48.5873 8
      vertex -96.93 -47.5 6
      vertex -96.93 -47.5 8
    endloop
  endfacet
  facet normal 0.997857 0.0654347 0
    outer loop
      vertex -96.93 -47.5 6
      vertex -96.8587 -48.5873 8
      vertex -96.8587 -48.5873 6
    endloop
  endfacet
  facet normal 0 1 -0
    outer loop
      vertex 88.6 -55.83 6
      vertex -88.6 -55.83 8
      vertex 88.6 -55.83 8
    endloop
  endfacet
  facet normal 0 1 0
    outer loop
      vertex -88.6 -55.83 8
      vertex 88.6 -55.83 6
      vertex -88.6 -55.83 6
    endloop
  endfacet
  facet normal 0.321482 0.946916 -0
    outer loop
      vertex -90.756 -55.5462 6
      vertex -91.7878 -55.1959 8
      vertex -90.756 -55.5462 8
    endloop
  endfacet
  facet normal 0.321482 0.946916 0
    outer loop
      vertex -91.7878 -55.1959 8
      vertex -90.756 -55.5462 6
      vertex -91.7878 -55.1959 6
    endloop
  endfacet
  facet normal -1 0 0
    outer loop
      vertex 96.93 -47.5 6
      vertex 96.93 47.5 8
      vertex 96.93 47.5 6
    endloop
  endfacet
  facet normal -1 -0 0
    outer loop
      vertex 96.93 47.5 8
      vertex 96.93 -47.5 6
      vertex 96.93 -47.5 8
    endloop
  endfacet
  facet normal 0.896873 0.442287 0
    outer loop
      vertex -95.814 -51.665 8
      vertex -96.2959 -50.6878 6
      vertex -96.2959 -50.6878 8
    endloop
  endfacet
  facet normal 0.896873 0.442287 0
    outer loop
      vertex -96.2959 -50.6878 6
      vertex -95.814 -51.665 8
      vertex -95.814 -51.665 6
    endloop
  endfacet
  facet normal 1 -0 0
    outer loop
      vertex -96.93 -47.5 8
      vertex -96.93 47.5 6
      vertex -96.93 47.5 8
    endloop
  endfacet
  facet normal 1 0 0
    outer loop
      vertex -96.93 47.5 6
      vertex -96.93 -47.5 8
      vertex -96.93 -47.5 6
    endloop
  endfacet
  facet normal 0 0 1
    outer loop
      vertex 84.9658 46.5221 6
      vertex 96.93 47.5 6
      vertex 96.8587 48.5873 6
    endloop
  endfacet
  facet normal 0 0 1
    outer loop
      vertex 96.93 47.5 6
      vertex 85 46 6
      vertex 96.93 -47.5 6
    endloop
  endfacet
  facet normal 0 0 1
    outer loop
      vertex 84.9658 46.5221 6
      vertex 96.8587 48.5873 6
      vertex 96.6462 49.656 6
    endloop
  endfacet
  facet normal -0 0 1
    outer loop
      vertex 85 -46 6
      vertex 96.93 -47.5 6
      vertex 85 46 6
    endloop
  endfacet
  facet normal 0 0 1
    outer loop
      vertex 84.8637 47.0353 6
      vertex 96.6462 49.656 6
      vertex 96.2959 50.6878 6
    endloop
  endfacet
  facet normal -0 0 1
    outer loop
      vertex 84.9658 -46.5221 6
      vertex 96.93 -47.5 6
      vertex 85 -46 6
    endloop
  endfacet
  facet normal 0 0 1
    outer loop
      vertex 84.8637 47.0353 6
      vertex 96.2959 50.6878 6
      vertex 95.814 51.665 6
    endloop
  endfacet
  facet normal 0 0 1
    outer loop
      vertex 96.93 -47.5 6
      vertex 84.9658 -46.5221 6
      vertex 96.8587 -48.5873 6
    endloop
  endfacet
  facet normal 0 0 1
    outer loop
      vertex 84.8637 47.0353 6
      vertex 95.814 51.665 6
      vertex 95.2086 52.571 6
    endloop
  endfacet
  facet normal 0 0 1
    outer loop
      vertex 96.8587 -48.5873 6
      vertex 84.9658 -46.5221 6
      vertex 96.6462 -49.656 6
    endloop
  endfacet
  facet normal 0 0 1
    outer loop
      vertex 84.8637 47.0353 6
      vertex 95.2086 52.571 6
      vertex 94.4902 53.3902 6
    endloop
  endfacet
  facet normal -0 0 1
    outer loop
      vertex 84.8637 -47.0353 6
      vertex 96.6462 -49.656 6
      vertex 84.9658 -46.5221 6
    endloop
  endfacet
  facet normal 0 0 1
    outer loop
      vertex 84.6955 47.5307 6
      vertex 94.4902 53.3902 6
      vertex 93.671 54.1086 6
    endloop
  endfacet
  facet normal 0 0 1
    outer loop
      vertex 96.6462 -49.656 6
      vertex 84.8637 -47.0353 6
      vertex 96.2959 -50.6878 6
    endloop
  endfacet
  facet normal 0 0 1
    outer loop
      vertex 84.6955 47.5307 6
      vertex 93.671 54.1086 6
      vertex 92.765 54.714 6
    endloop
  endfacet
  facet normal 0 0 1
    outer loop
      vertex 96.2959 -50.6878 6
      vertex 84.8637 -47.0353 6
      vertex 95.814 -51.665 6
    endloop
  endfacet
  facet normal 0 0 1
    outer loop
      vertex 84.6955 47.5307 6
      vertex 92.765 54.714 6
      vertex 91.7878 55.1959 6
    endloop
  endfacet
  facet normal 0 0 1
    outer loop
      vertex 95.814 -51.665 6
      vertex 84.8637 -47.0353 6
      vertex 95.2086 -52.571 6
    endloop
  endfacet
  facet normal 0 0 1
    outer loop
      vertex 84.6955 47.5307 6
      vertex 91.7878 55.1959 6
      vertex 90.756 55.5462 6
    endloop
  endfacet
  facet normal 0 0 1
    outer loop
      vertex 95.2086 -52.571 6
      vertex 84.8637 -47.0353 6
      vertex 94.4902 -53.3902 6
    endloop
  endfacet
  facet normal 0 0 1
    outer loop
      vertex 84.4641 48 6
      vertex 90.756 55.5462 6
      vertex 89.6873 55.7587 6
    endloop
  endfacet
  facet normal -0 0 1
    outer loop
      vertex 84.6955 -47.5307 6
      vertex 94.4902 -53.3902 6
      vertex 84.8637 -47.0353 6
    endloop
  endfacet
  facet normal 0 0 1
    outer loop
      vertex 84.4641 48 6
      vertex 89.6873 55.7587 6
      vertex 88.6 55.83 6
    endloop
  endfacet
  facet normal 0 0 1
    outer loop
      vertex 94.4902 -53.3902 6
      vertex 84.6955 -47.5307 6
      vertex 93.671 -54.1086 6
    endloop
  endfacet
  facet normal 0 0 1
    outer loop
      vertex 93.671 -54.1086 6
      vertex 84.6955 -47.5307 6
      vertex 92.765 -54.714 6
    endloop
  endfacet
  facet normal 0 0 1
    outer loop
      vertex 96.93 47.5 6
      vertex 84.9658 46.5221 6
      vertex 85 46 6
    endloop
  endfacet
  facet normal 0 0 1
    outer loop
      vertex 96.6462 49.656 6
      vertex 84.8637 47.0353 6
      vertex 84.9658 46.5221 6
    endloop
  endfacet
  facet normal 0 0 1
    outer loop
      vertex 94.4902 53.3902 6
      vertex 84.6955 47.5307 6
      vertex 84.8637 47.0353 6
    endloop
  endfacet
  facet normal 0 0 1
    outer loop
      vertex 90.756 55.5462 6
      vertex 84.4641 48 6
      vertex 84.6955 47.5307 6
    endloop
  endfacet
  facet normal 0 0 1
    outer loop
      vertex 88.6 55.83 6
      vertex 84.1734 48.435 6
      vertex 84.4641 48 6
    endloop
  endfacet
  facet normal 0 0 1
    outer loop
      vertex 88.6 55.83 6
      vertex 83.8284 48.8284 6
      vertex 84.1734 48.435 6
    endloop
  endfacet
  facet normal 0 0 1
    outer loop
      vertex 88.6 55.83 6
      vertex 83.435 49.1734 6
      vertex 83.8284 48.8284 6
    endloop
  endfacet
  facet normal 0 0 1
    outer loop
      vertex 88.6 55.83 6
      vertex 83 49.4641 6
      vertex 83.435 49.1734 6
    endloop
  endfacet
  facet normal 0 0 1
    outer loop
      vertex 88.6 55.83 6
      vertex 82.5307 49.6955 6
      vertex 83 49.4641 6
    endloop
  endfacet
  facet normal 0 0 1
    outer loop
      vertex 88.6 55.83 6
      vertex 82.0353 49.8637 6
      vertex 82.5307 49.6955 6
    endloop
  endfacet
  facet normal 0 0 1
    outer loop
      vertex 88.6 55.83 6
      vertex 81.5221 49.9658 6
      vertex 82.0353 49.8637 6
    endloop
  endfacet
  facet normal 0 0 1
    outer loop
      vertex 88.6 55.83 6
      vertex 81 50 6
      vertex 81.5221 49.9658 6
    endloop
  endfacet
  facet normal 0 0 1
    outer loop
      vertex 88.6 55.83 6
      vertex -81 50 6
      vertex 81 50 6
    endloop
  endfacet
  facet normal -0 0 1
    outer loop
      vertex -92.765 54.714 6
      vertex -84.6955 47.5307 6
      vertex -91.7878 55.1959 6
    endloop
  endfacet
  facet normal -0 0 1
    outer loop
      vertex -91.7878 55.1959 6
      vertex -84.6955 47.5307 6
      vertex -90.756 55.5462 6
    endloop
  endfacet
  facet normal 0 0 1
    outer loop
      vertex -84.4641 48 6
      vertex -90.756 55.5462 6
      vertex -84.6955 47.5307 6
    endloop
  endfacet
  facet normal -0 0 1
    outer loop
      vertex -90.756 55.5462 6
      vertex -84.4641 48 6
      vertex -89.6873 55.7587 6
    endloop
  endfacet
  facet normal -0 0 1
    outer loop
      vertex -89.6873 55.7587 6
      vertex -84.4641 48 6
      vertex -88.6 55.83 6
    endloop
  endfacet
  facet normal 0 0 1
    outer loop
      vertex -84.1734 48.435 6
      vertex -88.6 55.83 6
      vertex -84.4641 48 6
    endloop
  endfacet
  facet normal 0 0 1
    outer loop
      vertex -83.8284 48.8284 6
      vertex -88.6 55.83 6
      vertex -84.1734 48.435 6
    endloop
  endfacet
  facet normal 0 0 1
    outer loop
      vertex -83.435 49.1734 6
      vertex -88.6 55.83 6
      vertex -83.8284 48.8284 6
    endloop
  endfacet
  facet normal 0 0 1
    outer loop
      vertex -83 49.4641 6
      vertex -88.6 55.83 6
      vertex -83.435 49.1734 6
    endloop
  endfacet
  facet normal 0 0 1
    outer loop
      vertex -82.5307 49.6955 6
      vertex -88.6 55.83 6
      vertex -83 49.4641 6
    endloop
  endfacet
  facet normal 0 0 1
    outer loop
      vertex -82.0353 49.8637 6
      vertex -88.6 55.83 6
      vertex -82.5307 49.6955 6
    endloop
  endfacet
  facet normal 0 0 1
    outer loop
      vertex -81.5221 49.9658 6
      vertex -88.6 55.83 6
      vertex -82.0353 49.8637 6
    endloop
  endfacet
  facet normal 0 0 1
    outer loop
      vertex -81 50 6
      vertex -88.6 55.83 6
      vertex -81.5221 49.9658 6
    endloop
  endfacet
  facet normal -0 0 1
    outer loop
      vertex -88.6 55.83 6
      vertex -81 50 6
      vertex 88.6 55.83 6
    endloop
  endfacet
  facet normal 0 0 1
    outer loop
      vertex 92.765 -54.714 6
      vertex 84.6955 -47.5307 6
      vertex 91.7878 -55.1959 6
    endloop
  endfacet
  facet normal 0 0 1
    outer loop
      vertex 91.7878 -55.1959 6
      vertex 84.6955 -47.5307 6
      vertex 90.756 -55.5462 6
    endloop
  endfacet
  facet normal -0 0 1
    outer loop
      vertex 84.4641 -48 6
      vertex 90.756 -55.5462 6
      vertex 84.6955 -47.5307 6
    endloop
  endfacet
  facet normal 0 0 1
    outer loop
      vertex 90.756 -55.5462 6
      vertex 84.4641 -48 6
      vertex 89.6873 -55.7587 6
    endloop
  endfacet
  facet normal 0 0 1
    outer loop
      vertex 89.6873 -55.7587 6
      vertex 84.4641 -48 6
      vertex 88.6 -55.83 6
    endloop
  endfacet
  facet normal -0 0 1
    outer loop
      vertex 84.1734 -48.435 6
      vertex 88.6 -55.83 6
      vertex 84.4641 -48 6
    endloop
  endfacet
  facet normal -0 0 1
    outer loop
      vertex 83.8284 -48.8284 6
      vertex 88.6 -55.83 6
      vertex 84.1734 -48.435 6
    endloop
  endfacet
  facet normal -0 0 1
    outer loop
      vertex 83.435 -49.1734 6
      vertex 88.6 -55.83 6
      vertex 83.8284 -48.8284 6
    endloop
  endfacet
  facet normal -0 0 1
    outer loop
      vertex 83 -49.4641 6
      vertex 88.6 -55.83 6
      vertex 83.435 -49.1734 6
    endloop
  endfacet
  facet normal -0 0 1
    outer loop
      vertex 82.5307 -49.6955 6
      vertex 88.6 -55.83 6
      vertex 83 -49.4641 6
    endloop
  endfacet
  facet normal -0 0 1
    outer loop
      vertex 82.0353 -49.8637 6
      vertex 88.6 -55.83 6
      vertex 82.5307 -49.6955 6
    endloop
  endfacet
  facet normal -0 0 1
    outer loop
      vertex 81.5221 -49.9658 6
      vertex 88.6 -55.83 6
      vertex 82.0353 -49.8637 6
    endloop
  endfacet
  facet normal -0 0 1
    outer loop
      vertex 81 -50 6
      vertex 88.6 -55.83 6
      vertex 81.5221 -49.9658 6
    endloop
  endfacet
  facet normal -0 0 1
    outer loop
      vertex -81 -50 6
      vertex 88.6 -55.83 6
      vertex 81 -50 6
    endloop
  endfacet
  facet normal 0 0 1
    outer loop
      vertex -81 -50 6
      vertex -88.6 -55.83 6
      vertex 88.6 -55.83 6
    endloop
  endfacet
  facet normal 0 0 1
    outer loop
      vertex -81.5221 -49.9658 6
      vertex -88.6 -55.83 6
      vertex -81 -50 6
    endloop
  endfacet
  facet normal 0 0 1
    outer loop
      vertex -82.0353 -49.8637 6
      vertex -88.6 -55.83 6
      vertex -81.5221 -49.9658 6
    endloop
  endfacet
  facet normal 0 0 1
    outer loop
      vertex -82.5307 -49.6955 6
      vertex -88.6 -55.83 6
      vertex -82.0353 -49.8637 6
    endloop
  endfacet
  facet normal 0 0 1
    outer loop
      vertex -83 -49.4641 6
      vertex -88.6 -55.83 6
      vertex -82.5307 -49.6955 6
    endloop
  endfacet
  facet normal 0 0 1
    outer loop
      vertex -83.435 -49.1734 6
      vertex -88.6 -55.83 6
      vertex -83 -49.4641 6
    endloop
  endfacet
  facet normal 0 0 1
    outer loop
      vertex -83.8284 -48.8284 6
      vertex -88.6 -55.83 6
      vertex -83.435 -49.1734 6
    endloop
  endfacet
  facet normal 0 0 1
    outer loop
      vertex -84.1734 -48.435 6
      vertex -88.6 -55.83 6
      vertex -83.8284 -48.8284 6
    endloop
  endfacet
  facet normal 0 0 1
    outer loop
      vertex -84.4641 -48 6
      vertex -88.6 -55.83 6
      vertex -84.1734 -48.435 6
    endloop
  endfacet
  facet normal 0 0 1
    outer loop
      vertex -90.756 -55.5462 6
      vertex -84.4641 -48 6
      vertex -84.6955 -47.5307 6
    endloop
  endfacet
  facet normal 0 0 1
    outer loop
      vertex -94.4902 -53.3902 6
      vertex -84.6955 -47.5307 6
      vertex -84.8637 -47.0353 6
    endloop
  endfacet
  facet normal 0 0 1
    outer loop
      vertex -96.6462 -49.656 6
      vertex -84.8637 -47.0353 6
      vertex -84.9658 -46.5221 6
    endloop
  endfacet
  facet normal 0 0 1
    outer loop
      vertex -96.93 -47.5 6
      vertex -84.9658 -46.5221 6
      vertex -85 -46 6
    endloop
  endfacet
  facet normal 0 0 1
    outer loop
      vertex -85 46 6
      vertex -96.93 47.5 6
      vertex -85 -46 6
    endloop
  endfacet
  facet normal -0 0 1
    outer loop
      vertex -93.671 54.1086 6
      vertex -84.6955 47.5307 6
      vertex -92.765 54.714 6
    endloop
  endfacet
  facet normal 0 0 1
    outer loop
      vertex -96.93 -47.5 6
      vertex -85 -46 6
      vertex -96.93 47.5 6
    endloop
  endfacet
  facet normal -0 0 1
    outer loop
      vertex -94.4902 53.3902 6
      vertex -84.6955 47.5307 6
      vertex -93.671 54.1086 6
    endloop
  endfacet
  facet normal 0 0 1
    outer loop
      vertex -84.9658 -46.5221 6
      vertex -96.93 -47.5 6
      vertex -96.8587 -48.5873 6
    endloop
  endfacet
  facet normal 0 0 1
    outer loop
      vertex -84.6955 47.5307 6
      vertex -94.4902 53.3902 6
      vertex -84.8637 47.0353 6
    endloop
  endfacet
  facet normal 0 0 1
    outer loop
      vertex -84.4641 -48 6
      vertex -89.6873 -55.7587 6
      vertex -88.6 -55.83 6
    endloop
  endfacet
  facet normal -0 0 1
    outer loop
      vertex -95.2086 52.571 6
      vertex -84.8637 47.0353 6
      vertex -94.4902 53.3902 6
    endloop
  endfacet
  facet normal 0 0 1
    outer loop
      vertex -84.4641 -48 6
      vertex -90.756 -55.5462 6
      vertex -89.6873 -55.7587 6
    endloop
  endfacet
  facet normal -0 0 1
    outer loop
      vertex -95.814 51.665 6
      vertex -84.8637 47.0353 6
      vertex -95.2086 52.571 6
    endloop
  endfacet
  facet normal 0 0 1
    outer loop
      vertex -84.6955 -47.5307 6
      vertex -91.7878 -55.1959 6
      vertex -90.756 -55.5462 6
    endloop
  endfacet
  facet normal -0 0 1
    outer loop
      vertex -96.2959 50.6878 6
      vertex -84.8637 47.0353 6
      vertex -95.814 51.665 6
    endloop
  endfacet
  facet normal 0 0 1
    outer loop
      vertex -84.6955 -47.5307 6
      vertex -92.765 -54.714 6
      vertex -91.7878 -55.1959 6
    endloop
  endfacet
  facet normal -0 0 1
    outer loop
      vertex -96.6462 49.656 6
      vertex -84.8637 47.0353 6
      vertex -96.2959 50.6878 6
    endloop
  endfacet
  facet normal 0 0 1
    outer loop
      vertex -84.6955 -47.5307 6
      vertex -93.671 -54.1086 6
      vertex -92.765 -54.714 6
    endloop
  endfacet
  facet normal 0 0 1
    outer loop
      vertex -84.8637 47.0353 6
      vertex -96.6462 49.656 6
      vertex -84.9658 46.5221 6
    endloop
  endfacet
  facet normal 0 0 1
    outer loop
      vertex -84.6955 -47.5307 6
      vertex -94.4902 -53.3902 6
      vertex -93.671 -54.1086 6
    endloop
  endfacet
  facet normal -0 0 1
    outer loop
      vertex -96.8587 48.5873 6
      vertex -84.9658 46.5221 6
      vertex -96.6462 49.656 6
    endloop
  endfacet
  facet normal 0 0 1
    outer loop
      vertex -84.8637 -47.0353 6
      vertex -95.2086 -52.571 6
      vertex -94.4902 -53.3902 6
    endloop
  endfacet
  facet normal -0 0 1
    outer loop
      vertex -96.93 47.5 6
      vertex -84.9658 46.5221 6
      vertex -96.8587 48.5873 6
    endloop
  endfacet
  facet normal 0 0 1
    outer loop
      vertex -84.8637 -47.0353 6
      vertex -95.814 -51.665 6
      vertex -95.2086 -52.571 6
    endloop
  endfacet
  facet normal 0 0 1
    outer loop
      vertex -84.9658 46.5221 6
      vertex -96.93 47.5 6
      vertex -85 46 6
    endloop
  endfacet
  facet normal 0 0 1
    outer loop
      vertex -84.8637 -47.0353 6
      vertex -96.2959 -50.6878 6
      vertex -95.814 -51.665 6
    endloop
  endfacet
  facet normal 0 0 1
    outer loop
      vertex -84.8637 -47.0353 6
      vertex -96.6462 -49.656 6
      vertex -96.2959 -50.6878 6
    endloop
  endfacet
  facet normal 0 0 1
    outer loop
      vertex -84.9658 -46.5221 6
      vertex -96.8587 -48.5873 6
      vertex -96.6462 -49.656 6
    endloop
  endfacet
  facet normal 0.896873 -0.442287 0
    outer loop
      vertex -96.2959 50.6878 8
      vertex -95.814 51.665 6
      vertex -95.814 51.665 8
    endloop
  endfacet
  facet normal 0.896873 -0.442287 0
    outer loop
      vertex -95.814 51.665 6
      vertex -96.2959 50.6878 8
      vertex -96.2959 50.6878 6
    endloop
  endfacet
  facet normal 0 -1 0
    outer loop
      vertex -88.6 55.83 6
      vertex 88.6 55.83 8
      vertex -88.6 55.83 8
    endloop
  endfacet
  facet normal 0 -1 -0
    outer loop
      vertex 88.6 55.83 8
      vertex -88.6 55.83 6
      vertex 88.6 55.83 6
    endloop
  endfacet
  facet normal -0.980799 -0.195022 0
    outer loop
      vertex 96.8587 48.5873 6
      vertex 96.6462 49.656 8
      vertex 96.6462 49.656 6
    endloop
  endfacet
  facet normal -0.980799 -0.195022 0
    outer loop
      vertex 96.6462 49.656 8
      vertex 96.8587 48.5873 6
      vertex 96.8587 48.5873 8
    endloop
  endfacet
  facet normal -0.997857 -0.0654347 0
    outer loop
      vertex 96.93 47.5 6
      vertex 96.8587 48.5873 8
      vertex 96.8587 48.5873 6
    endloop
  endfacet
  facet normal -0.997857 -0.0654347 0
    outer loop
      vertex 96.8587 48.5873 8
      vertex 96.93 47.5 6
      vertex 96.93 47.5 8
    endloop
  endfacet
  facet normal -0.0654347 0.997857 0
    outer loop
      vertex 89.6873 -55.7587 6
      vertex 88.6 -55.83 8
      vertex 89.6873 -55.7587 8
    endloop
  endfacet
  facet normal -0.0654347 0.997857 0
    outer loop
      vertex 88.6 -55.83 8
      vertex 89.6873 -55.7587 6
      vertex 88.6 -55.83 6
    endloop
  endfacet
  facet normal 0.751849 -0.659336 0
    outer loop
      vertex -95.2086 52.571 8
      vertex -94.4902 53.3902 6
      vertex -94.4902 53.3902 8
    endloop
  endfacet
  facet normal 0.751849 -0.659336 0
    outer loop
      vertex -94.4902 53.3902 6
      vertex -95.2086 52.571 8
      vertex -95.2086 52.571 6
    endloop
  endfacet
  facet normal 0.831457 -0.555589 0
    outer loop
      vertex -95.814 51.665 8
      vertex -95.2086 52.571 6
      vertex -95.2086 52.571 8
    endloop
  endfacet
  facet normal 0.831457 -0.555589 0
    outer loop
      vertex -95.2086 52.571 6
      vertex -95.814 51.665 8
      vertex -95.814 51.665 6
    endloop
  endfacet
  facet normal 0.946916 -0.321482 0
    outer loop
      vertex -96.6462 49.656 8
      vertex -96.2959 50.6878 6
      vertex -96.2959 50.6878 8
    endloop
  endfacet
  facet normal 0.946916 -0.321482 0
    outer loop
      vertex -96.2959 50.6878 6
      vertex -96.6462 49.656 8
      vertex -96.6462 49.656 6
    endloop
  endfacet
  facet normal -0.0654347 -0.997857 0
    outer loop
      vertex 88.6 55.83 6
      vertex 89.6873 55.7587 8
      vertex 88.6 55.83 8
    endloop
  endfacet
  facet normal -0.0654347 -0.997857 -0
    outer loop
      vertex 89.6873 55.7587 8
      vertex 88.6 55.83 6
      vertex 89.6873 55.7587 6
    endloop
  endfacet
  facet normal -0.195022 -0.980799 0
    outer loop
      vertex 89.6873 55.7587 6
      vertex 90.756 55.5462 8
      vertex 89.6873 55.7587 8
    endloop
  endfacet
  facet normal -0.195022 -0.980799 -0
    outer loop
      vertex 90.756 55.5462 8
      vertex 89.6873 55.7587 6
      vertex 90.756 55.5462 6
    endloop
  endfacet
  facet normal -0.321482 -0.946916 0
    outer loop
      vertex 90.756 55.5462 6
      vertex 91.7878 55.1959 8
      vertex 90.756 55.5462 8
    endloop
  endfacet
  facet normal -0.321482 -0.946916 -0
    outer loop
      vertex 91.7878 55.1959 8
      vertex 90.756 55.5462 6
      vertex 91.7878 55.1959 6
    endloop
  endfacet
  facet normal 0.0654347 -0.997857 0
    outer loop
      vertex -89.6873 55.7587 6
      vertex -88.6 55.83 8
      vertex -89.6873 55.7587 8
    endloop
  endfacet
  facet normal 0.0654347 -0.997857 0
    outer loop
      vertex -88.6 55.83 8
      vertex -89.6873 55.7587 6
      vertex -88.6 55.83 6
    endloop
  endfacet
  facet normal 0.442287 -0.896873 0
    outer loop
      vertex -92.765 54.714 6
      vertex -91.7878 55.1959 8
      vertex -92.765 54.714 8
    endloop
  endfacet
  facet normal 0.442287 -0.896873 0
    outer loop
      vertex -91.7878 55.1959 8
      vertex -92.765 54.714 6
      vertex -91.7878 55.1959 6
    endloop
  endfacet
  facet normal -0.997857 0.0654347 0
    outer loop
      vertex 96.8587 -48.5873 6
      vertex 96.93 -47.5 8
      vertex 96.93 -47.5 6
    endloop
  endfacet
  facet normal -0.997857 0.0654347 0
    outer loop
      vertex 96.93 -47.5 8
      vertex 96.8587 -48.5873 6
      vertex 96.8587 -48.5873 8
    endloop
  endfacet
  facet normal -0.321482 0.946916 0
    outer loop
      vertex 91.7878 -55.1959 6
      vertex 90.756 -55.5462 8
      vertex 91.7878 -55.1959 8
    endloop
  endfacet
  facet normal -0.321482 0.946916 0
    outer loop
      vertex 90.756 -55.5462 8
      vertex 91.7878 -55.1959 6
      vertex 90.756 -55.5462 6
    endloop
  endfacet
  facet normal 0.195022 0.980799 -0
    outer loop
      vertex -89.6873 -55.7587 6
      vertex -90.756 -55.5462 8
      vertex -89.6873 -55.7587 8
    endloop
  endfacet
  facet normal 0.195022 0.980799 0
    outer loop
      vertex -90.756 -55.5462 8
      vertex -89.6873 -55.7587 6
      vertex -90.756 -55.5462 6
    endloop
  endfacet
  facet normal 0.659336 -0.751849 0
    outer loop
      vertex -94.4902 53.3902 6
      vertex -93.671 54.1086 8
      vertex -94.4902 53.3902 8
    endloop
  endfacet
  facet normal 0.659336 -0.751849 0
    outer loop
      vertex -93.671 54.1086 8
      vertex -94.4902 53.3902 6
      vertex -93.671 54.1086 6
    endloop
  endfacet
  facet normal 0.555589 -0.831457 0
    outer loop
      vertex -93.671 54.1086 6
      vertex -92.765 54.714 8
      vertex -93.671 54.1086 8
    endloop
  endfacet
  facet normal 0.555589 -0.831457 0
    outer loop
      vertex -92.765 54.714 8
      vertex -93.671 54.1086 6
      vertex -92.765 54.714 6
    endloop
  endfacet
  facet normal 0.997857 -0.0654347 0
    outer loop
      vertex -96.93 47.5 8
      vertex -96.8587 48.5873 6
      vertex -96.8587 48.5873 8
    endloop
  endfacet
  facet normal 0.997857 -0.0654347 0
    outer loop
      vertex -96.8587 48.5873 6
      vertex -96.93 47.5 8
      vertex -96.93 47.5 6
    endloop
  endfacet
  facet normal 0.980799 -0.195022 0
    outer loop
      vertex -96.8587 48.5873 8
      vertex -96.6462 49.656 6
      vertex -96.6462 49.656 8
    endloop
  endfacet
  facet normal 0.980799 -0.195022 0
    outer loop
      vertex -96.6462 49.656 6
      vertex -96.8587 48.5873 8
      vertex -96.8587 48.5873 6
    endloop
  endfacet
  facet normal -0.442287 -0.896873 0
    outer loop
      vertex 91.7878 55.1959 6
      vertex 92.765 54.714 8
      vertex 91.7878 55.1959 8
    endloop
  endfacet
  facet normal -0.442287 -0.896873 -0
    outer loop
      vertex 92.765 54.714 8
      vertex 91.7878 55.1959 6
      vertex 92.765 54.714 6
    endloop
  endfacet
  facet normal -0.555589 -0.831457 0
    outer loop
      vertex 92.765 54.714 6
      vertex 93.671 54.1086 8
      vertex 92.765 54.714 8
    endloop
  endfacet
  facet normal -0.555589 -0.831457 -0
    outer loop
      vertex 93.671 54.1086 8
      vertex 92.765 54.714 6
      vertex 93.671 54.1086 6
    endloop
  endfacet
  facet normal -0.659336 -0.751849 0
    outer loop
      vertex 93.671 54.1086 6
      vertex 94.4902 53.3902 8
      vertex 93.671 54.1086 8
    endloop
  endfacet
  facet normal -0.659336 -0.751849 -0
    outer loop
      vertex 94.4902 53.3902 8
      vertex 93.671 54.1086 6
      vertex 94.4902 53.3902 6
    endloop
  endfacet
  facet normal -0.896873 -0.442287 0
    outer loop
      vertex 96.2959 50.6878 6
      vertex 95.814 51.665 8
      vertex 95.814 51.665 6
    endloop
  endfacet
  facet normal -0.896873 -0.442287 0
    outer loop
      vertex 95.814 51.665 8
      vertex 96.2959 50.6878 6
      vertex 96.2959 50.6878 8
    endloop
  endfacet
  facet normal -0.946916 -0.321482 0
    outer loop
      vertex 96.6462 49.656 6
      vertex 96.2959 50.6878 8
      vertex 96.2959 50.6878 6
    endloop
  endfacet
  facet normal -0.946916 -0.321482 0
    outer loop
      vertex 96.2959 50.6878 8
      vertex 96.6462 49.656 6
      vertex 96.6462 49.656 8
    endloop
  endfacet
  facet normal 0.195022 -0.980799 0
    outer loop
      vertex -90.756 55.5462 6
      vertex -89.6873 55.7587 8
      vertex -90.756 55.5462 8
    endloop
  endfacet
  facet normal 0.195022 -0.980799 0
    outer loop
      vertex -89.6873 55.7587 8
      vertex -90.756 55.5462 6
      vertex -89.6873 55.7587 6
    endloop
  endfacet
  facet normal 0.321482 -0.946916 0
    outer loop
      vertex -91.7878 55.1959 6
      vertex -90.756 55.5462 8
      vertex -91.7878 55.1959 8
    endloop
  endfacet
  facet normal 0.321482 -0.946916 0
    outer loop
      vertex -90.756 55.5462 8
      vertex -91.7878 55.1959 6
      vertex -90.756 55.5462 6
    endloop
  endfacet
  facet normal -0.980799 0.195022 0
    outer loop
      vertex 96.6462 -49.656 6
      vertex 96.8587 -48.5873 8
      vertex 96.8587 -48.5873 6
    endloop
  endfacet
  facet normal -0.980799 0.195022 0
    outer loop
      vertex 96.8587 -48.5873 8
      vertex 96.6462 -49.656 6
      vertex 96.6462 -49.656 8
    endloop
  endfacet
  facet normal 0.0654347 0.997857 -0
    outer loop
      vertex -88.6 -55.83 6
      vertex -89.6873 -55.7587 8
      vertex -88.6 -55.83 8
    endloop
  endfacet
  facet normal 0.0654347 0.997857 0
    outer loop
      vertex -89.6873 -55.7587 8
      vertex -88.6 -55.83 6
      vertex -89.6873 -55.7587 6
    endloop
  endfacet
  facet normal -0.751849 -0.659336 0
    outer loop
      vertex 95.2086 52.571 6
      vertex 94.4902 53.3902 8
      vertex 94.4902 53.3902 6
    endloop
  endfacet
  facet normal -0.751849 -0.659336 0
    outer loop
      vertex 94.4902 53.3902 8
      vertex 95.2086 52.571 6
      vertex 95.2086 52.571 8
    endloop
  endfacet
  facet normal -0.831457 -0.555589 0
    outer loop
      vertex 95.814 51.665 6
      vertex 95.2086 52.571 8
      vertex 95.2086 52.571 6
    endloop
  endfacet
  facet normal -0.831457 -0.555589 0
    outer loop
      vertex 95.2086 52.571 8
      vertex 95.814 51.665 6
      vertex 95.814 51.665 8
    endloop
  endfacet
  facet normal -0.946916 0.321482 0
    outer loop
      vertex 96.2959 -50.6878 6
      vertex 96.6462 -49.656 8
      vertex 96.6462 -49.656 6
    endloop
  endfacet
  facet normal -0.946916 0.321482 0
    outer loop
      vertex 96.6462 -49.656 8
      vertex 96.2959 -50.6878 6
      vertex 96.2959 -50.6878 8
    endloop
  endfacet
  facet normal -0.896873 0.442287 0
    outer loop
      vertex 95.814 -51.665 6
      vertex 96.2959 -50.6878 8
      vertex 96.2959 -50.6878 6
    endloop
  endfacet
  facet normal -0.896873 0.442287 0
    outer loop
      vertex 96.2959 -50.6878 8
      vertex 95.814 -51.665 6
      vertex 95.814 -51.665 8
    endloop
  endfacet
  facet normal -0.751849 0.659336 0
    outer loop
      vertex 94.4902 -53.3902 6
      vertex 95.2086 -52.571 8
      vertex 95.2086 -52.571 6
    endloop
  endfacet
  facet normal -0.751849 0.659336 0
    outer loop
      vertex 95.2086 -52.571 8
      vertex 94.4902 -53.3902 6
      vertex 94.4902 -53.3902 8
    endloop
  endfacet
  facet normal -0.659336 0.751849 0
    outer loop
      vertex 94.4902 -53.3902 6
      vertex 93.671 -54.1086 8
      vertex 94.4902 -53.3902 8
    endloop
  endfacet
  facet normal -0.659336 0.751849 0
    outer loop
      vertex 93.671 -54.1086 8
      vertex 94.4902 -53.3902 6
      vertex 93.671 -54.1086 6
    endloop
  endfacet
  facet normal -0.555589 0.831457 0
    outer loop
      vertex 93.671 -54.1086 6
      vertex 92.765 -54.714 8
      vertex 93.671 -54.1086 8
    endloop
  endfacet
  facet normal -0.555589 0.831457 0
    outer loop
      vertex 92.765 -54.714 8
      vertex 93.671 -54.1086 6
      vertex 92.765 -54.714 6
    endloop
  endfacet
  facet normal -0.195022 0.980799 0
    outer loop
      vertex 90.756 -55.5462 6
      vertex 89.6873 -55.7587 8
      vertex 90.756 -55.5462 8
    endloop
  endfacet
  facet normal -0.195022 0.980799 0
    outer loop
      vertex 89.6873 -55.7587 8
      vertex 90.756 -55.5462 6
      vertex 89.6873 -55.7587 6
    endloop
  endfacet
  facet normal 0.659336 0.751849 -0
    outer loop
      vertex -93.671 -54.1086 6
      vertex -94.4902 -53.3902 8
      vertex -93.671 -54.1086 8
    endloop
  endfacet
  facet normal 0.659336 0.751849 0
    outer loop
      vertex -94.4902 -53.3902 8
      vertex -93.671 -54.1086 6
      vertex -94.4902 -53.3902 6
    endloop
  endfacet
  facet normal -0.831457 0.555589 0
    outer loop
      vertex 95.2086 -52.571 6
      vertex 95.814 -51.665 8
      vertex 95.814 -51.665 6
    endloop
  endfacet
  facet normal -0.831457 0.555589 0
    outer loop
      vertex 95.814 -51.665 8
      vertex 95.2086 -52.571 6
      vertex 95.2086 -52.571 8
    endloop
  endfacet
  facet normal -0.442287 0.896873 0
    outer loop
      vertex 92.765 -54.714 6
      vertex 91.7878 -55.1959 8
      vertex 92.765 -54.714 8
    endloop
  endfacet
  facet normal -0.442287 0.896873 0
    outer loop
      vertex 91.7878 -55.1959 8
      vertex 92.765 -54.714 6
      vertex 91.7878 -55.1959 6
    endloop
  endfacet
  facet normal 0.555589 0.831457 -0
    outer loop
      vertex -92.765 -54.714 6
      vertex -93.671 -54.1086 8
      vertex -92.765 -54.714 8
    endloop
  endfacet
  facet normal 0.555589 0.831457 0
    outer loop
      vertex -93.671 -54.1086 8
      vertex -92.765 -54.714 6
      vertex -93.671 -54.1086 6
    endloop
  endfacet
  facet normal 0.442287 0.896873 -0
    outer loop
      vertex -91.7878 -55.1959 6
      vertex -92.765 -54.714 8
      vertex -91.7878 -55.1959 8
    endloop
  endfacet
  facet normal 0.442287 0.896873 0
    outer loop
      vertex -92.765 -54.714 8
      vertex -91.7878 -55.1959 6
      vertex -92.765 -54.714 6
    endloop
  endfacet
  facet normal 0.751849 0.659336 0
    outer loop
      vertex -94.4902 -53.3902 8
      vertex -95.2086 -52.571 6
      vertex -95.2086 -52.571 8
    endloop
  endfacet
  facet normal 0.751849 0.659336 0
    outer loop
      vertex -95.2086 -52.571 6
      vertex -94.4902 -53.3902 8
      vertex -94.4902 -53.3902 6
    endloop
  endfacet
  facet normal 0.831457 0.555589 0
    outer loop
      vertex -95.2086 -52.571 8
      vertex -95.814 -51.665 6
      vertex -95.814 -51.665 8
    endloop
  endfacet
  facet normal 0.831457 0.555589 0
    outer loop
      vertex -95.814 -51.665 6
      vertex -95.2086 -52.571 8
      vertex -95.2086 -52.571 6
    endloop
  endfacet
  facet normal 0.980779 0.195124 0
    outer loop
      vertex -84.8637 -47.0353 6
      vertex -84.9658 -46.5221 3.5
      vertex -84.9658 -46.5221 6
    endloop
  endfacet
  facet normal 0.980779 0.195124 0
    outer loop
      vertex -84.9658 -46.5221 3.5
      vertex -84.8637 -47.0353 6
      vertex -84.8637 -47.0353 3.5
    endloop
  endfacet
  facet normal 0.94691 0.321498 0
    outer loop
      vertex -84.6955 -47.5307 6
      vertex -84.8637 -47.0353 3.5
      vertex -84.8637 -47.0353 6
    endloop
  endfacet
  facet normal 0.94691 0.321498 0
    outer loop
      vertex -84.8637 -47.0353 3.5
      vertex -84.6955 -47.5307 6
      vertex -84.6955 -47.5307 3.5
    endloop
  endfacet
  facet normal 0.997861 0.0653646 0
    outer loop
      vertex -84.9658 -46.5221 6
      vertex -85 -46 3.5
      vertex -85 -46 6
    endloop
  endfacet
  facet normal 0.997861 0.0653646 0
    outer loop
      vertex -85 -46 3.5
      vertex -84.9658 -46.5221 6
      vertex -84.9658 -46.5221 3.5
    endloop
  endfacet
  facet normal 0 1 -0
    outer loop
      vertex 81 -50 3.5
      vertex -81 -50 6
      vertex 81 -50 6
    endloop
  endfacet
  facet normal 0 1 0
    outer loop
      vertex -81 -50 6
      vertex 81 -50 3.5
      vertex -81 -50 3.5
    endloop
  endfacet
  facet normal -1 0 0
    outer loop
      vertex 85 -46 3.5
      vertex 85 46 6
      vertex 85 46 3.5
    endloop
  endfacet
  facet normal -1 -0 0
    outer loop
      vertex 85 46 6
      vertex 85 -46 3.5
      vertex 85 -46 6
    endloop
  endfacet
  facet normal 0.751842 0.659343 0
    outer loop
      vertex -83.8284 -48.8284 6
      vertex -84.1734 -48.435 3.5
      vertex -84.1734 -48.435 6
    endloop
  endfacet
  facet normal 0.751842 0.659343 0
    outer loop
      vertex -84.1734 -48.435 3.5
      vertex -83.8284 -48.8284 6
      vertex -83.8284 -48.8284 3.5
    endloop
  endfacet
  facet normal 1 -0 0
    outer loop
      vertex -85 -46 6
      vertex -85 46 3.5
      vertex -85 46 6
    endloop
  endfacet
  facet normal 1 0 0
    outer loop
      vertex -85 46 3.5
      vertex -85 -46 6
      vertex -85 -46 3.5
    endloop
  endfacet
  facet normal -0.0653646 -0.997861 0
    outer loop
      vertex 81 50 3.5
      vertex 81.5221 49.9658 6
      vertex 81 50 6
    endloop
  endfacet
  facet normal -0.0653646 -0.997861 -0
    outer loop
      vertex 81.5221 49.9658 6
      vertex 81 50 3.5
      vertex 81.5221 49.9658 3.5
    endloop
  endfacet
  facet normal 0 -1 0
    outer loop
      vertex -81 50 3.5
      vertex 81 50 6
      vertex -81 50 6
    endloop
  endfacet
  facet normal 0 -1 -0
    outer loop
      vertex 81 50 6
      vertex -81 50 3.5
      vertex 81 50 3.5
    endloop
  endfacet
  facet normal -0.980779 -0.195124 0
    outer loop
      vertex 84.9658 46.5221 3.5
      vertex 84.8637 47.0353 6
      vertex 84.8637 47.0353 3.5
    endloop
  endfacet
  facet normal -0.980779 -0.195124 0
    outer loop
      vertex 84.8637 47.0353 6
      vertex 84.9658 46.5221 3.5
      vertex 84.9658 46.5221 6
    endloop
  endfacet
  facet normal -0.997861 -0.0653646 0
    outer loop
      vertex 85 46 3.5
      vertex 84.9658 46.5221 6
      vertex 84.9658 46.5221 3.5
    endloop
  endfacet
  facet normal -0.997861 -0.0653646 0
    outer loop
      vertex 84.9658 46.5221 6
      vertex 85 46 3.5
      vertex 85 46 6
    endloop
  endfacet
  facet normal 0.831432 -0.555626 0
    outer loop
      vertex -84.4641 48 6
      vertex -84.1734 48.435 3.5
      vertex -84.1734 48.435 6
    endloop
  endfacet
  facet normal 0.831432 -0.555626 0
    outer loop
      vertex -84.1734 48.435 3.5
      vertex -84.4641 48 6
      vertex -84.4641 48 3.5
    endloop
  endfacet
  facet normal 0.997861 -0.0653646 0
    outer loop
      vertex -85 46 6
      vertex -84.9658 46.5221 3.5
      vertex -84.9658 46.5221 6
    endloop
  endfacet
  facet normal 0.997861 -0.0653646 0
    outer loop
      vertex -84.9658 46.5221 3.5
      vertex -85 46 6
      vertex -85 46 3.5
    endloop
  endfacet
  facet normal -0.659343 -0.751842 0
    outer loop
      vertex 83.435 49.1734 3.5
      vertex 83.8284 48.8284 6
      vertex 83.435 49.1734 6
    endloop
  endfacet
  facet normal -0.659343 -0.751842 -0
    outer loop
      vertex 83.8284 48.8284 6
      vertex 83.435 49.1734 3.5
      vertex 83.8284 48.8284 3.5
    endloop
  endfacet
  facet normal 0.442238 -0.896898 0
    outer loop
      vertex -83 49.4641 3.5
      vertex -82.5307 49.6955 6
      vertex -83 49.4641 6
    endloop
  endfacet
  facet normal 0.442238 -0.896898 0
    outer loop
      vertex -82.5307 49.6955 6
      vertex -83 49.4641 3.5
      vertex -82.5307 49.6955 3.5
    endloop
  endfacet
  facet normal -0.751842 0.659343 0
    outer loop
      vertex 83.8284 -48.8284 3.5
      vertex 84.1734 -48.435 6
      vertex 84.1734 -48.435 3.5
    endloop
  endfacet
  facet normal -0.751842 0.659343 0
    outer loop
      vertex 84.1734 -48.435 6
      vertex 83.8284 -48.8284 3.5
      vertex 83.8284 -48.8284 6
    endloop
  endfacet
  facet normal 0.321498 0.94691 -0
    outer loop
      vertex -82.0353 -49.8637 3.5
      vertex -82.5307 -49.6955 6
      vertex -82.0353 -49.8637 6
    endloop
  endfacet
  facet normal 0.321498 0.94691 0
    outer loop
      vertex -82.5307 -49.6955 6
      vertex -82.0353 -49.8637 3.5
      vertex -82.5307 -49.6955 3.5
    endloop
  endfacet
  facet normal 0.751842 -0.659343 0
    outer loop
      vertex -84.1734 48.435 6
      vertex -83.8284 48.8284 3.5
      vertex -83.8284 48.8284 6
    endloop
  endfacet
  facet normal 0.751842 -0.659343 0
    outer loop
      vertex -83.8284 48.8284 3.5
      vertex -84.1734 48.435 6
      vertex -84.1734 48.435 3.5
    endloop
  endfacet
  facet normal 0.659343 -0.751842 0
    outer loop
      vertex -83.8284 48.8284 3.5
      vertex -83.435 49.1734 6
      vertex -83.8284 48.8284 6
    endloop
  endfacet
  facet normal 0.659343 -0.751842 0
    outer loop
      vertex -83.435 49.1734 6
      vertex -83.8284 48.8284 3.5
      vertex -83.435 49.1734 3.5
    endloop
  endfacet
  facet normal 0.555626 -0.831432 0
    outer loop
      vertex -83.435 49.1734 3.5
      vertex -83 49.4641 6
      vertex -83.435 49.1734 6
    endloop
  endfacet
  facet normal 0.555626 -0.831432 0
    outer loop
      vertex -83 49.4641 6
      vertex -83.435 49.1734 3.5
      vertex -83 49.4641 3.5
    endloop
  endfacet
  facet normal 0.94691 -0.321498 0
    outer loop
      vertex -84.8637 47.0353 6
      vertex -84.6955 47.5307 3.5
      vertex -84.6955 47.5307 6
    endloop
  endfacet
  facet normal 0.94691 -0.321498 0
    outer loop
      vertex -84.6955 47.5307 3.5
      vertex -84.8637 47.0353 6
      vertex -84.8637 47.0353 3.5
    endloop
  endfacet
  facet normal 0.896898 -0.442238 0
    outer loop
      vertex -84.6955 47.5307 6
      vertex -84.4641 48 3.5
      vertex -84.4641 48 6
    endloop
  endfacet
  facet normal 0.896898 -0.442238 0
    outer loop
      vertex -84.4641 48 3.5
      vertex -84.6955 47.5307 6
      vertex -84.6955 47.5307 3.5
    endloop
  endfacet
  facet normal 0.980779 -0.195124 0
    outer loop
      vertex -84.9658 46.5221 6
      vertex -84.8637 47.0353 3.5
      vertex -84.8637 47.0353 6
    endloop
  endfacet
  facet normal 0.980779 -0.195124 0
    outer loop
      vertex -84.8637 47.0353 3.5
      vertex -84.9658 46.5221 6
      vertex -84.9658 46.5221 3.5
    endloop
  endfacet
  facet normal -0.442238 -0.896898 0
    outer loop
      vertex 82.5307 49.6955 3.5
      vertex 83 49.4641 6
      vertex 82.5307 49.6955 6
    endloop
  endfacet
  facet normal -0.442238 -0.896898 -0
    outer loop
      vertex 83 49.4641 6
      vertex 82.5307 49.6955 3.5
      vertex 83 49.4641 3.5
    endloop
  endfacet
  facet normal -0.555626 -0.831432 0
    outer loop
      vertex 83 49.4641 3.5
      vertex 83.435 49.1734 6
      vertex 83 49.4641 6
    endloop
  endfacet
  facet normal -0.555626 -0.831432 -0
    outer loop
      vertex 83.435 49.1734 6
      vertex 83 49.4641 3.5
      vertex 83.435 49.1734 3.5
    endloop
  endfacet
  facet normal -0.751842 -0.659343 0
    outer loop
      vertex 84.1734 48.435 3.5
      vertex 83.8284 48.8284 6
      vertex 83.8284 48.8284 3.5
    endloop
  endfacet
  facet normal -0.751842 -0.659343 0
    outer loop
      vertex 83.8284 48.8284 6
      vertex 84.1734 48.435 3.5
      vertex 84.1734 48.435 6
    endloop
  endfacet
  facet normal -0.831432 -0.555626 0
    outer loop
      vertex 84.4641 48 3.5
      vertex 84.1734 48.435 6
      vertex 84.1734 48.435 3.5
    endloop
  endfacet
  facet normal -0.831432 -0.555626 0
    outer loop
      vertex 84.1734 48.435 6
      vertex 84.4641 48 3.5
      vertex 84.4641 48 6
    endloop
  endfacet
  facet normal -0.94691 -0.321498 0
    outer loop
      vertex 84.8637 47.0353 3.5
      vertex 84.6955 47.5307 6
      vertex 84.6955 47.5307 3.5
    endloop
  endfacet
  facet normal -0.94691 -0.321498 0
    outer loop
      vertex 84.6955 47.5307 6
      vertex 84.8637 47.0353 3.5
      vertex 84.8637 47.0353 6
    endloop
  endfacet
  facet normal 0.195124 -0.980779 0
    outer loop
      vertex -82.0353 49.8637 3.5
      vertex -81.5221 49.9658 6
      vertex -82.0353 49.8637 6
    endloop
  endfacet
  facet normal 0.195124 -0.980779 0
    outer loop
      vertex -81.5221 49.9658 6
      vertex -82.0353 49.8637 3.5
      vertex -81.5221 49.9658 3.5
    endloop
  endfacet
  facet normal 0.0653646 -0.997861 0
    outer loop
      vertex -81.5221 49.9658 3.5
      vertex -81 50 6
      vertex -81.5221 49.9658 6
    endloop
  endfacet
  facet normal 0.0653646 -0.997861 0
    outer loop
      vertex -81 50 6
      vertex -81.5221 49.9658 3.5
      vertex -81 50 3.5
    endloop
  endfacet
  facet normal 0.321498 -0.94691 0
    outer loop
      vertex -82.5307 49.6955 3.5
      vertex -82.0353 49.8637 6
      vertex -82.5307 49.6955 6
    endloop
  endfacet
  facet normal 0.321498 -0.94691 0
    outer loop
      vertex -82.0353 49.8637 6
      vertex -82.5307 49.6955 3.5
      vertex -82.0353 49.8637 3.5
    endloop
  endfacet
  facet normal -0.997861 0.0653646 0
    outer loop
      vertex 84.9658 -46.5221 3.5
      vertex 85 -46 6
      vertex 85 -46 3.5
    endloop
  endfacet
  facet normal -0.997861 0.0653646 0
    outer loop
      vertex 85 -46 6
      vertex 84.9658 -46.5221 3.5
      vertex 84.9658 -46.5221 6
    endloop
  endfacet
  facet normal -0.442238 0.896898 0
    outer loop
      vertex 83 -49.4641 3.5
      vertex 82.5307 -49.6955 6
      vertex 83 -49.4641 6
    endloop
  endfacet
  facet normal -0.442238 0.896898 0
    outer loop
      vertex 82.5307 -49.6955 6
      vertex 83 -49.4641 3.5
      vertex 82.5307 -49.6955 3.5
    endloop
  endfacet
  facet normal -0.94691 0.321498 0
    outer loop
      vertex 84.6955 -47.5307 3.5
      vertex 84.8637 -47.0353 6
      vertex 84.8637 -47.0353 3.5
    endloop
  endfacet
  facet normal -0.94691 0.321498 0
    outer loop
      vertex 84.8637 -47.0353 6
      vertex 84.6955 -47.5307 3.5
      vertex 84.6955 -47.5307 6
    endloop
  endfacet
  facet normal -0.195124 0.980779 0
    outer loop
      vertex 82.0353 -49.8637 3.5
      vertex 81.5221 -49.9658 6
      vertex 82.0353 -49.8637 6
    endloop
  endfacet
  facet normal -0.195124 0.980779 0
    outer loop
      vertex 81.5221 -49.9658 6
      vertex 82.0353 -49.8637 3.5
      vertex 81.5221 -49.9658 3.5
    endloop
  endfacet
  facet normal -0.0653646 0.997861 0
    outer loop
      vertex 81.5221 -49.9658 3.5
      vertex 81 -50 6
      vertex 81.5221 -49.9658 6
    endloop
  endfacet
  facet normal -0.0653646 0.997861 0
    outer loop
      vertex 81 -50 6
      vertex 81.5221 -49.9658 3.5
      vertex 81 -50 3.5
    endloop
  endfacet
  facet normal 0.0653646 0.997861 -0
    outer loop
      vertex -81 -50 3.5
      vertex -81.5221 -49.9658 6
      vertex -81 -50 6
    endloop
  endfacet
  facet normal 0.0653646 0.997861 0
    outer loop
      vertex -81.5221 -49.9658 6
      vertex -81 -50 3.5
      vertex -81.5221 -49.9658 3.5
    endloop
  endfacet
  facet normal 0.659343 0.751842 -0
    outer loop
      vertex -83.435 -49.1734 3.5
      vertex -83.8284 -48.8284 6
      vertex -83.435 -49.1734 6
    endloop
  endfacet
  facet normal 0.659343 0.751842 0
    outer loop
      vertex -83.8284 -48.8284 6
      vertex -83.435 -49.1734 3.5
      vertex -83.8284 -48.8284 3.5
    endloop
  endfacet
  facet normal -0.195124 -0.980779 0
    outer loop
      vertex 81.5221 49.9658 3.5
      vertex 82.0353 49.8637 6
      vertex 81.5221 49.9658 6
    endloop
  endfacet
  facet normal -0.195124 -0.980779 -0
    outer loop
      vertex 82.0353 49.8637 6
      vertex 81.5221 49.9658 3.5
      vertex 82.0353 49.8637 3.5
    endloop
  endfacet
  facet normal -0.321498 -0.94691 0
    outer loop
      vertex 82.0353 49.8637 3.5
      vertex 82.5307 49.6955 6
      vertex 82.0353 49.8637 6
    endloop
  endfacet
  facet normal -0.321498 -0.94691 -0
    outer loop
      vertex 82.5307 49.6955 6
      vertex 82.0353 49.8637 3.5
      vertex 82.5307 49.6955 3.5
    endloop
  endfacet
  facet normal -0.896898 -0.442238 0
    outer loop
      vertex 84.6955 47.5307 3.5
      vertex 84.4641 48 6
      vertex 84.4641 48 3.5
    endloop
  endfacet
  facet normal -0.896898 -0.442238 0
    outer loop
      vertex 84.4641 48 6
      vertex 84.6955 47.5307 3.5
      vertex 84.6955 47.5307 6
    endloop
  endfacet
  facet normal -0.555626 0.831432 0
    outer loop
      vertex 83.435 -49.1734 3.5
      vertex 83 -49.4641 6
      vertex 83.435 -49.1734 6
    endloop
  endfacet
  facet normal -0.555626 0.831432 0
    outer loop
      vertex 83 -49.4641 6
      vertex 83.435 -49.1734 3.5
      vertex 83 -49.4641 3.5
    endloop
  endfacet
  facet normal -0.659343 0.751842 0
    outer loop
      vertex 83.8284 -48.8284 3.5
      vertex 83.435 -49.1734 6
      vertex 83.8284 -48.8284 6
    endloop
  endfacet
  facet normal -0.659343 0.751842 0
    outer loop
      vertex 83.435 -49.1734 6
      vertex 83.8284 -48.8284 3.5
      vertex 83.435 -49.1734 3.5
    endloop
  endfacet
  facet normal -0.831432 0.555626 0
    outer loop
      vertex 84.1734 -48.435 3.5
      vertex 84.4641 -48 6
      vertex 84.4641 -48 3.5
    endloop
  endfacet
  facet normal -0.831432 0.555626 0
    outer loop
      vertex 84.4641 -48 6
      vertex 84.1734 -48.435 3.5
      vertex 84.1734 -48.435 6
    endloop
  endfacet
  facet normal -0.896898 0.442238 0
    outer loop
      vertex 84.4641 -48 3.5
      vertex 84.6955 -47.5307 6
      vertex 84.6955 -47.5307 3.5
    endloop
  endfacet
  facet normal -0.896898 0.442238 0
    outer loop
      vertex 84.6955 -47.5307 6
      vertex 84.4641 -48 3.5
      vertex 84.4641 -48 6
    endloop
  endfacet
  facet normal -0.321498 0.94691 0
    outer loop
      vertex 82.5307 -49.6955 3.5
      vertex 82.0353 -49.8637 6
      vertex 82.5307 -49.6955 6
    endloop
  endfacet
  facet normal -0.321498 0.94691 0
    outer loop
      vertex 82.0353 -49.8637 6
      vertex 82.5307 -49.6955 3.5
      vertex 82.0353 -49.8637 3.5
    endloop
  endfacet
  facet normal 0.442238 0.896898 -0
    outer loop
      vertex -82.5307 -49.6955 3.5
      vertex -83 -49.4641 6
      vertex -82.5307 -49.6955 6
    endloop
  endfacet
  facet normal 0.442238 0.896898 0
    outer loop
      vertex -83 -49.4641 6
      vertex -82.5307 -49.6955 3.5
      vertex -83 -49.4641 3.5
    endloop
  endfacet
  facet normal -0.980779 0.195124 0
    outer loop
      vertex 84.8637 -47.0353 3.5
      vertex 84.9658 -46.5221 6
      vertex 84.9658 -46.5221 3.5
    endloop
  endfacet
  facet normal -0.980779 0.195124 0
    outer loop
      vertex 84.9658 -46.5221 6
      vertex 84.8637 -47.0353 3.5
      vertex 84.8637 -47.0353 6
    endloop
  endfacet
  facet normal 0.195124 0.980779 -0
    outer loop
      vertex -81.5221 -49.9658 3.5
      vertex -82.0353 -49.8637 6
      vertex -81.5221 -49.9658 6
    endloop
  endfacet
  facet normal 0.195124 0.980779 0
    outer loop
      vertex -82.0353 -49.8637 6
      vertex -81.5221 -49.9658 3.5
      vertex -82.0353 -49.8637 3.5
    endloop
  endfacet
  facet normal 0.555626 0.831432 -0
    outer loop
      vertex -83 -49.4641 3.5
      vertex -83.435 -49.1734 6
      vertex -83 -49.4641 6
    endloop
  endfacet
  facet normal 0.555626 0.831432 0
    outer loop
      vertex -83.435 -49.1734 6
      vertex -83 -49.4641 3.5
      vertex -83.435 -49.1734 3.5
    endloop
  endfacet
  facet normal 0.831432 0.555626 0
    outer loop
      vertex -84.1734 -48.435 6
      vertex -84.4641 -48 3.5
      vertex -84.4641 -48 6
    endloop
  endfacet
  facet normal 0.831432 0.555626 0
    outer loop
      vertex -84.4641 -48 3.5
      vertex -84.1734 -48.435 6
      vertex -84.1734 -48.435 3.5
    endloop
  endfacet
  facet normal 0.896898 0.442238 0
    outer loop
      vertex -84.4641 -48 6
      vertex -84.6955 -47.5307 3.5
      vertex -84.6955 -47.5307 6
    endloop
  endfacet
  facet normal 0.896898 0.442238 0
    outer loop
      vertex -84.6955 -47.5307 3.5
      vertex -84.4641 -48 6
      vertex -84.4641 -48 3.5
    endloop
  endfacet
  facet normal 0.980824 0.194894 0
    outer loop
      vertex -111.358 -55.3376 3.5
      vertex -111.539 -54.4267 0
      vertex -111.539 -54.4267 3.5
    endloop
  endfacet
  facet normal 0.980824 0.194894 0
    outer loop
      vertex -111.539 -54.4267 0
      vertex -111.358 -55.3376 3.5
      vertex -111.358 -55.3376 0
    endloop
  endfacet
  facet normal 0.94711 0.320908 0
    outer loop
      vertex -111.06 -56.2171 3.5
      vertex -111.358 -55.3376 0
      vertex -111.358 -55.3376 3.5
    endloop
  endfacet
  facet normal 0.94711 0.320908 0
    outer loop
      vertex -111.358 -55.3376 0
      vertex -111.06 -56.2171 3.5
      vertex -111.06 -56.2171 0
    endloop
  endfacet
  facet normal 0.997841 0.0656828 0
    outer loop
      vertex -111.539 -54.4267 3.5
      vertex -111.6 -53.5 0
      vertex -111.6 -53.5 3.5
    endloop
  endfacet
  facet normal 0.997841 0.0656828 0
    outer loop
      vertex -111.6 -53.5 0
      vertex -111.539 -54.4267 3.5
      vertex -111.539 -54.4267 0
    endloop
  endfacet
  facet normal -0.94711 -0.320908 0
    outer loop
      vertex 111.358 55.3376 0
      vertex 111.06 56.2171 3.5
      vertex 111.06 56.2171 0
    endloop
  endfacet
  facet normal -0.94711 -0.320908 0
    outer loop
      vertex 111.06 56.2171 3.5
      vertex 111.358 55.3376 0
      vertex 111.358 55.3376 3.5
    endloop
  endfacet
  facet normal 0 1 0
    outer loop
      vertex 7 -60.6 1
      vertex 42 -60.6 3.39345
      vertex 42 -60.6 1.60655
    endloop
  endfacet
  facet normal 0 1 0
    outer loop
      vertex 42 -60.6 3.39345
      vertex 7 -60.6 1
      vertex -42 -60.6 3.39345
    endloop
  endfacet
  facet normal 0 1 0
    outer loop
      vertex 104.5 -60.6 3.5
      vertex 58 -60.6 3.39345
      vertex -104.5 -60.6 3.5
    endloop
  endfacet
  facet normal 0 1 0
    outer loop
      vertex 104.5 -60.6 3.5
      vertex 58 -60.6 1.60655
      vertex 58 -60.6 3.39345
    endloop
  endfacet
  facet normal 0 1 0
    outer loop
      vertex 7 -60.6 0
      vertex 42 -60.6 1.60655
      vertex 58 -60.6 1.60655
    endloop
  endfacet
  facet normal 0 1 -0
    outer loop
      vertex -7 -60.6 1
      vertex -42 -60.6 3.39345
      vertex 7 -60.6 1
    endloop
  endfacet
  facet normal 0 1 0
    outer loop
      vertex -42 -60.6 3.39345
      vertex -7 -60.6 1
      vertex -42 -60.6 1.60655
    endloop
  endfacet
  facet normal 0 1 -0
    outer loop
      vertex 104.5 -60.6 0
      vertex 58 -60.6 1.60655
      vertex 104.5 -60.6 3.5
    endloop
  endfacet
  facet normal 0 1 0
    outer loop
      vertex 7 -60.6 0
      vertex 58 -60.6 1.60655
      vertex 104.5 -60.6 0
    endloop
  endfacet
  facet normal 0 1 0
    outer loop
      vertex 42 -60.6 1.60655
      vertex 7 -60.6 0
      vertex 7 -60.6 1
    endloop
  endfacet
  facet normal 0 1 -0
    outer loop
      vertex 42 -60.6 3.39345
      vertex -104.5 -60.6 3.5
      vertex 58 -60.6 3.39345
    endloop
  endfacet
  facet normal 0 1 -0
    outer loop
      vertex -42 -60.6 3.39345
      vertex -104.5 -60.6 3.5
      vertex 42 -60.6 3.39345
    endloop
  endfacet
  facet normal 0 1 -0
    outer loop
      vertex -58 -60.6 3.39345
      vertex -104.5 -60.6 3.5
      vertex -42 -60.6 3.39345
    endloop
  endfacet
  facet normal 0 1 -0
    outer loop
      vertex -58 -60.6 1.60655
      vertex -104.5 -60.6 3.5
      vertex -58 -60.6 3.39345
    endloop
  endfacet
  facet normal 0 1 -0
    outer loop
      vertex -7 -60.6 0
      vertex -42 -60.6 1.60655
      vertex -7 -60.6 1
    endloop
  endfacet
  facet normal 0 1 0
    outer loop
      vertex -42 -60.6 1.60655
      vertex -7 -60.6 0
      vertex -58 -60.6 1.60655
    endloop
  endfacet
  facet normal 0 1 0
    outer loop
      vertex -58 -60.6 1.60655
      vertex -104.5 -60.6 0
      vertex -104.5 -60.6 3.5
    endloop
  endfacet
  facet normal 0 1 0
    outer loop
      vertex -104.5 -60.6 0
      vertex -58 -60.6 1.60655
      vertex -7 -60.6 0
    endloop
  endfacet
  facet normal -0.0653401 0.997863 0
    outer loop
      vertex 105.427 -60.5393 0
      vertex 104.5 -60.6 3.5
      vertex 105.427 -60.5393 3.5
    endloop
  endfacet
  facet normal -0.0653401 0.997863 0
    outer loop
      vertex 104.5 -60.6 3.5
      vertex 105.427 -60.5393 0
      vertex 104.5 -60.6 0
    endloop
  endfacet
  facet normal 0 0 -1
    outer loop
      vertex -96.6477 -54.3623 3.5
      vertex -96.6477 -53.6377 3.5
      vertex -96.6 -54 3.5
    endloop
  endfacet
  facet normal 0 0 -1
    outer loop
      vertex -96.7876 -54.7 3.5
      vertex -96.6477 -53.6377 3.5
      vertex -96.6477 -54.3623 3.5
    endloop
  endfacet
  facet normal 0 0 -1
    outer loop
      vertex -96.7876 -54.7 3.5
      vertex -96.7876 -53.3 3.5
      vertex -96.6477 -53.6377 3.5
    endloop
  endfacet
  facet normal 0 0 -1
    outer loop
      vertex -97.01 -54.9899 3.5
      vertex -96.7876 -53.3 3.5
      vertex -96.7876 -54.7 3.5
    endloop
  endfacet
  facet normal 0 0 -1
    outer loop
      vertex -97.01 -54.9899 3.5
      vertex -97.01 -53.0101 3.5
      vertex -96.7876 -53.3 3.5
    endloop
  endfacet
  facet normal 0 0 -1
    outer loop
      vertex -97.3 -55.2124 3.5
      vertex -97.01 -53.0101 3.5
      vertex -97.01 -54.9899 3.5
    endloop
  endfacet
  facet normal 0 0 -1
    outer loop
      vertex -97.3 -55.2124 3.5
      vertex -97.3 -52.7876 3.5
      vertex -97.01 -53.0101 3.5
    endloop
  endfacet
  facet normal 0 0 -1
    outer loop
      vertex -97.6376 -55.3523 3.5
      vertex -97.3 -52.7876 3.5
      vertex -97.3 -55.2124 3.5
    endloop
  endfacet
  facet normal 0 0 -1
    outer loop
      vertex -97.6376 -55.3523 3.5
      vertex -97.6376 -52.6477 3.5
      vertex -97.3 -52.7876 3.5
    endloop
  endfacet
  facet normal 0 0 -1
    outer loop
      vertex -98 -55.4 3.5
      vertex -97.6376 -52.6477 3.5
      vertex -97.6376 -55.3523 3.5
    endloop
  endfacet
  facet normal 0 0 -1
    outer loop
      vertex -98 -55.4 3.5
      vertex -98 -52.6 3.5
      vertex -97.6376 -52.6477 3.5
    endloop
  endfacet
  facet normal 0 0 -1
    outer loop
      vertex -98.3624 -55.3523 3.5
      vertex -98 -52.6 3.5
      vertex -98 -55.4 3.5
    endloop
  endfacet
  facet normal 0 0 -1
    outer loop
      vertex -98.3624 -55.3523 3.5
      vertex -98.3624 -52.6477 3.5
      vertex -98 -52.6 3.5
    endloop
  endfacet
  facet normal 0 0 -1
    outer loop
      vertex -98.7 -55.2124 3.5
      vertex -98.3624 -52.6477 3.5
      vertex -98.3624 -55.3523 3.5
    endloop
  endfacet
  facet normal 0 0 -1
    outer loop
      vertex -98.7 -55.2124 3.5
      vertex -98.7 -52.7876 3.5
      vertex -98.3624 -52.6477 3.5
    endloop
  endfacet
  facet normal 0 0 -1
    outer loop
      vertex -98.99 -54.9899 3.5
      vertex -98.7 -52.7876 3.5
      vertex -98.7 -55.2124 3.5
    endloop
  endfacet
  facet normal 0 0 -1
    outer loop
      vertex -98.99 -54.9899 3.5
      vertex -98.99 -53.0101 3.5
      vertex -98.7 -52.7876 3.5
    endloop
  endfacet
  facet normal 0 0 -1
    outer loop
      vertex -99.2124 -54.7 3.5
      vertex -98.99 -53.0101 3.5
      vertex -98.99 -54.9899 3.5
    endloop
  endfacet
  facet normal 0 0 -1
    outer loop
      vertex -99.2124 -54.7 3.5
      vertex -99.2124 -53.3 3.5
      vertex -98.99 -53.0101 3.5
    endloop
  endfacet
  facet normal 0 0 -1
    outer loop
      vertex -99.3523 -54.3623 3.5
      vertex -99.2124 -53.3 3.5
      vertex -99.2124 -54.7 3.5
    endloop
  endfacet
  facet normal 0 0 -1
    outer loop
      vertex -99.3523 -54.3623 3.5
      vertex -99.3523 -53.6377 3.5
      vertex -99.2124 -53.3 3.5
    endloop
  endfacet
  facet normal 0 -0 -1
    outer loop
      vertex -99.3523 -53.6377 3.5
      vertex -99.3523 -54.3623 3.5
      vertex -99.4 -54 3.5
    endloop
  endfacet
  facet normal 0 0 -1
    outer loop
      vertex -96.6477 53.6377 3.5
      vertex -96.6477 54.3623 3.5
      vertex -96.6 54 3.5
    endloop
  endfacet
  facet normal 0 0 -1
    outer loop
      vertex -96.7876 53.3 3.5
      vertex -96.6477 54.3623 3.5
      vertex -96.6477 53.6377 3.5
    endloop
  endfacet
  facet normal 0 0 -1
    outer loop
      vertex -96.7876 53.3 3.5
      vertex -96.7876 54.7 3.5
      vertex -96.6477 54.3623 3.5
    endloop
  endfacet
  facet normal 0 0 -1
    outer loop
      vertex -97.01 53.0101 3.5
      vertex -96.7876 54.7 3.5
      vertex -96.7876 53.3 3.5
    endloop
  endfacet
  facet normal 0 0 -1
    outer loop
      vertex -97.01 53.0101 3.5
      vertex -97.01 54.9899 3.5
      vertex -96.7876 54.7 3.5
    endloop
  endfacet
  facet normal 0 0 -1
    outer loop
      vertex -97.3 52.7876 3.5
      vertex -97.01 54.9899 3.5
      vertex -97.01 53.0101 3.5
    endloop
  endfacet
  facet normal 0 0 -1
    outer loop
      vertex -97.3 52.7876 3.5
      vertex -97.3 55.2124 3.5
      vertex -97.01 54.9899 3.5
    endloop
  endfacet
  facet normal 0 0 -1
    outer loop
      vertex -97.6376 52.6477 3.5
      vertex -97.3 55.2124 3.5
      vertex -97.3 52.7876 3.5
    endloop
  endfacet
  facet normal 0 0 -1
    outer loop
      vertex -97.6376 52.6477 3.5
      vertex -97.6376 55.3523 3.5
      vertex -97.3 55.2124 3.5
    endloop
  endfacet
  facet normal 0 0 -1
    outer loop
      vertex -98 52.6 3.5
      vertex -97.6376 55.3523 3.5
      vertex -97.6376 52.6477 3.5
    endloop
  endfacet
  facet normal 0 0 -1
    outer loop
      vertex -98 52.6 3.5
      vertex -98 55.4 3.5
      vertex -97.6376 55.3523 3.5
    endloop
  endfacet
  facet normal 0 0 -1
    outer loop
      vertex -98.3624 52.6477 3.5
      vertex -98 55.4 3.5
      vertex -98 52.6 3.5
    endloop
  endfacet
  facet normal 0 0 -1
    outer loop
      vertex -98.3624 52.6477 3.5
      vertex -98.3624 55.3523 3.5
      vertex -98 55.4 3.5
    endloop
  endfacet
  facet normal 0 0 -1
    outer loop
      vertex -98.7 52.7876 3.5
      vertex -98.3624 55.3523 3.5
      vertex -98.3624 52.6477 3.5
    endloop
  endfacet
  facet normal 0 0 -1
    outer loop
      vertex -98.7 52.7876 3.5
      vertex -98.7 55.2124 3.5
      vertex -98.3624 55.3523 3.5
    endloop
  endfacet
  facet normal 0 0 -1
    outer loop
      vertex -98.99 53.0101 3.5
      vertex -98.7 55.2124 3.5
      vertex -98.7 52.7876 3.5
    endloop
  endfacet
  facet normal 0 0 -1
    outer loop
      vertex -98.99 53.0101 3.5
      vertex -98.99 54.9899 3.5
      vertex -98.7 55.2124 3.5
    endloop
  endfacet
  facet normal 0 0 -1
    outer loop
      vertex -99.2124 53.3 3.5
      vertex -98.99 54.9899 3.5
      vertex -98.99 53.0101 3.5
    endloop
  endfacet
  facet normal 0 0 -1
    outer loop
      vertex -99.2124 53.3 3.5
      vertex -99.2124 54.7 3.5
      vertex -98.99 54.9899 3.5
    endloop
  endfacet
  facet normal 0 0 -1
    outer loop
      vertex -99.3523 53.6377 3.5
      vertex -99.2124 54.7 3.5
      vertex -99.2124 53.3 3.5
    endloop
  endfacet
  facet normal 0 0 -1
    outer loop
      vertex -99.3523 53.6377 3.5
      vertex -99.3523 54.3623 3.5
      vertex -99.2124 54.7 3.5
    endloop
  endfacet
  facet normal 0 -0 -1
    outer loop
      vertex -99.3523 54.3623 3.5
      vertex -99.3523 53.6377 3.5
      vertex -99.4 54 3.5
    endloop
  endfacet
  facet normal 0 0 -1
    outer loop
      vertex 99.3523 -54.3623 3.5
      vertex 99.3523 -53.6377 3.5
      vertex 99.4 -54 3.5
    endloop
  endfacet
  facet normal 0 0 -1
    outer loop
      vertex 99.2124 -54.7 3.5
      vertex 99.3523 -53.6377 3.5
      vertex 99.3523 -54.3623 3.5
    endloop
  endfacet
  facet normal 0 0 -1
    outer loop
      vertex 99.2124 -54.7 3.5
      vertex 99.2124 -53.3 3.5
      vertex 99.3523 -53.6377 3.5
    endloop
  endfacet
  facet normal 0 0 -1
    outer loop
      vertex 98.99 -54.9899 3.5
      vertex 99.2124 -53.3 3.5
      vertex 99.2124 -54.7 3.5
    endloop
  endfacet
  facet normal 0 0 -1
    outer loop
      vertex 98.99 -54.9899 3.5
      vertex 98.99 -53.0101 3.5
      vertex 99.2124 -53.3 3.5
    endloop
  endfacet
  facet normal 0 0 -1
    outer loop
      vertex 98.7 -55.2124 3.5
      vertex 98.99 -53.0101 3.5
      vertex 98.99 -54.9899 3.5
    endloop
  endfacet
  facet normal 0 0 -1
    outer loop
      vertex 98.7 -55.2124 3.5
      vertex 98.7 -52.7876 3.5
      vertex 98.99 -53.0101 3.5
    endloop
  endfacet
  facet normal 0 0 -1
    outer loop
      vertex 98.3624 -55.3523 3.5
      vertex 98.7 -52.7876 3.5
      vertex 98.7 -55.2124 3.5
    endloop
  endfacet
  facet normal 0 0 -1
    outer loop
      vertex 98.3624 -55.3523 3.5
      vertex 98.3624 -52.6477 3.5
      vertex 98.7 -52.7876 3.5
    endloop
  endfacet
  facet normal 0 0 -1
    outer loop
      vertex 98 -55.4 3.5
      vertex 98.3624 -52.6477 3.5
      vertex 98.3624 -55.3523 3.5
    endloop
  endfacet
  facet normal 0 0 -1
    outer loop
      vertex 98 -55.4 3.5
      vertex 98 -52.6 3.5
      vertex 98.3624 -52.6477 3.5
    endloop
  endfacet
  facet normal 0 0 -1
    outer loop
      vertex 97.6376 -55.3523 3.5
      vertex 98 -52.6 3.5
      vertex 98 -55.4 3.5
    endloop
  endfacet
  facet normal 0 0 -1
    outer loop
      vertex 97.6376 -55.3523 3.5
      vertex 97.6376 -52.6477 3.5
      vertex 98 -52.6 3.5
    endloop
  endfacet
  facet normal 0 0 -1
    outer loop
      vertex 97.3 -55.2124 3.5
      vertex 97.6376 -52.6477 3.5
      vertex 97.6376 -55.3523 3.5
    endloop
  endfacet
  facet normal 0 0 -1
    outer loop
      vertex 97.3 -55.2124 3.5
      vertex 97.3 -52.7876 3.5
      vertex 97.6376 -52.6477 3.5
    endloop
  endfacet
  facet normal 0 0 -1
    outer loop
      vertex 97.01 -54.9899 3.5
      vertex 97.3 -52.7876 3.5
      vertex 97.3 -55.2124 3.5
    endloop
  endfacet
  facet normal 0 0 -1
    outer loop
      vertex 97.01 -54.9899 3.5
      vertex 97.01 -53.0101 3.5
      vertex 97.3 -52.7876 3.5
    endloop
  endfacet
  facet normal 0 0 -1
    outer loop
      vertex 96.7876 -54.7 3.5
      vertex 97.01 -53.0101 3.5
      vertex 97.01 -54.9899 3.5
    endloop
  endfacet
  facet normal 0 0 -1
    outer loop
      vertex 96.7876 -54.7 3.5
      vertex 96.7876 -53.3 3.5
      vertex 97.01 -53.0101 3.5
    endloop
  endfacet
  facet normal 0 0 -1
    outer loop
      vertex 96.6477 -54.3623 3.5
      vertex 96.7876 -53.3 3.5
      vertex 96.7876 -54.7 3.5
    endloop
  endfacet
  facet normal 0 0 -1
    outer loop
      vertex 96.6477 -54.3623 3.5
      vertex 96.6477 -53.6377 3.5
      vertex 96.7876 -53.3 3.5
    endloop
  endfacet
  facet normal 0 -0 -1
    outer loop
      vertex 96.6477 -53.6377 3.5
      vertex 96.6477 -54.3623 3.5
      vertex 96.6 -54 3.5
    endloop
  endfacet
  facet normal 0 0 -1
    outer loop
      vertex 99.3523 53.6377 3.5
      vertex 99.3523 54.3623 3.5
      vertex 99.4 54 3.5
    endloop
  endfacet
  facet normal 0 0 -1
    outer loop
      vertex 99.2124 53.3 3.5
      vertex 99.3523 54.3623 3.5
      vertex 99.3523 53.6377 3.5
    endloop
  endfacet
  facet normal 0 0 -1
    outer loop
      vertex 99.2124 53.3 3.5
      vertex 99.2124 54.7 3.5
      vertex 99.3523 54.3623 3.5
    endloop
  endfacet
  facet normal 0 0 -1
    outer loop
      vertex 98.99 53.0101 3.5
      vertex 99.2124 54.7 3.5
      vertex 99.2124 53.3 3.5
    endloop
  endfacet
  facet normal 0 0 -1
    outer loop
      vertex 98.99 53.0101 3.5
      vertex 98.99 54.9899 3.5
      vertex 99.2124 54.7 3.5
    endloop
  endfacet
  facet normal 0 0 -1
    outer loop
      vertex 98.7 52.7876 3.5
      vertex 98.99 54.9899 3.5
      vertex 98.99 53.0101 3.5
    endloop
  endfacet
  facet normal 0 0 -1
    outer loop
      vertex 98.7 52.7876 3.5
      vertex 98.7 55.2124 3.5
      vertex 98.99 54.9899 3.5
    endloop
  endfacet
  facet normal 0 0 -1
    outer loop
      vertex 98.3624 52.6477 3.5
      vertex 98.7 55.2124 3.5
      vertex 98.7 52.7876 3.5
    endloop
  endfacet
  facet normal 0 0 -1
    outer loop
      vertex 98.3624 52.6477 3.5
      vertex 98.3624 55.3523 3.5
      vertex 98.7 55.2124 3.5
    endloop
  endfacet
  facet normal 0 0 -1
    outer loop
      vertex 98 52.6 3.5
      vertex 98.3624 55.3523 3.5
      vertex 98.3624 52.6477 3.5
    endloop
  endfacet
  facet normal 0 0 -1
    outer loop
      vertex 98 52.6 3.5
      vertex 98 55.4 3.5
      vertex 98.3624 55.3523 3.5
    endloop
  endfacet
  facet normal 0 0 -1
    outer loop
      vertex 97.6376 52.6477 3.5
      vertex 98 55.4 3.5
      vertex 98 52.6 3.5
    endloop
  endfacet
  facet normal 0 0 -1
    outer loop
      vertex 97.6376 52.6477 3.5
      vertex 97.6376 55.3523 3.5
      vertex 98 55.4 3.5
    endloop
  endfacet
  facet normal 0 0 -1
    outer loop
      vertex 97.3 52.7876 3.5
      vertex 97.6376 55.3523 3.5
      vertex 97.6376 52.6477 3.5
    endloop
  endfacet
  facet normal 0 0 -1
    outer loop
      vertex 97.3 52.7876 3.5
      vertex 97.3 55.2124 3.5
      vertex 97.6376 55.3523 3.5
    endloop
  endfacet
  facet normal 0 0 -1
    outer loop
      vertex 97.01 53.0101 3.5
      vertex 97.3 55.2124 3.5
      vertex 97.3 52.7876 3.5
    endloop
  endfacet
  facet normal 0 0 -1
    outer loop
      vertex 97.01 53.0101 3.5
      vertex 97.01 54.9899 3.5
      vertex 97.3 55.2124 3.5
    endloop
  endfacet
  facet normal 0 0 -1
    outer loop
      vertex 96.7876 53.3 3.5
      vertex 97.01 54.9899 3.5
      vertex 97.01 53.0101 3.5
    endloop
  endfacet
  facet normal 0 0 -1
    outer loop
      vertex 96.7876 53.3 3.5
      vertex 96.7876 54.7 3.5
      vertex 97.01 54.9899 3.5
    endloop
  endfacet
  facet normal 0 0 -1
    outer loop
      vertex 96.6477 53.6377 3.5
      vertex 96.7876 54.7 3.5
      vertex 96.7876 53.3 3.5
    endloop
  endfacet
  facet normal 0 0 -1
    outer loop
      vertex 96.6477 53.6377 3.5
      vertex 96.6477 54.3623 3.5
      vertex 96.7876 54.7 3.5
    endloop
  endfacet
  facet normal 0 -0 -1
    outer loop
      vertex 96.6477 54.3623 3.5
      vertex 96.6477 53.6377 3.5
      vertex 96.6 54 3.5
    endloop
  endfacet
  facet normal 0 0 -1
    outer loop
      vertex -94.4645 -50.4645 3.5
      vertex -84.9658 -46.5221 3.5
      vertex -93.8427 -51.2221 3.5
    endloop
  endfacet
  facet normal 0 0 -1
    outer loop
      vertex -85 46 3.5
      vertex -93.0961 53.0245 3.5
      vertex -93 54 3.5
    endloop
  endfacet
  facet normal -0 0 -1
    outer loop
      vertex -84.9658 -46.5221 3.5
      vertex -94.4645 -50.4645 3.5
      vertex -85 -46 3.5
    endloop
  endfacet
  facet normal 0 0 -1
    outer loop
      vertex -85 46 3.5
      vertex -93.3806 52.0866 3.5
      vertex -93.0961 53.0245 3.5
    endloop
  endfacet
  facet normal 0 0 -1
    outer loop
      vertex -95.2222 -49.8427 3.5
      vertex -85 -46 3.5
      vertex -94.4645 -50.4645 3.5
    endloop
  endfacet
  facet normal 0 0 -1
    outer loop
      vertex -85 46 3.5
      vertex -93.8427 51.2221 3.5
      vertex -93.3806 52.0866 3.5
    endloop
  endfacet
  facet normal 0 0 -1
    outer loop
      vertex -96.0866 -49.3806 3.5
      vertex -85 -46 3.5
      vertex -95.2222 -49.8427 3.5
    endloop
  endfacet
  facet normal 0 0 -1
    outer loop
      vertex -85 46 3.5
      vertex -94.4645 50.4645 3.5
      vertex -93.8427 51.2221 3.5
    endloop
  endfacet
  facet normal 0 0 -1
    outer loop
      vertex -97.0246 -49.0961 3.5
      vertex -85 -46 3.5
      vertex -96.0866 -49.3806 3.5
    endloop
  endfacet
  facet normal 0 0 -1
    outer loop
      vertex -85 46 3.5
      vertex -95.2222 49.8427 3.5
      vertex -94.4645 50.4645 3.5
    endloop
  endfacet
  facet normal 0 0 -1
    outer loop
      vertex -98 -49 3.5
      vertex -85 -46 3.5
      vertex -97.0246 -49.0961 3.5
    endloop
  endfacet
  facet normal 0 0 -1
    outer loop
      vertex -85 46 3.5
      vertex -96.0866 49.3806 3.5
      vertex -95.2222 49.8427 3.5
    endloop
  endfacet
  facet normal -0 0 -1
    outer loop
      vertex -85 -46 3.5
      vertex -98 -49 3.5
      vertex -85 46 3.5
    endloop
  endfacet
  facet normal 0 0 -1
    outer loop
      vertex -85 46 3.5
      vertex -97.0246 49.0961 3.5
      vertex -96.0866 49.3806 3.5
    endloop
  endfacet
  facet normal 0 0 -1
    outer loop
      vertex -98 49 3.5
      vertex -85 46 3.5
      vertex -98 -49 3.5
    endloop
  endfacet
  facet normal 0 0 -1
    outer loop
      vertex -85 46 3.5
      vertex -98 49 3.5
      vertex -97.0246 49.0961 3.5
    endloop
  endfacet
  facet normal 0 0 -1
    outer loop
      vertex -98.9754 -49.0961 3.5
      vertex -98 49 3.5
      vertex -98 -49 3.5
    endloop
  endfacet
  facet normal 0 0 -1
    outer loop
      vertex -98.9754 -49.0961 3.5
      vertex -98.9754 49.0961 3.5
      vertex -98 49 3.5
    endloop
  endfacet
  facet normal 0 0 -1
    outer loop
      vertex -99.9134 -49.3806 3.5
      vertex -98.9754 49.0961 3.5
      vertex -98.9754 -49.0961 3.5
    endloop
  endfacet
  facet normal 0 0 -1
    outer loop
      vertex -99.9134 -49.3806 3.5
      vertex -99.9134 49.3806 3.5
      vertex -98.9754 49.0961 3.5
    endloop
  endfacet
  facet normal 0 0 -1
    outer loop
      vertex -111.6 -53.5 3.5
      vertex -99.9134 -49.3806 3.5
      vertex -100.778 -49.8427 3.5
    endloop
  endfacet
  facet normal -0 0 -1
    outer loop
      vertex -99.9134 -49.3806 3.5
      vertex -111.6 -53.5 3.5
      vertex -99.9134 49.3806 3.5
    endloop
  endfacet
  facet normal 0 0 -1
    outer loop
      vertex -111.6 -53.5 3.5
      vertex -100.778 -49.8427 3.5
      vertex -101.536 -50.4645 3.5
    endloop
  endfacet
  facet normal 0 0 -1
    outer loop
      vertex -111.6 53.5 3.5
      vertex -99.9134 49.3806 3.5
      vertex -111.6 -53.5 3.5
    endloop
  endfacet
  facet normal 0 0 -1
    outer loop
      vertex -111.6 -53.5 3.5
      vertex -101.536 -50.4645 3.5
      vertex -102.157 -51.2221 3.5
    endloop
  endfacet
  facet normal 0 0 -1
    outer loop
      vertex -99.9134 49.3806 3.5
      vertex -111.6 53.5 3.5
      vertex -100.778 49.8427 3.5
    endloop
  endfacet
  facet normal 0 0 -1
    outer loop
      vertex -111.6 -53.5 3.5
      vertex -102.157 -51.2221 3.5
      vertex -102.619 -52.0866 3.5
    endloop
  endfacet
  facet normal 0 0 -1
    outer loop
      vertex -100.778 49.8427 3.5
      vertex -111.6 53.5 3.5
      vertex -101.536 50.4645 3.5
    endloop
  endfacet
  facet normal 0 0 -1
    outer loop
      vertex -111.6 -53.5 3.5
      vertex -102.619 -52.0866 3.5
      vertex -102.904 -53.0245 3.5
    endloop
  endfacet
  facet normal 0 0 -1
    outer loop
      vertex -101.536 50.4645 3.5
      vertex -111.6 53.5 3.5
      vertex -102.157 51.2221 3.5
    endloop
  endfacet
  facet normal 0 0 -1
    outer loop
      vertex -111.6 -53.5 3.5
      vertex -102.904 -53.0245 3.5
      vertex -103 -54 3.5
    endloop
  endfacet
  facet normal 0 0 -1
    outer loop
      vertex -102.157 51.2221 3.5
      vertex -111.6 53.5 3.5
      vertex -102.619 52.0866 3.5
    endloop
  endfacet
  facet normal 0 0 -1
    outer loop
      vertex 102.157 -51.2221 3.5
      vertex 111.6 -53.5 3.5
      vertex 102.619 -52.0866 3.5
    endloop
  endfacet
  facet normal -0 0 -1
    outer loop
      vertex 111.6 53.5 3.5
      vertex 102.904 53.0245 3.5
      vertex 103 54 3.5
    endloop
  endfacet
  facet normal 0 0 -1
    outer loop
      vertex 101.536 -50.4645 3.5
      vertex 111.6 -53.5 3.5
      vertex 102.157 -51.2221 3.5
    endloop
  endfacet
  facet normal 0 0 -1
    outer loop
      vertex 111.6 53.5 3.5
      vertex 102.619 52.0866 3.5
      vertex 102.904 53.0245 3.5
    endloop
  endfacet
  facet normal 0 0 -1
    outer loop
      vertex 100.778 -49.8427 3.5
      vertex 111.6 -53.5 3.5
      vertex 101.536 -50.4645 3.5
    endloop
  endfacet
  facet normal 0 0 -1
    outer loop
      vertex 111.6 53.5 3.5
      vertex 102.157 51.2221 3.5
      vertex 102.619 52.0866 3.5
    endloop
  endfacet
  facet normal 0 0 -1
    outer loop
      vertex 99.9134 -49.3806 3.5
      vertex 111.6 -53.5 3.5
      vertex 100.778 -49.8427 3.5
    endloop
  endfacet
  facet normal 0 0 -1
    outer loop
      vertex 111.6 53.5 3.5
      vertex 101.536 50.4645 3.5
      vertex 102.157 51.2221 3.5
    endloop
  endfacet
  facet normal 0 0 -1
    outer loop
      vertex 111.6 -53.5 3.5
      vertex 99.9134 -49.3806 3.5
      vertex 111.6 53.5 3.5
    endloop
  endfacet
  facet normal 0 0 -1
    outer loop
      vertex 111.6 53.5 3.5
      vertex 100.778 49.8427 3.5
      vertex 101.536 50.4645 3.5
    endloop
  endfacet
  facet normal 0 0 -1
    outer loop
      vertex 99.9134 49.3806 3.5
      vertex 111.6 53.5 3.5
      vertex 99.9134 -49.3806 3.5
    endloop
  endfacet
  facet normal 0 0 -1
    outer loop
      vertex 111.6 53.5 3.5
      vertex 99.9134 49.3806 3.5
      vertex 100.778 49.8427 3.5
    endloop
  endfacet
  facet normal 0 0 -1
    outer loop
      vertex 98.9754 -49.0961 3.5
      vertex 99.9134 49.3806 3.5
      vertex 99.9134 -49.3806 3.5
    endloop
  endfacet
  facet normal 0 0 -1
    outer loop
      vertex 98.9754 -49.0961 3.5
      vertex 98.9754 49.0961 3.5
      vertex 99.9134 49.3806 3.5
    endloop
  endfacet
  facet normal 0 0 -1
    outer loop
      vertex 98 -49 3.5
      vertex 98.9754 49.0961 3.5
      vertex 98.9754 -49.0961 3.5
    endloop
  endfacet
  facet normal 0 0 -1
    outer loop
      vertex 98 -49 3.5
      vertex 98 49 3.5
      vertex 98.9754 49.0961 3.5
    endloop
  endfacet
  facet normal 0 0 -1
    outer loop
      vertex 85 -46 3.5
      vertex 98 -49 3.5
      vertex 97.0246 -49.0961 3.5
    endloop
  endfacet
  facet normal 0 0 -1
    outer loop
      vertex 98 -49 3.5
      vertex 85 -46 3.5
      vertex 98 49 3.5
    endloop
  endfacet
  facet normal 0 0 -1
    outer loop
      vertex 85 -46 3.5
      vertex 97.0246 -49.0961 3.5
      vertex 96.0866 -49.3806 3.5
    endloop
  endfacet
  facet normal 0 0 -1
    outer loop
      vertex 85 46 3.5
      vertex 98 49 3.5
      vertex 85 -46 3.5
    endloop
  endfacet
  facet normal 0 0 -1
    outer loop
      vertex 85 -46 3.5
      vertex 96.0866 -49.3806 3.5
      vertex 95.2222 -49.8427 3.5
    endloop
  endfacet
  facet normal -0 0 -1
    outer loop
      vertex 98 49 3.5
      vertex 85 46 3.5
      vertex 97.0246 49.0961 3.5
    endloop
  endfacet
  facet normal 0 0 -1
    outer loop
      vertex 85 -46 3.5
      vertex 95.2222 -49.8427 3.5
      vertex 94.4645 -50.4645 3.5
    endloop
  endfacet
  facet normal -0 0 -1
    outer loop
      vertex 97.0246 49.0961 3.5
      vertex 85 46 3.5
      vertex 96.0866 49.3806 3.5
    endloop
  endfacet
  facet normal 0 0 -1
    outer loop
      vertex 84.9658 -46.5221 3.5
      vertex 94.4645 -50.4645 3.5
      vertex 93.8427 -51.2221 3.5
    endloop
  endfacet
  facet normal -0 0 -1
    outer loop
      vertex 96.0866 49.3806 3.5
      vertex 85 46 3.5
      vertex 95.2222 49.8427 3.5
    endloop
  endfacet
  facet normal 0 0 -1
    outer loop
      vertex 84.6955 -47.5307 3.5
      vertex 93.8427 -51.2221 3.5
      vertex 93.3806 -52.0866 3.5
    endloop
  endfacet
  facet normal -0 0 -1
    outer loop
      vertex 95.2222 49.8427 3.5
      vertex 85 46 3.5
      vertex 94.4645 50.4645 3.5
    endloop
  endfacet
  facet normal 0 0 -1
    outer loop
      vertex 84.1734 -48.435 3.5
      vertex 93.3806 -52.0866 3.5
      vertex 93.0961 -53.0245 3.5
    endloop
  endfacet
  facet normal 0 0 -1
    outer loop
      vertex 84.9658 46.5221 3.5
      vertex 94.4645 50.4645 3.5
      vertex 85 46 3.5
    endloop
  endfacet
  facet normal 0 0 -1
    outer loop
      vertex 83.8284 -48.8284 3.5
      vertex 93.0961 -53.0245 3.5
      vertex 93 -54 3.5
    endloop
  endfacet
  facet normal -0 0 -1
    outer loop
      vertex 94.4645 50.4645 3.5
      vertex 84.9658 46.5221 3.5
      vertex 93.8427 51.2221 3.5
    endloop
  endfacet
  facet normal 0 0 -1
    outer loop
      vertex 103 -54 3.5
      vertex 111.6 -53.5 3.5
      vertex 111.539 -54.4267 3.5
    endloop
  endfacet
  facet normal 0 0 -1
    outer loop
      vertex 102.904 -53.0245 3.5
      vertex 111.6 -53.5 3.5
      vertex 103 -54 3.5
    endloop
  endfacet
  facet normal 0 0 -1
    outer loop
      vertex 103 -54 3.5
      vertex 111.539 -54.4267 3.5
      vertex 111.358 -55.3376 3.5
    endloop
  endfacet
  facet normal 0 0 -1
    outer loop
      vertex 102.619 -52.0866 3.5
      vertex 111.6 -53.5 3.5
      vertex 102.904 -53.0245 3.5
    endloop
  endfacet
  facet normal 0 0 -1
    outer loop
      vertex 103 -54 3.5
      vertex 111.358 -55.3376 3.5
      vertex 111.06 -56.2171 3.5
    endloop
  endfacet
  facet normal 0 0 -1
    outer loop
      vertex 111.6 53.5 3.5
      vertex 103 54 3.5
      vertex 111.539 54.4267 3.5
    endloop
  endfacet
  facet normal 0 0 -1
    outer loop
      vertex 103 -54 3.5
      vertex 111.06 -56.2171 3.5
      vertex 110.649 -57.05 3.5
    endloop
  endfacet
  facet normal -0 0 -1
    outer loop
      vertex 111.539 54.4267 3.5
      vertex 103 54 3.5
      vertex 111.358 55.3376 3.5
    endloop
  endfacet
  facet normal 0 0 -1
    outer loop
      vertex 102.904 -54.9755 3.5
      vertex 110.649 -57.05 3.5
      vertex 110.133 -57.8222 3.5
    endloop
  endfacet
  facet normal -0 0 -1
    outer loop
      vertex 111.358 55.3376 3.5
      vertex 103 54 3.5
      vertex 111.06 56.2171 3.5
    endloop
  endfacet
  facet normal 0 0 -1
    outer loop
      vertex 102.904 -54.9755 3.5
      vertex 110.133 -57.8222 3.5
      vertex 109.52 -58.5205 3.5
    endloop
  endfacet
  facet normal -0 0 -1
    outer loop
      vertex 111.06 56.2171 3.5
      vertex 103 54 3.5
      vertex 110.649 57.05 3.5
    endloop
  endfacet
  facet normal 0 0 -1
    outer loop
      vertex 102.904 -54.9755 3.5
      vertex 109.52 -58.5205 3.5
      vertex 108.822 -59.1328 3.5
    endloop
  endfacet
  facet normal 0 0 -1
    outer loop
      vertex 102.904 54.9755 3.5
      vertex 110.649 57.05 3.5
      vertex 103 54 3.5
    endloop
  endfacet
  facet normal 0 0 -1
    outer loop
      vertex 102.904 -54.9755 3.5
      vertex 108.822 -59.1328 3.5
      vertex 108.05 -59.6488 3.5
    endloop
  endfacet
  facet normal -0 0 -1
    outer loop
      vertex 110.649 57.05 3.5
      vertex 102.904 54.9755 3.5
      vertex 110.133 57.8222 3.5
    endloop
  endfacet
  facet normal 0 0 -1
    outer loop
      vertex 102.619 -55.9134 3.5
      vertex 108.05 -59.6488 3.5
      vertex 107.217 -60.0595 3.5
    endloop
  endfacet
  facet normal -0 0 -1
    outer loop
      vertex 110.133 57.8222 3.5
      vertex 102.904 54.9755 3.5
      vertex 109.52 58.5205 3.5
    endloop
  endfacet
  facet normal 0 0 -1
    outer loop
      vertex 102.619 -55.9134 3.5
      vertex 107.217 -60.0595 3.5
      vertex 106.338 -60.3581 3.5
    endloop
  endfacet
  facet normal -0 0 -1
    outer loop
      vertex 109.52 58.5205 3.5
      vertex 102.904 54.9755 3.5
      vertex 108.822 59.1328 3.5
    endloop
  endfacet
  facet normal 0 0 -1
    outer loop
      vertex 102.619 -55.9134 3.5
      vertex 106.338 -60.3581 3.5
      vertex 105.427 -60.5393 3.5
    endloop
  endfacet
  facet normal -0 0 -1
    outer loop
      vertex 108.822 59.1328 3.5
      vertex 102.904 54.9755 3.5
      vertex 108.05 59.6488 3.5
    endloop
  endfacet
  facet normal 0 0 -1
    outer loop
      vertex 102.157 -56.7779 3.5
      vertex 105.427 -60.5393 3.5
      vertex 104.5 -60.6 3.5
    endloop
  endfacet
  facet normal 0 0 -1
    outer loop
      vertex 102.619 55.9134 3.5
      vertex 108.05 59.6488 3.5
      vertex 102.904 54.9755 3.5
    endloop
  endfacet
  facet normal -0 0 -1
    outer loop
      vertex 108.05 59.6488 3.5
      vertex 102.619 55.9134 3.5
      vertex 107.217 60.0595 3.5
    endloop
  endfacet
  facet normal 0 0 -1
    outer loop
      vertex 110.649 -57.05 3.5
      vertex 102.904 -54.9755 3.5
      vertex 103 -54 3.5
    endloop
  endfacet
  facet normal 0 0 -1
    outer loop
      vertex 108.05 -59.6488 3.5
      vertex 102.619 -55.9134 3.5
      vertex 102.904 -54.9755 3.5
    endloop
  endfacet
  facet normal 0 0 -1
    outer loop
      vertex 105.427 -60.5393 3.5
      vertex 102.157 -56.7779 3.5
      vertex 102.619 -55.9134 3.5
    endloop
  endfacet
  facet normal 0 0 -1
    outer loop
      vertex 104.5 -60.6 3.5
      vertex 101.536 -57.5355 3.5
      vertex 102.157 -56.7779 3.5
    endloop
  endfacet
  facet normal 0 0 -1
    outer loop
      vertex 104.5 -60.6 3.5
      vertex 100.778 -58.1573 3.5
      vertex 101.536 -57.5355 3.5
    endloop
  endfacet
  facet normal 0 0 -1
    outer loop
      vertex 104.5 -60.6 3.5
      vertex 99.9134 -58.6194 3.5
      vertex 100.778 -58.1573 3.5
    endloop
  endfacet
  facet normal 0 0 -1
    outer loop
      vertex 104.5 -60.6 3.5
      vertex 98.9754 -58.9039 3.5
      vertex 99.9134 -58.6194 3.5
    endloop
  endfacet
  facet normal 0 0 -1
    outer loop
      vertex 104.5 -60.6 3.5
      vertex 98 -59 3.5
      vertex 98.9754 -58.9039 3.5
    endloop
  endfacet
  facet normal 0 0 -1
    outer loop
      vertex 104.5 -60.6 3.5
      vertex 97.0246 -58.9039 3.5
      vertex 98 -59 3.5
    endloop
  endfacet
  facet normal 0 0 -1
    outer loop
      vertex 84.8637 47.0353 3.5
      vertex 93.8427 51.2221 3.5
      vertex 84.9658 46.5221 3.5
    endloop
  endfacet
  facet normal 0 0 -1
    outer loop
      vertex 83 -49.4641 3.5
      vertex 93 -54 3.5
      vertex 93.0961 -54.9755 3.5
    endloop
  endfacet
  facet normal 0 0 -1
    outer loop
      vertex 82.5307 -49.6955 3.5
      vertex 93.0961 -54.9755 3.5
      vertex 93.3806 -55.9134 3.5
    endloop
  endfacet
  facet normal 0 0 -1
    outer loop
      vertex 81.5221 -49.9658 3.5
      vertex 93.3806 -55.9134 3.5
      vertex 93.8427 -56.7779 3.5
    endloop
  endfacet
  facet normal 0 0 -1
    outer loop
      vertex 94.4645 -50.4645 3.5
      vertex 84.9658 -46.5221 3.5
      vertex 85 -46 3.5
    endloop
  endfacet
  facet normal 0 0 -1
    outer loop
      vertex 81 -50 3.5
      vertex 93.8427 -56.7779 3.5
      vertex 94.4645 -57.5355 3.5
    endloop
  endfacet
  facet normal 0 0 -1
    outer loop
      vertex 93.8427 -51.2221 3.5
      vertex 84.8637 -47.0353 3.5
      vertex 84.9658 -46.5221 3.5
    endloop
  endfacet
  facet normal 0 0 -1
    outer loop
      vertex 93.8427 -51.2221 3.5
      vertex 84.6955 -47.5307 3.5
      vertex 84.8637 -47.0353 3.5
    endloop
  endfacet
  facet normal 0 0 -1
    outer loop
      vertex 93.3806 -52.0866 3.5
      vertex 84.4641 -48 3.5
      vertex 84.6955 -47.5307 3.5
    endloop
  endfacet
  facet normal 0 0 -1
    outer loop
      vertex 93.3806 -52.0866 3.5
      vertex 84.1734 -48.435 3.5
      vertex 84.4641 -48 3.5
    endloop
  endfacet
  facet normal 0 0 -1
    outer loop
      vertex 93.0961 -53.0245 3.5
      vertex 83.8284 -48.8284 3.5
      vertex 84.1734 -48.435 3.5
    endloop
  endfacet
  facet normal 0 0 -1
    outer loop
      vertex 81 -50 3.5
      vertex 94.4645 -57.5355 3.5
      vertex 95.2222 -58.1573 3.5
    endloop
  endfacet
  facet normal 0 0 -1
    outer loop
      vertex 93 -54 3.5
      vertex 83.435 -49.1734 3.5
      vertex 83.8284 -48.8284 3.5
    endloop
  endfacet
  facet normal 0 0 -1
    outer loop
      vertex 93 -54 3.5
      vertex 83 -49.4641 3.5
      vertex 83.435 -49.1734 3.5
    endloop
  endfacet
  facet normal 0 0 -1
    outer loop
      vertex 93.0961 -54.9755 3.5
      vertex 82.5307 -49.6955 3.5
      vertex 83 -49.4641 3.5
    endloop
  endfacet
  facet normal 0 0 -1
    outer loop
      vertex 93.3806 -55.9134 3.5
      vertex 82.0353 -49.8637 3.5
      vertex 82.5307 -49.6955 3.5
    endloop
  endfacet
  facet normal 0 0 -1
    outer loop
      vertex 93.3806 -55.9134 3.5
      vertex 81.5221 -49.9658 3.5
      vertex 82.0353 -49.8637 3.5
    endloop
  endfacet
  facet normal 0 0 -1
    outer loop
      vertex 93.8427 -56.7779 3.5
      vertex 81 -50 3.5
      vertex 81.5221 -49.9658 3.5
    endloop
  endfacet
  facet normal 0 0 -1
    outer loop
      vertex 95.2222 -58.1573 3.5
      vertex -81 -50 3.5
      vertex 81 -50 3.5
    endloop
  endfacet
  facet normal 0 0 -1
    outer loop
      vertex -95.2222 -58.1573 3.5
      vertex 95.2222 -58.1573 3.5
      vertex 96.0866 -58.6194 3.5
    endloop
  endfacet
  facet normal 0 0 -1
    outer loop
      vertex -96.0866 -58.6194 3.5
      vertex 96.0866 -58.6194 3.5
      vertex 97.0246 -58.9039 3.5
    endloop
  endfacet
  facet normal 0 0 -1
    outer loop
      vertex -97.0246 -58.9039 3.5
      vertex 97.0246 -58.9039 3.5
      vertex 104.5 -60.6 3.5
    endloop
  endfacet
  facet normal -0 0 -1
    outer loop
      vertex -84.6955 -47.5307 3.5
      vertex -93.8427 -51.2221 3.5
      vertex -84.8637 -47.0353 3.5
    endloop
  endfacet
  facet normal 0 0 -1
    outer loop
      vertex -93.8427 -51.2221 3.5
      vertex -84.6955 -47.5307 3.5
      vertex -93.3806 -52.0866 3.5
    endloop
  endfacet
  facet normal -0 0 -1
    outer loop
      vertex -84.4641 -48 3.5
      vertex -93.3806 -52.0866 3.5
      vertex -84.6955 -47.5307 3.5
    endloop
  endfacet
  facet normal -0 0 -1
    outer loop
      vertex -84.1734 -48.435 3.5
      vertex -93.3806 -52.0866 3.5
      vertex -84.4641 -48 3.5
    endloop
  endfacet
  facet normal 0 0 -1
    outer loop
      vertex -93.3806 -52.0866 3.5
      vertex -84.1734 -48.435 3.5
      vertex -93.0961 -53.0245 3.5
    endloop
  endfacet
  facet normal -0 0 -1
    outer loop
      vertex -83.8284 -48.8284 3.5
      vertex -93.0961 -53.0245 3.5
      vertex -84.1734 -48.435 3.5
    endloop
  endfacet
  facet normal 0 0 -1
    outer loop
      vertex -93.0961 -53.0245 3.5
      vertex -83.8284 -48.8284 3.5
      vertex -93 -54 3.5
    endloop
  endfacet
  facet normal -0 0 -1
    outer loop
      vertex -83.435 -49.1734 3.5
      vertex -93 -54 3.5
      vertex -83.8284 -48.8284 3.5
    endloop
  endfacet
  facet normal -0 0 -1
    outer loop
      vertex -83 -49.4641 3.5
      vertex -93 -54 3.5
      vertex -83.435 -49.1734 3.5
    endloop
  endfacet
  facet normal 0 0 -1
    outer loop
      vertex -93.0961 -54.9755 3.5
      vertex -83 -49.4641 3.5
      vertex -82.5307 -49.6955 3.5
    endloop
  endfacet
  facet normal 0 0 -1
    outer loop
      vertex -93.0961 -54.9755 3.5
      vertex -82.5307 -49.6955 3.5
      vertex -82.0353 -49.8637 3.5
    endloop
  endfacet
  facet normal 0 0 -1
    outer loop
      vertex -93.3806 -55.9134 3.5
      vertex -82.0353 -49.8637 3.5
      vertex -81.5221 -49.9658 3.5
    endloop
  endfacet
  facet normal 0 0 -1
    outer loop
      vertex -93.8427 -56.7779 3.5
      vertex -81.5221 -49.9658 3.5
      vertex -81 -50 3.5
    endloop
  endfacet
  facet normal 0 0 -1
    outer loop
      vertex 95.2222 -58.1573 3.5
      vertex -95.2222 -58.1573 3.5
      vertex -81 -50 3.5
    endloop
  endfacet
  facet normal 0 0 -1
    outer loop
      vertex -83 -49.4641 3.5
      vertex -93.0961 -54.9755 3.5
      vertex -93 -54 3.5
    endloop
  endfacet
  facet normal 0 0 -1
    outer loop
      vertex -82.0353 -49.8637 3.5
      vertex -93.3806 -55.9134 3.5
      vertex -93.0961 -54.9755 3.5
    endloop
  endfacet
  facet normal 0 0 -1
    outer loop
      vertex -81.5221 -49.9658 3.5
      vertex -93.8427 -56.7779 3.5
      vertex -93.3806 -55.9134 3.5
    endloop
  endfacet
  facet normal 0 0 -1
    outer loop
      vertex -81 -50 3.5
      vertex -94.4645 -57.5355 3.5
      vertex -93.8427 -56.7779 3.5
    endloop
  endfacet
  facet normal 0 0 -1
    outer loop
      vertex -81 -50 3.5
      vertex -95.2222 -58.1573 3.5
      vertex -94.4645 -57.5355 3.5
    endloop
  endfacet
  facet normal 0 0 -1
    outer loop
      vertex 96.0866 -58.6194 3.5
      vertex -96.0866 -58.6194 3.5
      vertex -95.2222 -58.1573 3.5
    endloop
  endfacet
  facet normal 0 0 -1
    outer loop
      vertex 97.0246 -58.9039 3.5
      vertex -97.0246 -58.9039 3.5
      vertex -96.0866 -58.6194 3.5
    endloop
  endfacet
  facet normal 0 0 -1
    outer loop
      vertex -104.5 -60.6 3.5
      vertex -97.0246 -58.9039 3.5
      vertex 104.5 -60.6 3.5
    endloop
  endfacet
  facet normal 0 0 -1
    outer loop
      vertex -107.217 -60.0595 3.5
      vertex -102.619 -55.9134 3.5
      vertex -106.338 -60.3581 3.5
    endloop
  endfacet
  facet normal 0 0 -1
    outer loop
      vertex -106.338 -60.3581 3.5
      vertex -102.619 -55.9134 3.5
      vertex -105.427 -60.5393 3.5
    endloop
  endfacet
  facet normal -0 0 -1
    outer loop
      vertex -102.157 -56.7779 3.5
      vertex -105.427 -60.5393 3.5
      vertex -102.619 -55.9134 3.5
    endloop
  endfacet
  facet normal 0 0 -1
    outer loop
      vertex -105.427 -60.5393 3.5
      vertex -102.157 -56.7779 3.5
      vertex -104.5 -60.6 3.5
    endloop
  endfacet
  facet normal -0 0 -1
    outer loop
      vertex -101.536 -57.5355 3.5
      vertex -104.5 -60.6 3.5
      vertex -102.157 -56.7779 3.5
    endloop
  endfacet
  facet normal -0 0 -1
    outer loop
      vertex -100.778 -58.1573 3.5
      vertex -104.5 -60.6 3.5
      vertex -101.536 -57.5355 3.5
    endloop
  endfacet
  facet normal -0 0 -1
    outer loop
      vertex -99.9134 -58.6194 3.5
      vertex -104.5 -60.6 3.5
      vertex -100.778 -58.1573 3.5
    endloop
  endfacet
  facet normal -0 0 -1
    outer loop
      vertex -98.9754 -58.9039 3.5
      vertex -104.5 -60.6 3.5
      vertex -99.9134 -58.6194 3.5
    endloop
  endfacet
  facet normal -0 0 -1
    outer loop
      vertex -98 -59 3.5
      vertex -104.5 -60.6 3.5
      vertex -98.9754 -58.9039 3.5
    endloop
  endfacet
  facet normal 0 0 -1
    outer loop
      vertex -97.0246 -58.9039 3.5
      vertex -104.5 -60.6 3.5
      vertex -98 -59 3.5
    endloop
  endfacet
  facet normal -0 0 -1
    outer loop
      vertex 107.217 60.0595 3.5
      vertex 102.619 55.9134 3.5
      vertex 106.338 60.3581 3.5
    endloop
  endfacet
  facet normal -0 0 -1
    outer loop
      vertex 106.338 60.3581 3.5
      vertex 102.619 55.9134 3.5
      vertex 105.427 60.5393 3.5
    endloop
  endfacet
  facet normal 0 0 -1
    outer loop
      vertex 102.157 56.7779 3.5
      vertex 105.427 60.5393 3.5
      vertex 102.619 55.9134 3.5
    endloop
  endfacet
  facet normal -0 0 -1
    outer loop
      vertex 105.427 60.5393 3.5
      vertex 102.157 56.7779 3.5
      vertex 104.5 60.6 3.5
    endloop
  endfacet
  facet normal 0 0 -1
    outer loop
      vertex 101.536 57.5355 3.5
      vertex 104.5 60.6 3.5
      vertex 102.157 56.7779 3.5
    endloop
  endfacet
  facet normal 0 0 -1
    outer loop
      vertex 100.778 58.1573 3.5
      vertex 104.5 60.6 3.5
      vertex 101.536 57.5355 3.5
    endloop
  endfacet
  facet normal 0 0 -1
    outer loop
      vertex 99.9134 58.6194 3.5
      vertex 104.5 60.6 3.5
      vertex 100.778 58.1573 3.5
    endloop
  endfacet
  facet normal 0 0 -1
    outer loop
      vertex 98.9754 58.9039 3.5
      vertex 104.5 60.6 3.5
      vertex 99.9134 58.6194 3.5
    endloop
  endfacet
  facet normal 0 0 -1
    outer loop
      vertex 98 59 3.5
      vertex 104.5 60.6 3.5
      vertex 98.9754 58.9039 3.5
    endloop
  endfacet
  facet normal 0 0 -1
    outer loop
      vertex 97.0246 58.9039 3.5
      vertex 104.5 60.6 3.5
      vertex 98 59 3.5
    endloop
  endfacet
  facet normal 0 0 -1
    outer loop
      vertex 84.6955 47.5307 3.5
      vertex 93.8427 51.2221 3.5
      vertex 84.8637 47.0353 3.5
    endloop
  endfacet
  facet normal -0 0 -1
    outer loop
      vertex 93.8427 51.2221 3.5
      vertex 84.6955 47.5307 3.5
      vertex 93.3806 52.0866 3.5
    endloop
  endfacet
  facet normal 0 0 -1
    outer loop
      vertex 84.4641 48 3.5
      vertex 93.3806 52.0866 3.5
      vertex 84.6955 47.5307 3.5
    endloop
  endfacet
  facet normal 0 0 -1
    outer loop
      vertex 84.1734 48.435 3.5
      vertex 93.3806 52.0866 3.5
      vertex 84.4641 48 3.5
    endloop
  endfacet
  facet normal -0 0 -1
    outer loop
      vertex 93.3806 52.0866 3.5
      vertex 84.1734 48.435 3.5
      vertex 93.0961 53.0245 3.5
    endloop
  endfacet
  facet normal 0 0 -1
    outer loop
      vertex 83.8284 48.8284 3.5
      vertex 93.0961 53.0245 3.5
      vertex 84.1734 48.435 3.5
    endloop
  endfacet
  facet normal -0 0 -1
    outer loop
      vertex 93.0961 53.0245 3.5
      vertex 83.8284 48.8284 3.5
      vertex 93 54 3.5
    endloop
  endfacet
  facet normal 0 0 -1
    outer loop
      vertex 83.435 49.1734 3.5
      vertex 93 54 3.5
      vertex 83.8284 48.8284 3.5
    endloop
  endfacet
  facet normal 0 0 -1
    outer loop
      vertex 83 49.4641 3.5
      vertex 93 54 3.5
      vertex 83.435 49.1734 3.5
    endloop
  endfacet
  facet normal -0 0 -1
    outer loop
      vertex 93 54 3.5
      vertex 83 49.4641 3.5
      vertex 93.0961 54.9755 3.5
    endloop
  endfacet
  facet normal 0 0 -1
    outer loop
      vertex 82.5307 49.6955 3.5
      vertex 93.0961 54.9755 3.5
      vertex 83 49.4641 3.5
    endloop
  endfacet
  facet normal -0 0 -1
    outer loop
      vertex 93.0961 54.9755 3.5
      vertex 82.5307 49.6955 3.5
      vertex 93.3806 55.9134 3.5
    endloop
  endfacet
  facet normal 0 0 -1
    outer loop
      vertex 82.0353 49.8637 3.5
      vertex 93.3806 55.9134 3.5
      vertex 82.5307 49.6955 3.5
    endloop
  endfacet
  facet normal 0 0 -1
    outer loop
      vertex 81.5221 49.9658 3.5
      vertex 93.3806 55.9134 3.5
      vertex 82.0353 49.8637 3.5
    endloop
  endfacet
  facet normal -0 0 -1
    outer loop
      vertex 93.3806 55.9134 3.5
      vertex 81.5221 49.9658 3.5
      vertex 93.8427 56.7779 3.5
    endloop
  endfacet
  facet normal 0 0 -1
    outer loop
      vertex 81 50 3.5
      vertex 93.8427 56.7779 3.5
      vertex 81.5221 49.9658 3.5
    endloop
  endfacet
  facet normal -0 0 -1
    outer loop
      vertex 93.8427 56.7779 3.5
      vertex 81 50 3.5
      vertex 94.4645 57.5355 3.5
    endloop
  endfacet
  facet normal -0 0 -1
    outer loop
      vertex 94.4645 57.5355 3.5
      vertex 81 50 3.5
      vertex 95.2222 58.1573 3.5
    endloop
  endfacet
  facet normal 0 0 -1
    outer loop
      vertex -81 50 3.5
      vertex 95.2222 58.1573 3.5
      vertex 81 50 3.5
    endloop
  endfacet
  facet normal 0 0 -1
    outer loop
      vertex -95.2222 58.1573 3.5
      vertex 95.2222 58.1573 3.5
      vertex -81 50 3.5
    endloop
  endfacet
  facet normal 0 0 -1
    outer loop
      vertex 95.2222 58.1573 3.5
      vertex -95.2222 58.1573 3.5
      vertex 96.0866 58.6194 3.5
    endloop
  endfacet
  facet normal 0 0 -1
    outer loop
      vertex -96.0866 58.6194 3.5
      vertex 96.0866 58.6194 3.5
      vertex -95.2222 58.1573 3.5
    endloop
  endfacet
  facet normal -0 0 -1
    outer loop
      vertex -84.8637 -47.0353 3.5
      vertex -93.8427 -51.2221 3.5
      vertex -84.9658 -46.5221 3.5
    endloop
  endfacet
  facet normal 0 0 -1
    outer loop
      vertex -85 46 3.5
      vertex -93 54 3.5
      vertex -84.9658 46.5221 3.5
    endloop
  endfacet
  facet normal 0 0 -1
    outer loop
      vertex -93 54 3.5
      vertex -84.8637 47.0353 3.5
      vertex -84.9658 46.5221 3.5
    endloop
  endfacet
  facet normal 0 0 -1
    outer loop
      vertex -93 54 3.5
      vertex -84.6955 47.5307 3.5
      vertex -84.8637 47.0353 3.5
    endloop
  endfacet
  facet normal 0 0 -1
    outer loop
      vertex -93 54 3.5
      vertex -84.4641 48 3.5
      vertex -84.6955 47.5307 3.5
    endloop
  endfacet
  facet normal 0 0 -1
    outer loop
      vertex -93 54 3.5
      vertex -84.1734 48.435 3.5
      vertex -84.4641 48 3.5
    endloop
  endfacet
  facet normal 0 0 -1
    outer loop
      vertex -93 54 3.5
      vertex -83.8284 48.8284 3.5
      vertex -84.1734 48.435 3.5
    endloop
  endfacet
  facet normal 0 0 -1
    outer loop
      vertex -93 54 3.5
      vertex -83.435 49.1734 3.5
      vertex -83.8284 48.8284 3.5
    endloop
  endfacet
  facet normal 0 0 -1
    outer loop
      vertex -93 54 3.5
      vertex -83 49.4641 3.5
      vertex -83.435 49.1734 3.5
    endloop
  endfacet
  facet normal 0 0 -1
    outer loop
      vertex -93.0961 54.9755 3.5
      vertex -83 49.4641 3.5
      vertex -93 54 3.5
    endloop
  endfacet
  facet normal 0 0 -1
    outer loop
      vertex -83 49.4641 3.5
      vertex -93.0961 54.9755 3.5
      vertex -82.5307 49.6955 3.5
    endloop
  endfacet
  facet normal 0 0 -1
    outer loop
      vertex -82.5307 49.6955 3.5
      vertex -93.0961 54.9755 3.5
      vertex -82.0353 49.8637 3.5
    endloop
  endfacet
  facet normal 0 0 -1
    outer loop
      vertex -93.3806 55.9134 3.5
      vertex -82.0353 49.8637 3.5
      vertex -93.0961 54.9755 3.5
    endloop
  endfacet
  facet normal 0 0 -1
    outer loop
      vertex -82.0353 49.8637 3.5
      vertex -93.3806 55.9134 3.5
      vertex -81.5221 49.9658 3.5
    endloop
  endfacet
  facet normal 0 0 -1
    outer loop
      vertex -93.8427 56.7779 3.5
      vertex -81.5221 49.9658 3.5
      vertex -93.3806 55.9134 3.5
    endloop
  endfacet
  facet normal 0 0 -1
    outer loop
      vertex -81.5221 49.9658 3.5
      vertex -93.8427 56.7779 3.5
      vertex -81 50 3.5
    endloop
  endfacet
  facet normal 0 0 -1
    outer loop
      vertex -94.4645 57.5355 3.5
      vertex -81 50 3.5
      vertex -93.8427 56.7779 3.5
    endloop
  endfacet
  facet normal 0 0 -1
    outer loop
      vertex -95.2222 58.1573 3.5
      vertex -81 50 3.5
      vertex -94.4645 57.5355 3.5
    endloop
  endfacet
  facet normal 0 0 -1
    outer loop
      vertex 96.0866 58.6194 3.5
      vertex -96.0866 58.6194 3.5
      vertex 97.0246 58.9039 3.5
    endloop
  endfacet
  facet normal 0 0 -1
    outer loop
      vertex -97.0246 58.9039 3.5
      vertex 97.0246 58.9039 3.5
      vertex -96.0866 58.6194 3.5
    endloop
  endfacet
  facet normal 0 0 -1
    outer loop
      vertex 97.0246 58.9039 3.5
      vertex -97.0246 58.9039 3.5
      vertex 104.5 60.6 3.5
    endloop
  endfacet
  facet normal 0 0 -1
    outer loop
      vertex -104.5 60.6 3.5
      vertex -97.0246 58.9039 3.5
      vertex -98 59 3.5
    endloop
  endfacet
  facet normal 0 0 -1
    outer loop
      vertex -97.0246 58.9039 3.5
      vertex -104.5 60.6 3.5
      vertex 104.5 60.6 3.5
    endloop
  endfacet
  facet normal 0 0 -1
    outer loop
      vertex -98.9754 58.9039 3.5
      vertex -104.5 60.6 3.5
      vertex -98 59 3.5
    endloop
  endfacet
  facet normal 0 0 -1
    outer loop
      vertex -99.9134 58.6194 3.5
      vertex -104.5 60.6 3.5
      vertex -98.9754 58.9039 3.5
    endloop
  endfacet
  facet normal 0 0 -1
    outer loop
      vertex -100.778 58.1573 3.5
      vertex -104.5 60.6 3.5
      vertex -99.9134 58.6194 3.5
    endloop
  endfacet
  facet normal 0 0 -1
    outer loop
      vertex -101.536 57.5355 3.5
      vertex -104.5 60.6 3.5
      vertex -100.778 58.1573 3.5
    endloop
  endfacet
  facet normal 0 0 -1
    outer loop
      vertex -102.157 56.7779 3.5
      vertex -104.5 60.6 3.5
      vertex -101.536 57.5355 3.5
    endloop
  endfacet
  facet normal 0 0 -1
    outer loop
      vertex -105.427 60.5393 3.5
      vertex -102.157 56.7779 3.5
      vertex -102.619 55.9134 3.5
    endloop
  endfacet
  facet normal 0 0 -1
    outer loop
      vertex -108.05 59.6488 3.5
      vertex -102.619 55.9134 3.5
      vertex -102.904 54.9755 3.5
    endloop
  endfacet
  facet normal 0 0 -1
    outer loop
      vertex -110.649 57.05 3.5
      vertex -102.904 54.9755 3.5
      vertex -103 54 3.5
    endloop
  endfacet
  facet normal 0 0 -1
    outer loop
      vertex -102.619 52.0866 3.5
      vertex -111.6 53.5 3.5
      vertex -102.904 53.0245 3.5
    endloop
  endfacet
  facet normal 0 0 -1
    outer loop
      vertex -108.05 -59.6488 3.5
      vertex -102.619 -55.9134 3.5
      vertex -107.217 -60.0595 3.5
    endloop
  endfacet
  facet normal 0 0 -1
    outer loop
      vertex -102.904 53.0245 3.5
      vertex -111.6 53.5 3.5
      vertex -103 54 3.5
    endloop
  endfacet
  facet normal -0 0 -1
    outer loop
      vertex -102.619 -55.9134 3.5
      vertex -108.05 -59.6488 3.5
      vertex -102.904 -54.9755 3.5
    endloop
  endfacet
  facet normal 0 -0 -1
    outer loop
      vertex -111.539 54.4267 3.5
      vertex -103 54 3.5
      vertex -111.6 53.5 3.5
    endloop
  endfacet
  facet normal 0 0 -1
    outer loop
      vertex -108.822 -59.1328 3.5
      vertex -102.904 -54.9755 3.5
      vertex -108.05 -59.6488 3.5
    endloop
  endfacet
  facet normal 0 0 -1
    outer loop
      vertex -102.157 56.7779 3.5
      vertex -105.427 60.5393 3.5
      vertex -104.5 60.6 3.5
    endloop
  endfacet
  facet normal 0 0 -1
    outer loop
      vertex -109.52 -58.5205 3.5
      vertex -102.904 -54.9755 3.5
      vertex -108.822 -59.1328 3.5
    endloop
  endfacet
  facet normal 0 0 -1
    outer loop
      vertex -102.619 55.9134 3.5
      vertex -106.338 60.3581 3.5
      vertex -105.427 60.5393 3.5
    endloop
  endfacet
  facet normal 0 0 -1
    outer loop
      vertex -110.133 -57.8222 3.5
      vertex -102.904 -54.9755 3.5
      vertex -109.52 -58.5205 3.5
    endloop
  endfacet
  facet normal 0 0 -1
    outer loop
      vertex -102.619 55.9134 3.5
      vertex -107.217 60.0595 3.5
      vertex -106.338 60.3581 3.5
    endloop
  endfacet
  facet normal 0 0 -1
    outer loop
      vertex -110.649 -57.05 3.5
      vertex -102.904 -54.9755 3.5
      vertex -110.133 -57.8222 3.5
    endloop
  endfacet
  facet normal 0 0 -1
    outer loop
      vertex -102.619 55.9134 3.5
      vertex -108.05 59.6488 3.5
      vertex -107.217 60.0595 3.5
    endloop
  endfacet
  facet normal -0 0 -1
    outer loop
      vertex -102.904 -54.9755 3.5
      vertex -110.649 -57.05 3.5
      vertex -103 -54 3.5
    endloop
  endfacet
  facet normal 0 0 -1
    outer loop
      vertex -102.904 54.9755 3.5
      vertex -108.822 59.1328 3.5
      vertex -108.05 59.6488 3.5
    endloop
  endfacet
  facet normal 0 0 -1
    outer loop
      vertex -111.06 -56.2171 3.5
      vertex -103 -54 3.5
      vertex -110.649 -57.05 3.5
    endloop
  endfacet
  facet normal 0 0 -1
    outer loop
      vertex -102.904 54.9755 3.5
      vertex -109.52 58.5205 3.5
      vertex -108.822 59.1328 3.5
    endloop
  endfacet
  facet normal 0 0 -1
    outer loop
      vertex -111.358 -55.3376 3.5
      vertex -103 -54 3.5
      vertex -111.06 -56.2171 3.5
    endloop
  endfacet
  facet normal 0 0 -1
    outer loop
      vertex -102.904 54.9755 3.5
      vertex -110.133 57.8222 3.5
      vertex -109.52 58.5205 3.5
    endloop
  endfacet
  facet normal 0 0 -1
    outer loop
      vertex -111.539 -54.4267 3.5
      vertex -103 -54 3.5
      vertex -111.358 -55.3376 3.5
    endloop
  endfacet
  facet normal 0 0 -1
    outer loop
      vertex -102.904 54.9755 3.5
      vertex -110.649 57.05 3.5
      vertex -110.133 57.8222 3.5
    endloop
  endfacet
  facet normal -0 0 -1
    outer loop
      vertex -103 -54 3.5
      vertex -111.539 -54.4267 3.5
      vertex -111.6 -53.5 3.5
    endloop
  endfacet
  facet normal 0 0 -1
    outer loop
      vertex -103 54 3.5
      vertex -111.06 56.2171 3.5
      vertex -110.649 57.05 3.5
    endloop
  endfacet
  facet normal 0 0 -1
    outer loop
      vertex -103 54 3.5
      vertex -111.358 55.3376 3.5
      vertex -111.06 56.2171 3.5
    endloop
  endfacet
  facet normal 0 0 -1
    outer loop
      vertex -103 54 3.5
      vertex -111.539 54.4267 3.5
      vertex -111.358 55.3376 3.5
    endloop
  endfacet
  facet normal 0.442211 -0.896911 0
    outer loop
      vertex -108.05 59.6488 0
      vertex -107.217 60.0595 3.5
      vertex -108.05 59.6488 3.5
    endloop
  endfacet
  facet normal 0.442211 -0.896911 0
    outer loop
      vertex -107.217 60.0595 3.5
      vertex -108.05 59.6488 0
      vertex -107.217 60.0595 0
    endloop
  endfacet
  facet normal 0.555694 0.831387 -0
    outer loop
      vertex -108.05 -59.6488 0
      vertex -108.822 -59.1328 3.5
      vertex -108.05 -59.6488 3.5
    endloop
  endfacet
  facet normal 0.555694 0.831387 0
    outer loop
      vertex -108.822 -59.1328 3.5
      vertex -108.05 -59.6488 0
      vertex -108.822 -59.1328 0
    endloop
  endfacet
  facet normal -1 0 0
    outer loop
      vertex 111.6 -7 0
      vertex 111.6 -53.5 0
      vertex 111.6 -7 1
    endloop
  endfacet
  facet normal -1 0 0
    outer loop
      vertex 111.6 7 1
      vertex 111.6 53.5 0
      vertex 111.6 7 0
    endloop
  endfacet
  facet normal -1 0 0
    outer loop
      vertex 111.6 53.5 0
      vertex 111.6 7 1
      vertex 111.6 53.5 3.5
    endloop
  endfacet
  facet normal -1 0 0
    outer loop
      vertex 111.6 -7 1
      vertex 111.6 53.5 3.5
      vertex 111.6 7 1
    endloop
  endfacet
  facet normal -1 0 0
    outer loop
      vertex 111.6 -53.5 3.5
      vertex 111.6 -7 1
      vertex 111.6 -53.5 0
    endloop
  endfacet
  facet normal -1 0 0
    outer loop
      vertex 111.6 -7 1
      vertex 111.6 -53.5 3.5
      vertex 111.6 53.5 3.5
    endloop
  endfacet
  facet normal 0.751516 0.659715 0
    outer loop
      vertex -109.52 -58.5205 3.5
      vertex -110.133 -57.8222 0
      vertex -110.133 -57.8222 3.5
    endloop
  endfacet
  facet normal 0.751516 0.659715 0
    outer loop
      vertex -110.133 -57.8222 0
      vertex -109.52 -58.5205 3.5
      vertex -109.52 -58.5205 0
    endloop
  endfacet
  facet normal 1 -0 0
    outer loop
      vertex -111.6 -53.5 3.5
      vertex -111.6 53.5 0
      vertex -111.6 53.5 3.5
    endloop
  endfacet
  facet normal 1 0 0
    outer loop
      vertex -111.6 53.5 0
      vertex -111.6 -53.5 3.5
      vertex -111.6 -53.5 0
    endloop
  endfacet
  facet normal 0.321652 -0.946858 0
    outer loop
      vertex -107.217 60.0595 0
      vertex -106.338 60.3581 3.5
      vertex -107.217 60.0595 3.5
    endloop
  endfacet
  facet normal 0.321652 -0.946858 0
    outer loop
      vertex -106.338 60.3581 3.5
      vertex -107.217 60.0595 0
      vertex -106.338 60.3581 0
    endloop
  endfacet
  facet normal -0.980824 -0.194894 0
    outer loop
      vertex 111.539 54.4267 0
      vertex 111.358 55.3376 3.5
      vertex 111.358 55.3376 0
    endloop
  endfacet
  facet normal -0.980824 -0.194894 0
    outer loop
      vertex 111.358 55.3376 3.5
      vertex 111.539 54.4267 0
      vertex 111.539 54.4267 3.5
    endloop
  endfacet
  facet normal -0.997841 -0.0656828 0
    outer loop
      vertex 111.6 53.5 0
      vertex 111.539 54.4267 3.5
      vertex 111.539 54.4267 0
    endloop
  endfacet
  facet normal -0.997841 -0.0656828 0
    outer loop
      vertex 111.539 54.4267 3.5
      vertex 111.6 53.5 0
      vertex 111.6 53.5 3.5
    endloop
  endfacet
  facet normal 0.831453 -0.555594 0
    outer loop
      vertex -110.649 57.05 3.5
      vertex -110.133 57.8222 0
      vertex -110.133 57.8222 3.5
    endloop
  endfacet
  facet normal 0.831453 -0.555594 0
    outer loop
      vertex -110.133 57.8222 0
      vertex -110.649 57.05 3.5
      vertex -110.649 57.05 0
    endloop
  endfacet
  facet normal 0.94711 -0.320908 0
    outer loop
      vertex -111.358 55.3376 3.5
      vertex -111.06 56.2171 0
      vertex -111.06 56.2171 3.5
    endloop
  endfacet
  facet normal 0.94711 -0.320908 0
    outer loop
      vertex -111.06 56.2171 0
      vertex -111.358 55.3376 3.5
      vertex -111.358 55.3376 0
    endloop
  endfacet
  facet normal -0.65945 -0.751749 0
    outer loop
      vertex 108.822 59.1328 0
      vertex 109.52 58.5205 3.5
      vertex 108.822 59.1328 3.5
    endloop
  endfacet
  facet normal -0.65945 -0.751749 -0
    outer loop
      vertex 109.52 58.5205 3.5
      vertex 108.822 59.1328 0
      vertex 109.52 58.5205 0
    endloop
  endfacet
  facet normal 0.555694 -0.831387 0
    outer loop
      vertex -108.822 59.1328 0
      vertex -108.05 59.6488 3.5
      vertex -108.822 59.1328 3.5
    endloop
  endfacet
  facet normal 0.555694 -0.831387 0
    outer loop
      vertex -108.05 59.6488 3.5
      vertex -108.822 59.1328 0
      vertex -108.05 59.6488 0
    endloop
  endfacet
  facet normal 0.997841 -0.0656828 0
    outer loop
      vertex -111.6 53.5 3.5
      vertex -111.539 54.4267 0
      vertex -111.539 54.4267 3.5
    endloop
  endfacet
  facet normal 0.997841 -0.0656828 0
    outer loop
      vertex -111.539 54.4267 0
      vertex -111.6 53.5 3.5
      vertex -111.6 53.5 0
    endloop
  endfacet
  facet normal 0.896762 -0.442513 0
    outer loop
      vertex -111.06 56.2171 3.5
      vertex -110.649 57.05 0
      vertex -110.649 57.05 3.5
    endloop
  endfacet
  facet normal 0.896762 -0.442513 0
    outer loop
      vertex -110.649 57.05 0
      vertex -111.06 56.2171 3.5
      vertex -111.06 56.2171 0
    endloop
  endfacet
  facet normal 0.980824 -0.194894 0
    outer loop
      vertex -111.539 54.4267 3.5
      vertex -111.358 55.3376 0
      vertex -111.358 55.3376 3.5
    endloop
  endfacet
  facet normal 0.980824 -0.194894 0
    outer loop
      vertex -111.358 55.3376 0
      vertex -111.539 54.4267 3.5
      vertex -111.539 54.4267 0
    endloop
  endfacet
  facet normal -0.831453 -0.555594 0
    outer loop
      vertex 110.649 57.05 0
      vertex 110.133 57.8222 3.5
      vertex 110.133 57.8222 0
    endloop
  endfacet
  facet normal -0.831453 -0.555594 0
    outer loop
      vertex 110.133 57.8222 3.5
      vertex 110.649 57.05 0
      vertex 110.649 57.05 3.5
    endloop
  endfacet
  facet normal 0 -1 0
    outer loop
      vertex -42 60.6 1.60655
      vertex 42 60.6 3.39345
      vertex -42 60.6 3.39345
    endloop
  endfacet
  facet normal 0 -1 -0
    outer loop
      vertex 42 60.6 3.39345
      vertex -42 60.6 1.60655
      vertex 42 60.6 1.60655
    endloop
  endfacet
  facet normal 0 -1 0
    outer loop
      vertex -104.5 60.6 3.5
      vertex -58 60.6 3.39345
      vertex 104.5 60.6 3.5
    endloop
  endfacet
  facet normal 0 -1 0
    outer loop
      vertex -104.5 60.6 3.5
      vertex -58 60.6 1.60655
      vertex -58 60.6 3.39345
    endloop
  endfacet
  facet normal 0 -1 0
    outer loop
      vertex -104.5 60.6 0
      vertex -42 60.6 1.60655
      vertex -58 60.6 1.60655
    endloop
  endfacet
  facet normal 0 -1 -0
    outer loop
      vertex -42 60.6 1.60655
      vertex -104.5 60.6 0
      vertex 42 60.6 1.60655
    endloop
  endfacet
  facet normal 0 -1 0
    outer loop
      vertex 104.5 60.6 0
      vertex 42 60.6 1.60655
      vertex -104.5 60.6 0
    endloop
  endfacet
  facet normal 0 -1 0
    outer loop
      vertex -104.5 60.6 0
      vertex -58 60.6 1.60655
      vertex -104.5 60.6 3.5
    endloop
  endfacet
  facet normal 0 -1 0
    outer loop
      vertex -42 60.6 3.39345
      vertex 104.5 60.6 3.5
      vertex -58 60.6 3.39345
    endloop
  endfacet
  facet normal 0 -1 0
    outer loop
      vertex 42 60.6 3.39345
      vertex 104.5 60.6 3.5
      vertex -42 60.6 3.39345
    endloop
  endfacet
  facet normal 0 -1 0
    outer loop
      vertex 58 60.6 3.39345
      vertex 104.5 60.6 3.5
      vertex 42 60.6 3.39345
    endloop
  endfacet
  facet normal 0 -1 0
    outer loop
      vertex 58 60.6 1.60655
      vertex 104.5 60.6 3.5
      vertex 58 60.6 3.39345
    endloop
  endfacet
  facet normal 0 -1 0
    outer loop
      vertex 58 60.6 1.60655
      vertex 104.5 60.6 0
      vertex 104.5 60.6 3.5
    endloop
  endfacet
  facet normal 0 -1 0
    outer loop
      vertex 42 60.6 1.60655
      vertex 104.5 60.6 0
      vertex 58 60.6 1.60655
    endloop
  endfacet
  facet normal -0.751516 -0.659715 0
    outer loop
      vertex 110.133 57.8222 0
      vertex 109.52 58.5205 3.5
      vertex 109.52 58.5205 0
    endloop
  endfacet
  facet normal -0.751516 -0.659715 0
    outer loop
      vertex 109.52 58.5205 3.5
      vertex 110.133 57.8222 0
      vertex 110.133 57.8222 3.5
    endloop
  endfacet
  facet normal -0.997841 0.0656828 0
    outer loop
      vertex 111.539 -54.4267 0
      vertex 111.6 -53.5 3.5
      vertex 111.6 -53.5 0
    endloop
  endfacet
  facet normal -0.997841 0.0656828 0
    outer loop
      vertex 111.6 -53.5 3.5
      vertex 111.539 -54.4267 0
      vertex 111.539 -54.4267 3.5
    endloop
  endfacet
  facet normal -0.751516 0.659715 0
    outer loop
      vertex 109.52 -58.5205 0
      vertex 110.133 -57.8222 3.5
      vertex 110.133 -57.8222 0
    endloop
  endfacet
  facet normal -0.751516 0.659715 0
    outer loop
      vertex 110.133 -57.8222 3.5
      vertex 109.52 -58.5205 0
      vertex 109.52 -58.5205 3.5
    endloop
  endfacet
  facet normal -0.831453 0.555594 0
    outer loop
      vertex 110.133 -57.8222 0
      vertex 110.649 -57.05 3.5
      vertex 110.649 -57.05 0
    endloop
  endfacet
  facet normal -0.831453 0.555594 0
    outer loop
      vertex 110.649 -57.05 3.5
      vertex 110.133 -57.8222 0
      vertex 110.133 -57.8222 3.5
    endloop
  endfacet
  facet normal -0.195081 0.980787 0
    outer loop
      vertex 106.338 -60.3581 0
      vertex 105.427 -60.5393 3.5
      vertex 106.338 -60.3581 3.5
    endloop
  endfacet
  facet normal -0.195081 0.980787 0
    outer loop
      vertex 105.427 -60.5393 3.5
      vertex 106.338 -60.3581 0
      vertex 105.427 -60.5393 0
    endloop
  endfacet
  facet normal -0.442211 0.896911 0
    outer loop
      vertex 108.05 -59.6488 0
      vertex 107.217 -60.0595 3.5
      vertex 108.05 -59.6488 3.5
    endloop
  endfacet
  facet normal -0.442211 0.896911 0
    outer loop
      vertex 107.217 -60.0595 3.5
      vertex 108.05 -59.6488 0
      vertex 107.217 -60.0595 0
    endloop
  endfacet
  facet normal 0.0653401 0.997863 -0
    outer loop
      vertex -104.5 -60.6 0
      vertex -105.427 -60.5393 3.5
      vertex -104.5 -60.6 3.5
    endloop
  endfacet
  facet normal 0.0653401 0.997863 0
    outer loop
      vertex -105.427 -60.5393 3.5
      vertex -104.5 -60.6 0
      vertex -105.427 -60.5393 0
    endloop
  endfacet
  facet normal -0.321652 -0.946858 0
    outer loop
      vertex 106.338 60.3581 0
      vertex 107.217 60.0595 3.5
      vertex 106.338 60.3581 3.5
    endloop
  endfacet
  facet normal -0.321652 -0.946858 -0
    outer loop
      vertex 107.217 60.0595 3.5
      vertex 106.338 60.3581 0
      vertex 107.217 60.0595 0
    endloop
  endfacet
  facet normal -0.195081 -0.980787 0
    outer loop
      vertex 105.427 60.5393 0
      vertex 106.338 60.3581 3.5
      vertex 105.427 60.5393 3.5
    endloop
  endfacet
  facet normal -0.195081 -0.980787 -0
    outer loop
      vertex 106.338 60.3581 3.5
      vertex 105.427 60.5393 0
      vertex 106.338 60.3581 0
    endloop
  endfacet
  facet normal -0.555694 -0.831387 0
    outer loop
      vertex 108.05 59.6488 0
      vertex 108.822 59.1328 3.5
      vertex 108.05 59.6488 3.5
    endloop
  endfacet
  facet normal -0.555694 -0.831387 -0
    outer loop
      vertex 108.822 59.1328 3.5
      vertex 108.05 59.6488 0
      vertex 108.822 59.1328 0
    endloop
  endfacet
  facet normal -0.0653401 -0.997863 0
    outer loop
      vertex 104.5 60.6 0
      vertex 105.427 60.5393 3.5
      vertex 104.5 60.6 3.5
    endloop
  endfacet
  facet normal -0.0653401 -0.997863 -0
    outer loop
      vertex 105.427 60.5393 3.5
      vertex 104.5 60.6 0
      vertex 105.427 60.5393 0
    endloop
  endfacet
  facet normal -0.896762 -0.442513 0
    outer loop
      vertex 111.06 56.2171 0
      vertex 110.649 57.05 3.5
      vertex 110.649 57.05 0
    endloop
  endfacet
  facet normal -0.896762 -0.442513 0
    outer loop
      vertex 110.649 57.05 3.5
      vertex 111.06 56.2171 0
      vertex 111.06 56.2171 3.5
    endloop
  endfacet
  facet normal -0.94711 0.320908 0
    outer loop
      vertex 111.06 -56.2171 0
      vertex 111.358 -55.3376 3.5
      vertex 111.358 -55.3376 0
    endloop
  endfacet
  facet normal -0.94711 0.320908 0
    outer loop
      vertex 111.358 -55.3376 3.5
      vertex 111.06 -56.2171 0
      vertex 111.06 -56.2171 3.5
    endloop
  endfacet
  facet normal -0.65945 0.751749 0
    outer loop
      vertex 109.52 -58.5205 0
      vertex 108.822 -59.1328 3.5
      vertex 109.52 -58.5205 3.5
    endloop
  endfacet
  facet normal -0.65945 0.751749 0
    outer loop
      vertex 108.822 -59.1328 3.5
      vertex 109.52 -58.5205 0
      vertex 108.822 -59.1328 0
    endloop
  endfacet
  facet normal -0.321652 0.946858 0
    outer loop
      vertex 107.217 -60.0595 0
      vertex 106.338 -60.3581 3.5
      vertex 107.217 -60.0595 3.5
    endloop
  endfacet
  facet normal -0.321652 0.946858 0
    outer loop
      vertex 106.338 -60.3581 3.5
      vertex 107.217 -60.0595 0
      vertex 106.338 -60.3581 0
    endloop
  endfacet
  facet normal 0.195081 0.980787 -0
    outer loop
      vertex -105.427 -60.5393 0
      vertex -106.338 -60.3581 3.5
      vertex -105.427 -60.5393 3.5
    endloop
  endfacet
  facet normal 0.195081 0.980787 0
    outer loop
      vertex -106.338 -60.3581 3.5
      vertex -105.427 -60.5393 0
      vertex -106.338 -60.3581 0
    endloop
  endfacet
  facet normal 0.321652 0.946858 -0
    outer loop
      vertex -106.338 -60.3581 0
      vertex -107.217 -60.0595 3.5
      vertex -106.338 -60.3581 3.5
    endloop
  endfacet
  facet normal 0.321652 0.946858 0
    outer loop
      vertex -107.217 -60.0595 3.5
      vertex -106.338 -60.3581 0
      vertex -107.217 -60.0595 0
    endloop
  endfacet
  facet normal 0.751516 -0.659715 0
    outer loop
      vertex -110.133 57.8222 3.5
      vertex -109.52 58.5205 0
      vertex -109.52 58.5205 3.5
    endloop
  endfacet
  facet normal 0.751516 -0.659715 0
    outer loop
      vertex -109.52 58.5205 0
      vertex -110.133 57.8222 3.5
      vertex -110.133 57.8222 0
    endloop
  endfacet
  facet normal 0.65945 -0.751749 0
    outer loop
      vertex -109.52 58.5205 0
      vertex -108.822 59.1328 3.5
      vertex -109.52 58.5205 3.5
    endloop
  endfacet
  facet normal 0.65945 -0.751749 0
    outer loop
      vertex -108.822 59.1328 3.5
      vertex -109.52 58.5205 0
      vertex -108.822 59.1328 0
    endloop
  endfacet
  facet normal 0.195081 -0.980787 0
    outer loop
      vertex -106.338 60.3581 0
      vertex -105.427 60.5393 3.5
      vertex -106.338 60.3581 3.5
    endloop
  endfacet
  facet normal 0.195081 -0.980787 0
    outer loop
      vertex -105.427 60.5393 3.5
      vertex -106.338 60.3581 0
      vertex -105.427 60.5393 0
    endloop
  endfacet
  facet normal 0.0653401 -0.997863 0
    outer loop
      vertex -105.427 60.5393 0
      vertex -104.5 60.6 3.5
      vertex -105.427 60.5393 3.5
    endloop
  endfacet
  facet normal 0.0653401 -0.997863 0
    outer loop
      vertex -104.5 60.6 3.5
      vertex -105.427 60.5393 0
      vertex -104.5 60.6 0
    endloop
  endfacet
  facet normal -0.442211 -0.896911 0
    outer loop
      vertex 107.217 60.0595 0
      vertex 108.05 59.6488 3.5
      vertex 107.217 60.0595 3.5
    endloop
  endfacet
  facet normal -0.442211 -0.896911 -0
    outer loop
      vertex 108.05 59.6488 3.5
      vertex 107.217 60.0595 0
      vertex 108.05 59.6488 0
    endloop
  endfacet
  facet normal -0.980824 0.194894 0
    outer loop
      vertex 111.358 -55.3376 0
      vertex 111.539 -54.4267 3.5
      vertex 111.539 -54.4267 0
    endloop
  endfacet
  facet normal -0.980824 0.194894 0
    outer loop
      vertex 111.539 -54.4267 3.5
      vertex 111.358 -55.3376 0
      vertex 111.358 -55.3376 3.5
    endloop
  endfacet
  facet normal -0.555694 0.831387 0
    outer loop
      vertex 108.822 -59.1328 0
      vertex 108.05 -59.6488 3.5
      vertex 108.822 -59.1328 3.5
    endloop
  endfacet
  facet normal -0.555694 0.831387 0
    outer loop
      vertex 108.05 -59.6488 3.5
      vertex 108.822 -59.1328 0
      vertex 108.05 -59.6488 0
    endloop
  endfacet
  facet normal -0.896762 0.442513 0
    outer loop
      vertex 110.649 -57.05 0
      vertex 111.06 -56.2171 3.5
      vertex 111.06 -56.2171 0
    endloop
  endfacet
  facet normal -0.896762 0.442513 0
    outer loop
      vertex 111.06 -56.2171 3.5
      vertex 110.649 -57.05 0
      vertex 110.649 -57.05 3.5
    endloop
  endfacet
  facet normal 0.442211 0.896911 -0
    outer loop
      vertex -107.217 -60.0595 0
      vertex -108.05 -59.6488 3.5
      vertex -107.217 -60.0595 3.5
    endloop
  endfacet
  facet normal 0.442211 0.896911 0
    outer loop
      vertex -108.05 -59.6488 3.5
      vertex -107.217 -60.0595 0
      vertex -108.05 -59.6488 0
    endloop
  endfacet
  facet normal 0.65945 0.751749 -0
    outer loop
      vertex -108.822 -59.1328 0
      vertex -109.52 -58.5205 3.5
      vertex -108.822 -59.1328 3.5
    endloop
  endfacet
  facet normal 0.65945 0.751749 0
    outer loop
      vertex -109.52 -58.5205 3.5
      vertex -108.822 -59.1328 0
      vertex -109.52 -58.5205 0
    endloop
  endfacet
  facet normal 0.831453 0.555594 0
    outer loop
      vertex -110.133 -57.8222 3.5
      vertex -110.649 -57.05 0
      vertex -110.649 -57.05 3.5
    endloop
  endfacet
  facet normal 0.831453 0.555594 0
    outer loop
      vertex -110.649 -57.05 0
      vertex -110.133 -57.8222 3.5
      vertex -110.133 -57.8222 0
    endloop
  endfacet
  facet normal 0.896762 0.442513 0
    outer loop
      vertex -110.649 -57.05 3.5
      vertex -111.06 -56.2171 0
      vertex -111.06 -56.2171 3.5
    endloop
  endfacet
  facet normal 0.896762 0.442513 0
    outer loop
      vertex -111.06 -56.2171 0
      vertex -110.649 -57.05 3.5
      vertex -110.649 -57.05 0
    endloop
  endfacet
  facet normal 1 -0 0
    outer loop
      vertex -7 -63 1
      vertex -7 -60.6 0
      vertex -7 -60.6 1
    endloop
  endfacet
  facet normal 1 0 0
    outer loop
      vertex -7 -60.6 0
      vertex -7 -63 1
      vertex -7 -63 0
    endloop
  endfacet
  facet normal 0 0 -1
    outer loop
      vertex -7 -63 1
      vertex 7 -60.6 1
      vertex 7 -63 1
    endloop
  endfacet
  facet normal -0 0 -1
    outer loop
      vertex 7 -60.6 1
      vertex -7 -63 1
      vertex -7 -60.6 1
    endloop
  endfacet
  facet normal -1 0 0
    outer loop
      vertex 7 -63 0
      vertex 7 -60.6 1
      vertex 7 -60.6 0
    endloop
  endfacet
  facet normal -1 -0 0
    outer loop
      vertex 7 -60.6 1
      vertex 7 -63 0
      vertex 7 -63 1
    endloop
  endfacet
  facet normal 0 0 -1
    outer loop
      vertex 111.6 -7 1
      vertex 114 7 1
      vertex 114 -7 1
    endloop
  endfacet
  facet normal -0 0 -1
    outer loop
      vertex 114 7 1
      vertex 111.6 -7 1
      vertex 111.6 7 1
    endloop
  endfacet
  facet normal 0 -1 0
    outer loop
      vertex 111.6 7 0
      vertex 114 7 1
      vertex 111.6 7 1
    endloop
  endfacet
  facet normal 0 -1 -0
    outer loop
      vertex 114 7 1
      vertex 111.6 7 0
      vertex 114 7 0
    endloop
  endfacet
  facet normal 0 1 -0
    outer loop
      vertex 114 -7 0
      vertex 111.6 -7 1
      vertex 114 -7 1
    endloop
  endfacet
  facet normal 0 1 0
    outer loop
      vertex 111.6 -7 1
      vertex 114 -7 0
      vertex 111.6 -7 0
    endloop
  endfacet
  facet normal 0.634376 0.773025 -0
    outer loop
      vertex -94.4645 -50.4645 0
      vertex -95.2222 -49.8427 3.5
      vertex -94.4645 -50.4645 3.5
    endloop
  endfacet
  facet normal 0.634376 0.773025 0
    outer loop
      vertex -95.2222 -49.8427 3.5
      vertex -94.4645 -50.4645 0
      vertex -95.2222 -49.8427 0
    endloop
  endfacet
  facet normal -0.956801 0.290743 0
    outer loop
      vertex -102.904 -53.0245 0
      vertex -102.619 -52.0866 3.5
      vertex -102.619 -52.0866 0
    endloop
  endfacet
  facet normal -0.956801 0.290743 0
    outer loop
      vertex -102.619 -52.0866 3.5
      vertex -102.904 -53.0245 0
      vertex -102.904 -53.0245 3.5
    endloop
  endfacet
  facet normal 0.995183 -0.098039 0
    outer loop
      vertex -93.0961 -54.9755 3.5
      vertex -93 -54 0
      vertex -93 -54 3.5
    endloop
  endfacet
  facet normal 0.995183 -0.098039 0
    outer loop
      vertex -93 -54 0
      vertex -93.0961 -54.9755 3.5
      vertex -93.0961 -54.9755 0
    endloop
  endfacet
  facet normal -0.290248 -0.956951 0
    outer loop
      vertex -99.9134 -58.6194 0
      vertex -98.9754 -58.9039 3.5
      vertex -99.9134 -58.6194 3.5
    endloop
  endfacet
  facet normal -0.290248 -0.956951 -0
    outer loop
      vertex -98.9754 -58.9039 3.5
      vertex -99.9134 -58.6194 0
      vertex -98.9754 -58.9039 0
    endloop
  endfacet
  facet normal 0.772984 0.634426 0
    outer loop
      vertex -93.8427 -51.2221 3.5
      vertex -94.4645 -50.4645 0
      vertex -94.4645 -50.4645 3.5
    endloop
  endfacet
  facet normal 0.772984 0.634426 0
    outer loop
      vertex -94.4645 -50.4645 0
      vertex -93.8427 -51.2221 3.5
      vertex -93.8427 -51.2221 0
    endloop
  endfacet
  facet normal -0.290248 0.956951 0
    outer loop
      vertex -98.9754 -49.0961 0
      vertex -99.9134 -49.3806 3.5
      vertex -98.9754 -49.0961 3.5
    endloop
  endfacet
  facet normal -0.290248 0.956951 0
    outer loop
      vertex -99.9134 -49.3806 3.5
      vertex -98.9754 -49.0961 0
      vertex -99.9134 -49.3806 0
    endloop
  endfacet
  facet normal -0.881957 0.471329 0
    outer loop
      vertex -102.619 -52.0866 0
      vertex -102.157 -51.2221 3.5
      vertex -102.157 -51.2221 0
    endloop
  endfacet
  facet normal -0.881957 0.471329 0
    outer loop
      vertex -102.157 -51.2221 3.5
      vertex -102.619 -52.0866 0
      vertex -102.619 -52.0866 3.5
    endloop
  endfacet
  facet normal 0.634376 -0.773025 0
    outer loop
      vertex -95.2222 -58.1573 0
      vertex -94.4645 -57.5355 3.5
      vertex -95.2222 -58.1573 3.5
    endloop
  endfacet
  facet normal 0.634376 -0.773025 0
    outer loop
      vertex -94.4645 -57.5355 3.5
      vertex -95.2222 -58.1573 0
      vertex -94.4645 -57.5355 0
    endloop
  endfacet
  facet normal 0.881915 0.471409 0
    outer loop
      vertex -93.3806 -52.0866 3.5
      vertex -93.8427 -51.2221 0
      vertex -93.8427 -51.2221 3.5
    endloop
  endfacet
  facet normal 0.881915 0.471409 0
    outer loop
      vertex -93.8427 -51.2221 0
      vertex -93.3806 -52.0866 3.5
      vertex -93.3806 -52.0866 0
    endloop
  endfacet
  facet normal 0.471451 0.881892 -0
    outer loop
      vertex -95.2222 -49.8427 0
      vertex -96.0866 -49.3806 3.5
      vertex -95.2222 -49.8427 3.5
    endloop
  endfacet
  facet normal 0.471451 0.881892 0
    outer loop
      vertex -96.0866 -49.3806 3.5
      vertex -95.2222 -49.8427 0
      vertex -96.0866 -49.3806 0
    endloop
  endfacet
  facet normal 0.098049 0.995182 -0
    outer loop
      vertex -97.0246 -49.0961 0
      vertex -98 -49 3.5
      vertex -97.0246 -49.0961 3.5
    endloop
  endfacet
  facet normal 0.098049 0.995182 0
    outer loop
      vertex -98 -49 3.5
      vertex -97.0246 -49.0961 0
      vertex -98 -49 0
    endloop
  endfacet
  facet normal -0.995193 0.097938 0
    outer loop
      vertex -103 -54 0
      vertex -102.904 -53.0245 3.5
      vertex -102.904 -53.0245 0
    endloop
  endfacet
  facet normal -0.995193 0.097938 0
    outer loop
      vertex -102.904 -53.0245 3.5
      vertex -103 -54 0
      vertex -103 -54 3.5
    endloop
  endfacet
  facet normal -0.773384 0.633938 0
    outer loop
      vertex -102.157 -51.2221 0
      vertex -101.536 -50.4645 3.5
      vertex -101.536 -50.4645 0
    endloop
  endfacet
  facet normal -0.773384 0.633938 0
    outer loop
      vertex -101.536 -50.4645 3.5
      vertex -102.157 -51.2221 0
      vertex -102.157 -51.2221 3.5
    endloop
  endfacet
  facet normal -0.471366 0.881938 0
    outer loop
      vertex -99.9134 -49.3806 0
      vertex -100.778 -49.8427 3.5
      vertex -99.9134 -49.3806 3.5
    endloop
  endfacet
  facet normal -0.471366 0.881938 0
    outer loop
      vertex -100.778 -49.8427 3.5
      vertex -99.9134 -49.3806 0
      vertex -100.778 -49.8427 0
    endloop
  endfacet
  facet normal -0.098049 0.995182 0
    outer loop
      vertex -98 -49 0
      vertex -98.9754 -49.0961 3.5
      vertex -98 -49 3.5
    endloop
  endfacet
  facet normal -0.098049 0.995182 0
    outer loop
      vertex -98.9754 -49.0961 3.5
      vertex -98 -49 0
      vertex -98.9754 -49.0961 0
    endloop
  endfacet
  facet normal -0.634226 0.773148 0
    outer loop
      vertex -100.778 -49.8427 0
      vertex -101.536 -50.4645 3.5
      vertex -100.778 -49.8427 3.5
    endloop
  endfacet
  facet normal -0.634226 0.773148 0
    outer loop
      vertex -101.536 -50.4645 3.5
      vertex -100.778 -49.8427 0
      vertex -101.536 -50.4645 0
    endloop
  endfacet
  facet normal 0.995183 0.098039 0
    outer loop
      vertex -93 -54 3.5
      vertex -93.0961 -53.0245 0
      vertex -93.0961 -53.0245 3.5
    endloop
  endfacet
  facet normal 0.995183 0.098039 0
    outer loop
      vertex -93.0961 -53.0245 0
      vertex -93 -54 3.5
      vertex -93 -54 0
    endloop
  endfacet
  facet normal 0.098049 -0.995182 0
    outer loop
      vertex -98 -59 0
      vertex -97.0246 -58.9039 3.5
      vertex -98 -59 3.5
    endloop
  endfacet
  facet normal 0.098049 -0.995182 0
    outer loop
      vertex -97.0246 -58.9039 3.5
      vertex -98 -59 0
      vertex -97.0246 -58.9039 0
    endloop
  endfacet
  facet normal 0.956943 -0.290276 0
    outer loop
      vertex -93.3806 -55.9134 3.5
      vertex -93.0961 -54.9755 0
      vertex -93.0961 -54.9755 3.5
    endloop
  endfacet
  facet normal 0.956943 -0.290276 0
    outer loop
      vertex -93.0961 -54.9755 0
      vertex -93.3806 -55.9134 3.5
      vertex -93.3806 -55.9134 0
    endloop
  endfacet
  facet normal 0.290248 -0.956951 0
    outer loop
      vertex -97.0246 -58.9039 0
      vertex -96.0866 -58.6194 3.5
      vertex -97.0246 -58.9039 3.5
    endloop
  endfacet
  facet normal 0.290248 -0.956951 0
    outer loop
      vertex -96.0866 -58.6194 3.5
      vertex -97.0246 -58.9039 0
      vertex -96.0866 -58.6194 0
    endloop
  endfacet
  facet normal 0.471451 -0.881892 0
    outer loop
      vertex -96.0866 -58.6194 0
      vertex -95.2222 -58.1573 3.5
      vertex -96.0866 -58.6194 3.5
    endloop
  endfacet
  facet normal 0.471451 -0.881892 0
    outer loop
      vertex -95.2222 -58.1573 3.5
      vertex -96.0866 -58.6194 0
      vertex -95.2222 -58.1573 0
    endloop
  endfacet
  facet normal -0.098049 -0.995182 0
    outer loop
      vertex -98.9754 -58.9039 0
      vertex -98 -59 3.5
      vertex -98.9754 -58.9039 3.5
    endloop
  endfacet
  facet normal -0.098049 -0.995182 -0
    outer loop
      vertex -98 -59 3.5
      vertex -98.9754 -58.9039 0
      vertex -98 -59 0
    endloop
  endfacet
  facet normal -0.634226 -0.773148 0
    outer loop
      vertex -101.536 -57.5355 0
      vertex -100.778 -58.1573 3.5
      vertex -101.536 -57.5355 3.5
    endloop
  endfacet
  facet normal -0.634226 -0.773148 -0
    outer loop
      vertex -100.778 -58.1573 3.5
      vertex -101.536 -57.5355 0
      vertex -100.778 -58.1573 0
    endloop
  endfacet
  facet normal -0.881957 -0.471329 0
    outer loop
      vertex -102.157 -56.7779 0
      vertex -102.619 -55.9134 3.5
      vertex -102.619 -55.9134 0
    endloop
  endfacet
  facet normal -0.881957 -0.471329 0
    outer loop
      vertex -102.619 -55.9134 3.5
      vertex -102.157 -56.7779 0
      vertex -102.157 -56.7779 3.5
    endloop
  endfacet
  facet normal -0.995193 -0.097938 0
    outer loop
      vertex -102.904 -54.9755 0
      vertex -103 -54 3.5
      vertex -103 -54 0
    endloop
  endfacet
  facet normal -0.995193 -0.097938 0
    outer loop
      vertex -103 -54 3.5
      vertex -102.904 -54.9755 0
      vertex -102.904 -54.9755 3.5
    endloop
  endfacet
  facet normal 0 0 -1
    outer loop
      vertex -96.6 -54 0
      vertex -93 -54 0
      vertex -93.0961 -54.9755 0
    endloop
  endfacet
  facet normal 0 0 -1
    outer loop
      vertex -96.6477 -54.3623 0
      vertex -93.0961 -54.9755 0
      vertex -93.3806 -55.9134 0
    endloop
  endfacet
  facet normal 0 0 -1
    outer loop
      vertex -93 -54 0
      vertex -96.6 -54 0
      vertex -93.0961 -53.0245 0
    endloop
  endfacet
  facet normal 0 0 -1
    outer loop
      vertex -96.7876 -54.7 0
      vertex -93.3806 -55.9134 0
      vertex -93.8427 -56.7779 0
    endloop
  endfacet
  facet normal 0 0 -1
    outer loop
      vertex -96.6477 -53.6377 0
      vertex -93.0961 -53.0245 0
      vertex -96.6 -54 0
    endloop
  endfacet
  facet normal 0 0 -1
    outer loop
      vertex -97.01 -54.9899 0
      vertex -93.8427 -56.7779 0
      vertex -94.4645 -57.5355 0
    endloop
  endfacet
  facet normal -0 0 -1
    outer loop
      vertex -93.0961 -53.0245 0
      vertex -96.6477 -53.6377 0
      vertex -93.3806 -52.0866 0
    endloop
  endfacet
  facet normal 0 0 -1
    outer loop
      vertex -97.01 -54.9899 0
      vertex -94.4645 -57.5355 0
      vertex -95.2222 -58.1573 0
    endloop
  endfacet
  facet normal 0 0 -1
    outer loop
      vertex -96.7876 -53.3 0
      vertex -93.3806 -52.0866 0
      vertex -96.6477 -53.6377 0
    endloop
  endfacet
  facet normal 0 0 -1
    outer loop
      vertex -97.3 -55.2124 0
      vertex -95.2222 -58.1573 0
      vertex -96.0866 -58.6194 0
    endloop
  endfacet
  facet normal -0 0 -1
    outer loop
      vertex -93.3806 -52.0866 0
      vertex -96.7876 -53.3 0
      vertex -93.8427 -51.2221 0
    endloop
  endfacet
  facet normal 0 0 -1
    outer loop
      vertex -97.01 -53.0101 0
      vertex -93.8427 -51.2221 0
      vertex -96.7876 -53.3 0
    endloop
  endfacet
  facet normal 0 0 -1
    outer loop
      vertex -93.0961 -54.9755 0
      vertex -96.6477 -54.3623 0
      vertex -96.6 -54 0
    endloop
  endfacet
  facet normal 0 0 -1
    outer loop
      vertex -93.3806 -55.9134 0
      vertex -96.7876 -54.7 0
      vertex -96.6477 -54.3623 0
    endloop
  endfacet
  facet normal 0 0 -1
    outer loop
      vertex -93.8427 -56.7779 0
      vertex -97.01 -54.9899 0
      vertex -96.7876 -54.7 0
    endloop
  endfacet
  facet normal 0 0 -1
    outer loop
      vertex -97.6376 -55.3523 0
      vertex -96.0866 -58.6194 0
      vertex -97.0246 -58.9039 0
    endloop
  endfacet
  facet normal 0 0 -1
    outer loop
      vertex -95.2222 -58.1573 0
      vertex -97.3 -55.2124 0
      vertex -97.01 -54.9899 0
    endloop
  endfacet
  facet normal 0 0 -1
    outer loop
      vertex -96.0866 -58.6194 0
      vertex -97.6376 -55.3523 0
      vertex -97.3 -55.2124 0
    endloop
  endfacet
  facet normal 0 0 -1
    outer loop
      vertex -98 -55.4 0
      vertex -97.0246 -58.9039 0
      vertex -98 -59 0
    endloop
  endfacet
  facet normal 0 0 -1
    outer loop
      vertex -97.0246 -58.9039 0
      vertex -98 -55.4 0
      vertex -97.6376 -55.3523 0
    endloop
  endfacet
  facet normal 0 0 -1
    outer loop
      vertex -98.9754 -58.9039 0
      vertex -98 -55.4 0
      vertex -98 -59 0
    endloop
  endfacet
  facet normal -0 0 -1
    outer loop
      vertex -98 -55.4 0
      vertex -98.9754 -58.9039 0
      vertex -98.3624 -55.3523 0
    endloop
  endfacet
  facet normal 0 0 -1
    outer loop
      vertex -99.9134 -58.6194 0
      vertex -98.3624 -55.3523 0
      vertex -98.9754 -58.9039 0
    endloop
  endfacet
  facet normal -0 0 -1
    outer loop
      vertex -98.3624 -55.3523 0
      vertex -99.9134 -58.6194 0
      vertex -98.7 -55.2124 0
    endloop
  endfacet
  facet normal 0 0 -1
    outer loop
      vertex -100.778 -58.1573 0
      vertex -98.7 -55.2124 0
      vertex -99.9134 -58.6194 0
    endloop
  endfacet
  facet normal -0 0 -1
    outer loop
      vertex -98.7 -55.2124 0
      vertex -100.778 -58.1573 0
      vertex -98.99 -54.9899 0
    endloop
  endfacet
  facet normal 0 0 -1
    outer loop
      vertex -101.536 -57.5355 0
      vertex -98.99 -54.9899 0
      vertex -100.778 -58.1573 0
    endloop
  endfacet
  facet normal 0 0 -1
    outer loop
      vertex -102.157 -56.7779 0
      vertex -98.99 -54.9899 0
      vertex -101.536 -57.5355 0
    endloop
  endfacet
  facet normal -0 0 -1
    outer loop
      vertex -93.8427 -51.2221 0
      vertex -97.01 -53.0101 0
      vertex -94.4645 -50.4645 0
    endloop
  endfacet
  facet normal -0 0 -1
    outer loop
      vertex -94.4645 -50.4645 0
      vertex -97.01 -53.0101 0
      vertex -95.2222 -49.8427 0
    endloop
  endfacet
  facet normal 0 0 -1
    outer loop
      vertex -97.3 -52.7876 0
      vertex -95.2222 -49.8427 0
      vertex -97.01 -53.0101 0
    endloop
  endfacet
  facet normal -0 0 -1
    outer loop
      vertex -95.2222 -49.8427 0
      vertex -97.3 -52.7876 0
      vertex -96.0866 -49.3806 0
    endloop
  endfacet
  facet normal 0 0 -1
    outer loop
      vertex -97.6376 -52.6477 0
      vertex -96.0866 -49.3806 0
      vertex -97.3 -52.7876 0
    endloop
  endfacet
  facet normal -0 0 -1
    outer loop
      vertex -96.0866 -49.3806 0
      vertex -97.6376 -52.6477 0
      vertex -97.0246 -49.0961 0
    endloop
  endfacet
  facet normal 0 0 -1
    outer loop
      vertex -98 -52.6 0
      vertex -97.0246 -49.0961 0
      vertex -97.6376 -52.6477 0
    endloop
  endfacet
  facet normal 0 0 -1
    outer loop
      vertex -98 -52.6 0
      vertex -98 -49 0
      vertex -97.0246 -49.0961 0
    endloop
  endfacet
  facet normal 0 0 -1
    outer loop
      vertex -98.9754 -49.0961 0
      vertex -98 -52.6 0
      vertex -98.3624 -52.6477 0
    endloop
  endfacet
  facet normal 0 0 -1
    outer loop
      vertex -99.9134 -49.3806 0
      vertex -98.3624 -52.6477 0
      vertex -98.7 -52.7876 0
    endloop
  endfacet
  facet normal 0 0 -1
    outer loop
      vertex -98 -52.6 0
      vertex -98.9754 -49.0961 0
      vertex -98 -49 0
    endloop
  endfacet
  facet normal 0 0 -1
    outer loop
      vertex -100.778 -49.8427 0
      vertex -98.7 -52.7876 0
      vertex -98.99 -53.0101 0
    endloop
  endfacet
  facet normal 0 0 -1
    outer loop
      vertex -102.157 -51.2221 0
      vertex -98.99 -53.0101 0
      vertex -99.2124 -53.3 0
    endloop
  endfacet
  facet normal 0 0 -1
    outer loop
      vertex -102.619 -52.0866 0
      vertex -99.2124 -53.3 0
      vertex -99.3523 -53.6377 0
    endloop
  endfacet
  facet normal 0 0 -1
    outer loop
      vertex -102.904 -53.0245 0
      vertex -99.3523 -53.6377 0
      vertex -99.4 -54 0
    endloop
  endfacet
  facet normal -0 0 -1
    outer loop
      vertex -98.99 -54.9899 0
      vertex -102.157 -56.7779 0
      vertex -99.2124 -54.7 0
    endloop
  endfacet
  facet normal 0 0 -1
    outer loop
      vertex -98.3624 -52.6477 0
      vertex -99.9134 -49.3806 0
      vertex -98.9754 -49.0961 0
    endloop
  endfacet
  facet normal 0 0 -1
    outer loop
      vertex -102.619 -55.9134 0
      vertex -99.2124 -54.7 0
      vertex -102.157 -56.7779 0
    endloop
  endfacet
  facet normal 0 0 -1
    outer loop
      vertex -98.7 -52.7876 0
      vertex -100.778 -49.8427 0
      vertex -99.9134 -49.3806 0
    endloop
  endfacet
  facet normal -0 0 -1
    outer loop
      vertex -99.2124 -54.7 0
      vertex -102.619 -55.9134 0
      vertex -99.3523 -54.3623 0
    endloop
  endfacet
  facet normal 0 0 -1
    outer loop
      vertex -98.99 -53.0101 0
      vertex -101.536 -50.4645 0
      vertex -100.778 -49.8427 0
    endloop
  endfacet
  facet normal 0 0 -1
    outer loop
      vertex -102.904 -54.9755 0
      vertex -99.3523 -54.3623 0
      vertex -102.619 -55.9134 0
    endloop
  endfacet
  facet normal 0 0 -1
    outer loop
      vertex -98.99 -53.0101 0
      vertex -102.157 -51.2221 0
      vertex -101.536 -50.4645 0
    endloop
  endfacet
  facet normal -0 0 -1
    outer loop
      vertex -99.3523 -54.3623 0
      vertex -102.904 -54.9755 0
      vertex -99.4 -54 0
    endloop
  endfacet
  facet normal 0 0 -1
    outer loop
      vertex -99.2124 -53.3 0
      vertex -102.619 -52.0866 0
      vertex -102.157 -51.2221 0
    endloop
  endfacet
  facet normal 0 0 -1
    outer loop
      vertex -103 -54 0
      vertex -99.4 -54 0
      vertex -102.904 -54.9755 0
    endloop
  endfacet
  facet normal 0 0 -1
    outer loop
      vertex -99.3523 -53.6377 0
      vertex -102.904 -53.0245 0
      vertex -102.619 -52.0866 0
    endloop
  endfacet
  facet normal 0 0 -1
    outer loop
      vertex -99.4 -54 0
      vertex -103 -54 0
      vertex -102.904 -53.0245 0
    endloop
  endfacet
  facet normal 0.956943 0.290276 0
    outer loop
      vertex -93.0961 -53.0245 3.5
      vertex -93.3806 -52.0866 0
      vertex -93.3806 -52.0866 3.5
    endloop
  endfacet
  facet normal 0.956943 0.290276 0
    outer loop
      vertex -93.3806 -52.0866 0
      vertex -93.0961 -53.0245 3.5
      vertex -93.0961 -53.0245 0
    endloop
  endfacet
  facet normal 0.290248 0.956951 -0
    outer loop
      vertex -96.0866 -49.3806 0
      vertex -97.0246 -49.0961 3.5
      vertex -96.0866 -49.3806 3.5
    endloop
  endfacet
  facet normal 0.290248 0.956951 0
    outer loop
      vertex -97.0246 -49.0961 3.5
      vertex -96.0866 -49.3806 0
      vertex -97.0246 -49.0961 0
    endloop
  endfacet
  facet normal 0.772984 -0.634426 0
    outer loop
      vertex -94.4645 -57.5355 3.5
      vertex -93.8427 -56.7779 0
      vertex -93.8427 -56.7779 3.5
    endloop
  endfacet
  facet normal 0.772984 -0.634426 0
    outer loop
      vertex -93.8427 -56.7779 0
      vertex -94.4645 -57.5355 3.5
      vertex -94.4645 -57.5355 0
    endloop
  endfacet
  facet normal 0.881915 -0.471409 0
    outer loop
      vertex -93.8427 -56.7779 3.5
      vertex -93.3806 -55.9134 0
      vertex -93.3806 -55.9134 3.5
    endloop
  endfacet
  facet normal 0.881915 -0.471409 0
    outer loop
      vertex -93.3806 -55.9134 0
      vertex -93.8427 -56.7779 3.5
      vertex -93.8427 -56.7779 0
    endloop
  endfacet
  facet normal -0.471366 -0.881938 0
    outer loop
      vertex -100.778 -58.1573 0
      vertex -99.9134 -58.6194 3.5
      vertex -100.778 -58.1573 3.5
    endloop
  endfacet
  facet normal -0.471366 -0.881938 -0
    outer loop
      vertex -99.9134 -58.6194 3.5
      vertex -100.778 -58.1573 0
      vertex -99.9134 -58.6194 0
    endloop
  endfacet
  facet normal -0.956801 -0.290743 0
    outer loop
      vertex -102.619 -55.9134 0
      vertex -102.904 -54.9755 3.5
      vertex -102.904 -54.9755 0
    endloop
  endfacet
  facet normal -0.956801 -0.290743 0
    outer loop
      vertex -102.904 -54.9755 3.5
      vertex -102.619 -55.9134 0
      vertex -102.619 -55.9134 3.5
    endloop
  endfacet
  facet normal -0.773384 -0.633938 0
    outer loop
      vertex -101.536 -57.5355 0
      vertex -102.157 -56.7779 3.5
      vertex -102.157 -56.7779 0
    endloop
  endfacet
  facet normal -0.773384 -0.633938 0
    outer loop
      vertex -102.157 -56.7779 3.5
      vertex -101.536 -57.5355 0
      vertex -101.536 -57.5355 3.5
    endloop
  endfacet
  facet normal -0.991444 -0.130532 0
    outer loop
      vertex -96.6 -54 0
      vertex -96.6477 -53.6377 3.5
      vertex -96.6477 -53.6377 0
    endloop
  endfacet
  facet normal -0.991444 -0.130532 0
    outer loop
      vertex -96.6477 -53.6377 3.5
      vertex -96.6 -54 0
      vertex -96.6 -54 3.5
    endloop
  endfacet
  facet normal 0.991444 -0.130532 0
    outer loop
      vertex -99.4 -54 3.5
      vertex -99.3523 -53.6377 0
      vertex -99.3523 -53.6377 3.5
    endloop
  endfacet
  facet normal 0.991444 -0.130532 0
    outer loop
      vertex -99.3523 -53.6377 0
      vertex -99.4 -54 3.5
      vertex -99.4 -54 0
    endloop
  endfacet
  facet normal 0.130497 -0.991449 0
    outer loop
      vertex -98.3624 -52.6477 0
      vertex -98 -52.6 3.5
      vertex -98.3624 -52.6477 3.5
    endloop
  endfacet
  facet normal 0.130497 -0.991449 0
    outer loop
      vertex -98 -52.6 3.5
      vertex -98.3624 -52.6477 0
      vertex -98 -52.6 0
    endloop
  endfacet
  facet normal -0.130497 0.991449 0
    outer loop
      vertex -97.6376 -55.3523 0
      vertex -98 -55.4 3.5
      vertex -97.6376 -55.3523 3.5
    endloop
  endfacet
  facet normal -0.130497 0.991449 0
    outer loop
      vertex -98 -55.4 3.5
      vertex -97.6376 -55.3523 0
      vertex -98 -55.4 0
    endloop
  endfacet
  facet normal -0.608719 -0.793386 0
    outer loop
      vertex -97.3 -52.7876 0
      vertex -97.01 -53.0101 3.5
      vertex -97.3 -52.7876 3.5
    endloop
  endfacet
  facet normal -0.608719 -0.793386 -0
    outer loop
      vertex -97.01 -53.0101 3.5
      vertex -97.3 -52.7876 0
      vertex -97.01 -53.0101 0
    endloop
  endfacet
  facet normal -0.382827 -0.92382 0
    outer loop
      vertex -97.6376 -52.6477 0
      vertex -97.3 -52.7876 3.5
      vertex -97.6376 -52.6477 3.5
    endloop
  endfacet
  facet normal -0.382827 -0.92382 -0
    outer loop
      vertex -97.3 -52.7876 3.5
      vertex -97.6376 -52.6477 0
      vertex -97.3 -52.7876 0
    endloop
  endfacet
  facet normal 0.608719 -0.793386 0
    outer loop
      vertex -98.99 -53.0101 0
      vertex -98.7 -52.7876 3.5
      vertex -98.99 -53.0101 3.5
    endloop
  endfacet
  facet normal 0.608719 -0.793386 0
    outer loop
      vertex -98.7 -52.7876 3.5
      vertex -98.99 -53.0101 0
      vertex -98.7 -52.7876 0
    endloop
  endfacet
  facet normal 0.382827 -0.92382 0
    outer loop
      vertex -98.7 -52.7876 0
      vertex -98.3624 -52.6477 3.5
      vertex -98.7 -52.7876 3.5
    endloop
  endfacet
  facet normal 0.382827 -0.92382 0
    outer loop
      vertex -98.3624 -52.6477 3.5
      vertex -98.7 -52.7876 0
      vertex -98.3624 -52.6477 0
    endloop
  endfacet
  facet normal -0.793417 -0.608679 0
    outer loop
      vertex -96.7876 -53.3 0
      vertex -97.01 -53.0101 3.5
      vertex -97.01 -53.0101 0
    endloop
  endfacet
  facet normal -0.793417 -0.608679 0
    outer loop
      vertex -97.01 -53.0101 3.5
      vertex -96.7876 -53.3 0
      vertex -96.7876 -53.3 3.5
    endloop
  endfacet
  facet normal -0.92386 -0.38273 0
    outer loop
      vertex -96.6477 -53.6377 0
      vertex -96.7876 -53.3 3.5
      vertex -96.7876 -53.3 0
    endloop
  endfacet
  facet normal -0.92386 -0.38273 0
    outer loop
      vertex -96.7876 -53.3 3.5
      vertex -96.6477 -53.6377 0
      vertex -96.6477 -53.6377 3.5
    endloop
  endfacet
  facet normal -0.130497 -0.991449 0
    outer loop
      vertex -98 -52.6 0
      vertex -97.6376 -52.6477 3.5
      vertex -98 -52.6 3.5
    endloop
  endfacet
  facet normal -0.130497 -0.991449 -0
    outer loop
      vertex -97.6376 -52.6477 3.5
      vertex -98 -52.6 0
      vertex -97.6376 -52.6477 0
    endloop
  endfacet
  facet normal 0.793417 -0.608679 0
    outer loop
      vertex -99.2124 -53.3 3.5
      vertex -98.99 -53.0101 0
      vertex -98.99 -53.0101 3.5
    endloop
  endfacet
  facet normal 0.793417 -0.608679 0
    outer loop
      vertex -98.99 -53.0101 0
      vertex -99.2124 -53.3 3.5
      vertex -99.2124 -53.3 0
    endloop
  endfacet
  facet normal 0.92386 -0.38273 0
    outer loop
      vertex -99.3523 -53.6377 3.5
      vertex -99.2124 -53.3 0
      vertex -99.2124 -53.3 3.5
    endloop
  endfacet
  facet normal 0.92386 -0.38273 0
    outer loop
      vertex -99.2124 -53.3 0
      vertex -99.3523 -53.6377 3.5
      vertex -99.3523 -53.6377 0
    endloop
  endfacet
  facet normal 0.991444 0.130532 0
    outer loop
      vertex -99.3523 -54.3623 3.5
      vertex -99.4 -54 0
      vertex -99.4 -54 3.5
    endloop
  endfacet
  facet normal 0.991444 0.130532 0
    outer loop
      vertex -99.4 -54 0
      vertex -99.3523 -54.3623 3.5
      vertex -99.3523 -54.3623 0
    endloop
  endfacet
  facet normal -0.793417 0.608679 0
    outer loop
      vertex -97.01 -54.9899 0
      vertex -96.7876 -54.7 3.5
      vertex -96.7876 -54.7 0
    endloop
  endfacet
  facet normal -0.793417 0.608679 0
    outer loop
      vertex -96.7876 -54.7 3.5
      vertex -97.01 -54.9899 0
      vertex -97.01 -54.9899 3.5
    endloop
  endfacet
  facet normal -0.92386 0.38273 0
    outer loop
      vertex -96.7876 -54.7 0
      vertex -96.6477 -54.3623 3.5
      vertex -96.6477 -54.3623 0
    endloop
  endfacet
  facet normal -0.92386 0.38273 0
    outer loop
      vertex -96.6477 -54.3623 3.5
      vertex -96.7876 -54.7 0
      vertex -96.7876 -54.7 3.5
    endloop
  endfacet
  facet normal 0.608719 0.793386 -0
    outer loop
      vertex -98.7 -55.2124 0
      vertex -98.99 -54.9899 3.5
      vertex -98.7 -55.2124 3.5
    endloop
  endfacet
  facet normal 0.608719 0.793386 0
    outer loop
      vertex -98.99 -54.9899 3.5
      vertex -98.7 -55.2124 0
      vertex -98.99 -54.9899 0
    endloop
  endfacet
  facet normal 0.92386 0.38273 0
    outer loop
      vertex -99.2124 -54.7 3.5
      vertex -99.3523 -54.3623 0
      vertex -99.3523 -54.3623 3.5
    endloop
  endfacet
  facet normal 0.92386 0.38273 0
    outer loop
      vertex -99.3523 -54.3623 0
      vertex -99.2124 -54.7 3.5
      vertex -99.2124 -54.7 0
    endloop
  endfacet
  facet normal 0.793417 0.608679 0
    outer loop
      vertex -98.99 -54.9899 3.5
      vertex -99.2124 -54.7 0
      vertex -99.2124 -54.7 3.5
    endloop
  endfacet
  facet normal 0.793417 0.608679 0
    outer loop
      vertex -99.2124 -54.7 0
      vertex -98.99 -54.9899 3.5
      vertex -98.99 -54.9899 0
    endloop
  endfacet
  facet normal -0.382827 0.92382 0
    outer loop
      vertex -97.3 -55.2124 0
      vertex -97.6376 -55.3523 3.5
      vertex -97.3 -55.2124 3.5
    endloop
  endfacet
  facet normal -0.382827 0.92382 0
    outer loop
      vertex -97.6376 -55.3523 3.5
      vertex -97.3 -55.2124 0
      vertex -97.6376 -55.3523 0
    endloop
  endfacet
  facet normal -0.991444 0.130532 0
    outer loop
      vertex -96.6477 -54.3623 0
      vertex -96.6 -54 3.5
      vertex -96.6 -54 0
    endloop
  endfacet
  facet normal -0.991444 0.130532 0
    outer loop
      vertex -96.6 -54 3.5
      vertex -96.6477 -54.3623 0
      vertex -96.6477 -54.3623 3.5
    endloop
  endfacet
  facet normal 0.130497 0.991449 -0
    outer loop
      vertex -98 -55.4 0
      vertex -98.3624 -55.3523 3.5
      vertex -98 -55.4 3.5
    endloop
  endfacet
  facet normal 0.130497 0.991449 0
    outer loop
      vertex -98.3624 -55.3523 3.5
      vertex -98 -55.4 0
      vertex -98.3624 -55.3523 0
    endloop
  endfacet
  facet normal -0.608719 0.793386 0
    outer loop
      vertex -97.01 -54.9899 0
      vertex -97.3 -55.2124 3.5
      vertex -97.01 -54.9899 3.5
    endloop
  endfacet
  facet normal -0.608719 0.793386 0
    outer loop
      vertex -97.3 -55.2124 3.5
      vertex -97.01 -54.9899 0
      vertex -97.3 -55.2124 0
    endloop
  endfacet
  facet normal 0.382827 0.92382 -0
    outer loop
      vertex -98.3624 -55.3523 0
      vertex -98.7 -55.2124 3.5
      vertex -98.3624 -55.3523 3.5
    endloop
  endfacet
  facet normal 0.382827 0.92382 0
    outer loop
      vertex -98.7 -55.2124 3.5
      vertex -98.3624 -55.3523 0
      vertex -98.7 -55.2124 0
    endloop
  endfacet
  facet normal 0.634376 0.773025 -0
    outer loop
      vertex -94.4645 57.5355 0
      vertex -95.2222 58.1573 3.5
      vertex -94.4645 57.5355 3.5
    endloop
  endfacet
  facet normal 0.634376 0.773025 0
    outer loop
      vertex -95.2222 58.1573 3.5
      vertex -94.4645 57.5355 0
      vertex -95.2222 58.1573 0
    endloop
  endfacet
  facet normal -0.956801 0.290743 0
    outer loop
      vertex -102.904 54.9755 0
      vertex -102.619 55.9134 3.5
      vertex -102.619 55.9134 0
    endloop
  endfacet
  facet normal -0.956801 0.290743 0
    outer loop
      vertex -102.619 55.9134 3.5
      vertex -102.904 54.9755 0
      vertex -102.904 54.9755 3.5
    endloop
  endfacet
  facet normal 0.995183 -0.098039 0
    outer loop
      vertex -93.0961 53.0245 3.5
      vertex -93 54 0
      vertex -93 54 3.5
    endloop
  endfacet
  facet normal 0.995183 -0.098039 0
    outer loop
      vertex -93 54 0
      vertex -93.0961 53.0245 3.5
      vertex -93.0961 53.0245 0
    endloop
  endfacet
  facet normal -0.290248 -0.956951 0
    outer loop
      vertex -99.9134 49.3806 0
      vertex -98.9754 49.0961 3.5
      vertex -99.9134 49.3806 3.5
    endloop
  endfacet
  facet normal -0.290248 -0.956951 -0
    outer loop
      vertex -98.9754 49.0961 3.5
      vertex -99.9134 49.3806 0
      vertex -98.9754 49.0961 0
    endloop
  endfacet
  facet normal 0.772984 0.634426 0
    outer loop
      vertex -93.8427 56.7779 3.5
      vertex -94.4645 57.5355 0
      vertex -94.4645 57.5355 3.5
    endloop
  endfacet
  facet normal 0.772984 0.634426 0
    outer loop
      vertex -94.4645 57.5355 0
      vertex -93.8427 56.7779 3.5
      vertex -93.8427 56.7779 0
    endloop
  endfacet
  facet normal -0.290248 0.956951 0
    outer loop
      vertex -98.9754 58.9039 0
      vertex -99.9134 58.6194 3.5
      vertex -98.9754 58.9039 3.5
    endloop
  endfacet
  facet normal -0.290248 0.956951 0
    outer loop
      vertex -99.9134 58.6194 3.5
      vertex -98.9754 58.9039 0
      vertex -99.9134 58.6194 0
    endloop
  endfacet
  facet normal -0.881957 0.471329 0
    outer loop
      vertex -102.619 55.9134 0
      vertex -102.157 56.7779 3.5
      vertex -102.157 56.7779 0
    endloop
  endfacet
  facet normal -0.881957 0.471329 0
    outer loop
      vertex -102.157 56.7779 3.5
      vertex -102.619 55.9134 0
      vertex -102.619 55.9134 3.5
    endloop
  endfacet
  facet normal 0.634376 -0.773025 0
    outer loop
      vertex -95.2222 49.8427 0
      vertex -94.4645 50.4645 3.5
      vertex -95.2222 49.8427 3.5
    endloop
  endfacet
  facet normal 0.634376 -0.773025 0
    outer loop
      vertex -94.4645 50.4645 3.5
      vertex -95.2222 49.8427 0
      vertex -94.4645 50.4645 0
    endloop
  endfacet
  facet normal 0.881915 0.471409 0
    outer loop
      vertex -93.3806 55.9134 3.5
      vertex -93.8427 56.7779 0
      vertex -93.8427 56.7779 3.5
    endloop
  endfacet
  facet normal 0.881915 0.471409 0
    outer loop
      vertex -93.8427 56.7779 0
      vertex -93.3806 55.9134 3.5
      vertex -93.3806 55.9134 0
    endloop
  endfacet
  facet normal 0.471451 0.881892 -0
    outer loop
      vertex -95.2222 58.1573 0
      vertex -96.0866 58.6194 3.5
      vertex -95.2222 58.1573 3.5
    endloop
  endfacet
  facet normal 0.471451 0.881892 0
    outer loop
      vertex -96.0866 58.6194 3.5
      vertex -95.2222 58.1573 0
      vertex -96.0866 58.6194 0
    endloop
  endfacet
  facet normal 0.098049 0.995182 -0
    outer loop
      vertex -97.0246 58.9039 0
      vertex -98 59 3.5
      vertex -97.0246 58.9039 3.5
    endloop
  endfacet
  facet normal 0.098049 0.995182 0
    outer loop
      vertex -98 59 3.5
      vertex -97.0246 58.9039 0
      vertex -98 59 0
    endloop
  endfacet
  facet normal -0.995193 0.097938 0
    outer loop
      vertex -103 54 0
      vertex -102.904 54.9755 3.5
      vertex -102.904 54.9755 0
    endloop
  endfacet
  facet normal -0.995193 0.097938 0
    outer loop
      vertex -102.904 54.9755 3.5
      vertex -103 54 0
      vertex -103 54 3.5
    endloop
  endfacet
  facet normal -0.773384 0.633938 0
    outer loop
      vertex -102.157 56.7779 0
      vertex -101.536 57.5355 3.5
      vertex -101.536 57.5355 0
    endloop
  endfacet
  facet normal -0.773384 0.633938 0
    outer loop
      vertex -101.536 57.5355 3.5
      vertex -102.157 56.7779 0
      vertex -102.157 56.7779 3.5
    endloop
  endfacet
  facet normal -0.471366 0.881938 0
    outer loop
      vertex -99.9134 58.6194 0
      vertex -100.778 58.1573 3.5
      vertex -99.9134 58.6194 3.5
    endloop
  endfacet
  facet normal -0.471366 0.881938 0
    outer loop
      vertex -100.778 58.1573 3.5
      vertex -99.9134 58.6194 0
      vertex -100.778 58.1573 0
    endloop
  endfacet
  facet normal -0.098049 0.995182 0
    outer loop
      vertex -98 59 0
      vertex -98.9754 58.9039 3.5
      vertex -98 59 3.5
    endloop
  endfacet
  facet normal -0.098049 0.995182 0
    outer loop
      vertex -98.9754 58.9039 3.5
      vertex -98 59 0
      vertex -98.9754 58.9039 0
    endloop
  endfacet
  facet normal -0.634226 0.773148 0
    outer loop
      vertex -100.778 58.1573 0
      vertex -101.536 57.5355 3.5
      vertex -100.778 58.1573 3.5
    endloop
  endfacet
  facet normal -0.634226 0.773148 0
    outer loop
      vertex -101.536 57.5355 3.5
      vertex -100.778 58.1573 0
      vertex -101.536 57.5355 0
    endloop
  endfacet
  facet normal 0.995183 0.098039 0
    outer loop
      vertex -93 54 3.5
      vertex -93.0961 54.9755 0
      vertex -93.0961 54.9755 3.5
    endloop
  endfacet
  facet normal 0.995183 0.098039 0
    outer loop
      vertex -93.0961 54.9755 0
      vertex -93 54 3.5
      vertex -93 54 0
    endloop
  endfacet
  facet normal 0.098049 -0.995182 0
    outer loop
      vertex -98 49 0
      vertex -97.0246 49.0961 3.5
      vertex -98 49 3.5
    endloop
  endfacet
  facet normal 0.098049 -0.995182 0
    outer loop
      vertex -97.0246 49.0961 3.5
      vertex -98 49 0
      vertex -97.0246 49.0961 0
    endloop
  endfacet
  facet normal 0.956943 -0.290276 0
    outer loop
      vertex -93.3806 52.0866 3.5
      vertex -93.0961 53.0245 0
      vertex -93.0961 53.0245 3.5
    endloop
  endfacet
  facet normal 0.956943 -0.290276 0
    outer loop
      vertex -93.0961 53.0245 0
      vertex -93.3806 52.0866 3.5
      vertex -93.3806 52.0866 0
    endloop
  endfacet
  facet normal 0.290248 -0.956951 0
    outer loop
      vertex -97.0246 49.0961 0
      vertex -96.0866 49.3806 3.5
      vertex -97.0246 49.0961 3.5
    endloop
  endfacet
  facet normal 0.290248 -0.956951 0
    outer loop
      vertex -96.0866 49.3806 3.5
      vertex -97.0246 49.0961 0
      vertex -96.0866 49.3806 0
    endloop
  endfacet
  facet normal 0.471451 -0.881892 0
    outer loop
      vertex -96.0866 49.3806 0
      vertex -95.2222 49.8427 3.5
      vertex -96.0866 49.3806 3.5
    endloop
  endfacet
  facet normal 0.471451 -0.881892 0
    outer loop
      vertex -95.2222 49.8427 3.5
      vertex -96.0866 49.3806 0
      vertex -95.2222 49.8427 0
    endloop
  endfacet
  facet normal -0.098049 -0.995182 0
    outer loop
      vertex -98.9754 49.0961 0
      vertex -98 49 3.5
      vertex -98.9754 49.0961 3.5
    endloop
  endfacet
  facet normal -0.098049 -0.995182 -0
    outer loop
      vertex -98 49 3.5
      vertex -98.9754 49.0961 0
      vertex -98 49 0
    endloop
  endfacet
  facet normal -0.634226 -0.773148 0
    outer loop
      vertex -101.536 50.4645 0
      vertex -100.778 49.8427 3.5
      vertex -101.536 50.4645 3.5
    endloop
  endfacet
  facet normal -0.634226 -0.773148 -0
    outer loop
      vertex -100.778 49.8427 3.5
      vertex -101.536 50.4645 0
      vertex -100.778 49.8427 0
    endloop
  endfacet
  facet normal -0.881957 -0.471329 0
    outer loop
      vertex -102.157 51.2221 0
      vertex -102.619 52.0866 3.5
      vertex -102.619 52.0866 0
    endloop
  endfacet
  facet normal -0.881957 -0.471329 0
    outer loop
      vertex -102.619 52.0866 3.5
      vertex -102.157 51.2221 0
      vertex -102.157 51.2221 3.5
    endloop
  endfacet
  facet normal -0.995193 -0.097938 0
    outer loop
      vertex -102.904 53.0245 0
      vertex -103 54 3.5
      vertex -103 54 0
    endloop
  endfacet
  facet normal -0.995193 -0.097938 0
    outer loop
      vertex -103 54 3.5
      vertex -102.904 53.0245 0
      vertex -102.904 53.0245 3.5
    endloop
  endfacet
  facet normal 0 0 -1
    outer loop
      vertex -96.6 54 0
      vertex -93 54 0
      vertex -93.0961 53.0245 0
    endloop
  endfacet
  facet normal 0 0 -1
    outer loop
      vertex -96.6477 53.6377 0
      vertex -93.0961 53.0245 0
      vertex -93.3806 52.0866 0
    endloop
  endfacet
  facet normal 0 0 -1
    outer loop
      vertex -93 54 0
      vertex -96.6 54 0
      vertex -93.0961 54.9755 0
    endloop
  endfacet
  facet normal 0 0 -1
    outer loop
      vertex -96.7876 53.3 0
      vertex -93.3806 52.0866 0
      vertex -93.8427 51.2221 0
    endloop
  endfacet
  facet normal 0 0 -1
    outer loop
      vertex -96.6477 54.3623 0
      vertex -93.0961 54.9755 0
      vertex -96.6 54 0
    endloop
  endfacet
  facet normal 0 0 -1
    outer loop
      vertex -97.01 53.0101 0
      vertex -93.8427 51.2221 0
      vertex -94.4645 50.4645 0
    endloop
  endfacet
  facet normal -0 0 -1
    outer loop
      vertex -93.0961 54.9755 0
      vertex -96.6477 54.3623 0
      vertex -93.3806 55.9134 0
    endloop
  endfacet
  facet normal 0 0 -1
    outer loop
      vertex -97.01 53.0101 0
      vertex -94.4645 50.4645 0
      vertex -95.2222 49.8427 0
    endloop
  endfacet
  facet normal 0 0 -1
    outer loop
      vertex -96.7876 54.7 0
      vertex -93.3806 55.9134 0
      vertex -96.6477 54.3623 0
    endloop
  endfacet
  facet normal 0 0 -1
    outer loop
      vertex -97.3 52.7876 0
      vertex -95.2222 49.8427 0
      vertex -96.0866 49.3806 0
    endloop
  endfacet
  facet normal -0 0 -1
    outer loop
      vertex -93.3806 55.9134 0
      vertex -96.7876 54.7 0
      vertex -93.8427 56.7779 0
    endloop
  endfacet
  facet normal 0 0 -1
    outer loop
      vertex -97.01 54.9899 0
      vertex -93.8427 56.7779 0
      vertex -96.7876 54.7 0
    endloop
  endfacet
  facet normal 0 0 -1
    outer loop
      vertex -93.0961 53.0245 0
      vertex -96.6477 53.6377 0
      vertex -96.6 54 0
    endloop
  endfacet
  facet normal 0 0 -1
    outer loop
      vertex -93.3806 52.0866 0
      vertex -96.7876 53.3 0
      vertex -96.6477 53.6377 0
    endloop
  endfacet
  facet normal 0 0 -1
    outer loop
      vertex -93.8427 51.2221 0
      vertex -97.01 53.0101 0
      vertex -96.7876 53.3 0
    endloop
  endfacet
  facet normal 0 0 -1
    outer loop
      vertex -97.6376 52.6477 0
      vertex -96.0866 49.3806 0
      vertex -97.0246 49.0961 0
    endloop
  endfacet
  facet normal 0 0 -1
    outer loop
      vertex -95.2222 49.8427 0
      vertex -97.3 52.7876 0
      vertex -97.01 53.0101 0
    endloop
  endfacet
  facet normal 0 0 -1
    outer loop
      vertex -96.0866 49.3806 0
      vertex -97.6376 52.6477 0
      vertex -97.3 52.7876 0
    endloop
  endfacet
  facet normal 0 0 -1
    outer loop
      vertex -98 52.6 0
      vertex -97.0246 49.0961 0
      vertex -98 49 0
    endloop
  endfacet
  facet normal 0 0 -1
    outer loop
      vertex -97.0246 49.0961 0
      vertex -98 52.6 0
      vertex -97.6376 52.6477 0
    endloop
  endfacet
  facet normal 0 0 -1
    outer loop
      vertex -98.9754 49.0961 0
      vertex -98 52.6 0
      vertex -98 49 0
    endloop
  endfacet
  facet normal -0 0 -1
    outer loop
      vertex -98 52.6 0
      vertex -98.9754 49.0961 0
      vertex -98.3624 52.6477 0
    endloop
  endfacet
  facet normal 0 0 -1
    outer loop
      vertex -99.9134 49.3806 0
      vertex -98.3624 52.6477 0
      vertex -98.9754 49.0961 0
    endloop
  endfacet
  facet normal -0 0 -1
    outer loop
      vertex -98.3624 52.6477 0
      vertex -99.9134 49.3806 0
      vertex -98.7 52.7876 0
    endloop
  endfacet
  facet normal 0 0 -1
    outer loop
      vertex -100.778 49.8427 0
      vertex -98.7 52.7876 0
      vertex -99.9134 49.3806 0
    endloop
  endfacet
  facet normal -0 0 -1
    outer loop
      vertex -98.7 52.7876 0
      vertex -100.778 49.8427 0
      vertex -98.99 53.0101 0
    endloop
  endfacet
  facet normal 0 0 -1
    outer loop
      vertex -101.536 50.4645 0
      vertex -98.99 53.0101 0
      vertex -100.778 49.8427 0
    endloop
  endfacet
  facet normal 0 0 -1
    outer loop
      vertex -102.157 51.2221 0
      vertex -98.99 53.0101 0
      vertex -101.536 50.4645 0
    endloop
  endfacet
  facet normal -0 0 -1
    outer loop
      vertex -93.8427 56.7779 0
      vertex -97.01 54.9899 0
      vertex -94.4645 57.5355 0
    endloop
  endfacet
  facet normal -0 0 -1
    outer loop
      vertex -94.4645 57.5355 0
      vertex -97.01 54.9899 0
      vertex -95.2222 58.1573 0
    endloop
  endfacet
  facet normal 0 0 -1
    outer loop
      vertex -97.3 55.2124 0
      vertex -95.2222 58.1573 0
      vertex -97.01 54.9899 0
    endloop
  endfacet
  facet normal -0 0 -1
    outer loop
      vertex -95.2222 58.1573 0
      vertex -97.3 55.2124 0
      vertex -96.0866 58.6194 0
    endloop
  endfacet
  facet normal 0 0 -1
    outer loop
      vertex -97.6376 55.3523 0
      vertex -96.0866 58.6194 0
      vertex -97.3 55.2124 0
    endloop
  endfacet
  facet normal -0 0 -1
    outer loop
      vertex -96.0866 58.6194 0
      vertex -97.6376 55.3523 0
      vertex -97.0246 58.9039 0
    endloop
  endfacet
  facet normal 0 0 -1
    outer loop
      vertex -98 55.4 0
      vertex -97.0246 58.9039 0
      vertex -97.6376 55.3523 0
    endloop
  endfacet
  facet normal 0 0 -1
    outer loop
      vertex -98 55.4 0
      vertex -98 59 0
      vertex -97.0246 58.9039 0
    endloop
  endfacet
  facet normal 0 0 -1
    outer loop
      vertex -98.9754 58.9039 0
      vertex -98 55.4 0
      vertex -98.3624 55.3523 0
    endloop
  endfacet
  facet normal 0 0 -1
    outer loop
      vertex -99.9134 58.6194 0
      vertex -98.3624 55.3523 0
      vertex -98.7 55.2124 0
    endloop
  endfacet
  facet normal 0 0 -1
    outer loop
      vertex -98 55.4 0
      vertex -98.9754 58.9039 0
      vertex -98 59 0
    endloop
  endfacet
  facet normal 0 0 -1
    outer loop
      vertex -100.778 58.1573 0
      vertex -98.7 55.2124 0
      vertex -98.99 54.9899 0
    endloop
  endfacet
  facet normal 0 0 -1
    outer loop
      vertex -102.157 56.7779 0
      vertex -98.99 54.9899 0
      vertex -99.2124 54.7 0
    endloop
  endfacet
  facet normal 0 0 -1
    outer loop
      vertex -102.619 55.9134 0
      vertex -99.2124 54.7 0
      vertex -99.3523 54.3623 0
    endloop
  endfacet
  facet normal 0 0 -1
    outer loop
      vertex -102.904 54.9755 0
      vertex -99.3523 54.3623 0
      vertex -99.4 54 0
    endloop
  endfacet
  facet normal -0 0 -1
    outer loop
      vertex -98.99 53.0101 0
      vertex -102.157 51.2221 0
      vertex -99.2124 53.3 0
    endloop
  endfacet
  facet normal 0 0 -1
    outer loop
      vertex -98.3624 55.3523 0
      vertex -99.9134 58.6194 0
      vertex -98.9754 58.9039 0
    endloop
  endfacet
  facet normal 0 0 -1
    outer loop
      vertex -102.619 52.0866 0
      vertex -99.2124 53.3 0
      vertex -102.157 51.2221 0
    endloop
  endfacet
  facet normal 0 0 -1
    outer loop
      vertex -98.7 55.2124 0
      vertex -100.778 58.1573 0
      vertex -99.9134 58.6194 0
    endloop
  endfacet
  facet normal -0 0 -1
    outer loop
      vertex -99.2124 53.3 0
      vertex -102.619 52.0866 0
      vertex -99.3523 53.6377 0
    endloop
  endfacet
  facet normal 0 0 -1
    outer loop
      vertex -98.99 54.9899 0
      vertex -101.536 57.5355 0
      vertex -100.778 58.1573 0
    endloop
  endfacet
  facet normal 0 0 -1
    outer loop
      vertex -102.904 53.0245 0
      vertex -99.3523 53.6377 0
      vertex -102.619 52.0866 0
    endloop
  endfacet
  facet normal 0 0 -1
    outer loop
      vertex -98.99 54.9899 0
      vertex -102.157 56.7779 0
      vertex -101.536 57.5355 0
    endloop
  endfacet
  facet normal -0 0 -1
    outer loop
      vertex -99.3523 53.6377 0
      vertex -102.904 53.0245 0
      vertex -99.4 54 0
    endloop
  endfacet
  facet normal 0 0 -1
    outer loop
      vertex -99.2124 54.7 0
      vertex -102.619 55.9134 0
      vertex -102.157 56.7779 0
    endloop
  endfacet
  facet normal 0 0 -1
    outer loop
      vertex -103 54 0
      vertex -99.4 54 0
      vertex -102.904 53.0245 0
    endloop
  endfacet
  facet normal 0 0 -1
    outer loop
      vertex -99.3523 54.3623 0
      vertex -102.904 54.9755 0
      vertex -102.619 55.9134 0
    endloop
  endfacet
  facet normal 0 0 -1
    outer loop
      vertex -99.4 54 0
      vertex -103 54 0
      vertex -102.904 54.9755 0
    endloop
  endfacet
  facet normal 0.956943 0.290276 0
    outer loop
      vertex -93.0961 54.9755 3.5
      vertex -93.3806 55.9134 0
      vertex -93.3806 55.9134 3.5
    endloop
  endfacet
  facet normal 0.956943 0.290276 0
    outer loop
      vertex -93.3806 55.9134 0
      vertex -93.0961 54.9755 3.5
      vertex -93.0961 54.9755 0
    endloop
  endfacet
  facet normal 0.290248 0.956951 -0
    outer loop
      vertex -96.0866 58.6194 0
      vertex -97.0246 58.9039 3.5
      vertex -96.0866 58.6194 3.5
    endloop
  endfacet
  facet normal 0.290248 0.956951 0
    outer loop
      vertex -97.0246 58.9039 3.5
      vertex -96.0866 58.6194 0
      vertex -97.0246 58.9039 0
    endloop
  endfacet
  facet normal 0.772984 -0.634426 0
    outer loop
      vertex -94.4645 50.4645 3.5
      vertex -93.8427 51.2221 0
      vertex -93.8427 51.2221 3.5
    endloop
  endfacet
  facet normal 0.772984 -0.634426 0
    outer loop
      vertex -93.8427 51.2221 0
      vertex -94.4645 50.4645 3.5
      vertex -94.4645 50.4645 0
    endloop
  endfacet
  facet normal 0.881915 -0.471409 0
    outer loop
      vertex -93.8427 51.2221 3.5
      vertex -93.3806 52.0866 0
      vertex -93.3806 52.0866 3.5
    endloop
  endfacet
  facet normal 0.881915 -0.471409 0
    outer loop
      vertex -93.3806 52.0866 0
      vertex -93.8427 51.2221 3.5
      vertex -93.8427 51.2221 0
    endloop
  endfacet
  facet normal -0.471366 -0.881938 0
    outer loop
      vertex -100.778 49.8427 0
      vertex -99.9134 49.3806 3.5
      vertex -100.778 49.8427 3.5
    endloop
  endfacet
  facet normal -0.471366 -0.881938 -0
    outer loop
      vertex -99.9134 49.3806 3.5
      vertex -100.778 49.8427 0
      vertex -99.9134 49.3806 0
    endloop
  endfacet
  facet normal -0.956801 -0.290743 0
    outer loop
      vertex -102.619 52.0866 0
      vertex -102.904 53.0245 3.5
      vertex -102.904 53.0245 0
    endloop
  endfacet
  facet normal -0.956801 -0.290743 0
    outer loop
      vertex -102.904 53.0245 3.5
      vertex -102.619 52.0866 0
      vertex -102.619 52.0866 3.5
    endloop
  endfacet
  facet normal -0.773384 -0.633938 0
    outer loop
      vertex -101.536 50.4645 0
      vertex -102.157 51.2221 3.5
      vertex -102.157 51.2221 0
    endloop
  endfacet
  facet normal -0.773384 -0.633938 0
    outer loop
      vertex -102.157 51.2221 3.5
      vertex -101.536 50.4645 0
      vertex -101.536 50.4645 3.5
    endloop
  endfacet
  facet normal -0.991444 -0.130532 0
    outer loop
      vertex -96.6 54 0
      vertex -96.6477 54.3623 3.5
      vertex -96.6477 54.3623 0
    endloop
  endfacet
  facet normal -0.991444 -0.130532 0
    outer loop
      vertex -96.6477 54.3623 3.5
      vertex -96.6 54 0
      vertex -96.6 54 3.5
    endloop
  endfacet
  facet normal 0.991444 -0.130532 0
    outer loop
      vertex -99.4 54 3.5
      vertex -99.3523 54.3623 0
      vertex -99.3523 54.3623 3.5
    endloop
  endfacet
  facet normal 0.991444 -0.130532 0
    outer loop
      vertex -99.3523 54.3623 0
      vertex -99.4 54 3.5
      vertex -99.4 54 0
    endloop
  endfacet
  facet normal 0.130497 -0.991449 0
    outer loop
      vertex -98.3624 55.3523 0
      vertex -98 55.4 3.5
      vertex -98.3624 55.3523 3.5
    endloop
  endfacet
  facet normal 0.130497 -0.991449 0
    outer loop
      vertex -98 55.4 3.5
      vertex -98.3624 55.3523 0
      vertex -98 55.4 0
    endloop
  endfacet
  facet normal -0.130497 0.991449 0
    outer loop
      vertex -97.6376 52.6477 0
      vertex -98 52.6 3.5
      vertex -97.6376 52.6477 3.5
    endloop
  endfacet
  facet normal -0.130497 0.991449 0
    outer loop
      vertex -98 52.6 3.5
      vertex -97.6376 52.6477 0
      vertex -98 52.6 0
    endloop
  endfacet
  facet normal -0.608719 -0.793386 0
    outer loop
      vertex -97.3 55.2124 0
      vertex -97.01 54.9899 3.5
      vertex -97.3 55.2124 3.5
    endloop
  endfacet
  facet normal -0.608719 -0.793386 -0
    outer loop
      vertex -97.01 54.9899 3.5
      vertex -97.3 55.2124 0
      vertex -97.01 54.9899 0
    endloop
  endfacet
  facet normal -0.382827 -0.92382 0
    outer loop
      vertex -97.6376 55.3523 0
      vertex -97.3 55.2124 3.5
      vertex -97.6376 55.3523 3.5
    endloop
  endfacet
  facet normal -0.382827 -0.92382 -0
    outer loop
      vertex -97.3 55.2124 3.5
      vertex -97.6376 55.3523 0
      vertex -97.3 55.2124 0
    endloop
  endfacet
  facet normal 0.608719 -0.793386 0
    outer loop
      vertex -98.99 54.9899 0
      vertex -98.7 55.2124 3.5
      vertex -98.99 54.9899 3.5
    endloop
  endfacet
  facet normal 0.608719 -0.793386 0
    outer loop
      vertex -98.7 55.2124 3.5
      vertex -98.99 54.9899 0
      vertex -98.7 55.2124 0
    endloop
  endfacet
  facet normal 0.382827 -0.92382 0
    outer loop
      vertex -98.7 55.2124 0
      vertex -98.3624 55.3523 3.5
      vertex -98.7 55.2124 3.5
    endloop
  endfacet
  facet normal 0.382827 -0.92382 0
    outer loop
      vertex -98.3624 55.3523 3.5
      vertex -98.7 55.2124 0
      vertex -98.3624 55.3523 0
    endloop
  endfacet
  facet normal -0.793417 -0.608679 0
    outer loop
      vertex -96.7876 54.7 0
      vertex -97.01 54.9899 3.5
      vertex -97.01 54.9899 0
    endloop
  endfacet
  facet normal -0.793417 -0.608679 0
    outer loop
      vertex -97.01 54.9899 3.5
      vertex -96.7876 54.7 0
      vertex -96.7876 54.7 3.5
    endloop
  endfacet
  facet normal -0.92386 -0.38273 0
    outer loop
      vertex -96.6477 54.3623 0
      vertex -96.7876 54.7 3.5
      vertex -96.7876 54.7 0
    endloop
  endfacet
  facet normal -0.92386 -0.38273 0
    outer loop
      vertex -96.7876 54.7 3.5
      vertex -96.6477 54.3623 0
      vertex -96.6477 54.3623 3.5
    endloop
  endfacet
  facet normal -0.130497 -0.991449 0
    outer loop
      vertex -98 55.4 0
      vertex -97.6376 55.3523 3.5
      vertex -98 55.4 3.5
    endloop
  endfacet
  facet normal -0.130497 -0.991449 -0
    outer loop
      vertex -97.6376 55.3523 3.5
      vertex -98 55.4 0
      vertex -97.6376 55.3523 0
    endloop
  endfacet
  facet normal 0.793417 -0.608679 0
    outer loop
      vertex -99.2124 54.7 3.5
      vertex -98.99 54.9899 0
      vertex -98.99 54.9899 3.5
    endloop
  endfacet
  facet normal 0.793417 -0.608679 0
    outer loop
      vertex -98.99 54.9899 0
      vertex -99.2124 54.7 3.5
      vertex -99.2124 54.7 0
    endloop
  endfacet
  facet normal 0.92386 -0.38273 0
    outer loop
      vertex -99.3523 54.3623 3.5
      vertex -99.2124 54.7 0
      vertex -99.2124 54.7 3.5
    endloop
  endfacet
  facet normal 0.92386 -0.38273 0
    outer loop
      vertex -99.2124 54.7 0
      vertex -99.3523 54.3623 3.5
      vertex -99.3523 54.3623 0
    endloop
  endfacet
  facet normal 0.991444 0.130532 0
    outer loop
      vertex -99.3523 53.6377 3.5
      vertex -99.4 54 0
      vertex -99.4 54 3.5
    endloop
  endfacet
  facet normal 0.991444 0.130532 0
    outer loop
      vertex -99.4 54 0
      vertex -99.3523 53.6377 3.5
      vertex -99.3523 53.6377 0
    endloop
  endfacet
  facet normal -0.793417 0.608679 0
    outer loop
      vertex -97.01 53.0101 0
      vertex -96.7876 53.3 3.5
      vertex -96.7876 53.3 0
    endloop
  endfacet
  facet normal -0.793417 0.608679 0
    outer loop
      vertex -96.7876 53.3 3.5
      vertex -97.01 53.0101 0
      vertex -97.01 53.0101 3.5
    endloop
  endfacet
  facet normal -0.92386 0.38273 0
    outer loop
      vertex -96.7876 53.3 0
      vertex -96.6477 53.6377 3.5
      vertex -96.6477 53.6377 0
    endloop
  endfacet
  facet normal -0.92386 0.38273 0
    outer loop
      vertex -96.6477 53.6377 3.5
      vertex -96.7876 53.3 0
      vertex -96.7876 53.3 3.5
    endloop
  endfacet
  facet normal 0.608719 0.793386 -0
    outer loop
      vertex -98.7 52.7876 0
      vertex -98.99 53.0101 3.5
      vertex -98.7 52.7876 3.5
    endloop
  endfacet
  facet normal 0.608719 0.793386 0
    outer loop
      vertex -98.99 53.0101 3.5
      vertex -98.7 52.7876 0
      vertex -98.99 53.0101 0
    endloop
  endfacet
  facet normal 0.92386 0.38273 0
    outer loop
      vertex -99.2124 53.3 3.5
      vertex -99.3523 53.6377 0
      vertex -99.3523 53.6377 3.5
    endloop
  endfacet
  facet normal 0.92386 0.38273 0
    outer loop
      vertex -99.3523 53.6377 0
      vertex -99.2124 53.3 3.5
      vertex -99.2124 53.3 0
    endloop
  endfacet
  facet normal 0.793417 0.608679 0
    outer loop
      vertex -98.99 53.0101 3.5
      vertex -99.2124 53.3 0
      vertex -99.2124 53.3 3.5
    endloop
  endfacet
  facet normal 0.793417 0.608679 0
    outer loop
      vertex -99.2124 53.3 0
      vertex -98.99 53.0101 3.5
      vertex -98.99 53.0101 0
    endloop
  endfacet
  facet normal -0.382827 0.92382 0
    outer loop
      vertex -97.3 52.7876 0
      vertex -97.6376 52.6477 3.5
      vertex -97.3 52.7876 3.5
    endloop
  endfacet
  facet normal -0.382827 0.92382 0
    outer loop
      vertex -97.6376 52.6477 3.5
      vertex -97.3 52.7876 0
      vertex -97.6376 52.6477 0
    endloop
  endfacet
  facet normal -0.991444 0.130532 0
    outer loop
      vertex -96.6477 53.6377 0
      vertex -96.6 54 3.5
      vertex -96.6 54 0
    endloop
  endfacet
  facet normal -0.991444 0.130532 0
    outer loop
      vertex -96.6 54 3.5
      vertex -96.6477 53.6377 0
      vertex -96.6477 53.6377 3.5
    endloop
  endfacet
  facet normal 0.130497 0.991449 -0
    outer loop
      vertex -98 52.6 0
      vertex -98.3624 52.6477 3.5
      vertex -98 52.6 3.5
    endloop
  endfacet
  facet normal 0.130497 0.991449 0
    outer loop
      vertex -98.3624 52.6477 3.5
      vertex -98 52.6 0
      vertex -98.3624 52.6477 0
    endloop
  endfacet
  facet normal -0.608719 0.793386 0
    outer loop
      vertex -97.01 53.0101 0
      vertex -97.3 52.7876 3.5
      vertex -97.01 53.0101 3.5
    endloop
  endfacet
  facet normal -0.608719 0.793386 0
    outer loop
      vertex -97.3 52.7876 3.5
      vertex -97.01 53.0101 0
      vertex -97.3 52.7876 0
    endloop
  endfacet
  facet normal 0.382827 0.92382 -0
    outer loop
      vertex -98.3624 52.6477 0
      vertex -98.7 52.7876 3.5
      vertex -98.3624 52.6477 3.5
    endloop
  endfacet
  facet normal 0.382827 0.92382 0
    outer loop
      vertex -98.7 52.7876 3.5
      vertex -98.3624 52.6477 0
      vertex -98.7 52.7876 0
    endloop
  endfacet
  facet normal 0.634226 0.773148 -0
    outer loop
      vertex 101.536 -50.4645 0
      vertex 100.778 -49.8427 3.5
      vertex 101.536 -50.4645 3.5
    endloop
  endfacet
  facet normal 0.634226 0.773148 0
    outer loop
      vertex 100.778 -49.8427 3.5
      vertex 101.536 -50.4645 0
      vertex 100.778 -49.8427 0
    endloop
  endfacet
  facet normal -0.956943 0.290276 0
    outer loop
      vertex 93.0961 -53.0245 0
      vertex 93.3806 -52.0866 3.5
      vertex 93.3806 -52.0866 0
    endloop
  endfacet
  facet normal -0.956943 0.290276 0
    outer loop
      vertex 93.3806 -52.0866 3.5
      vertex 93.0961 -53.0245 0
      vertex 93.0961 -53.0245 3.5
    endloop
  endfacet
  facet normal 0.995193 -0.097938 0
    outer loop
      vertex 102.904 -54.9755 3.5
      vertex 103 -54 0
      vertex 103 -54 3.5
    endloop
  endfacet
  facet normal 0.995193 -0.097938 0
    outer loop
      vertex 103 -54 0
      vertex 102.904 -54.9755 3.5
      vertex 102.904 -54.9755 0
    endloop
  endfacet
  facet normal -0.290248 -0.956951 0
    outer loop
      vertex 96.0866 -58.6194 0
      vertex 97.0246 -58.9039 3.5
      vertex 96.0866 -58.6194 3.5
    endloop
  endfacet
  facet normal -0.290248 -0.956951 -0
    outer loop
      vertex 97.0246 -58.9039 3.5
      vertex 96.0866 -58.6194 0
      vertex 97.0246 -58.9039 0
    endloop
  endfacet
  facet normal 0.773384 0.633938 0
    outer loop
      vertex 102.157 -51.2221 3.5
      vertex 101.536 -50.4645 0
      vertex 101.536 -50.4645 3.5
    endloop
  endfacet
  facet normal 0.773384 0.633938 0
    outer loop
      vertex 101.536 -50.4645 0
      vertex 102.157 -51.2221 3.5
      vertex 102.157 -51.2221 0
    endloop
  endfacet
  facet normal -0.290248 0.956951 0
    outer loop
      vertex 97.0246 -49.0961 0
      vertex 96.0866 -49.3806 3.5
      vertex 97.0246 -49.0961 3.5
    endloop
  endfacet
  facet normal -0.290248 0.956951 0
    outer loop
      vertex 96.0866 -49.3806 3.5
      vertex 97.0246 -49.0961 0
      vertex 96.0866 -49.3806 0
    endloop
  endfacet
  facet normal -0.881915 0.471409 0
    outer loop
      vertex 93.3806 -52.0866 0
      vertex 93.8427 -51.2221 3.5
      vertex 93.8427 -51.2221 0
    endloop
  endfacet
  facet normal -0.881915 0.471409 0
    outer loop
      vertex 93.8427 -51.2221 3.5
      vertex 93.3806 -52.0866 0
      vertex 93.3806 -52.0866 3.5
    endloop
  endfacet
  facet normal 0.634226 -0.773148 0
    outer loop
      vertex 100.778 -58.1573 0
      vertex 101.536 -57.5355 3.5
      vertex 100.778 -58.1573 3.5
    endloop
  endfacet
  facet normal 0.634226 -0.773148 0
    outer loop
      vertex 101.536 -57.5355 3.5
      vertex 100.778 -58.1573 0
      vertex 101.536 -57.5355 0
    endloop
  endfacet
  facet normal 0.881957 0.471329 0
    outer loop
      vertex 102.619 -52.0866 3.5
      vertex 102.157 -51.2221 0
      vertex 102.157 -51.2221 3.5
    endloop
  endfacet
  facet normal 0.881957 0.471329 0
    outer loop
      vertex 102.157 -51.2221 0
      vertex 102.619 -52.0866 3.5
      vertex 102.619 -52.0866 0
    endloop
  endfacet
  facet normal 0.471366 0.881938 -0
    outer loop
      vertex 100.778 -49.8427 0
      vertex 99.9134 -49.3806 3.5
      vertex 100.778 -49.8427 3.5
    endloop
  endfacet
  facet normal 0.471366 0.881938 0
    outer loop
      vertex 99.9134 -49.3806 3.5
      vertex 100.778 -49.8427 0
      vertex 99.9134 -49.3806 0
    endloop
  endfacet
  facet normal 0.098049 0.995182 -0
    outer loop
      vertex 98.9754 -49.0961 0
      vertex 98 -49 3.5
      vertex 98.9754 -49.0961 3.5
    endloop
  endfacet
  facet normal 0.098049 0.995182 0
    outer loop
      vertex 98 -49 3.5
      vertex 98.9754 -49.0961 0
      vertex 98 -49 0
    endloop
  endfacet
  facet normal -0.995183 0.098039 0
    outer loop
      vertex 93 -54 0
      vertex 93.0961 -53.0245 3.5
      vertex 93.0961 -53.0245 0
    endloop
  endfacet
  facet normal -0.995183 0.098039 0
    outer loop
      vertex 93.0961 -53.0245 3.5
      vertex 93 -54 0
      vertex 93 -54 3.5
    endloop
  endfacet
  facet normal -0.772984 0.634426 0
    outer loop
      vertex 93.8427 -51.2221 0
      vertex 94.4645 -50.4645 3.5
      vertex 94.4645 -50.4645 0
    endloop
  endfacet
  facet normal -0.772984 0.634426 0
    outer loop
      vertex 94.4645 -50.4645 3.5
      vertex 93.8427 -51.2221 0
      vertex 93.8427 -51.2221 3.5
    endloop
  endfacet
  facet normal -0.471451 0.881892 0
    outer loop
      vertex 96.0866 -49.3806 0
      vertex 95.2222 -49.8427 3.5
      vertex 96.0866 -49.3806 3.5
    endloop
  endfacet
  facet normal -0.471451 0.881892 0
    outer loop
      vertex 95.2222 -49.8427 3.5
      vertex 96.0866 -49.3806 0
      vertex 95.2222 -49.8427 0
    endloop
  endfacet
  facet normal -0.098049 0.995182 0
    outer loop
      vertex 98 -49 0
      vertex 97.0246 -49.0961 3.5
      vertex 98 -49 3.5
    endloop
  endfacet
  facet normal -0.098049 0.995182 0
    outer loop
      vertex 97.0246 -49.0961 3.5
      vertex 98 -49 0
      vertex 97.0246 -49.0961 0
    endloop
  endfacet
  facet normal -0.634376 0.773025 0
    outer loop
      vertex 95.2222 -49.8427 0
      vertex 94.4645 -50.4645 3.5
      vertex 95.2222 -49.8427 3.5
    endloop
  endfacet
  facet normal -0.634376 0.773025 0
    outer loop
      vertex 94.4645 -50.4645 3.5
      vertex 95.2222 -49.8427 0
      vertex 94.4645 -50.4645 0
    endloop
  endfacet
  facet normal 0.995193 0.097938 0
    outer loop
      vertex 103 -54 3.5
      vertex 102.904 -53.0245 0
      vertex 102.904 -53.0245 3.5
    endloop
  endfacet
  facet normal 0.995193 0.097938 0
    outer loop
      vertex 102.904 -53.0245 0
      vertex 103 -54 3.5
      vertex 103 -54 0
    endloop
  endfacet
  facet normal 0.098049 -0.995182 0
    outer loop
      vertex 98 -59 0
      vertex 98.9754 -58.9039 3.5
      vertex 98 -59 3.5
    endloop
  endfacet
  facet normal 0.098049 -0.995182 0
    outer loop
      vertex 98.9754 -58.9039 3.5
      vertex 98 -59 0
      vertex 98.9754 -58.9039 0
    endloop
  endfacet
  facet normal 0.956801 -0.290743 0
    outer loop
      vertex 102.619 -55.9134 3.5
      vertex 102.904 -54.9755 0
      vertex 102.904 -54.9755 3.5
    endloop
  endfacet
  facet normal 0.956801 -0.290743 0
    outer loop
      vertex 102.904 -54.9755 0
      vertex 102.619 -55.9134 3.5
      vertex 102.619 -55.9134 0
    endloop
  endfacet
  facet normal 0.290248 -0.956951 0
    outer loop
      vertex 98.9754 -58.9039 0
      vertex 99.9134 -58.6194 3.5
      vertex 98.9754 -58.9039 3.5
    endloop
  endfacet
  facet normal 0.290248 -0.956951 0
    outer loop
      vertex 99.9134 -58.6194 3.5
      vertex 98.9754 -58.9039 0
      vertex 99.9134 -58.6194 0
    endloop
  endfacet
  facet normal 0.471366 -0.881938 0
    outer loop
      vertex 99.9134 -58.6194 0
      vertex 100.778 -58.1573 3.5
      vertex 99.9134 -58.6194 3.5
    endloop
  endfacet
  facet normal 0.471366 -0.881938 0
    outer loop
      vertex 100.778 -58.1573 3.5
      vertex 99.9134 -58.6194 0
      vertex 100.778 -58.1573 0
    endloop
  endfacet
  facet normal -0.098049 -0.995182 0
    outer loop
      vertex 97.0246 -58.9039 0
      vertex 98 -59 3.5
      vertex 97.0246 -58.9039 3.5
    endloop
  endfacet
  facet normal -0.098049 -0.995182 -0
    outer loop
      vertex 98 -59 3.5
      vertex 97.0246 -58.9039 0
      vertex 98 -59 0
    endloop
  endfacet
  facet normal -0.634376 -0.773025 0
    outer loop
      vertex 94.4645 -57.5355 0
      vertex 95.2222 -58.1573 3.5
      vertex 94.4645 -57.5355 3.5
    endloop
  endfacet
  facet normal -0.634376 -0.773025 -0
    outer loop
      vertex 95.2222 -58.1573 3.5
      vertex 94.4645 -57.5355 0
      vertex 95.2222 -58.1573 0
    endloop
  endfacet
  facet normal -0.881915 -0.471409 0
    outer loop
      vertex 93.8427 -56.7779 0
      vertex 93.3806 -55.9134 3.5
      vertex 93.3806 -55.9134 0
    endloop
  endfacet
  facet normal -0.881915 -0.471409 0
    outer loop
      vertex 93.3806 -55.9134 3.5
      vertex 93.8427 -56.7779 0
      vertex 93.8427 -56.7779 3.5
    endloop
  endfacet
  facet normal -0.995183 -0.098039 0
    outer loop
      vertex 93.0961 -54.9755 0
      vertex 93 -54 3.5
      vertex 93 -54 0
    endloop
  endfacet
  facet normal -0.995183 -0.098039 0
    outer loop
      vertex 93 -54 3.5
      vertex 93.0961 -54.9755 0
      vertex 93.0961 -54.9755 3.5
    endloop
  endfacet
  facet normal 0 0 -1
    outer loop
      vertex 99.4 -54 0
      vertex 103 -54 0
      vertex 102.904 -54.9755 0
    endloop
  endfacet
  facet normal 0 0 -1
    outer loop
      vertex 99.3523 -54.3623 0
      vertex 102.904 -54.9755 0
      vertex 102.619 -55.9134 0
    endloop
  endfacet
  facet normal 0 0 -1
    outer loop
      vertex 103 -54 0
      vertex 99.4 -54 0
      vertex 102.904 -53.0245 0
    endloop
  endfacet
  facet normal 0 0 -1
    outer loop
      vertex 99.2124 -54.7 0
      vertex 102.619 -55.9134 0
      vertex 102.157 -56.7779 0
    endloop
  endfacet
  facet normal 0 0 -1
    outer loop
      vertex 99.3523 -53.6377 0
      vertex 102.904 -53.0245 0
      vertex 99.4 -54 0
    endloop
  endfacet
  facet normal 0 0 -1
    outer loop
      vertex 98.99 -54.9899 0
      vertex 102.157 -56.7779 0
      vertex 101.536 -57.5355 0
    endloop
  endfacet
  facet normal -0 0 -1
    outer loop
      vertex 102.904 -53.0245 0
      vertex 99.3523 -53.6377 0
      vertex 102.619 -52.0866 0
    endloop
  endfacet
  facet normal 0 0 -1
    outer loop
      vertex 98.99 -54.9899 0
      vertex 101.536 -57.5355 0
      vertex 100.778 -58.1573 0
    endloop
  endfacet
  facet normal 0 0 -1
    outer loop
      vertex 99.2124 -53.3 0
      vertex 102.619 -52.0866 0
      vertex 99.3523 -53.6377 0
    endloop
  endfacet
  facet normal 0 0 -1
    outer loop
      vertex 98.7 -55.2124 0
      vertex 100.778 -58.1573 0
      vertex 99.9134 -58.6194 0
    endloop
  endfacet
  facet normal -0 0 -1
    outer loop
      vertex 102.619 -52.0866 0
      vertex 99.2124 -53.3 0
      vertex 102.157 -51.2221 0
    endloop
  endfacet
  facet normal 0 0 -1
    outer loop
      vertex 98.99 -53.0101 0
      vertex 102.157 -51.2221 0
      vertex 99.2124 -53.3 0
    endloop
  endfacet
  facet normal 0 0 -1
    outer loop
      vertex 102.904 -54.9755 0
      vertex 99.3523 -54.3623 0
      vertex 99.4 -54 0
    endloop
  endfacet
  facet normal 0 0 -1
    outer loop
      vertex 102.619 -55.9134 0
      vertex 99.2124 -54.7 0
      vertex 99.3523 -54.3623 0
    endloop
  endfacet
  facet normal 0 0 -1
    outer loop
      vertex 102.157 -56.7779 0
      vertex 98.99 -54.9899 0
      vertex 99.2124 -54.7 0
    endloop
  endfacet
  facet normal 0 0 -1
    outer loop
      vertex 98.3624 -55.3523 0
      vertex 99.9134 -58.6194 0
      vertex 98.9754 -58.9039 0
    endloop
  endfacet
  facet normal 0 0 -1
    outer loop
      vertex 100.778 -58.1573 0
      vertex 98.7 -55.2124 0
      vertex 98.99 -54.9899 0
    endloop
  endfacet
  facet normal 0 0 -1
    outer loop
      vertex 99.9134 -58.6194 0
      vertex 98.3624 -55.3523 0
      vertex 98.7 -55.2124 0
    endloop
  endfacet
  facet normal 0 0 -1
    outer loop
      vertex 98 -55.4 0
      vertex 98.9754 -58.9039 0
      vertex 98 -59 0
    endloop
  endfacet
  facet normal 0 0 -1
    outer loop
      vertex 98.9754 -58.9039 0
      vertex 98 -55.4 0
      vertex 98.3624 -55.3523 0
    endloop
  endfacet
  facet normal 0 0 -1
    outer loop
      vertex 97.0246 -58.9039 0
      vertex 98 -55.4 0
      vertex 98 -59 0
    endloop
  endfacet
  facet normal -0 0 -1
    outer loop
      vertex 98 -55.4 0
      vertex 97.0246 -58.9039 0
      vertex 97.6376 -55.3523 0
    endloop
  endfacet
  facet normal 0 0 -1
    outer loop
      vertex 96.0866 -58.6194 0
      vertex 97.6376 -55.3523 0
      vertex 97.0246 -58.9039 0
    endloop
  endfacet
  facet normal -0 0 -1
    outer loop
      vertex 97.6376 -55.3523 0
      vertex 96.0866 -58.6194 0
      vertex 97.3 -55.2124 0
    endloop
  endfacet
  facet normal 0 0 -1
    outer loop
      vertex 95.2222 -58.1573 0
      vertex 97.3 -55.2124 0
      vertex 96.0866 -58.6194 0
    endloop
  endfacet
  facet normal -0 0 -1
    outer loop
      vertex 97.3 -55.2124 0
      vertex 95.2222 -58.1573 0
      vertex 97.01 -54.9899 0
    endloop
  endfacet
  facet normal 0 0 -1
    outer loop
      vertex 94.4645 -57.5355 0
      vertex 97.01 -54.9899 0
      vertex 95.2222 -58.1573 0
    endloop
  endfacet
  facet normal 0 0 -1
    outer loop
      vertex 93.8427 -56.7779 0
      vertex 97.01 -54.9899 0
      vertex 94.4645 -57.5355 0
    endloop
  endfacet
  facet normal -0 0 -1
    outer loop
      vertex 102.157 -51.2221 0
      vertex 98.99 -53.0101 0
      vertex 101.536 -50.4645 0
    endloop
  endfacet
  facet normal -0 0 -1
    outer loop
      vertex 101.536 -50.4645 0
      vertex 98.99 -53.0101 0
      vertex 100.778 -49.8427 0
    endloop
  endfacet
  facet normal 0 0 -1
    outer loop
      vertex 98.7 -52.7876 0
      vertex 100.778 -49.8427 0
      vertex 98.99 -53.0101 0
    endloop
  endfacet
  facet normal -0 0 -1
    outer loop
      vertex 100.778 -49.8427 0
      vertex 98.7 -52.7876 0
      vertex 99.9134 -49.3806 0
    endloop
  endfacet
  facet normal 0 0 -1
    outer loop
      vertex 98.3624 -52.6477 0
      vertex 99.9134 -49.3806 0
      vertex 98.7 -52.7876 0
    endloop
  endfacet
  facet normal -0 0 -1
    outer loop
      vertex 99.9134 -49.3806 0
      vertex 98.3624 -52.6477 0
      vertex 98.9754 -49.0961 0
    endloop
  endfacet
  facet normal 0 0 -1
    outer loop
      vertex 98 -52.6 0
      vertex 98.9754 -49.0961 0
      vertex 98.3624 -52.6477 0
    endloop
  endfacet
  facet normal 0 0 -1
    outer loop
      vertex 98 -52.6 0
      vertex 98 -49 0
      vertex 98.9754 -49.0961 0
    endloop
  endfacet
  facet normal 0 0 -1
    outer loop
      vertex 97.0246 -49.0961 0
      vertex 98 -52.6 0
      vertex 97.6376 -52.6477 0
    endloop
  endfacet
  facet normal 0 0 -1
    outer loop
      vertex 96.0866 -49.3806 0
      vertex 97.6376 -52.6477 0
      vertex 97.3 -52.7876 0
    endloop
  endfacet
  facet normal 0 0 -1
    outer loop
      vertex 98 -52.6 0
      vertex 97.0246 -49.0961 0
      vertex 98 -49 0
    endloop
  endfacet
  facet normal 0 0 -1
    outer loop
      vertex 95.2222 -49.8427 0
      vertex 97.3 -52.7876 0
      vertex 97.01 -53.0101 0
    endloop
  endfacet
  facet normal 0 0 -1
    outer loop
      vertex 93.8427 -51.2221 0
      vertex 97.01 -53.0101 0
      vertex 96.7876 -53.3 0
    endloop
  endfacet
  facet normal 0 0 -1
    outer loop
      vertex 93.3806 -52.0866 0
      vertex 96.7876 -53.3 0
      vertex 96.6477 -53.6377 0
    endloop
  endfacet
  facet normal 0 0 -1
    outer loop
      vertex 93.0961 -53.0245 0
      vertex 96.6477 -53.6377 0
      vertex 96.6 -54 0
    endloop
  endfacet
  facet normal -0 0 -1
    outer loop
      vertex 97.01 -54.9899 0
      vertex 93.8427 -56.7779 0
      vertex 96.7876 -54.7 0
    endloop
  endfacet
  facet normal 0 0 -1
    outer loop
      vertex 97.6376 -52.6477 0
      vertex 96.0866 -49.3806 0
      vertex 97.0246 -49.0961 0
    endloop
  endfacet
  facet normal 0 0 -1
    outer loop
      vertex 93.3806 -55.9134 0
      vertex 96.7876 -54.7 0
      vertex 93.8427 -56.7779 0
    endloop
  endfacet
  facet normal 0 0 -1
    outer loop
      vertex 97.3 -52.7876 0
      vertex 95.2222 -49.8427 0
      vertex 96.0866 -49.3806 0
    endloop
  endfacet
  facet normal -0 0 -1
    outer loop
      vertex 96.7876 -54.7 0
      vertex 93.3806 -55.9134 0
      vertex 96.6477 -54.3623 0
    endloop
  endfacet
  facet normal 0 0 -1
    outer loop
      vertex 97.01 -53.0101 0
      vertex 94.4645 -50.4645 0
      vertex 95.2222 -49.8427 0
    endloop
  endfacet
  facet normal 0 0 -1
    outer loop
      vertex 93.0961 -54.9755 0
      vertex 96.6477 -54.3623 0
      vertex 93.3806 -55.9134 0
    endloop
  endfacet
  facet normal 0 0 -1
    outer loop
      vertex 97.01 -53.0101 0
      vertex 93.8427 -51.2221 0
      vertex 94.4645 -50.4645 0
    endloop
  endfacet
  facet normal -0 0 -1
    outer loop
      vertex 96.6477 -54.3623 0
      vertex 93.0961 -54.9755 0
      vertex 96.6 -54 0
    endloop
  endfacet
  facet normal 0 0 -1
    outer loop
      vertex 96.7876 -53.3 0
      vertex 93.3806 -52.0866 0
      vertex 93.8427 -51.2221 0
    endloop
  endfacet
  facet normal 0 0 -1
    outer loop
      vertex 93 -54 0
      vertex 96.6 -54 0
      vertex 93.0961 -54.9755 0
    endloop
  endfacet
  facet normal 0 0 -1
    outer loop
      vertex 96.6477 -53.6377 0
      vertex 93.0961 -53.0245 0
      vertex 93.3806 -52.0866 0
    endloop
  endfacet
  facet normal 0 0 -1
    outer loop
      vertex 96.6 -54 0
      vertex 93 -54 0
      vertex 93.0961 -53.0245 0
    endloop
  endfacet
  facet normal 0.956801 0.290743 0
    outer loop
      vertex 102.904 -53.0245 3.5
      vertex 102.619 -52.0866 0
      vertex 102.619 -52.0866 3.5
    endloop
  endfacet
  facet normal 0.956801 0.290743 0
    outer loop
      vertex 102.619 -52.0866 0
      vertex 102.904 -53.0245 3.5
      vertex 102.904 -53.0245 0
    endloop
  endfacet
  facet normal 0.290248 0.956951 -0
    outer loop
      vertex 99.9134 -49.3806 0
      vertex 98.9754 -49.0961 3.5
      vertex 99.9134 -49.3806 3.5
    endloop
  endfacet
  facet normal 0.290248 0.956951 0
    outer loop
      vertex 98.9754 -49.0961 3.5
      vertex 99.9134 -49.3806 0
      vertex 98.9754 -49.0961 0
    endloop
  endfacet
  facet normal 0.773384 -0.633938 0
    outer loop
      vertex 101.536 -57.5355 3.5
      vertex 102.157 -56.7779 0
      vertex 102.157 -56.7779 3.5
    endloop
  endfacet
  facet normal 0.773384 -0.633938 0
    outer loop
      vertex 102.157 -56.7779 0
      vertex 101.536 -57.5355 3.5
      vertex 101.536 -57.5355 0
    endloop
  endfacet
  facet normal 0.881957 -0.471329 0
    outer loop
      vertex 102.157 -56.7779 3.5
      vertex 102.619 -55.9134 0
      vertex 102.619 -55.9134 3.5
    endloop
  endfacet
  facet normal 0.881957 -0.471329 0
    outer loop
      vertex 102.619 -55.9134 0
      vertex 102.157 -56.7779 3.5
      vertex 102.157 -56.7779 0
    endloop
  endfacet
  facet normal -0.471451 -0.881892 0
    outer loop
      vertex 95.2222 -58.1573 0
      vertex 96.0866 -58.6194 3.5
      vertex 95.2222 -58.1573 3.5
    endloop
  endfacet
  facet normal -0.471451 -0.881892 -0
    outer loop
      vertex 96.0866 -58.6194 3.5
      vertex 95.2222 -58.1573 0
      vertex 96.0866 -58.6194 0
    endloop
  endfacet
  facet normal -0.956943 -0.290276 0
    outer loop
      vertex 93.3806 -55.9134 0
      vertex 93.0961 -54.9755 3.5
      vertex 93.0961 -54.9755 0
    endloop
  endfacet
  facet normal -0.956943 -0.290276 0
    outer loop
      vertex 93.0961 -54.9755 3.5
      vertex 93.3806 -55.9134 0
      vertex 93.3806 -55.9134 3.5
    endloop
  endfacet
  facet normal -0.772984 -0.634426 0
    outer loop
      vertex 94.4645 -57.5355 0
      vertex 93.8427 -56.7779 3.5
      vertex 93.8427 -56.7779 0
    endloop
  endfacet
  facet normal -0.772984 -0.634426 0
    outer loop
      vertex 93.8427 -56.7779 3.5
      vertex 94.4645 -57.5355 0
      vertex 94.4645 -57.5355 3.5
    endloop
  endfacet
  facet normal -0.991444 -0.130532 0
    outer loop
      vertex 99.4 -54 0
      vertex 99.3523 -53.6377 3.5
      vertex 99.3523 -53.6377 0
    endloop
  endfacet
  facet normal -0.991444 -0.130532 0
    outer loop
      vertex 99.3523 -53.6377 3.5
      vertex 99.4 -54 0
      vertex 99.4 -54 3.5
    endloop
  endfacet
  facet normal 0.991444 -0.130532 0
    outer loop
      vertex 96.6 -54 3.5
      vertex 96.6477 -53.6377 0
      vertex 96.6477 -53.6377 3.5
    endloop
  endfacet
  facet normal 0.991444 -0.130532 0
    outer loop
      vertex 96.6477 -53.6377 0
      vertex 96.6 -54 3.5
      vertex 96.6 -54 0
    endloop
  endfacet
  facet normal 0.130497 -0.991449 0
    outer loop
      vertex 97.6376 -52.6477 0
      vertex 98 -52.6 3.5
      vertex 97.6376 -52.6477 3.5
    endloop
  endfacet
  facet normal 0.130497 -0.991449 0
    outer loop
      vertex 98 -52.6 3.5
      vertex 97.6376 -52.6477 0
      vertex 98 -52.6 0
    endloop
  endfacet
  facet normal -0.130497 0.991449 0
    outer loop
      vertex 98.3624 -55.3523 0
      vertex 98 -55.4 3.5
      vertex 98.3624 -55.3523 3.5
    endloop
  endfacet
  facet normal -0.130497 0.991449 0
    outer loop
      vertex 98 -55.4 3.5
      vertex 98.3624 -55.3523 0
      vertex 98 -55.4 0
    endloop
  endfacet
  facet normal -0.608719 -0.793386 0
    outer loop
      vertex 98.7 -52.7876 0
      vertex 98.99 -53.0101 3.5
      vertex 98.7 -52.7876 3.5
    endloop
  endfacet
  facet normal -0.608719 -0.793386 -0
    outer loop
      vertex 98.99 -53.0101 3.5
      vertex 98.7 -52.7876 0
      vertex 98.99 -53.0101 0
    endloop
  endfacet
  facet normal -0.382827 -0.92382 0
    outer loop
      vertex 98.3624 -52.6477 0
      vertex 98.7 -52.7876 3.5
      vertex 98.3624 -52.6477 3.5
    endloop
  endfacet
  facet normal -0.382827 -0.92382 -0
    outer loop
      vertex 98.7 -52.7876 3.5
      vertex 98.3624 -52.6477 0
      vertex 98.7 -52.7876 0
    endloop
  endfacet
  facet normal 0.608719 -0.793386 0
    outer loop
      vertex 97.01 -53.0101 0
      vertex 97.3 -52.7876 3.5
      vertex 97.01 -53.0101 3.5
    endloop
  endfacet
  facet normal 0.608719 -0.793386 0
    outer loop
      vertex 97.3 -52.7876 3.5
      vertex 97.01 -53.0101 0
      vertex 97.3 -52.7876 0
    endloop
  endfacet
  facet normal 0.382827 -0.92382 0
    outer loop
      vertex 97.3 -52.7876 0
      vertex 97.6376 -52.6477 3.5
      vertex 97.3 -52.7876 3.5
    endloop
  endfacet
  facet normal 0.382827 -0.92382 0
    outer loop
      vertex 97.6376 -52.6477 3.5
      vertex 97.3 -52.7876 0
      vertex 97.6376 -52.6477 0
    endloop
  endfacet
  facet normal -0.793417 -0.608679 0
    outer loop
      vertex 99.2124 -53.3 0
      vertex 98.99 -53.0101 3.5
      vertex 98.99 -53.0101 0
    endloop
  endfacet
  facet normal -0.793417 -0.608679 0
    outer loop
      vertex 98.99 -53.0101 3.5
      vertex 99.2124 -53.3 0
      vertex 99.2124 -53.3 3.5
    endloop
  endfacet
  facet normal -0.92386 -0.38273 0
    outer loop
      vertex 99.3523 -53.6377 0
      vertex 99.2124 -53.3 3.5
      vertex 99.2124 -53.3 0
    endloop
  endfacet
  facet normal -0.92386 -0.38273 0
    outer loop
      vertex 99.2124 -53.3 3.5
      vertex 99.3523 -53.6377 0
      vertex 99.3523 -53.6377 3.5
    endloop
  endfacet
  facet normal -0.130497 -0.991449 0
    outer loop
      vertex 98 -52.6 0
      vertex 98.3624 -52.6477 3.5
      vertex 98 -52.6 3.5
    endloop
  endfacet
  facet normal -0.130497 -0.991449 -0
    outer loop
      vertex 98.3624 -52.6477 3.5
      vertex 98 -52.6 0
      vertex 98.3624 -52.6477 0
    endloop
  endfacet
  facet normal 0.793417 -0.608679 0
    outer loop
      vertex 96.7876 -53.3 3.5
      vertex 97.01 -53.0101 0
      vertex 97.01 -53.0101 3.5
    endloop
  endfacet
  facet normal 0.793417 -0.608679 0
    outer loop
      vertex 97.01 -53.0101 0
      vertex 96.7876 -53.3 3.5
      vertex 96.7876 -53.3 0
    endloop
  endfacet
  facet normal 0.92386 -0.38273 0
    outer loop
      vertex 96.6477 -53.6377 3.5
      vertex 96.7876 -53.3 0
      vertex 96.7876 -53.3 3.5
    endloop
  endfacet
  facet normal 0.92386 -0.38273 0
    outer loop
      vertex 96.7876 -53.3 0
      vertex 96.6477 -53.6377 3.5
      vertex 96.6477 -53.6377 0
    endloop
  endfacet
  facet normal 0.991444 0.130532 0
    outer loop
      vertex 96.6477 -54.3623 3.5
      vertex 96.6 -54 0
      vertex 96.6 -54 3.5
    endloop
  endfacet
  facet normal 0.991444 0.130532 0
    outer loop
      vertex 96.6 -54 0
      vertex 96.6477 -54.3623 3.5
      vertex 96.6477 -54.3623 0
    endloop
  endfacet
  facet normal -0.793417 0.608679 0
    outer loop
      vertex 98.99 -54.9899 0
      vertex 99.2124 -54.7 3.5
      vertex 99.2124 -54.7 0
    endloop
  endfacet
  facet normal -0.793417 0.608679 0
    outer loop
      vertex 99.2124 -54.7 3.5
      vertex 98.99 -54.9899 0
      vertex 98.99 -54.9899 3.5
    endloop
  endfacet
  facet normal -0.92386 0.38273 0
    outer loop
      vertex 99.2124 -54.7 0
      vertex 99.3523 -54.3623 3.5
      vertex 99.3523 -54.3623 0
    endloop
  endfacet
  facet normal -0.92386 0.38273 0
    outer loop
      vertex 99.3523 -54.3623 3.5
      vertex 99.2124 -54.7 0
      vertex 99.2124 -54.7 3.5
    endloop
  endfacet
  facet normal 0.608719 0.793386 -0
    outer loop
      vertex 97.3 -55.2124 0
      vertex 97.01 -54.9899 3.5
      vertex 97.3 -55.2124 3.5
    endloop
  endfacet
  facet normal 0.608719 0.793386 0
    outer loop
      vertex 97.01 -54.9899 3.5
      vertex 97.3 -55.2124 0
      vertex 97.01 -54.9899 0
    endloop
  endfacet
  facet normal 0.92386 0.38273 0
    outer loop
      vertex 96.7876 -54.7 3.5
      vertex 96.6477 -54.3623 0
      vertex 96.6477 -54.3623 3.5
    endloop
  endfacet
  facet normal 0.92386 0.38273 0
    outer loop
      vertex 96.6477 -54.3623 0
      vertex 96.7876 -54.7 3.5
      vertex 96.7876 -54.7 0
    endloop
  endfacet
  facet normal 0.793417 0.608679 0
    outer loop
      vertex 97.01 -54.9899 3.5
      vertex 96.7876 -54.7 0
      vertex 96.7876 -54.7 3.5
    endloop
  endfacet
  facet normal 0.793417 0.608679 0
    outer loop
      vertex 96.7876 -54.7 0
      vertex 97.01 -54.9899 3.5
      vertex 97.01 -54.9899 0
    endloop
  endfacet
  facet normal -0.382827 0.92382 0
    outer loop
      vertex 98.7 -55.2124 0
      vertex 98.3624 -55.3523 3.5
      vertex 98.7 -55.2124 3.5
    endloop
  endfacet
  facet normal -0.382827 0.92382 0
    outer loop
      vertex 98.3624 -55.3523 3.5
      vertex 98.7 -55.2124 0
      vertex 98.3624 -55.3523 0
    endloop
  endfacet
  facet normal -0.991444 0.130532 0
    outer loop
      vertex 99.3523 -54.3623 0
      vertex 99.4 -54 3.5
      vertex 99.4 -54 0
    endloop
  endfacet
  facet normal -0.991444 0.130532 0
    outer loop
      vertex 99.4 -54 3.5
      vertex 99.3523 -54.3623 0
      vertex 99.3523 -54.3623 3.5
    endloop
  endfacet
  facet normal 0.130497 0.991449 -0
    outer loop
      vertex 98 -55.4 0
      vertex 97.6376 -55.3523 3.5
      vertex 98 -55.4 3.5
    endloop
  endfacet
  facet normal 0.130497 0.991449 0
    outer loop
      vertex 97.6376 -55.3523 3.5
      vertex 98 -55.4 0
      vertex 97.6376 -55.3523 0
    endloop
  endfacet
  facet normal -0.608719 0.793386 0
    outer loop
      vertex 98.99 -54.9899 0
      vertex 98.7 -55.2124 3.5
      vertex 98.99 -54.9899 3.5
    endloop
  endfacet
  facet normal -0.608719 0.793386 0
    outer loop
      vertex 98.7 -55.2124 3.5
      vertex 98.99 -54.9899 0
      vertex 98.7 -55.2124 0
    endloop
  endfacet
  facet normal 0.382827 0.92382 -0
    outer loop
      vertex 97.6376 -55.3523 0
      vertex 97.3 -55.2124 3.5
      vertex 97.6376 -55.3523 3.5
    endloop
  endfacet
  facet normal 0.382827 0.92382 0
    outer loop
      vertex 97.3 -55.2124 3.5
      vertex 97.6376 -55.3523 0
      vertex 97.3 -55.2124 0
    endloop
  endfacet
  facet normal 0.634226 0.773148 -0
    outer loop
      vertex 101.536 57.5355 0
      vertex 100.778 58.1573 3.5
      vertex 101.536 57.5355 3.5
    endloop
  endfacet
  facet normal 0.634226 0.773148 0
    outer loop
      vertex 100.778 58.1573 3.5
      vertex 101.536 57.5355 0
      vertex 100.778 58.1573 0
    endloop
  endfacet
  facet normal -0.956943 0.290276 0
    outer loop
      vertex 93.0961 54.9755 0
      vertex 93.3806 55.9134 3.5
      vertex 93.3806 55.9134 0
    endloop
  endfacet
  facet normal -0.956943 0.290276 0
    outer loop
      vertex 93.3806 55.9134 3.5
      vertex 93.0961 54.9755 0
      vertex 93.0961 54.9755 3.5
    endloop
  endfacet
  facet normal 0.995193 -0.097938 0
    outer loop
      vertex 102.904 53.0245 3.5
      vertex 103 54 0
      vertex 103 54 3.5
    endloop
  endfacet
  facet normal 0.995193 -0.097938 0
    outer loop
      vertex 103 54 0
      vertex 102.904 53.0245 3.5
      vertex 102.904 53.0245 0
    endloop
  endfacet
  facet normal -0.290248 -0.956951 0
    outer loop
      vertex 96.0866 49.3806 0
      vertex 97.0246 49.0961 3.5
      vertex 96.0866 49.3806 3.5
    endloop
  endfacet
  facet normal -0.290248 -0.956951 -0
    outer loop
      vertex 97.0246 49.0961 3.5
      vertex 96.0866 49.3806 0
      vertex 97.0246 49.0961 0
    endloop
  endfacet
  facet normal 0.773384 0.633938 0
    outer loop
      vertex 102.157 56.7779 3.5
      vertex 101.536 57.5355 0
      vertex 101.536 57.5355 3.5
    endloop
  endfacet
  facet normal 0.773384 0.633938 0
    outer loop
      vertex 101.536 57.5355 0
      vertex 102.157 56.7779 3.5
      vertex 102.157 56.7779 0
    endloop
  endfacet
  facet normal -0.290248 0.956951 0
    outer loop
      vertex 97.0246 58.9039 0
      vertex 96.0866 58.6194 3.5
      vertex 97.0246 58.9039 3.5
    endloop
  endfacet
  facet normal -0.290248 0.956951 0
    outer loop
      vertex 96.0866 58.6194 3.5
      vertex 97.0246 58.9039 0
      vertex 96.0866 58.6194 0
    endloop
  endfacet
  facet normal -0.881915 0.471409 0
    outer loop
      vertex 93.3806 55.9134 0
      vertex 93.8427 56.7779 3.5
      vertex 93.8427 56.7779 0
    endloop
  endfacet
  facet normal -0.881915 0.471409 0
    outer loop
      vertex 93.8427 56.7779 3.5
      vertex 93.3806 55.9134 0
      vertex 93.3806 55.9134 3.5
    endloop
  endfacet
  facet normal 0.634226 -0.773148 0
    outer loop
      vertex 100.778 49.8427 0
      vertex 101.536 50.4645 3.5
      vertex 100.778 49.8427 3.5
    endloop
  endfacet
  facet normal 0.634226 -0.773148 0
    outer loop
      vertex 101.536 50.4645 3.5
      vertex 100.778 49.8427 0
      vertex 101.536 50.4645 0
    endloop
  endfacet
  facet normal 0.881957 0.471329 0
    outer loop
      vertex 102.619 55.9134 3.5
      vertex 102.157 56.7779 0
      vertex 102.157 56.7779 3.5
    endloop
  endfacet
  facet normal 0.881957 0.471329 0
    outer loop
      vertex 102.157 56.7779 0
      vertex 102.619 55.9134 3.5
      vertex 102.619 55.9134 0
    endloop
  endfacet
  facet normal 0.471366 0.881938 -0
    outer loop
      vertex 100.778 58.1573 0
      vertex 99.9134 58.6194 3.5
      vertex 100.778 58.1573 3.5
    endloop
  endfacet
  facet normal 0.471366 0.881938 0
    outer loop
      vertex 99.9134 58.6194 3.5
      vertex 100.778 58.1573 0
      vertex 99.9134 58.6194 0
    endloop
  endfacet
  facet normal 0.098049 0.995182 -0
    outer loop
      vertex 98.9754 58.9039 0
      vertex 98 59 3.5
      vertex 98.9754 58.9039 3.5
    endloop
  endfacet
  facet normal 0.098049 0.995182 0
    outer loop
      vertex 98 59 3.5
      vertex 98.9754 58.9039 0
      vertex 98 59 0
    endloop
  endfacet
  facet normal -0.995183 0.098039 0
    outer loop
      vertex 93 54 0
      vertex 93.0961 54.9755 3.5
      vertex 93.0961 54.9755 0
    endloop
  endfacet
  facet normal -0.995183 0.098039 0
    outer loop
      vertex 93.0961 54.9755 3.5
      vertex 93 54 0
      vertex 93 54 3.5
    endloop
  endfacet
  facet normal -0.772984 0.634426 0
    outer loop
      vertex 93.8427 56.7779 0
      vertex 94.4645 57.5355 3.5
      vertex 94.4645 57.5355 0
    endloop
  endfacet
  facet normal -0.772984 0.634426 0
    outer loop
      vertex 94.4645 57.5355 3.5
      vertex 93.8427 56.7779 0
      vertex 93.8427 56.7779 3.5
    endloop
  endfacet
  facet normal -0.471451 0.881892 0
    outer loop
      vertex 96.0866 58.6194 0
      vertex 95.2222 58.1573 3.5
      vertex 96.0866 58.6194 3.5
    endloop
  endfacet
  facet normal -0.471451 0.881892 0
    outer loop
      vertex 95.2222 58.1573 3.5
      vertex 96.0866 58.6194 0
      vertex 95.2222 58.1573 0
    endloop
  endfacet
  facet normal -0.098049 0.995182 0
    outer loop
      vertex 98 59 0
      vertex 97.0246 58.9039 3.5
      vertex 98 59 3.5
    endloop
  endfacet
  facet normal -0.098049 0.995182 0
    outer loop
      vertex 97.0246 58.9039 3.5
      vertex 98 59 0
      vertex 97.0246 58.9039 0
    endloop
  endfacet
  facet normal -0.634376 0.773025 0
    outer loop
      vertex 95.2222 58.1573 0
      vertex 94.4645 57.5355 3.5
      vertex 95.2222 58.1573 3.5
    endloop
  endfacet
  facet normal -0.634376 0.773025 0
    outer loop
      vertex 94.4645 57.5355 3.5
      vertex 95.2222 58.1573 0
      vertex 94.4645 57.5355 0
    endloop
  endfacet
  facet normal 0.995193 0.097938 0
    outer loop
      vertex 103 54 3.5
      vertex 102.904 54.9755 0
      vertex 102.904 54.9755 3.5
    endloop
  endfacet
  facet normal 0.995193 0.097938 0
    outer loop
      vertex 102.904 54.9755 0
      vertex 103 54 3.5
      vertex 103 54 0
    endloop
  endfacet
  facet normal 0.098049 -0.995182 0
    outer loop
      vertex 98 49 0
      vertex 98.9754 49.0961 3.5
      vertex 98 49 3.5
    endloop
  endfacet
  facet normal 0.098049 -0.995182 0
    outer loop
      vertex 98.9754 49.0961 3.5
      vertex 98 49 0
      vertex 98.9754 49.0961 0
    endloop
  endfacet
  facet normal 0.956801 -0.290743 0
    outer loop
      vertex 102.619 52.0866 3.5
      vertex 102.904 53.0245 0
      vertex 102.904 53.0245 3.5
    endloop
  endfacet
  facet normal 0.956801 -0.290743 0
    outer loop
      vertex 102.904 53.0245 0
      vertex 102.619 52.0866 3.5
      vertex 102.619 52.0866 0
    endloop
  endfacet
  facet normal 0.290248 -0.956951 0
    outer loop
      vertex 98.9754 49.0961 0
      vertex 99.9134 49.3806 3.5
      vertex 98.9754 49.0961 3.5
    endloop
  endfacet
  facet normal 0.290248 -0.956951 0
    outer loop
      vertex 99.9134 49.3806 3.5
      vertex 98.9754 49.0961 0
      vertex 99.9134 49.3806 0
    endloop
  endfacet
  facet normal 0.471366 -0.881938 0
    outer loop
      vertex 99.9134 49.3806 0
      vertex 100.778 49.8427 3.5
      vertex 99.9134 49.3806 3.5
    endloop
  endfacet
  facet normal 0.471366 -0.881938 0
    outer loop
      vertex 100.778 49.8427 3.5
      vertex 99.9134 49.3806 0
      vertex 100.778 49.8427 0
    endloop
  endfacet
  facet normal -0.098049 -0.995182 0
    outer loop
      vertex 97.0246 49.0961 0
      vertex 98 49 3.5
      vertex 97.0246 49.0961 3.5
    endloop
  endfacet
  facet normal -0.098049 -0.995182 -0
    outer loop
      vertex 98 49 3.5
      vertex 97.0246 49.0961 0
      vertex 98 49 0
    endloop
  endfacet
  facet normal -0.634376 -0.773025 0
    outer loop
      vertex 94.4645 50.4645 0
      vertex 95.2222 49.8427 3.5
      vertex 94.4645 50.4645 3.5
    endloop
  endfacet
  facet normal -0.634376 -0.773025 -0
    outer loop
      vertex 95.2222 49.8427 3.5
      vertex 94.4645 50.4645 0
      vertex 95.2222 49.8427 0
    endloop
  endfacet
  facet normal -0.881915 -0.471409 0
    outer loop
      vertex 93.8427 51.2221 0
      vertex 93.3806 52.0866 3.5
      vertex 93.3806 52.0866 0
    endloop
  endfacet
  facet normal -0.881915 -0.471409 0
    outer loop
      vertex 93.3806 52.0866 3.5
      vertex 93.8427 51.2221 0
      vertex 93.8427 51.2221 3.5
    endloop
  endfacet
  facet normal -0.995183 -0.098039 0
    outer loop
      vertex 93.0961 53.0245 0
      vertex 93 54 3.5
      vertex 93 54 0
    endloop
  endfacet
  facet normal -0.995183 -0.098039 0
    outer loop
      vertex 93 54 3.5
      vertex 93.0961 53.0245 0
      vertex 93.0961 53.0245 3.5
    endloop
  endfacet
  facet normal 0 0 -1
    outer loop
      vertex 99.4 54 0
      vertex 103 54 0
      vertex 102.904 53.0245 0
    endloop
  endfacet
  facet normal 0 0 -1
    outer loop
      vertex 99.3523 53.6377 0
      vertex 102.904 53.0245 0
      vertex 102.619 52.0866 0
    endloop
  endfacet
  facet normal 0 0 -1
    outer loop
      vertex 103 54 0
      vertex 99.4 54 0
      vertex 102.904 54.9755 0
    endloop
  endfacet
  facet normal 0 0 -1
    outer loop
      vertex 99.2124 53.3 0
      vertex 102.619 52.0866 0
      vertex 102.157 51.2221 0
    endloop
  endfacet
  facet normal 0 0 -1
    outer loop
      vertex 99.3523 54.3623 0
      vertex 102.904 54.9755 0
      vertex 99.4 54 0
    endloop
  endfacet
  facet normal 0 0 -1
    outer loop
      vertex 98.99 53.0101 0
      vertex 102.157 51.2221 0
      vertex 101.536 50.4645 0
    endloop
  endfacet
  facet normal -0 0 -1
    outer loop
      vertex 102.904 54.9755 0
      vertex 99.3523 54.3623 0
      vertex 102.619 55.9134 0
    endloop
  endfacet
  facet normal 0 0 -1
    outer loop
      vertex 98.99 53.0101 0
      vertex 101.536 50.4645 0
      vertex 100.778 49.8427 0
    endloop
  endfacet
  facet normal 0 0 -1
    outer loop
      vertex 99.2124 54.7 0
      vertex 102.619 55.9134 0
      vertex 99.3523 54.3623 0
    endloop
  endfacet
  facet normal 0 0 -1
    outer loop
      vertex 98.7 52.7876 0
      vertex 100.778 49.8427 0
      vertex 99.9134 49.3806 0
    endloop
  endfacet
  facet normal -0 0 -1
    outer loop
      vertex 102.619 55.9134 0
      vertex 99.2124 54.7 0
      vertex 102.157 56.7779 0
    endloop
  endfacet
  facet normal 0 0 -1
    outer loop
      vertex 98.99 54.9899 0
      vertex 102.157 56.7779 0
      vertex 99.2124 54.7 0
    endloop
  endfacet
  facet normal 0 0 -1
    outer loop
      vertex 102.904 53.0245 0
      vertex 99.3523 53.6377 0
      vertex 99.4 54 0
    endloop
  endfacet
  facet normal 0 0 -1
    outer loop
      vertex 102.619 52.0866 0
      vertex 99.2124 53.3 0
      vertex 99.3523 53.6377 0
    endloop
  endfacet
  facet normal 0 0 -1
    outer loop
      vertex 102.157 51.2221 0
      vertex 98.99 53.0101 0
      vertex 99.2124 53.3 0
    endloop
  endfacet
  facet normal 0 0 -1
    outer loop
      vertex 98.3624 52.6477 0
      vertex 99.9134 49.3806 0
      vertex 98.9754 49.0961 0
    endloop
  endfacet
  facet normal 0 0 -1
    outer loop
      vertex 100.778 49.8427 0
      vertex 98.7 52.7876 0
      vertex 98.99 53.0101 0
    endloop
  endfacet
  facet normal 0 0 -1
    outer loop
      vertex 99.9134 49.3806 0
      vertex 98.3624 52.6477 0
      vertex 98.7 52.7876 0
    endloop
  endfacet
  facet normal 0 0 -1
    outer loop
      vertex 98 52.6 0
      vertex 98.9754 49.0961 0
      vertex 98 49 0
    endloop
  endfacet
  facet normal 0 0 -1
    outer loop
      vertex 98.9754 49.0961 0
      vertex 98 52.6 0
      vertex 98.3624 52.6477 0
    endloop
  endfacet
  facet normal 0 0 -1
    outer loop
      vertex 97.0246 49.0961 0
      vertex 98 52.6 0
      vertex 98 49 0
    endloop
  endfacet
  facet normal -0 0 -1
    outer loop
      vertex 98 52.6 0
      vertex 97.0246 49.0961 0
      vertex 97.6376 52.6477 0
    endloop
  endfacet
  facet normal 0 0 -1
    outer loop
      vertex 96.0866 49.3806 0
      vertex 97.6376 52.6477 0
      vertex 97.0246 49.0961 0
    endloop
  endfacet
  facet normal -0 0 -1
    outer loop
      vertex 97.6376 52.6477 0
      vertex 96.0866 49.3806 0
      vertex 97.3 52.7876 0
    endloop
  endfacet
  facet normal 0 0 -1
    outer loop
      vertex 95.2222 49.8427 0
      vertex 97.3 52.7876 0
      vertex 96.0866 49.3806 0
    endloop
  endfacet
  facet normal -0 0 -1
    outer loop
      vertex 97.3 52.7876 0
      vertex 95.2222 49.8427 0
      vertex 97.01 53.0101 0
    endloop
  endfacet
  facet normal 0 0 -1
    outer loop
      vertex 94.4645 50.4645 0
      vertex 97.01 53.0101 0
      vertex 95.2222 49.8427 0
    endloop
  endfacet
  facet normal 0 0 -1
    outer loop
      vertex 93.8427 51.2221 0
      vertex 97.01 53.0101 0
      vertex 94.4645 50.4645 0
    endloop
  endfacet
  facet normal -0 0 -1
    outer loop
      vertex 102.157 56.7779 0
      vertex 98.99 54.9899 0
      vertex 101.536 57.5355 0
    endloop
  endfacet
  facet normal -0 0 -1
    outer loop
      vertex 101.536 57.5355 0
      vertex 98.99 54.9899 0
      vertex 100.778 58.1573 0
    endloop
  endfacet
  facet normal 0 0 -1
    outer loop
      vertex 98.7 55.2124 0
      vertex 100.778 58.1573 0
      vertex 98.99 54.9899 0
    endloop
  endfacet
  facet normal -0 0 -1
    outer loop
      vertex 100.778 58.1573 0
      vertex 98.7 55.2124 0
      vertex 99.9134 58.6194 0
    endloop
  endfacet
  facet normal 0 0 -1
    outer loop
      vertex 98.3624 55.3523 0
      vertex 99.9134 58.6194 0
      vertex 98.7 55.2124 0
    endloop
  endfacet
  facet normal -0 0 -1
    outer loop
      vertex 99.9134 58.6194 0
      vertex 98.3624 55.3523 0
      vertex 98.9754 58.9039 0
    endloop
  endfacet
  facet normal 0 0 -1
    outer loop
      vertex 98 55.4 0
      vertex 98.9754 58.9039 0
      vertex 98.3624 55.3523 0
    endloop
  endfacet
  facet normal 0 0 -1
    outer loop
      vertex 98 55.4 0
      vertex 98 59 0
      vertex 98.9754 58.9039 0
    endloop
  endfacet
  facet normal 0 0 -1
    outer loop
      vertex 97.0246 58.9039 0
      vertex 98 55.4 0
      vertex 97.6376 55.3523 0
    endloop
  endfacet
  facet normal 0 0 -1
    outer loop
      vertex 96.0866 58.6194 0
      vertex 97.6376 55.3523 0
      vertex 97.3 55.2124 0
    endloop
  endfacet
  facet normal 0 0 -1
    outer loop
      vertex 98 55.4 0
      vertex 97.0246 58.9039 0
      vertex 98 59 0
    endloop
  endfacet
  facet normal 0 0 -1
    outer loop
      vertex 95.2222 58.1573 0
      vertex 97.3 55.2124 0
      vertex 97.01 54.9899 0
    endloop
  endfacet
  facet normal 0 0 -1
    outer loop
      vertex 93.8427 56.7779 0
      vertex 97.01 54.9899 0
      vertex 96.7876 54.7 0
    endloop
  endfacet
  facet normal 0 0 -1
    outer loop
      vertex 93.3806 55.9134 0
      vertex 96.7876 54.7 0
      vertex 96.6477 54.3623 0
    endloop
  endfacet
  facet normal 0 0 -1
    outer loop
      vertex 93.0961 54.9755 0
      vertex 96.6477 54.3623 0
      vertex 96.6 54 0
    endloop
  endfacet
  facet normal -0 0 -1
    outer loop
      vertex 97.01 53.0101 0
      vertex 93.8427 51.2221 0
      vertex 96.7876 53.3 0
    endloop
  endfacet
  facet normal 0 0 -1
    outer loop
      vertex 97.6376 55.3523 0
      vertex 96.0866 58.6194 0
      vertex 97.0246 58.9039 0
    endloop
  endfacet
  facet normal 0 0 -1
    outer loop
      vertex 93.3806 52.0866 0
      vertex 96.7876 53.3 0
      vertex 93.8427 51.2221 0
    endloop
  endfacet
  facet normal 0 0 -1
    outer loop
      vertex 97.3 55.2124 0
      vertex 95.2222 58.1573 0
      vertex 96.0866 58.6194 0
    endloop
  endfacet
  facet normal -0 0 -1
    outer loop
      vertex 96.7876 53.3 0
      vertex 93.3806 52.0866 0
      vertex 96.6477 53.6377 0
    endloop
  endfacet
  facet normal 0 0 -1
    outer loop
      vertex 97.01 54.9899 0
      vertex 94.4645 57.5355 0
      vertex 95.2222 58.1573 0
    endloop
  endfacet
  facet normal 0 0 -1
    outer loop
      vertex 93.0961 53.0245 0
      vertex 96.6477 53.6377 0
      vertex 93.3806 52.0866 0
    endloop
  endfacet
  facet normal 0 0 -1
    outer loop
      vertex 97.01 54.9899 0
      vertex 93.8427 56.7779 0
      vertex 94.4645 57.5355 0
    endloop
  endfacet
  facet normal -0 0 -1
    outer loop
      vertex 96.6477 53.6377 0
      vertex 93.0961 53.0245 0
      vertex 96.6 54 0
    endloop
  endfacet
  facet normal 0 0 -1
    outer loop
      vertex 96.7876 54.7 0
      vertex 93.3806 55.9134 0
      vertex 93.8427 56.7779 0
    endloop
  endfacet
  facet normal 0 0 -1
    outer loop
      vertex 93 54 0
      vertex 96.6 54 0
      vertex 93.0961 53.0245 0
    endloop
  endfacet
  facet normal 0 0 -1
    outer loop
      vertex 96.6477 54.3623 0
      vertex 93.0961 54.9755 0
      vertex 93.3806 55.9134 0
    endloop
  endfacet
  facet normal 0 0 -1
    outer loop
      vertex 96.6 54 0
      vertex 93 54 0
      vertex 93.0961 54.9755 0
    endloop
  endfacet
  facet normal 0.956801 0.290743 0
    outer loop
      vertex 102.904 54.9755 3.5
      vertex 102.619 55.9134 0
      vertex 102.619 55.9134 3.5
    endloop
  endfacet
  facet normal 0.956801 0.290743 0
    outer loop
      vertex 102.619 55.9134 0
      vertex 102.904 54.9755 3.5
      vertex 102.904 54.9755 0
    endloop
  endfacet
  facet normal 0.290248 0.956951 -0
    outer loop
      vertex 99.9134 58.6194 0
      vertex 98.9754 58.9039 3.5
      vertex 99.9134 58.6194 3.5
    endloop
  endfacet
  facet normal 0.290248 0.956951 0
    outer loop
      vertex 98.9754 58.9039 3.5
      vertex 99.9134 58.6194 0
      vertex 98.9754 58.9039 0
    endloop
  endfacet
  facet normal 0.773384 -0.633938 0
    outer loop
      vertex 101.536 50.4645 3.5
      vertex 102.157 51.2221 0
      vertex 102.157 51.2221 3.5
    endloop
  endfacet
  facet normal 0.773384 -0.633938 0
    outer loop
      vertex 102.157 51.2221 0
      vertex 101.536 50.4645 3.5
      vertex 101.536 50.4645 0
    endloop
  endfacet
  facet normal 0.881957 -0.471329 0
    outer loop
      vertex 102.157 51.2221 3.5
      vertex 102.619 52.0866 0
      vertex 102.619 52.0866 3.5
    endloop
  endfacet
  facet normal 0.881957 -0.471329 0
    outer loop
      vertex 102.619 52.0866 0
      vertex 102.157 51.2221 3.5
      vertex 102.157 51.2221 0
    endloop
  endfacet
  facet normal -0.471451 -0.881892 0
    outer loop
      vertex 95.2222 49.8427 0
      vertex 96.0866 49.3806 3.5
      vertex 95.2222 49.8427 3.5
    endloop
  endfacet
  facet normal -0.471451 -0.881892 -0
    outer loop
      vertex 96.0866 49.3806 3.5
      vertex 95.2222 49.8427 0
      vertex 96.0866 49.3806 0
    endloop
  endfacet
  facet normal -0.956943 -0.290276 0
    outer loop
      vertex 93.3806 52.0866 0
      vertex 93.0961 53.0245 3.5
      vertex 93.0961 53.0245 0
    endloop
  endfacet
  facet normal -0.956943 -0.290276 0
    outer loop
      vertex 93.0961 53.0245 3.5
      vertex 93.3806 52.0866 0
      vertex 93.3806 52.0866 3.5
    endloop
  endfacet
  facet normal -0.772984 -0.634426 0
    outer loop
      vertex 94.4645 50.4645 0
      vertex 93.8427 51.2221 3.5
      vertex 93.8427 51.2221 0
    endloop
  endfacet
  facet normal -0.772984 -0.634426 0
    outer loop
      vertex 93.8427 51.2221 3.5
      vertex 94.4645 50.4645 0
      vertex 94.4645 50.4645 3.5
    endloop
  endfacet
  facet normal -0.991444 -0.130532 0
    outer loop
      vertex 99.4 54 0
      vertex 99.3523 54.3623 3.5
      vertex 99.3523 54.3623 0
    endloop
  endfacet
  facet normal -0.991444 -0.130532 0
    outer loop
      vertex 99.3523 54.3623 3.5
      vertex 99.4 54 0
      vertex 99.4 54 3.5
    endloop
  endfacet
  facet normal 0.991444 -0.130532 0
    outer loop
      vertex 96.6 54 3.5
      vertex 96.6477 54.3623 0
      vertex 96.6477 54.3623 3.5
    endloop
  endfacet
  facet normal 0.991444 -0.130532 0
    outer loop
      vertex 96.6477 54.3623 0
      vertex 96.6 54 3.5
      vertex 96.6 54 0
    endloop
  endfacet
  facet normal 0.130497 -0.991449 0
    outer loop
      vertex 97.6376 55.3523 0
      vertex 98 55.4 3.5
      vertex 97.6376 55.3523 3.5
    endloop
  endfacet
  facet normal 0.130497 -0.991449 0
    outer loop
      vertex 98 55.4 3.5
      vertex 97.6376 55.3523 0
      vertex 98 55.4 0
    endloop
  endfacet
  facet normal -0.130497 0.991449 0
    outer loop
      vertex 98.3624 52.6477 0
      vertex 98 52.6 3.5
      vertex 98.3624 52.6477 3.5
    endloop
  endfacet
  facet normal -0.130497 0.991449 0
    outer loop
      vertex 98 52.6 3.5
      vertex 98.3624 52.6477 0
      vertex 98 52.6 0
    endloop
  endfacet
  facet normal -0.608719 -0.793386 0
    outer loop
      vertex 98.7 55.2124 0
      vertex 98.99 54.9899 3.5
      vertex 98.7 55.2124 3.5
    endloop
  endfacet
  facet normal -0.608719 -0.793386 -0
    outer loop
      vertex 98.99 54.9899 3.5
      vertex 98.7 55.2124 0
      vertex 98.99 54.9899 0
    endloop
  endfacet
  facet normal -0.382827 -0.92382 0
    outer loop
      vertex 98.3624 55.3523 0
      vertex 98.7 55.2124 3.5
      vertex 98.3624 55.3523 3.5
    endloop
  endfacet
  facet normal -0.382827 -0.92382 -0
    outer loop
      vertex 98.7 55.2124 3.5
      vertex 98.3624 55.3523 0
      vertex 98.7 55.2124 0
    endloop
  endfacet
  facet normal 0.608719 -0.793386 0
    outer loop
      vertex 97.01 54.9899 0
      vertex 97.3 55.2124 3.5
      vertex 97.01 54.9899 3.5
    endloop
  endfacet
  facet normal 0.608719 -0.793386 0
    outer loop
      vertex 97.3 55.2124 3.5
      vertex 97.01 54.9899 0
      vertex 97.3 55.2124 0
    endloop
  endfacet
  facet normal 0.382827 -0.92382 0
    outer loop
      vertex 97.3 55.2124 0
      vertex 97.6376 55.3523 3.5
      vertex 97.3 55.2124 3.5
    endloop
  endfacet
  facet normal 0.382827 -0.92382 0
    outer loop
      vertex 97.6376 55.3523 3.5
      vertex 97.3 55.2124 0
      vertex 97.6376 55.3523 0
    endloop
  endfacet
  facet normal -0.793417 -0.608679 0
    outer loop
      vertex 99.2124 54.7 0
      vertex 98.99 54.9899 3.5
      vertex 98.99 54.9899 0
    endloop
  endfacet
  facet normal -0.793417 -0.608679 0
    outer loop
      vertex 98.99 54.9899 3.5
      vertex 99.2124 54.7 0
      vertex 99.2124 54.7 3.5
    endloop
  endfacet
  facet normal -0.92386 -0.38273 0
    outer loop
      vertex 99.3523 54.3623 0
      vertex 99.2124 54.7 3.5
      vertex 99.2124 54.7 0
    endloop
  endfacet
  facet normal -0.92386 -0.38273 0
    outer loop
      vertex 99.2124 54.7 3.5
      vertex 99.3523 54.3623 0
      vertex 99.3523 54.3623 3.5
    endloop
  endfacet
  facet normal -0.130497 -0.991449 0
    outer loop
      vertex 98 55.4 0
      vertex 98.3624 55.3523 3.5
      vertex 98 55.4 3.5
    endloop
  endfacet
  facet normal -0.130497 -0.991449 -0
    outer loop
      vertex 98.3624 55.3523 3.5
      vertex 98 55.4 0
      vertex 98.3624 55.3523 0
    endloop
  endfacet
  facet normal 0.793417 -0.608679 0
    outer loop
      vertex 96.7876 54.7 3.5
      vertex 97.01 54.9899 0
      vertex 97.01 54.9899 3.5
    endloop
  endfacet
  facet normal 0.793417 -0.608679 0
    outer loop
      vertex 97.01 54.9899 0
      vertex 96.7876 54.7 3.5
      vertex 96.7876 54.7 0
    endloop
  endfacet
  facet normal 0.92386 -0.38273 0
    outer loop
      vertex 96.6477 54.3623 3.5
      vertex 96.7876 54.7 0
      vertex 96.7876 54.7 3.5
    endloop
  endfacet
  facet normal 0.92386 -0.38273 0
    outer loop
      vertex 96.7876 54.7 0
      vertex 96.6477 54.3623 3.5
      vertex 96.6477 54.3623 0
    endloop
  endfacet
  facet normal 0.991444 0.130532 0
    outer loop
      vertex 96.6477 53.6377 3.5
      vertex 96.6 54 0
      vertex 96.6 54 3.5
    endloop
  endfacet
  facet normal 0.991444 0.130532 0
    outer loop
      vertex 96.6 54 0
      vertex 96.6477 53.6377 3.5
      vertex 96.6477 53.6377 0
    endloop
  endfacet
  facet normal -0.793417 0.608679 0
    outer loop
      vertex 98.99 53.0101 0
      vertex 99.2124 53.3 3.5
      vertex 99.2124 53.3 0
    endloop
  endfacet
  facet normal -0.793417 0.608679 0
    outer loop
      vertex 99.2124 53.3 3.5
      vertex 98.99 53.0101 0
      vertex 98.99 53.0101 3.5
    endloop
  endfacet
  facet normal -0.92386 0.38273 0
    outer loop
      vertex 99.2124 53.3 0
      vertex 99.3523 53.6377 3.5
      vertex 99.3523 53.6377 0
    endloop
  endfacet
  facet normal -0.92386 0.38273 0
    outer loop
      vertex 99.3523 53.6377 3.5
      vertex 99.2124 53.3 0
      vertex 99.2124 53.3 3.5
    endloop
  endfacet
  facet normal 0.608719 0.793386 -0
    outer loop
      vertex 97.3 52.7876 0
      vertex 97.01 53.0101 3.5
      vertex 97.3 52.7876 3.5
    endloop
  endfacet
  facet normal 0.608719 0.793386 0
    outer loop
      vertex 97.01 53.0101 3.5
      vertex 97.3 52.7876 0
      vertex 97.01 53.0101 0
    endloop
  endfacet
  facet normal 0.92386 0.38273 0
    outer loop
      vertex 96.7876 53.3 3.5
      vertex 96.6477 53.6377 0
      vertex 96.6477 53.6377 3.5
    endloop
  endfacet
  facet normal 0.92386 0.38273 0
    outer loop
      vertex 96.6477 53.6377 0
      vertex 96.7876 53.3 3.5
      vertex 96.7876 53.3 0
    endloop
  endfacet
  facet normal 0.793417 0.608679 0
    outer loop
      vertex 97.01 53.0101 3.5
      vertex 96.7876 53.3 0
      vertex 96.7876 53.3 3.5
    endloop
  endfacet
  facet normal 0.793417 0.608679 0
    outer loop
      vertex 96.7876 53.3 0
      vertex 97.01 53.0101 3.5
      vertex 97.01 53.0101 0
    endloop
  endfacet
  facet normal -0.382827 0.92382 0
    outer loop
      vertex 98.7 52.7876 0
      vertex 98.3624 52.6477 3.5
      vertex 98.7 52.7876 3.5
    endloop
  endfacet
  facet normal -0.382827 0.92382 0
    outer loop
      vertex 98.3624 52.6477 3.5
      vertex 98.7 52.7876 0
      vertex 98.3624 52.6477 0
    endloop
  endfacet
  facet normal -0.991444 0.130532 0
    outer loop
      vertex 99.3523 53.6377 0
      vertex 99.4 54 3.5
      vertex 99.4 54 0
    endloop
  endfacet
  facet normal -0.991444 0.130532 0
    outer loop
      vertex 99.4 54 3.5
      vertex 99.3523 53.6377 0
      vertex 99.3523 53.6377 3.5
    endloop
  endfacet
  facet normal 0.130497 0.991449 -0
    outer loop
      vertex 98 52.6 0
      vertex 97.6376 52.6477 3.5
      vertex 98 52.6 3.5
    endloop
  endfacet
  facet normal 0.130497 0.991449 0
    outer loop
      vertex 97.6376 52.6477 3.5
      vertex 98 52.6 0
      vertex 97.6376 52.6477 0
    endloop
  endfacet
  facet normal -0.608719 0.793386 0
    outer loop
      vertex 98.99 53.0101 0
      vertex 98.7 52.7876 3.5
      vertex 98.99 53.0101 3.5
    endloop
  endfacet
  facet normal -0.608719 0.793386 0
    outer loop
      vertex 98.7 52.7876 3.5
      vertex 98.99 53.0101 0
      vertex 98.7 52.7876 0
    endloop
  endfacet
  facet normal 0.382827 0.92382 -0
    outer loop
      vertex 97.6376 52.6477 0
      vertex 97.3 52.7876 3.5
      vertex 97.6376 52.6477 3.5
    endloop
  endfacet
  facet normal 0.382827 0.92382 0
    outer loop
      vertex 97.3 52.7876 3.5
      vertex 97.6376 52.6477 0
      vertex 97.3 52.7876 0
    endloop
  endfacet
endsolid OpenSCAD_Model
