solid OpenSCAD_Model
  facet normal 0 0 1
    outer loop
      vertex 101.6 53.5 22.5
      vertex 104 53.5 22.5
      vertex 103.919 54.74 22.5
    endloop
  endfacet
  facet normal 0 0 1
    outer loop
      vertex 104 53.5 22.5
      vertex 101.6 53.5 22.5
      vertex 104 -53.5 22.5
    endloop
  endfacet
  facet normal 0 0 1
    outer loop
      vertex 101.539 54.4267 22.5
      vertex 103.919 54.74 22.5
      vertex 103.676 55.9588 22.5
    endloop
  endfacet
  facet normal 0 0 1
    outer loop
      vertex 101.6 -53.5 22.5
      vertex 104 -53.5 22.5
      vertex 101.6 53.5 22.5
    endloop
  endfacet
  facet normal 0 0 1
    outer loop
      vertex 101.358 55.3376 22.5
      vertex 103.676 55.9588 22.5
      vertex 103.277 57.1355 22.5
    endloop
  endfacet
  facet normal 0 0 1
    outer loop
      vertex 104 -53.5 22.5
      vertex 101.6 -53.5 22.5
      vertex 103.919 -54.74 22.5
    endloop
  endfacet
  facet normal 0 0 1
    outer loop
      vertex 101.06 56.2171 22.5
      vertex 103.277 57.1355 22.5
      vertex 102.727 58.25 22.5
    endloop
  endfacet
  facet normal -0 0 1
    outer loop
      vertex 101.539 -54.4267 22.5
      vertex 103.919 -54.74 22.5
      vertex 101.6 -53.5 22.5
    endloop
  endfacet
  facet normal 0 0 1
    outer loop
      vertex 100.649 57.05 22.5
      vertex 102.727 58.25 22.5
      vertex 102.037 59.2832 22.5
    endloop
  endfacet
  facet normal 0 0 1
    outer loop
      vertex 103.919 -54.74 22.5
      vertex 101.539 -54.4267 22.5
      vertex 103.676 -55.9588 22.5
    endloop
  endfacet
  facet normal -0 0 1
    outer loop
      vertex 101.358 -55.3376 22.5
      vertex 103.676 -55.9588 22.5
      vertex 101.539 -54.4267 22.5
    endloop
  endfacet
  facet normal 0 0 1
    outer loop
      vertex 103.919 54.74 22.5
      vertex 101.539 54.4267 22.5
      vertex 101.6 53.5 22.5
    endloop
  endfacet
  facet normal 0 0 1
    outer loop
      vertex 103.676 55.9588 22.5
      vertex 101.358 55.3376 22.5
      vertex 101.539 54.4267 22.5
    endloop
  endfacet
  facet normal 0 0 1
    outer loop
      vertex 100.133 57.8222 22.5
      vertex 102.037 59.2832 22.5
      vertex 101.218 60.2175 22.5
    endloop
  endfacet
  facet normal 0 0 1
    outer loop
      vertex 103.277 57.1355 22.5
      vertex 101.06 56.2171 22.5
      vertex 101.358 55.3376 22.5
    endloop
  endfacet
  facet normal 0 0 1
    outer loop
      vertex 102.727 58.25 22.5
      vertex 100.649 57.05 22.5
      vertex 101.06 56.2171 22.5
    endloop
  endfacet
  facet normal 0 0 1
    outer loop
      vertex 99.5205 58.5205 22.5
      vertex 101.218 60.2175 22.5
      vertex 100.283 61.0369 22.5
    endloop
  endfacet
  facet normal 0 0 1
    outer loop
      vertex 102.037 59.2832 22.5
      vertex 100.133 57.8222 22.5
      vertex 100.649 57.05 22.5
    endloop
  endfacet
  facet normal 0 0 1
    outer loop
      vertex 101.218 60.2175 22.5
      vertex 99.5205 58.5205 22.5
      vertex 100.133 57.8222 22.5
    endloop
  endfacet
  facet normal 0 0 1
    outer loop
      vertex 98.8222 59.1328 22.5
      vertex 100.283 61.0369 22.5
      vertex 99.25 61.7272 22.5
    endloop
  endfacet
  facet normal 0 0 1
    outer loop
      vertex 100.283 61.0369 22.5
      vertex 98.8222 59.1328 22.5
      vertex 99.5205 58.5205 22.5
    endloop
  endfacet
  facet normal 0 0 1
    outer loop
      vertex 98.05 59.6488 22.5
      vertex 99.25 61.7272 22.5
      vertex 98.1355 62.2769 22.5
    endloop
  endfacet
  facet normal 0 0 1
    outer loop
      vertex 99.25 61.7272 22.5
      vertex 98.05 59.6488 22.5
      vertex 98.8222 59.1328 22.5
    endloop
  endfacet
  facet normal 0 0 1
    outer loop
      vertex 98.1355 62.2769 22.5
      vertex 97.217 60.0595 22.5
      vertex 98.05 59.6488 22.5
    endloop
  endfacet
  facet normal 0 0 1
    outer loop
      vertex 96.9588 62.6763 22.5
      vertex 97.217 60.0595 22.5
      vertex 98.1355 62.2769 22.5
    endloop
  endfacet
  facet normal 0 0 1
    outer loop
      vertex 96.9588 62.6763 22.5
      vertex 96.3376 60.3581 22.5
      vertex 97.217 60.0595 22.5
    endloop
  endfacet
  facet normal 0 0 1
    outer loop
      vertex 95.74 62.9187 22.5
      vertex 96.3376 60.3581 22.5
      vertex 96.9588 62.6763 22.5
    endloop
  endfacet
  facet normal 0 0 1
    outer loop
      vertex 95.74 62.9187 22.5
      vertex 95.4267 60.5393 22.5
      vertex 96.3376 60.3581 22.5
    endloop
  endfacet
  facet normal 0 0 1
    outer loop
      vertex 94.5 63 22.5
      vertex 95.4267 60.5393 22.5
      vertex 95.74 62.9187 22.5
    endloop
  endfacet
  facet normal 0 0 1
    outer loop
      vertex 94.5 63 22.5
      vertex 94.5 60.6 22.5
      vertex 95.4267 60.5393 22.5
    endloop
  endfacet
  facet normal -0 0 1
    outer loop
      vertex -94.5 63 22.5
      vertex 94.5 60.6 22.5
      vertex 94.5 63 22.5
    endloop
  endfacet
  facet normal 0 0 1
    outer loop
      vertex -94.5 63 22.5
      vertex -94.5 60.6 22.5
      vertex 94.5 60.6 22.5
    endloop
  endfacet
  facet normal 0 0 1
    outer loop
      vertex -94.5 63 22.5
      vertex -95.4267 60.5393 22.5
      vertex -94.5 60.6 22.5
    endloop
  endfacet
  facet normal -0 0 1
    outer loop
      vertex -95.74 62.9187 22.5
      vertex -95.4267 60.5393 22.5
      vertex -94.5 63 22.5
    endloop
  endfacet
  facet normal 0 0 1
    outer loop
      vertex -95.74 62.9187 22.5
      vertex -96.3376 60.3581 22.5
      vertex -95.4267 60.5393 22.5
    endloop
  endfacet
  facet normal -0 0 1
    outer loop
      vertex -96.9588 62.6763 22.5
      vertex -96.3376 60.3581 22.5
      vertex -95.74 62.9187 22.5
    endloop
  endfacet
  facet normal 0 0 1
    outer loop
      vertex -96.9588 62.6763 22.5
      vertex -97.217 60.0595 22.5
      vertex -96.3376 60.3581 22.5
    endloop
  endfacet
  facet normal -0 0 1
    outer loop
      vertex -98.1355 62.2769 22.5
      vertex -97.217 60.0595 22.5
      vertex -96.9588 62.6763 22.5
    endloop
  endfacet
  facet normal 0 0 1
    outer loop
      vertex -97.217 60.0595 22.5
      vertex -98.1355 62.2769 22.5
      vertex -98.05 59.6488 22.5
    endloop
  endfacet
  facet normal -0 0 1
    outer loop
      vertex -99.25 61.7272 22.5
      vertex -98.05 59.6488 22.5
      vertex -98.1355 62.2769 22.5
    endloop
  endfacet
  facet normal 0 0 1
    outer loop
      vertex -98.05 59.6488 22.5
      vertex -99.25 61.7272 22.5
      vertex -98.8222 59.1328 22.5
    endloop
  endfacet
  facet normal -0 0 1
    outer loop
      vertex -100.283 61.0369 22.5
      vertex -98.8222 59.1328 22.5
      vertex -99.25 61.7272 22.5
    endloop
  endfacet
  facet normal 0 0 1
    outer loop
      vertex -98.8222 59.1328 22.5
      vertex -100.283 61.0369 22.5
      vertex -99.5205 58.5205 22.5
    endloop
  endfacet
  facet normal -0 0 1
    outer loop
      vertex -101.218 60.2175 22.5
      vertex -99.5205 58.5205 22.5
      vertex -100.283 61.0369 22.5
    endloop
  endfacet
  facet normal 0 0 1
    outer loop
      vertex -99.5205 58.5205 22.5
      vertex -101.218 60.2175 22.5
      vertex -100.133 57.8222 22.5
    endloop
  endfacet
  facet normal -0 0 1
    outer loop
      vertex -102.037 59.2832 22.5
      vertex -100.133 57.8222 22.5
      vertex -101.218 60.2175 22.5
    endloop
  endfacet
  facet normal 0 0 1
    outer loop
      vertex -100.133 57.8222 22.5
      vertex -102.037 59.2832 22.5
      vertex -100.649 57.05 22.5
    endloop
  endfacet
  facet normal -0 0 1
    outer loop
      vertex -102.727 58.25 22.5
      vertex -100.649 57.05 22.5
      vertex -102.037 59.2832 22.5
    endloop
  endfacet
  facet normal 0 0 1
    outer loop
      vertex -100.649 57.05 22.5
      vertex -102.727 58.25 22.5
      vertex -101.06 56.2171 22.5
    endloop
  endfacet
  facet normal -0 0 1
    outer loop
      vertex -103.277 57.1355 22.5
      vertex -101.06 56.2171 22.5
      vertex -102.727 58.25 22.5
    endloop
  endfacet
  facet normal -0 0 1
    outer loop
      vertex -103.676 55.9588 22.5
      vertex -101.358 55.3376 22.5
      vertex -103.277 57.1355 22.5
    endloop
  endfacet
  facet normal 0 0 1
    outer loop
      vertex -101.06 56.2171 22.5
      vertex -103.277 57.1355 22.5
      vertex -101.358 55.3376 22.5
    endloop
  endfacet
  facet normal 0 0 1
    outer loop
      vertex 103.676 -55.9588 22.5
      vertex 101.358 -55.3376 22.5
      vertex 103.277 -57.1355 22.5
    endloop
  endfacet
  facet normal -0 0 1
    outer loop
      vertex 101.06 -56.2171 22.5
      vertex 103.277 -57.1355 22.5
      vertex 101.358 -55.3376 22.5
    endloop
  endfacet
  facet normal 0 0 1
    outer loop
      vertex 103.277 -57.1355 22.5
      vertex 101.06 -56.2171 22.5
      vertex 102.727 -58.25 22.5
    endloop
  endfacet
  facet normal -0 0 1
    outer loop
      vertex 100.649 -57.05 22.5
      vertex 102.727 -58.25 22.5
      vertex 101.06 -56.2171 22.5
    endloop
  endfacet
  facet normal 0 0 1
    outer loop
      vertex 102.727 -58.25 22.5
      vertex 100.649 -57.05 22.5
      vertex 102.037 -59.2832 22.5
    endloop
  endfacet
  facet normal -0 0 1
    outer loop
      vertex 100.133 -57.8222 22.5
      vertex 102.037 -59.2832 22.5
      vertex 100.649 -57.05 22.5
    endloop
  endfacet
  facet normal 0 0 1
    outer loop
      vertex 102.037 -59.2832 22.5
      vertex 100.133 -57.8222 22.5
      vertex 101.218 -60.2175 22.5
    endloop
  endfacet
  facet normal -0 0 1
    outer loop
      vertex 99.5205 -58.5205 22.5
      vertex 101.218 -60.2175 22.5
      vertex 100.133 -57.8222 22.5
    endloop
  endfacet
  facet normal 0 0 1
    outer loop
      vertex 101.218 -60.2175 22.5
      vertex 99.5205 -58.5205 22.5
      vertex 100.283 -61.0369 22.5
    endloop
  endfacet
  facet normal -0 0 1
    outer loop
      vertex 98.8222 -59.1328 22.5
      vertex 100.283 -61.0369 22.5
      vertex 99.5205 -58.5205 22.5
    endloop
  endfacet
  facet normal 0 0 1
    outer loop
      vertex 100.283 -61.0369 22.5
      vertex 98.8222 -59.1328 22.5
      vertex 99.25 -61.7272 22.5
    endloop
  endfacet
  facet normal -0 0 1
    outer loop
      vertex 98.05 -59.6488 22.5
      vertex 99.25 -61.7272 22.5
      vertex 98.8222 -59.1328 22.5
    endloop
  endfacet
  facet normal 0 0 1
    outer loop
      vertex 99.25 -61.7272 22.5
      vertex 98.05 -59.6488 22.5
      vertex 98.1355 -62.2769 22.5
    endloop
  endfacet
  facet normal -0 0 1
    outer loop
      vertex 97.217 -60.0595 22.5
      vertex 98.1355 -62.2769 22.5
      vertex 98.05 -59.6488 22.5
    endloop
  endfacet
  facet normal 0 0 1
    outer loop
      vertex 97.217 -60.0595 22.5
      vertex 96.9588 -62.6763 22.5
      vertex 98.1355 -62.2769 22.5
    endloop
  endfacet
  facet normal -0 0 1
    outer loop
      vertex 96.3376 -60.3581 22.5
      vertex 96.9588 -62.6763 22.5
      vertex 97.217 -60.0595 22.5
    endloop
  endfacet
  facet normal 0 0 1
    outer loop
      vertex 96.3376 -60.3581 22.5
      vertex 95.74 -62.9187 22.5
      vertex 96.9588 -62.6763 22.5
    endloop
  endfacet
  facet normal -0 0 1
    outer loop
      vertex 95.4267 -60.5393 22.5
      vertex 95.74 -62.9187 22.5
      vertex 96.3376 -60.3581 22.5
    endloop
  endfacet
  facet normal -0 0 1
    outer loop
      vertex 94.5 -60.6 22.5
      vertex 95.74 -62.9187 22.5
      vertex 95.4267 -60.5393 22.5
    endloop
  endfacet
  facet normal 0 0 1
    outer loop
      vertex 94.5 -60.6 22.5
      vertex 94.5 -63 22.5
      vertex 95.74 -62.9187 22.5
    endloop
  endfacet
  facet normal -0 0 1
    outer loop
      vertex -94.5 -60.6 22.5
      vertex 94.5 -63 22.5
      vertex 94.5 -60.6 22.5
    endloop
  endfacet
  facet normal 0 0 1
    outer loop
      vertex -94.5 -60.6 22.5
      vertex -94.5 -63 22.5
      vertex 94.5 -63 22.5
    endloop
  endfacet
  facet normal 0 0 1
    outer loop
      vertex -95.4267 -60.5393 22.5
      vertex -94.5 -63 22.5
      vertex -94.5 -60.6 22.5
    endloop
  endfacet
  facet normal 0 0 1
    outer loop
      vertex -95.4267 -60.5393 22.5
      vertex -95.74 -62.9187 22.5
      vertex -94.5 -63 22.5
    endloop
  endfacet
  facet normal 0 0 1
    outer loop
      vertex -96.3376 -60.3581 22.5
      vertex -95.74 -62.9187 22.5
      vertex -95.4267 -60.5393 22.5
    endloop
  endfacet
  facet normal 0 0 1
    outer loop
      vertex -96.3376 -60.3581 22.5
      vertex -96.9588 -62.6763 22.5
      vertex -95.74 -62.9187 22.5
    endloop
  endfacet
  facet normal 0 0 1
    outer loop
      vertex -97.217 -60.0595 22.5
      vertex -96.9588 -62.6763 22.5
      vertex -96.3376 -60.3581 22.5
    endloop
  endfacet
  facet normal 0 0 1
    outer loop
      vertex -98.1355 -62.2769 22.5
      vertex -97.217 -60.0595 22.5
      vertex -98.05 -59.6488 22.5
    endloop
  endfacet
  facet normal 0 0 1
    outer loop
      vertex -97.217 -60.0595 22.5
      vertex -98.1355 -62.2769 22.5
      vertex -96.9588 -62.6763 22.5
    endloop
  endfacet
  facet normal 0 0 1
    outer loop
      vertex -99.25 -61.7272 22.5
      vertex -98.05 -59.6488 22.5
      vertex -98.8222 -59.1328 22.5
    endloop
  endfacet
  facet normal 0 0 1
    outer loop
      vertex -98.05 -59.6488 22.5
      vertex -99.25 -61.7272 22.5
      vertex -98.1355 -62.2769 22.5
    endloop
  endfacet
  facet normal 0 0 1
    outer loop
      vertex -100.283 -61.0369 22.5
      vertex -98.8222 -59.1328 22.5
      vertex -99.5205 -58.5205 22.5
    endloop
  endfacet
  facet normal 0 0 1
    outer loop
      vertex -101.218 -60.2175 22.5
      vertex -99.5205 -58.5205 22.5
      vertex -100.133 -57.8222 22.5
    endloop
  endfacet
  facet normal 0 0 1
    outer loop
      vertex -98.8222 -59.1328 22.5
      vertex -100.283 -61.0369 22.5
      vertex -99.25 -61.7272 22.5
    endloop
  endfacet
  facet normal 0 0 1
    outer loop
      vertex -102.037 -59.2832 22.5
      vertex -100.133 -57.8222 22.5
      vertex -100.649 -57.05 22.5
    endloop
  endfacet
  facet normal 0 0 1
    outer loop
      vertex -102.727 -58.25 22.5
      vertex -100.649 -57.05 22.5
      vertex -101.06 -56.2171 22.5
    endloop
  endfacet
  facet normal 0 0 1
    outer loop
      vertex -99.5205 -58.5205 22.5
      vertex -101.218 -60.2175 22.5
      vertex -100.283 -61.0369 22.5
    endloop
  endfacet
  facet normal 0 0 1
    outer loop
      vertex -103.277 -57.1355 22.5
      vertex -101.06 -56.2171 22.5
      vertex -101.358 -55.3376 22.5
    endloop
  endfacet
  facet normal 0 0 1
    outer loop
      vertex -103.676 -55.9588 22.5
      vertex -101.358 -55.3376 22.5
      vertex -101.539 -54.4267 22.5
    endloop
  endfacet
  facet normal 0 0 1
    outer loop
      vertex -103.919 -54.74 22.5
      vertex -101.539 -54.4267 22.5
      vertex -101.6 -53.5 22.5
    endloop
  endfacet
  facet normal 0 0 1
    outer loop
      vertex -100.133 -57.8222 22.5
      vertex -102.037 -59.2832 22.5
      vertex -101.218 -60.2175 22.5
    endloop
  endfacet
  facet normal 0 0 1
    outer loop
      vertex -101.6 53.5 22.5
      vertex -104 53.5 22.5
      vertex -101.6 -53.5 22.5
    endloop
  endfacet
  facet normal 0 0 1
    outer loop
      vertex -101.358 55.3376 22.5
      vertex -103.676 55.9588 22.5
      vertex -101.539 54.4267 22.5
    endloop
  endfacet
  facet normal 0 0 1
    outer loop
      vertex -104 -53.5 22.5
      vertex -101.6 -53.5 22.5
      vertex -104 53.5 22.5
    endloop
  endfacet
  facet normal -0 0 1
    outer loop
      vertex -103.919 54.74 22.5
      vertex -101.539 54.4267 22.5
      vertex -103.676 55.9588 22.5
    endloop
  endfacet
  facet normal 0 -0 1
    outer loop
      vertex -103.919 -54.74 22.5
      vertex -101.6 -53.5 22.5
      vertex -104 -53.5 22.5
    endloop
  endfacet
  facet normal 0 0 1
    outer loop
      vertex -101.539 54.4267 22.5
      vertex -103.919 54.74 22.5
      vertex -101.6 53.5 22.5
    endloop
  endfacet
  facet normal 0 0 1
    outer loop
      vertex -100.649 -57.05 22.5
      vertex -102.727 -58.25 22.5
      vertex -102.037 -59.2832 22.5
    endloop
  endfacet
  facet normal 0 0 1
    outer loop
      vertex -101.6 53.5 22.5
      vertex -103.919 54.74 22.5
      vertex -104 53.5 22.5
    endloop
  endfacet
  facet normal 0 0 1
    outer loop
      vertex -101.06 -56.2171 22.5
      vertex -103.277 -57.1355 22.5
      vertex -102.727 -58.25 22.5
    endloop
  endfacet
  facet normal 0 0 1
    outer loop
      vertex -101.358 -55.3376 22.5
      vertex -103.676 -55.9588 22.5
      vertex -103.277 -57.1355 22.5
    endloop
  endfacet
  facet normal 0 0 1
    outer loop
      vertex -101.539 -54.4267 22.5
      vertex -103.919 -54.74 22.5
      vertex -103.676 -55.9588 22.5
    endloop
  endfacet
  facet normal 0 -0.751502 0.659731
    outer loop
      vertex -57 -61.045 26.0566
      vertex -43 -60.9803 26.1303
      vertex -57 -60.9803 26.1303
    endloop
  endfacet
  facet normal 0 -0.751502 0.659731
    outer loop
      vertex -43 -60.9803 26.1303
      vertex -57 -61.045 26.0566
      vertex -43 -61.045 26.0566
    endloop
  endfacet
  facet normal 0 -0.195688 -0.980666
    outer loop
      vertex -57 -60.6441 24.8756
      vertex -43 -60.6 24.8668
      vertex -43 -60.6441 24.8756
    endloop
  endfacet
  facet normal -0 -0.195688 -0.980666
    outer loop
      vertex -43 -60.6 24.8668
      vertex -57 -60.6441 24.8756
      vertex -57 -60.6 24.8668
    endloop
  endfacet
  facet normal 0 -0.659731 0.751502
    outer loop
      vertex -57 -60.9066 26.195
      vertex -43 -60.9803 26.1303
      vertex -43 -60.9066 26.195
    endloop
  endfacet
  facet normal 0 -0.659731 0.751502
    outer loop
      vertex -43 -60.9803 26.1303
      vertex -57 -60.9066 26.195
      vertex -57 -60.9803 26.1303
    endloop
  endfacet
  facet normal 0 -0.980659 -0.195724
    outer loop
      vertex -57 -61.1744 25.4059
      vertex -43 -61.1936 25.5021
      vertex -57 -61.1936 25.5021
    endloop
  endfacet
  facet normal 0 -0.980659 -0.195724
    outer loop
      vertex -43 -61.1936 25.5021
      vertex -57 -61.1744 25.4059
      vertex -43 -61.1744 25.4059
    endloop
  endfacet
  facet normal 0 -0.89686 -0.442315
    outer loop
      vertex -57 -61.0995 25.225
      vertex -43 -61.1429 25.313
      vertex -57 -61.1429 25.313
    endloop
  endfacet
  facet normal 0 -0.89686 -0.442315
    outer loop
      vertex -43 -61.1429 25.313
      vertex -57 -61.0995 25.225
      vertex -43 -61.0995 25.225
    endloop
  endfacet
  facet normal 0 -0.659731 -0.751502
    outer loop
      vertex -57 -60.9803 25.0697
      vertex -43 -60.9066 25.005
      vertex -43 -60.9803 25.0697
    endloop
  endfacet
  facet normal -0 -0.659731 -0.751502
    outer loop
      vertex -43 -60.9066 25.005
      vertex -57 -60.9803 25.0697
      vertex -57 -60.9066 25.005
    endloop
  endfacet
  facet normal 0 -0.555406 -0.83158
    outer loop
      vertex -57 -60.9066 25.005
      vertex -43 -60.825 24.9505
      vertex -43 -60.9066 25.005
    endloop
  endfacet
  facet normal -0 -0.555406 -0.83158
    outer loop
      vertex -43 -60.825 24.9505
      vertex -57 -60.9066 25.005
      vertex -57 -60.825 24.9505
    endloop
  endfacet
  facet normal 0 -0.442315 -0.89686
    outer loop
      vertex -57 -60.825 24.9505
      vertex -43 -60.737 24.9071
      vertex -43 -60.825 24.9505
    endloop
  endfacet
  facet normal -0 -0.442315 -0.89686
    outer loop
      vertex -43 -60.737 24.9071
      vertex -57 -60.825 24.9505
      vertex -57 -60.737 24.9071
    endloop
  endfacet
  facet normal 0 -0.94704 0.321117
    outer loop
      vertex -57 -61.1744 25.7941
      vertex -43 -61.1429 25.887
      vertex -57 -61.1429 25.887
    endloop
  endfacet
  facet normal 0 -0.94704 0.321117
    outer loop
      vertex -43 -61.1429 25.887
      vertex -57 -61.1744 25.7941
      vertex -43 -61.1744 25.7941
    endloop
  endfacet
  facet normal -1 0 0
    outer loop
      vertex -57 -60.737 24.9071
      vertex -57 -60.6 24.8668
      vertex -57 -60.6441 24.8756
    endloop
  endfacet
  facet normal -1 0 0
    outer loop
      vertex -57 -60.825 24.9505
      vertex -57 -60.6 24.8668
      vertex -57 -60.737 24.9071
    endloop
  endfacet
  facet normal -1 0 0
    outer loop
      vertex -57 -60.6 24.8668
      vertex -57 -60.825 24.9505
      vertex -57 -60.6 26.3332
    endloop
  endfacet
  facet normal -1 0 0
    outer loop
      vertex -57 -60.6 26.3332
      vertex -57 -60.737 26.2929
      vertex -57 -60.6441 26.3244
    endloop
  endfacet
  facet normal -1 0 0
    outer loop
      vertex -57 -60.825 26.2495
      vertex -57 -60.6 26.3332
      vertex -57 -60.825 24.9505
    endloop
  endfacet
  facet normal -1 0 0
    outer loop
      vertex -57 -60.6 26.3332
      vertex -57 -60.825 26.2495
      vertex -57 -60.737 26.2929
    endloop
  endfacet
  facet normal -1 0 0
    outer loop
      vertex -57 -60.9066 25.005
      vertex -57 -60.825 26.2495
      vertex -57 -60.825 24.9505
    endloop
  endfacet
  facet normal -1 0 0
    outer loop
      vertex -57 -60.9066 25.005
      vertex -57 -60.9066 26.195
      vertex -57 -60.825 26.2495
    endloop
  endfacet
  facet normal -1 0 0
    outer loop
      vertex -57 -60.9803 25.0697
      vertex -57 -60.9066 26.195
      vertex -57 -60.9066 25.005
    endloop
  endfacet
  facet normal -1 0 0
    outer loop
      vertex -57 -60.9803 25.0697
      vertex -57 -60.9803 26.1303
      vertex -57 -60.9066 26.195
    endloop
  endfacet
  facet normal -1 0 0
    outer loop
      vertex -57 -61.045 25.1434
      vertex -57 -60.9803 26.1303
      vertex -57 -60.9803 25.0697
    endloop
  endfacet
  facet normal -1 0 0
    outer loop
      vertex -57 -61.045 25.1434
      vertex -57 -61.045 26.0566
      vertex -57 -60.9803 26.1303
    endloop
  endfacet
  facet normal -1 0 0
    outer loop
      vertex -57 -61.0995 25.225
      vertex -57 -61.045 26.0566
      vertex -57 -61.045 25.1434
    endloop
  endfacet
  facet normal -1 0 0
    outer loop
      vertex -57 -61.0995 25.225
      vertex -57 -61.0995 25.975
      vertex -57 -61.045 26.0566
    endloop
  endfacet
  facet normal -1 0 0
    outer loop
      vertex -57 -61.1429 25.313
      vertex -57 -61.0995 25.975
      vertex -57 -61.0995 25.225
    endloop
  endfacet
  facet normal -1 0 0
    outer loop
      vertex -57 -61.1429 25.313
      vertex -57 -61.1429 25.887
      vertex -57 -61.0995 25.975
    endloop
  endfacet
  facet normal -1 0 0
    outer loop
      vertex -57 -61.1744 25.4059
      vertex -57 -61.1429 25.887
      vertex -57 -61.1429 25.313
    endloop
  endfacet
  facet normal -1 0 0
    outer loop
      vertex -57 -61.1744 25.4059
      vertex -57 -61.1744 25.7941
      vertex -57 -61.1429 25.887
    endloop
  endfacet
  facet normal -1 0 0
    outer loop
      vertex -57 -61.1936 25.5021
      vertex -57 -61.1744 25.7941
      vertex -57 -61.1744 25.4059
    endloop
  endfacet
  facet normal -1 0 0
    outer loop
      vertex -57 -61.1936 25.5021
      vertex -57 -61.1936 25.6979
      vertex -57 -61.1744 25.7941
    endloop
  endfacet
  facet normal -1 0 -0
    outer loop
      vertex -57 -61.1936 25.6979
      vertex -57 -61.1936 25.5021
      vertex -57 -61.2 25.6
    endloop
  endfacet
  facet normal 0 -0.321117 0.94704
    outer loop
      vertex -57 -60.6441 26.3244
      vertex -43 -60.737 26.2929
      vertex -43 -60.6441 26.3244
    endloop
  endfacet
  facet normal 0 -0.321117 0.94704
    outer loop
      vertex -43 -60.737 26.2929
      vertex -57 -60.6441 26.3244
      vertex -57 -60.737 26.2929
    endloop
  endfacet
  facet normal 0 -0.94704 -0.321117
    outer loop
      vertex -57 -61.1429 25.313
      vertex -43 -61.1744 25.4059
      vertex -57 -61.1744 25.4059
    endloop
  endfacet
  facet normal 0 -0.94704 -0.321117
    outer loop
      vertex -43 -61.1744 25.4059
      vertex -57 -61.1429 25.313
      vertex -43 -61.1429 25.313
    endloop
  endfacet
  facet normal 0 -0.751502 -0.659731
    outer loop
      vertex -57 -60.9803 25.0697
      vertex -43 -61.045 25.1434
      vertex -57 -61.045 25.1434
    endloop
  endfacet
  facet normal 0 -0.751502 -0.659731
    outer loop
      vertex -43 -61.045 25.1434
      vertex -57 -60.9803 25.0697
      vertex -43 -60.9803 25.0697
    endloop
  endfacet
  facet normal 0 -0.83158 -0.555406
    outer loop
      vertex -57 -61.045 25.1434
      vertex -43 -61.0995 25.225
      vertex -57 -61.0995 25.225
    endloop
  endfacet
  facet normal 0 -0.83158 -0.555406
    outer loop
      vertex -43 -61.0995 25.225
      vertex -57 -61.045 25.1434
      vertex -43 -61.045 25.1434
    endloop
  endfacet
  facet normal 0 -0.321117 -0.94704
    outer loop
      vertex -57 -60.737 24.9071
      vertex -43 -60.6441 24.8756
      vertex -43 -60.737 24.9071
    endloop
  endfacet
  facet normal -0 -0.321117 -0.94704
    outer loop
      vertex -43 -60.6441 24.8756
      vertex -57 -60.737 24.9071
      vertex -57 -60.6441 24.8756
    endloop
  endfacet
  facet normal 0 -0.83158 0.555406
    outer loop
      vertex -57 -61.0995 25.975
      vertex -43 -61.045 26.0566
      vertex -57 -61.045 26.0566
    endloop
  endfacet
  facet normal 0 -0.83158 0.555406
    outer loop
      vertex -43 -61.045 26.0566
      vertex -57 -61.0995 25.975
      vertex -43 -61.0995 25.975
    endloop
  endfacet
  facet normal 0 -0.99787 -0.0652336
    outer loop
      vertex -57 -61.1936 25.5021
      vertex -43 -61.2 25.6
      vertex -57 -61.2 25.6
    endloop
  endfacet
  facet normal 0 -0.99787 -0.0652336
    outer loop
      vertex -43 -61.2 25.6
      vertex -57 -61.1936 25.5021
      vertex -43 -61.1936 25.5021
    endloop
  endfacet
  facet normal 0 -0.99787 0.0652336
    outer loop
      vertex -57 -61.2 25.6
      vertex -43 -61.1936 25.6979
      vertex -57 -61.1936 25.6979
    endloop
  endfacet
  facet normal 0 -0.99787 0.0652336
    outer loop
      vertex -43 -61.1936 25.6979
      vertex -57 -61.2 25.6
      vertex -43 -61.2 25.6
    endloop
  endfacet
  facet normal 0 -0.89686 0.442315
    outer loop
      vertex -57 -61.1429 25.887
      vertex -43 -61.0995 25.975
      vertex -57 -61.0995 25.975
    endloop
  endfacet
  facet normal 0 -0.89686 0.442315
    outer loop
      vertex -43 -61.0995 25.975
      vertex -57 -61.1429 25.887
      vertex -43 -61.1429 25.887
    endloop
  endfacet
  facet normal 1 0 0
    outer loop
      vertex -43 -60.737 26.2929
      vertex -43 -60.6 26.3332
      vertex -43 -60.6441 26.3244
    endloop
  endfacet
  facet normal 1 0 0
    outer loop
      vertex -43 -60.825 26.2495
      vertex -43 -60.6 26.3332
      vertex -43 -60.737 26.2929
    endloop
  endfacet
  facet normal 1 0 0
    outer loop
      vertex -43 -60.6 26.3332
      vertex -43 -60.825 26.2495
      vertex -43 -60.6 24.8668
    endloop
  endfacet
  facet normal 1 0 0
    outer loop
      vertex -43 -60.6 24.8668
      vertex -43 -60.737 24.9071
      vertex -43 -60.6441 24.8756
    endloop
  endfacet
  facet normal 1 -0 0
    outer loop
      vertex -43 -60.825 24.9505
      vertex -43 -60.6 24.8668
      vertex -43 -60.825 26.2495
    endloop
  endfacet
  facet normal 1 0 0
    outer loop
      vertex -43 -60.6 24.8668
      vertex -43 -60.825 24.9505
      vertex -43 -60.737 24.9071
    endloop
  endfacet
  facet normal 1 -0 0
    outer loop
      vertex -43 -60.9066 26.195
      vertex -43 -60.825 24.9505
      vertex -43 -60.825 26.2495
    endloop
  endfacet
  facet normal 1 0 0
    outer loop
      vertex -43 -60.9066 26.195
      vertex -43 -60.9066 25.005
      vertex -43 -60.825 24.9505
    endloop
  endfacet
  facet normal 1 -0 0
    outer loop
      vertex -43 -60.9803 26.1303
      vertex -43 -60.9066 25.005
      vertex -43 -60.9066 26.195
    endloop
  endfacet
  facet normal 1 0 0
    outer loop
      vertex -43 -60.9803 26.1303
      vertex -43 -60.9803 25.0697
      vertex -43 -60.9066 25.005
    endloop
  endfacet
  facet normal 1 -0 0
    outer loop
      vertex -43 -61.045 26.0566
      vertex -43 -60.9803 25.0697
      vertex -43 -60.9803 26.1303
    endloop
  endfacet
  facet normal 1 0 0
    outer loop
      vertex -43 -61.045 26.0566
      vertex -43 -61.045 25.1434
      vertex -43 -60.9803 25.0697
    endloop
  endfacet
  facet normal 1 -0 0
    outer loop
      vertex -43 -61.0995 25.975
      vertex -43 -61.045 25.1434
      vertex -43 -61.045 26.0566
    endloop
  endfacet
  facet normal 1 0 0
    outer loop
      vertex -43 -61.0995 25.975
      vertex -43 -61.0995 25.225
      vertex -43 -61.045 25.1434
    endloop
  endfacet
  facet normal 1 -0 0
    outer loop
      vertex -43 -61.1429 25.887
      vertex -43 -61.0995 25.225
      vertex -43 -61.0995 25.975
    endloop
  endfacet
  facet normal 1 0 0
    outer loop
      vertex -43 -61.1429 25.887
      vertex -43 -61.1429 25.313
      vertex -43 -61.0995 25.225
    endloop
  endfacet
  facet normal 1 -0 0
    outer loop
      vertex -43 -61.1744 25.7941
      vertex -43 -61.1429 25.313
      vertex -43 -61.1429 25.887
    endloop
  endfacet
  facet normal 1 0 0
    outer loop
      vertex -43 -61.1744 25.7941
      vertex -43 -61.1744 25.4059
      vertex -43 -61.1429 25.313
    endloop
  endfacet
  facet normal 1 -0 0
    outer loop
      vertex -43 -61.1936 25.6979
      vertex -43 -61.1744 25.4059
      vertex -43 -61.1744 25.7941
    endloop
  endfacet
  facet normal 1 0 0
    outer loop
      vertex -43 -61.1936 25.6979
      vertex -43 -61.1936 25.5021
      vertex -43 -61.1744 25.4059
    endloop
  endfacet
  facet normal 1 0 -0
    outer loop
      vertex -43 -61.1936 25.5021
      vertex -43 -61.1936 25.6979
      vertex -43 -61.2 25.6
    endloop
  endfacet
  facet normal 0 -0.980659 0.195724
    outer loop
      vertex -57 -61.1936 25.6979
      vertex -43 -61.1744 25.7941
      vertex -57 -61.1744 25.7941
    endloop
  endfacet
  facet normal 0 -0.980659 0.195724
    outer loop
      vertex -43 -61.1744 25.7941
      vertex -57 -61.1936 25.6979
      vertex -43 -61.1936 25.6979
    endloop
  endfacet
  facet normal 0 -0.195688 0.980666
    outer loop
      vertex -57 -60.6 26.3332
      vertex -43 -60.6441 26.3244
      vertex -43 -60.6 26.3332
    endloop
  endfacet
  facet normal 0 -0.195688 0.980666
    outer loop
      vertex -43 -60.6441 26.3244
      vertex -57 -60.6 26.3332
      vertex -57 -60.6441 26.3244
    endloop
  endfacet
  facet normal 0 -0.555406 0.83158
    outer loop
      vertex -57 -60.825 26.2495
      vertex -43 -60.9066 26.195
      vertex -43 -60.825 26.2495
    endloop
  endfacet
  facet normal 0 -0.555406 0.83158
    outer loop
      vertex -43 -60.9066 26.195
      vertex -57 -60.825 26.2495
      vertex -57 -60.9066 26.195
    endloop
  endfacet
  facet normal 0 -0.442315 0.89686
    outer loop
      vertex -57 -60.737 26.2929
      vertex -43 -60.825 26.2495
      vertex -43 -60.737 26.2929
    endloop
  endfacet
  facet normal 0 -0.442315 0.89686
    outer loop
      vertex -43 -60.825 26.2495
      vertex -57 -60.737 26.2929
      vertex -57 -60.825 26.2495
    endloop
  endfacet
  facet normal 0 -0.83158 -0.555406
    outer loop
      vertex 43 -61.045 25.1434
      vertex 57 -61.0995 25.225
      vertex 43 -61.0995 25.225
    endloop
  endfacet
  facet normal 0 -0.83158 -0.555406
    outer loop
      vertex 57 -61.0995 25.225
      vertex 43 -61.045 25.1434
      vertex 57 -61.045 25.1434
    endloop
  endfacet
  facet normal 0 -0.751502 0.659731
    outer loop
      vertex 43 -61.045 26.0566
      vertex 57 -60.9803 26.1303
      vertex 43 -60.9803 26.1303
    endloop
  endfacet
  facet normal 0 -0.751502 0.659731
    outer loop
      vertex 57 -60.9803 26.1303
      vertex 43 -61.045 26.0566
      vertex 57 -61.045 26.0566
    endloop
  endfacet
  facet normal 0 -0.195688 -0.980666
    outer loop
      vertex 43 -60.6441 24.8756
      vertex 57 -60.6 24.8668
      vertex 57 -60.6441 24.8756
    endloop
  endfacet
  facet normal -0 -0.195688 -0.980666
    outer loop
      vertex 57 -60.6 24.8668
      vertex 43 -60.6441 24.8756
      vertex 43 -60.6 24.8668
    endloop
  endfacet
  facet normal 0 -0.659731 0.751502
    outer loop
      vertex 43 -60.9066 26.195
      vertex 57 -60.9803 26.1303
      vertex 57 -60.9066 26.195
    endloop
  endfacet
  facet normal 0 -0.659731 0.751502
    outer loop
      vertex 57 -60.9803 26.1303
      vertex 43 -60.9066 26.195
      vertex 43 -60.9803 26.1303
    endloop
  endfacet
  facet normal 0 -0.980659 -0.195724
    outer loop
      vertex 43 -61.1744 25.4059
      vertex 57 -61.1936 25.5021
      vertex 43 -61.1936 25.5021
    endloop
  endfacet
  facet normal 0 -0.980659 -0.195724
    outer loop
      vertex 57 -61.1936 25.5021
      vertex 43 -61.1744 25.4059
      vertex 57 -61.1744 25.4059
    endloop
  endfacet
  facet normal 0 -0.89686 -0.442315
    outer loop
      vertex 43 -61.0995 25.225
      vertex 57 -61.1429 25.313
      vertex 43 -61.1429 25.313
    endloop
  endfacet
  facet normal 0 -0.89686 -0.442315
    outer loop
      vertex 57 -61.1429 25.313
      vertex 43 -61.0995 25.225
      vertex 57 -61.0995 25.225
    endloop
  endfacet
  facet normal 0 -0.659731 -0.751502
    outer loop
      vertex 43 -60.9803 25.0697
      vertex 57 -60.9066 25.005
      vertex 57 -60.9803 25.0697
    endloop
  endfacet
  facet normal -0 -0.659731 -0.751502
    outer loop
      vertex 57 -60.9066 25.005
      vertex 43 -60.9803 25.0697
      vertex 43 -60.9066 25.005
    endloop
  endfacet
  facet normal 0 -0.555406 -0.83158
    outer loop
      vertex 43 -60.9066 25.005
      vertex 57 -60.825 24.9505
      vertex 57 -60.9066 25.005
    endloop
  endfacet
  facet normal -0 -0.555406 -0.83158
    outer loop
      vertex 57 -60.825 24.9505
      vertex 43 -60.9066 25.005
      vertex 43 -60.825 24.9505
    endloop
  endfacet
  facet normal 0 -0.442315 -0.89686
    outer loop
      vertex 43 -60.825 24.9505
      vertex 57 -60.737 24.9071
      vertex 57 -60.825 24.9505
    endloop
  endfacet
  facet normal -0 -0.442315 -0.89686
    outer loop
      vertex 57 -60.737 24.9071
      vertex 43 -60.825 24.9505
      vertex 43 -60.737 24.9071
    endloop
  endfacet
  facet normal 0 -0.94704 0.321117
    outer loop
      vertex 43 -61.1744 25.7941
      vertex 57 -61.1429 25.887
      vertex 43 -61.1429 25.887
    endloop
  endfacet
  facet normal 0 -0.94704 0.321117
    outer loop
      vertex 57 -61.1429 25.887
      vertex 43 -61.1744 25.7941
      vertex 57 -61.1744 25.7941
    endloop
  endfacet
  facet normal -1 0 0
    outer loop
      vertex 43 -60.737 24.9071
      vertex 43 -60.6 24.8668
      vertex 43 -60.6441 24.8756
    endloop
  endfacet
  facet normal -1 0 0
    outer loop
      vertex 43 -60.825 24.9505
      vertex 43 -60.6 24.8668
      vertex 43 -60.737 24.9071
    endloop
  endfacet
  facet normal -1 0 0
    outer loop
      vertex 43 -60.6 24.8668
      vertex 43 -60.825 24.9505
      vertex 43 -60.6 26.3332
    endloop
  endfacet
  facet normal -1 0 0
    outer loop
      vertex 43 -60.6 26.3332
      vertex 43 -60.737 26.2929
      vertex 43 -60.6441 26.3244
    endloop
  endfacet
  facet normal -1 0 0
    outer loop
      vertex 43 -60.825 26.2495
      vertex 43 -60.6 26.3332
      vertex 43 -60.825 24.9505
    endloop
  endfacet
  facet normal -1 0 0
    outer loop
      vertex 43 -60.6 26.3332
      vertex 43 -60.825 26.2495
      vertex 43 -60.737 26.2929
    endloop
  endfacet
  facet normal -1 0 0
    outer loop
      vertex 43 -60.9066 25.005
      vertex 43 -60.825 26.2495
      vertex 43 -60.825 24.9505
    endloop
  endfacet
  facet normal -1 0 0
    outer loop
      vertex 43 -60.9066 25.005
      vertex 43 -60.9066 26.195
      vertex 43 -60.825 26.2495
    endloop
  endfacet
  facet normal -1 0 0
    outer loop
      vertex 43 -60.9803 25.0697
      vertex 43 -60.9066 26.195
      vertex 43 -60.9066 25.005
    endloop
  endfacet
  facet normal -1 0 0
    outer loop
      vertex 43 -60.9803 25.0697
      vertex 43 -60.9803 26.1303
      vertex 43 -60.9066 26.195
    endloop
  endfacet
  facet normal -1 0 0
    outer loop
      vertex 43 -61.045 25.1434
      vertex 43 -60.9803 26.1303
      vertex 43 -60.9803 25.0697
    endloop
  endfacet
  facet normal -1 0 0
    outer loop
      vertex 43 -61.045 25.1434
      vertex 43 -61.045 26.0566
      vertex 43 -60.9803 26.1303
    endloop
  endfacet
  facet normal -1 0 0
    outer loop
      vertex 43 -61.0995 25.225
      vertex 43 -61.045 26.0566
      vertex 43 -61.045 25.1434
    endloop
  endfacet
  facet normal -1 0 0
    outer loop
      vertex 43 -61.0995 25.225
      vertex 43 -61.0995 25.975
      vertex 43 -61.045 26.0566
    endloop
  endfacet
  facet normal -1 0 0
    outer loop
      vertex 43 -61.1429 25.313
      vertex 43 -61.0995 25.975
      vertex 43 -61.0995 25.225
    endloop
  endfacet
  facet normal -1 0 0
    outer loop
      vertex 43 -61.1429 25.313
      vertex 43 -61.1429 25.887
      vertex 43 -61.0995 25.975
    endloop
  endfacet
  facet normal -1 0 0
    outer loop
      vertex 43 -61.1744 25.4059
      vertex 43 -61.1429 25.887
      vertex 43 -61.1429 25.313
    endloop
  endfacet
  facet normal -1 0 0
    outer loop
      vertex 43 -61.1744 25.4059
      vertex 43 -61.1744 25.7941
      vertex 43 -61.1429 25.887
    endloop
  endfacet
  facet normal -1 0 0
    outer loop
      vertex 43 -61.1936 25.5021
      vertex 43 -61.1744 25.7941
      vertex 43 -61.1744 25.4059
    endloop
  endfacet
  facet normal -1 0 0
    outer loop
      vertex 43 -61.1936 25.5021
      vertex 43 -61.1936 25.6979
      vertex 43 -61.1744 25.7941
    endloop
  endfacet
  facet normal -1 0 -0
    outer loop
      vertex 43 -61.1936 25.6979
      vertex 43 -61.1936 25.5021
      vertex 43 -61.2 25.6
    endloop
  endfacet
  facet normal 0 -0.321117 0.94704
    outer loop
      vertex 43 -60.6441 26.3244
      vertex 57 -60.737 26.2929
      vertex 57 -60.6441 26.3244
    endloop
  endfacet
  facet normal 0 -0.321117 0.94704
    outer loop
      vertex 57 -60.737 26.2929
      vertex 43 -60.6441 26.3244
      vertex 43 -60.737 26.2929
    endloop
  endfacet
  facet normal 0 -0.94704 -0.321117
    outer loop
      vertex 43 -61.1429 25.313
      vertex 57 -61.1744 25.4059
      vertex 43 -61.1744 25.4059
    endloop
  endfacet
  facet normal 0 -0.94704 -0.321117
    outer loop
      vertex 57 -61.1744 25.4059
      vertex 43 -61.1429 25.313
      vertex 57 -61.1429 25.313
    endloop
  endfacet
  facet normal 0 -0.751502 -0.659731
    outer loop
      vertex 43 -60.9803 25.0697
      vertex 57 -61.045 25.1434
      vertex 43 -61.045 25.1434
    endloop
  endfacet
  facet normal 0 -0.751502 -0.659731
    outer loop
      vertex 57 -61.045 25.1434
      vertex 43 -60.9803 25.0697
      vertex 57 -60.9803 25.0697
    endloop
  endfacet
  facet normal 0 -0.321117 -0.94704
    outer loop
      vertex 43 -60.737 24.9071
      vertex 57 -60.6441 24.8756
      vertex 57 -60.737 24.9071
    endloop
  endfacet
  facet normal -0 -0.321117 -0.94704
    outer loop
      vertex 57 -60.6441 24.8756
      vertex 43 -60.737 24.9071
      vertex 43 -60.6441 24.8756
    endloop
  endfacet
  facet normal 0 -0.83158 0.555406
    outer loop
      vertex 43 -61.0995 25.975
      vertex 57 -61.045 26.0566
      vertex 43 -61.045 26.0566
    endloop
  endfacet
  facet normal 0 -0.83158 0.555406
    outer loop
      vertex 57 -61.045 26.0566
      vertex 43 -61.0995 25.975
      vertex 57 -61.0995 25.975
    endloop
  endfacet
  facet normal 0 -0.99787 -0.0652336
    outer loop
      vertex 43 -61.1936 25.5021
      vertex 57 -61.2 25.6
      vertex 43 -61.2 25.6
    endloop
  endfacet
  facet normal 0 -0.99787 -0.0652336
    outer loop
      vertex 57 -61.2 25.6
      vertex 43 -61.1936 25.5021
      vertex 57 -61.1936 25.5021
    endloop
  endfacet
  facet normal 0 -0.99787 0.0652336
    outer loop
      vertex 43 -61.2 25.6
      vertex 57 -61.1936 25.6979
      vertex 43 -61.1936 25.6979
    endloop
  endfacet
  facet normal 0 -0.99787 0.0652336
    outer loop
      vertex 57 -61.1936 25.6979
      vertex 43 -61.2 25.6
      vertex 57 -61.2 25.6
    endloop
  endfacet
  facet normal 1 0 0
    outer loop
      vertex 57 -60.737 26.2929
      vertex 57 -60.6 26.3332
      vertex 57 -60.6441 26.3244
    endloop
  endfacet
  facet normal 1 0 0
    outer loop
      vertex 57 -60.825 26.2495
      vertex 57 -60.6 26.3332
      vertex 57 -60.737 26.2929
    endloop
  endfacet
  facet normal 1 0 0
    outer loop
      vertex 57 -60.6 26.3332
      vertex 57 -60.825 26.2495
      vertex 57 -60.6 24.8668
    endloop
  endfacet
  facet normal 1 0 0
    outer loop
      vertex 57 -60.6 24.8668
      vertex 57 -60.737 24.9071
      vertex 57 -60.6441 24.8756
    endloop
  endfacet
  facet normal 1 -0 0
    outer loop
      vertex 57 -60.825 24.9505
      vertex 57 -60.6 24.8668
      vertex 57 -60.825 26.2495
    endloop
  endfacet
  facet normal 1 0 0
    outer loop
      vertex 57 -60.6 24.8668
      vertex 57 -60.825 24.9505
      vertex 57 -60.737 24.9071
    endloop
  endfacet
  facet normal 1 -0 0
    outer loop
      vertex 57 -60.9066 26.195
      vertex 57 -60.825 24.9505
      vertex 57 -60.825 26.2495
    endloop
  endfacet
  facet normal 1 0 0
    outer loop
      vertex 57 -60.9066 26.195
      vertex 57 -60.9066 25.005
      vertex 57 -60.825 24.9505
    endloop
  endfacet
  facet normal 1 -0 0
    outer loop
      vertex 57 -60.9803 26.1303
      vertex 57 -60.9066 25.005
      vertex 57 -60.9066 26.195
    endloop
  endfacet
  facet normal 1 0 0
    outer loop
      vertex 57 -60.9803 26.1303
      vertex 57 -60.9803 25.0697
      vertex 57 -60.9066 25.005
    endloop
  endfacet
  facet normal 1 -0 0
    outer loop
      vertex 57 -61.045 26.0566
      vertex 57 -60.9803 25.0697
      vertex 57 -60.9803 26.1303
    endloop
  endfacet
  facet normal 1 0 0
    outer loop
      vertex 57 -61.045 26.0566
      vertex 57 -61.045 25.1434
      vertex 57 -60.9803 25.0697
    endloop
  endfacet
  facet normal 1 -0 0
    outer loop
      vertex 57 -61.0995 25.975
      vertex 57 -61.045 25.1434
      vertex 57 -61.045 26.0566
    endloop
  endfacet
  facet normal 1 0 0
    outer loop
      vertex 57 -61.0995 25.975
      vertex 57 -61.0995 25.225
      vertex 57 -61.045 25.1434
    endloop
  endfacet
  facet normal 1 -0 0
    outer loop
      vertex 57 -61.1429 25.887
      vertex 57 -61.0995 25.225
      vertex 57 -61.0995 25.975
    endloop
  endfacet
  facet normal 1 0 0
    outer loop
      vertex 57 -61.1429 25.887
      vertex 57 -61.1429 25.313
      vertex 57 -61.0995 25.225
    endloop
  endfacet
  facet normal 1 -0 0
    outer loop
      vertex 57 -61.1744 25.7941
      vertex 57 -61.1429 25.313
      vertex 57 -61.1429 25.887
    endloop
  endfacet
  facet normal 1 0 0
    outer loop
      vertex 57 -61.1744 25.7941
      vertex 57 -61.1744 25.4059
      vertex 57 -61.1429 25.313
    endloop
  endfacet
  facet normal 1 -0 0
    outer loop
      vertex 57 -61.1936 25.6979
      vertex 57 -61.1744 25.4059
      vertex 57 -61.1744 25.7941
    endloop
  endfacet
  facet normal 1 0 0
    outer loop
      vertex 57 -61.1936 25.6979
      vertex 57 -61.1936 25.5021
      vertex 57 -61.1744 25.4059
    endloop
  endfacet
  facet normal 1 0 -0
    outer loop
      vertex 57 -61.1936 25.5021
      vertex 57 -61.1936 25.6979
      vertex 57 -61.2 25.6
    endloop
  endfacet
  facet normal 0 -0.980659 0.195724
    outer loop
      vertex 43 -61.1936 25.6979
      vertex 57 -61.1744 25.7941
      vertex 43 -61.1744 25.7941
    endloop
  endfacet
  facet normal 0 -0.980659 0.195724
    outer loop
      vertex 57 -61.1744 25.7941
      vertex 43 -61.1936 25.6979
      vertex 57 -61.1936 25.6979
    endloop
  endfacet
  facet normal 0 -0.195688 0.980666
    outer loop
      vertex 43 -60.6 26.3332
      vertex 57 -60.6441 26.3244
      vertex 57 -60.6 26.3332
    endloop
  endfacet
  facet normal 0 -0.195688 0.980666
    outer loop
      vertex 57 -60.6441 26.3244
      vertex 43 -60.6 26.3332
      vertex 43 -60.6441 26.3244
    endloop
  endfacet
  facet normal 0 -0.555406 0.83158
    outer loop
      vertex 43 -60.825 26.2495
      vertex 57 -60.9066 26.195
      vertex 57 -60.825 26.2495
    endloop
  endfacet
  facet normal 0 -0.555406 0.83158
    outer loop
      vertex 57 -60.9066 26.195
      vertex 43 -60.825 26.2495
      vertex 43 -60.9066 26.195
    endloop
  endfacet
  facet normal 0 -0.442315 0.89686
    outer loop
      vertex 43 -60.737 26.2929
      vertex 57 -60.825 26.2495
      vertex 57 -60.737 26.2929
    endloop
  endfacet
  facet normal 0 -0.442315 0.89686
    outer loop
      vertex 57 -60.825 26.2495
      vertex 43 -60.737 26.2929
      vertex 43 -60.825 26.2495
    endloop
  endfacet
  facet normal 0 -0.89686 0.442315
    outer loop
      vertex 43 -61.1429 25.887
      vertex 57 -61.0995 25.975
      vertex 43 -61.0995 25.975
    endloop
  endfacet
  facet normal 0 -0.89686 0.442315
    outer loop
      vertex 57 -61.0995 25.975
      vertex 43 -61.1429 25.887
      vertex 57 -61.1429 25.887
    endloop
  endfacet
  facet normal 0 0.555406 -0.83158
    outer loop
      vertex -57 60.825 24.9505
      vertex -43 60.9066 25.005
      vertex -43 60.825 24.9505
    endloop
  endfacet
  facet normal 0 0.555406 -0.83158
    outer loop
      vertex -43 60.9066 25.005
      vertex -57 60.825 24.9505
      vertex -57 60.9066 25.005
    endloop
  endfacet
  facet normal 0 0.980659 -0.195724
    outer loop
      vertex -43 61.1744 25.4059
      vertex -57 61.1936 25.5021
      vertex -43 61.1936 25.5021
    endloop
  endfacet
  facet normal 0 0.980659 -0.195724
    outer loop
      vertex -57 61.1936 25.5021
      vertex -43 61.1744 25.4059
      vertex -57 61.1744 25.4059
    endloop
  endfacet
  facet normal 0 0.89686 0.442315
    outer loop
      vertex -43 61.1429 25.887
      vertex -57 61.0995 25.975
      vertex -43 61.0995 25.975
    endloop
  endfacet
  facet normal 0 0.89686 0.442315
    outer loop
      vertex -57 61.0995 25.975
      vertex -43 61.1429 25.887
      vertex -57 61.1429 25.887
    endloop
  endfacet
  facet normal -0 0.442315 0.89686
    outer loop
      vertex -57 60.825 26.2495
      vertex -43 60.737 26.2929
      vertex -43 60.825 26.2495
    endloop
  endfacet
  facet normal 0 0.442315 0.89686
    outer loop
      vertex -43 60.737 26.2929
      vertex -57 60.825 26.2495
      vertex -57 60.737 26.2929
    endloop
  endfacet
  facet normal 0 0.195688 -0.980666
    outer loop
      vertex -57 60.6 24.8668
      vertex -43 60.6441 24.8756
      vertex -43 60.6 24.8668
    endloop
  endfacet
  facet normal 0 0.195688 -0.980666
    outer loop
      vertex -43 60.6441 24.8756
      vertex -57 60.6 24.8668
      vertex -57 60.6441 24.8756
    endloop
  endfacet
  facet normal 0 0.99787 -0.0652336
    outer loop
      vertex -43 61.1936 25.5021
      vertex -57 61.2 25.6
      vertex -43 61.2 25.6
    endloop
  endfacet
  facet normal 0 0.99787 -0.0652336
    outer loop
      vertex -57 61.2 25.6
      vertex -43 61.1936 25.5021
      vertex -57 61.1936 25.5021
    endloop
  endfacet
  facet normal 0 0.94704 -0.321117
    outer loop
      vertex -43 61.1429 25.313
      vertex -57 61.1744 25.4059
      vertex -43 61.1744 25.4059
    endloop
  endfacet
  facet normal 0 0.94704 -0.321117
    outer loop
      vertex -57 61.1744 25.4059
      vertex -43 61.1429 25.313
      vertex -57 61.1429 25.313
    endloop
  endfacet
  facet normal 0 0.83158 -0.555406
    outer loop
      vertex -43 61.045 25.1434
      vertex -57 61.0995 25.225
      vertex -43 61.0995 25.225
    endloop
  endfacet
  facet normal 0 0.83158 -0.555406
    outer loop
      vertex -57 61.0995 25.225
      vertex -43 61.045 25.1434
      vertex -57 61.045 25.1434
    endloop
  endfacet
  facet normal -0 0.195688 0.980666
    outer loop
      vertex -57 60.6441 26.3244
      vertex -43 60.6 26.3332
      vertex -43 60.6441 26.3244
    endloop
  endfacet
  facet normal 0 0.195688 0.980666
    outer loop
      vertex -43 60.6 26.3332
      vertex -57 60.6441 26.3244
      vertex -57 60.6 26.3332
    endloop
  endfacet
  facet normal -0 0.659731 0.751502
    outer loop
      vertex -57 60.9803 26.1303
      vertex -43 60.9066 26.195
      vertex -43 60.9803 26.1303
    endloop
  endfacet
  facet normal 0 0.659731 0.751502
    outer loop
      vertex -43 60.9066 26.195
      vertex -57 60.9803 26.1303
      vertex -57 60.9066 26.195
    endloop
  endfacet
  facet normal 0 0.83158 0.555406
    outer loop
      vertex -43 61.0995 25.975
      vertex -57 61.045 26.0566
      vertex -43 61.045 26.0566
    endloop
  endfacet
  facet normal 0 0.83158 0.555406
    outer loop
      vertex -57 61.045 26.0566
      vertex -43 61.0995 25.975
      vertex -57 61.0995 25.975
    endloop
  endfacet
  facet normal 0 0.980659 0.195724
    outer loop
      vertex -43 61.1936 25.6979
      vertex -57 61.1744 25.7941
      vertex -43 61.1744 25.7941
    endloop
  endfacet
  facet normal 0 0.980659 0.195724
    outer loop
      vertex -57 61.1744 25.7941
      vertex -43 61.1936 25.6979
      vertex -57 61.1936 25.6979
    endloop
  endfacet
  facet normal 0 0.751502 0.659731
    outer loop
      vertex -43 61.045 26.0566
      vertex -57 60.9803 26.1303
      vertex -43 60.9803 26.1303
    endloop
  endfacet
  facet normal 0 0.751502 0.659731
    outer loop
      vertex -57 60.9803 26.1303
      vertex -43 61.045 26.0566
      vertex -57 61.045 26.0566
    endloop
  endfacet
  facet normal 0 0.321117 -0.94704
    outer loop
      vertex -57 60.6441 24.8756
      vertex -43 60.737 24.9071
      vertex -43 60.6441 24.8756
    endloop
  endfacet
  facet normal 0 0.321117 -0.94704
    outer loop
      vertex -43 60.737 24.9071
      vertex -57 60.6441 24.8756
      vertex -57 60.737 24.9071
    endloop
  endfacet
  facet normal 0 0.751502 -0.659731
    outer loop
      vertex -43 60.9803 25.0697
      vertex -57 61.045 25.1434
      vertex -43 61.045 25.1434
    endloop
  endfacet
  facet normal 0 0.751502 -0.659731
    outer loop
      vertex -57 61.045 25.1434
      vertex -43 60.9803 25.0697
      vertex -57 60.9803 25.0697
    endloop
  endfacet
  facet normal 0 0.99787 0.0652336
    outer loop
      vertex -43 61.2 25.6
      vertex -57 61.1936 25.6979
      vertex -43 61.1936 25.6979
    endloop
  endfacet
  facet normal 0 0.99787 0.0652336
    outer loop
      vertex -57 61.1936 25.6979
      vertex -43 61.2 25.6
      vertex -57 61.2 25.6
    endloop
  endfacet
  facet normal 0 0.89686 -0.442315
    outer loop
      vertex -43 61.0995 25.225
      vertex -57 61.1429 25.313
      vertex -43 61.1429 25.313
    endloop
  endfacet
  facet normal 0 0.89686 -0.442315
    outer loop
      vertex -57 61.1429 25.313
      vertex -43 61.0995 25.225
      vertex -57 61.0995 25.225
    endloop
  endfacet
  facet normal -0 0.321117 0.94704
    outer loop
      vertex -57 60.737 26.2929
      vertex -43 60.6441 26.3244
      vertex -43 60.737 26.2929
    endloop
  endfacet
  facet normal 0 0.321117 0.94704
    outer loop
      vertex -43 60.6441 26.3244
      vertex -57 60.737 26.2929
      vertex -57 60.6441 26.3244
    endloop
  endfacet
  facet normal -0 0.555406 0.83158
    outer loop
      vertex -57 60.9066 26.195
      vertex -43 60.825 26.2495
      vertex -43 60.9066 26.195
    endloop
  endfacet
  facet normal 0 0.555406 0.83158
    outer loop
      vertex -43 60.825 26.2495
      vertex -57 60.9066 26.195
      vertex -57 60.825 26.2495
    endloop
  endfacet
  facet normal 0 0.94704 0.321117
    outer loop
      vertex -43 61.1744 25.7941
      vertex -57 61.1429 25.887
      vertex -43 61.1429 25.887
    endloop
  endfacet
  facet normal 0 0.94704 0.321117
    outer loop
      vertex -57 61.1429 25.887
      vertex -43 61.1744 25.7941
      vertex -57 61.1744 25.7941
    endloop
  endfacet
  facet normal 0 0.442315 -0.89686
    outer loop
      vertex -57 60.737 24.9071
      vertex -43 60.825 24.9505
      vertex -43 60.737 24.9071
    endloop
  endfacet
  facet normal 0 0.442315 -0.89686
    outer loop
      vertex -43 60.825 24.9505
      vertex -57 60.737 24.9071
      vertex -57 60.825 24.9505
    endloop
  endfacet
  facet normal 0 0.659731 -0.751502
    outer loop
      vertex -57 60.9066 25.005
      vertex -43 60.9803 25.0697
      vertex -43 60.9066 25.005
    endloop
  endfacet
  facet normal 0 0.659731 -0.751502
    outer loop
      vertex -43 60.9803 25.0697
      vertex -57 60.9066 25.005
      vertex -57 60.9803 25.0697
    endloop
  endfacet
  facet normal -1 0 0
    outer loop
      vertex -57 61.1936 25.5021
      vertex -57 61.1936 25.6979
      vertex -57 61.2 25.6
    endloop
  endfacet
  facet normal -1 0 0
    outer loop
      vertex -57 61.1744 25.4059
      vertex -57 61.1936 25.6979
      vertex -57 61.1936 25.5021
    endloop
  endfacet
  facet normal -1 0 0
    outer loop
      vertex -57 61.1744 25.4059
      vertex -57 61.1744 25.7941
      vertex -57 61.1936 25.6979
    endloop
  endfacet
  facet normal -1 0 0
    outer loop
      vertex -57 61.1429 25.313
      vertex -57 61.1744 25.7941
      vertex -57 61.1744 25.4059
    endloop
  endfacet
  facet normal -1 0 0
    outer loop
      vertex -57 61.1429 25.313
      vertex -57 61.1429 25.887
      vertex -57 61.1744 25.7941
    endloop
  endfacet
  facet normal -1 0 0
    outer loop
      vertex -57 61.0995 25.225
      vertex -57 61.1429 25.887
      vertex -57 61.1429 25.313
    endloop
  endfacet
  facet normal -1 0 0
    outer loop
      vertex -57 61.0995 25.225
      vertex -57 61.0995 25.975
      vertex -57 61.1429 25.887
    endloop
  endfacet
  facet normal -1 0 0
    outer loop
      vertex -57 61.045 25.1434
      vertex -57 61.0995 25.975
      vertex -57 61.0995 25.225
    endloop
  endfacet
  facet normal -1 0 0
    outer loop
      vertex -57 61.045 25.1434
      vertex -57 61.045 26.0566
      vertex -57 61.0995 25.975
    endloop
  endfacet
  facet normal -1 0 0
    outer loop
      vertex -57 60.9803 25.0697
      vertex -57 61.045 26.0566
      vertex -57 61.045 25.1434
    endloop
  endfacet
  facet normal -1 0 0
    outer loop
      vertex -57 60.9803 25.0697
      vertex -57 60.9803 26.1303
      vertex -57 61.045 26.0566
    endloop
  endfacet
  facet normal -1 0 0
    outer loop
      vertex -57 60.9066 25.005
      vertex -57 60.9803 26.1303
      vertex -57 60.9803 25.0697
    endloop
  endfacet
  facet normal -1 0 0
    outer loop
      vertex -57 60.9066 25.005
      vertex -57 60.9066 26.195
      vertex -57 60.9803 26.1303
    endloop
  endfacet
  facet normal -1 0 0
    outer loop
      vertex -57 60.825 24.9505
      vertex -57 60.9066 26.195
      vertex -57 60.9066 25.005
    endloop
  endfacet
  facet normal -1 0 0
    outer loop
      vertex -57 60.825 24.9505
      vertex -57 60.825 26.2495
      vertex -57 60.9066 26.195
    endloop
  endfacet
  facet normal -1 0 0
    outer loop
      vertex -57 60.6 24.8668
      vertex -57 60.825 24.9505
      vertex -57 60.737 24.9071
    endloop
  endfacet
  facet normal -1 -0 0
    outer loop
      vertex -57 60.825 24.9505
      vertex -57 60.6 24.8668
      vertex -57 60.825 26.2495
    endloop
  endfacet
  facet normal -1 0 0
    outer loop
      vertex -57 60.6 24.8668
      vertex -57 60.737 24.9071
      vertex -57 60.6441 24.8756
    endloop
  endfacet
  facet normal -1 0 0
    outer loop
      vertex -57 60.6 26.3332
      vertex -57 60.825 26.2495
      vertex -57 60.6 24.8668
    endloop
  endfacet
  facet normal -1 0 0
    outer loop
      vertex -57 60.825 26.2495
      vertex -57 60.6 26.3332
      vertex -57 60.737 26.2929
    endloop
  endfacet
  facet normal -1 0 0
    outer loop
      vertex -57 60.737 26.2929
      vertex -57 60.6 26.3332
      vertex -57 60.6441 26.3244
    endloop
  endfacet
  facet normal 1 0 0
    outer loop
      vertex -43 61.1936 25.6979
      vertex -43 61.1936 25.5021
      vertex -43 61.2 25.6
    endloop
  endfacet
  facet normal 1 0 0
    outer loop
      vertex -43 61.1744 25.7941
      vertex -43 61.1936 25.5021
      vertex -43 61.1936 25.6979
    endloop
  endfacet
  facet normal 1 0 0
    outer loop
      vertex -43 61.1744 25.7941
      vertex -43 61.1744 25.4059
      vertex -43 61.1936 25.5021
    endloop
  endfacet
  facet normal 1 0 0
    outer loop
      vertex -43 61.1429 25.887
      vertex -43 61.1744 25.4059
      vertex -43 61.1744 25.7941
    endloop
  endfacet
  facet normal 1 0 0
    outer loop
      vertex -43 61.1429 25.887
      vertex -43 61.1429 25.313
      vertex -43 61.1744 25.4059
    endloop
  endfacet
  facet normal 1 0 0
    outer loop
      vertex -43 61.0995 25.975
      vertex -43 61.1429 25.313
      vertex -43 61.1429 25.887
    endloop
  endfacet
  facet normal 1 0 0
    outer loop
      vertex -43 61.0995 25.975
      vertex -43 61.0995 25.225
      vertex -43 61.1429 25.313
    endloop
  endfacet
  facet normal 1 0 0
    outer loop
      vertex -43 61.045 26.0566
      vertex -43 61.0995 25.225
      vertex -43 61.0995 25.975
    endloop
  endfacet
  facet normal 1 0 0
    outer loop
      vertex -43 61.045 26.0566
      vertex -43 61.045 25.1434
      vertex -43 61.0995 25.225
    endloop
  endfacet
  facet normal 1 0 0
    outer loop
      vertex -43 60.9803 26.1303
      vertex -43 61.045 25.1434
      vertex -43 61.045 26.0566
    endloop
  endfacet
  facet normal 1 0 0
    outer loop
      vertex -43 60.9803 26.1303
      vertex -43 60.9803 25.0697
      vertex -43 61.045 25.1434
    endloop
  endfacet
  facet normal 1 0 0
    outer loop
      vertex -43 60.9066 26.195
      vertex -43 60.9803 25.0697
      vertex -43 60.9803 26.1303
    endloop
  endfacet
  facet normal 1 0 0
    outer loop
      vertex -43 60.9066 26.195
      vertex -43 60.9066 25.005
      vertex -43 60.9803 25.0697
    endloop
  endfacet
  facet normal 1 0 0
    outer loop
      vertex -43 60.825 26.2495
      vertex -43 60.9066 25.005
      vertex -43 60.9066 26.195
    endloop
  endfacet
  facet normal 1 0 0
    outer loop
      vertex -43 60.825 26.2495
      vertex -43 60.825 24.9505
      vertex -43 60.9066 25.005
    endloop
  endfacet
  facet normal 1 0 0
    outer loop
      vertex -43 60.6 26.3332
      vertex -43 60.825 26.2495
      vertex -43 60.737 26.2929
    endloop
  endfacet
  facet normal 1 0 0
    outer loop
      vertex -43 60.825 26.2495
      vertex -43 60.6 26.3332
      vertex -43 60.825 24.9505
    endloop
  endfacet
  facet normal 1 0 0
    outer loop
      vertex -43 60.6 26.3332
      vertex -43 60.737 26.2929
      vertex -43 60.6441 26.3244
    endloop
  endfacet
  facet normal 1 0 0
    outer loop
      vertex -43 60.6 24.8668
      vertex -43 60.825 24.9505
      vertex -43 60.6 26.3332
    endloop
  endfacet
  facet normal 1 0 0
    outer loop
      vertex -43 60.825 24.9505
      vertex -43 60.6 24.8668
      vertex -43 60.737 24.9071
    endloop
  endfacet
  facet normal 1 0 0
    outer loop
      vertex -43 60.737 24.9071
      vertex -43 60.6 24.8668
      vertex -43 60.6441 24.8756
    endloop
  endfacet
  facet normal 0 0.99787 0.0652336
    outer loop
      vertex 57 61.2 25.6
      vertex 43 61.1936 25.6979
      vertex 57 61.1936 25.6979
    endloop
  endfacet
  facet normal 0 0.99787 0.0652336
    outer loop
      vertex 43 61.1936 25.6979
      vertex 57 61.2 25.6
      vertex 43 61.2 25.6
    endloop
  endfacet
  facet normal 0 0.751502 0.659731
    outer loop
      vertex 57 61.045 26.0566
      vertex 43 60.9803 26.1303
      vertex 57 60.9803 26.1303
    endloop
  endfacet
  facet normal 0 0.751502 0.659731
    outer loop
      vertex 43 60.9803 26.1303
      vertex 57 61.045 26.0566
      vertex 43 61.045 26.0566
    endloop
  endfacet
  facet normal 0 0.89686 0.442315
    outer loop
      vertex 57 61.1429 25.887
      vertex 43 61.0995 25.975
      vertex 57 61.0995 25.975
    endloop
  endfacet
  facet normal 0 0.89686 0.442315
    outer loop
      vertex 43 61.0995 25.975
      vertex 57 61.1429 25.887
      vertex 43 61.1429 25.887
    endloop
  endfacet
  facet normal 0 0.195688 -0.980666
    outer loop
      vertex 43 60.6 24.8668
      vertex 57 60.6441 24.8756
      vertex 57 60.6 24.8668
    endloop
  endfacet
  facet normal 0 0.195688 -0.980666
    outer loop
      vertex 57 60.6441 24.8756
      vertex 43 60.6 24.8668
      vertex 43 60.6441 24.8756
    endloop
  endfacet
  facet normal 0 0.980659 -0.195724
    outer loop
      vertex 57 61.1744 25.4059
      vertex 43 61.1936 25.5021
      vertex 57 61.1936 25.5021
    endloop
  endfacet
  facet normal 0 0.980659 -0.195724
    outer loop
      vertex 43 61.1936 25.5021
      vertex 57 61.1744 25.4059
      vertex 43 61.1744 25.4059
    endloop
  endfacet
  facet normal 0 0.94704 -0.321117
    outer loop
      vertex 57 61.1429 25.313
      vertex 43 61.1744 25.4059
      vertex 57 61.1744 25.4059
    endloop
  endfacet
  facet normal 0 0.94704 -0.321117
    outer loop
      vertex 43 61.1744 25.4059
      vertex 57 61.1429 25.313
      vertex 43 61.1429 25.313
    endloop
  endfacet
  facet normal 0 0.83158 -0.555406
    outer loop
      vertex 57 61.045 25.1434
      vertex 43 61.0995 25.225
      vertex 57 61.0995 25.225
    endloop
  endfacet
  facet normal 0 0.83158 -0.555406
    outer loop
      vertex 43 61.0995 25.225
      vertex 57 61.045 25.1434
      vertex 43 61.045 25.1434
    endloop
  endfacet
  facet normal -0 0.555406 0.83158
    outer loop
      vertex 43 60.9066 26.195
      vertex 57 60.825 26.2495
      vertex 57 60.9066 26.195
    endloop
  endfacet
  facet normal 0 0.555406 0.83158
    outer loop
      vertex 57 60.825 26.2495
      vertex 43 60.9066 26.195
      vertex 43 60.825 26.2495
    endloop
  endfacet
  facet normal -0 0.659731 0.751502
    outer loop
      vertex 43 60.9803 26.1303
      vertex 57 60.9066 26.195
      vertex 57 60.9803 26.1303
    endloop
  endfacet
  facet normal 0 0.659731 0.751502
    outer loop
      vertex 57 60.9066 26.195
      vertex 43 60.9803 26.1303
      vertex 43 60.9066 26.195
    endloop
  endfacet
  facet normal -0 0.195688 0.980666
    outer loop
      vertex 43 60.6441 26.3244
      vertex 57 60.6 26.3332
      vertex 57 60.6441 26.3244
    endloop
  endfacet
  facet normal 0 0.195688 0.980666
    outer loop
      vertex 57 60.6 26.3332
      vertex 43 60.6441 26.3244
      vertex 43 60.6 26.3332
    endloop
  endfacet
  facet normal 0 0.83158 0.555406
    outer loop
      vertex 57 61.0995 25.975
      vertex 43 61.045 26.0566
      vertex 57 61.045 26.0566
    endloop
  endfacet
  facet normal 0 0.83158 0.555406
    outer loop
      vertex 43 61.045 26.0566
      vertex 57 61.0995 25.975
      vertex 43 61.0995 25.975
    endloop
  endfacet
  facet normal 0 0.980659 0.195724
    outer loop
      vertex 57 61.1936 25.6979
      vertex 43 61.1744 25.7941
      vertex 57 61.1744 25.7941
    endloop
  endfacet
  facet normal 0 0.980659 0.195724
    outer loop
      vertex 43 61.1744 25.7941
      vertex 57 61.1936 25.6979
      vertex 43 61.1936 25.6979
    endloop
  endfacet
  facet normal 0 0.321117 -0.94704
    outer loop
      vertex 43 60.6441 24.8756
      vertex 57 60.737 24.9071
      vertex 57 60.6441 24.8756
    endloop
  endfacet
  facet normal 0 0.321117 -0.94704
    outer loop
      vertex 57 60.737 24.9071
      vertex 43 60.6441 24.8756
      vertex 43 60.737 24.9071
    endloop
  endfacet
  facet normal 0 0.751502 -0.659731
    outer loop
      vertex 57 60.9803 25.0697
      vertex 43 61.045 25.1434
      vertex 57 61.045 25.1434
    endloop
  endfacet
  facet normal 0 0.751502 -0.659731
    outer loop
      vertex 43 61.045 25.1434
      vertex 57 60.9803 25.0697
      vertex 43 60.9803 25.0697
    endloop
  endfacet
  facet normal 0 0.555406 -0.83158
    outer loop
      vertex 43 60.825 24.9505
      vertex 57 60.9066 25.005
      vertex 57 60.825 24.9505
    endloop
  endfacet
  facet normal 0 0.555406 -0.83158
    outer loop
      vertex 57 60.9066 25.005
      vertex 43 60.825 24.9505
      vertex 43 60.9066 25.005
    endloop
  endfacet
  facet normal 0 0.99787 -0.0652336
    outer loop
      vertex 57 61.1936 25.5021
      vertex 43 61.2 25.6
      vertex 57 61.2 25.6
    endloop
  endfacet
  facet normal 0 0.99787 -0.0652336
    outer loop
      vertex 43 61.2 25.6
      vertex 57 61.1936 25.5021
      vertex 43 61.1936 25.5021
    endloop
  endfacet
  facet normal 0 0.89686 -0.442315
    outer loop
      vertex 57 61.0995 25.225
      vertex 43 61.1429 25.313
      vertex 57 61.1429 25.313
    endloop
  endfacet
  facet normal 0 0.89686 -0.442315
    outer loop
      vertex 43 61.1429 25.313
      vertex 57 61.0995 25.225
      vertex 43 61.0995 25.225
    endloop
  endfacet
  facet normal -0 0.442315 0.89686
    outer loop
      vertex 43 60.825 26.2495
      vertex 57 60.737 26.2929
      vertex 57 60.825 26.2495
    endloop
  endfacet
  facet normal 0 0.442315 0.89686
    outer loop
      vertex 57 60.737 26.2929
      vertex 43 60.825 26.2495
      vertex 43 60.737 26.2929
    endloop
  endfacet
  facet normal -0 0.321117 0.94704
    outer loop
      vertex 43 60.737 26.2929
      vertex 57 60.6441 26.3244
      vertex 57 60.737 26.2929
    endloop
  endfacet
  facet normal 0 0.321117 0.94704
    outer loop
      vertex 57 60.6441 26.3244
      vertex 43 60.737 26.2929
      vertex 43 60.6441 26.3244
    endloop
  endfacet
  facet normal 0 0.442315 -0.89686
    outer loop
      vertex 43 60.737 24.9071
      vertex 57 60.825 24.9505
      vertex 57 60.737 24.9071
    endloop
  endfacet
  facet normal 0 0.442315 -0.89686
    outer loop
      vertex 57 60.825 24.9505
      vertex 43 60.737 24.9071
      vertex 43 60.825 24.9505
    endloop
  endfacet
  facet normal 0 0.659731 -0.751502
    outer loop
      vertex 43 60.9066 25.005
      vertex 57 60.9803 25.0697
      vertex 57 60.9066 25.005
    endloop
  endfacet
  facet normal 0 0.659731 -0.751502
    outer loop
      vertex 57 60.9803 25.0697
      vertex 43 60.9066 25.005
      vertex 43 60.9803 25.0697
    endloop
  endfacet
  facet normal 0 0.94704 0.321117
    outer loop
      vertex 57 61.1744 25.7941
      vertex 43 61.1429 25.887
      vertex 57 61.1429 25.887
    endloop
  endfacet
  facet normal 0 0.94704 0.321117
    outer loop
      vertex 43 61.1429 25.887
      vertex 57 61.1744 25.7941
      vertex 43 61.1744 25.7941
    endloop
  endfacet
  facet normal -1 0 0
    outer loop
      vertex 43 61.1936 25.5021
      vertex 43 61.1936 25.6979
      vertex 43 61.2 25.6
    endloop
  endfacet
  facet normal -1 0 0
    outer loop
      vertex 43 61.1744 25.4059
      vertex 43 61.1936 25.6979
      vertex 43 61.1936 25.5021
    endloop
  endfacet
  facet normal -1 0 0
    outer loop
      vertex 43 61.1744 25.4059
      vertex 43 61.1744 25.7941
      vertex 43 61.1936 25.6979
    endloop
  endfacet
  facet normal -1 0 0
    outer loop
      vertex 43 61.1429 25.313
      vertex 43 61.1744 25.7941
      vertex 43 61.1744 25.4059
    endloop
  endfacet
  facet normal -1 0 0
    outer loop
      vertex 43 61.1429 25.313
      vertex 43 61.1429 25.887
      vertex 43 61.1744 25.7941
    endloop
  endfacet
  facet normal -1 0 0
    outer loop
      vertex 43 61.0995 25.225
      vertex 43 61.1429 25.887
      vertex 43 61.1429 25.313
    endloop
  endfacet
  facet normal -1 0 0
    outer loop
      vertex 43 61.0995 25.225
      vertex 43 61.0995 25.975
      vertex 43 61.1429 25.887
    endloop
  endfacet
  facet normal -1 0 0
    outer loop
      vertex 43 61.045 25.1434
      vertex 43 61.0995 25.975
      vertex 43 61.0995 25.225
    endloop
  endfacet
  facet normal -1 0 0
    outer loop
      vertex 43 61.045 25.1434
      vertex 43 61.045 26.0566
      vertex 43 61.0995 25.975
    endloop
  endfacet
  facet normal -1 0 0
    outer loop
      vertex 43 60.9803 25.0697
      vertex 43 61.045 26.0566
      vertex 43 61.045 25.1434
    endloop
  endfacet
  facet normal -1 0 0
    outer loop
      vertex 43 60.9803 25.0697
      vertex 43 60.9803 26.1303
      vertex 43 61.045 26.0566
    endloop
  endfacet
  facet normal -1 0 0
    outer loop
      vertex 43 60.9066 25.005
      vertex 43 60.9803 26.1303
      vertex 43 60.9803 25.0697
    endloop
  endfacet
  facet normal -1 0 0
    outer loop
      vertex 43 60.9066 25.005
      vertex 43 60.9066 26.195
      vertex 43 60.9803 26.1303
    endloop
  endfacet
  facet normal -1 0 0
    outer loop
      vertex 43 60.825 24.9505
      vertex 43 60.9066 26.195
      vertex 43 60.9066 25.005
    endloop
  endfacet
  facet normal -1 0 0
    outer loop
      vertex 43 60.825 24.9505
      vertex 43 60.825 26.2495
      vertex 43 60.9066 26.195
    endloop
  endfacet
  facet normal -1 0 0
    outer loop
      vertex 43 60.6 24.8668
      vertex 43 60.825 24.9505
      vertex 43 60.737 24.9071
    endloop
  endfacet
  facet normal -1 -0 0
    outer loop
      vertex 43 60.825 24.9505
      vertex 43 60.6 24.8668
      vertex 43 60.825 26.2495
    endloop
  endfacet
  facet normal -1 0 0
    outer loop
      vertex 43 60.6 24.8668
      vertex 43 60.737 24.9071
      vertex 43 60.6441 24.8756
    endloop
  endfacet
  facet normal -1 0 0
    outer loop
      vertex 43 60.6 26.3332
      vertex 43 60.825 26.2495
      vertex 43 60.6 24.8668
    endloop
  endfacet
  facet normal -1 0 0
    outer loop
      vertex 43 60.825 26.2495
      vertex 43 60.6 26.3332
      vertex 43 60.737 26.2929
    endloop
  endfacet
  facet normal -1 0 0
    outer loop
      vertex 43 60.737 26.2929
      vertex 43 60.6 26.3332
      vertex 43 60.6441 26.3244
    endloop
  endfacet
  facet normal 1 0 0
    outer loop
      vertex 57 61.1936 25.6979
      vertex 57 61.1936 25.5021
      vertex 57 61.2 25.6
    endloop
  endfacet
  facet normal 1 0 0
    outer loop
      vertex 57 61.1744 25.7941
      vertex 57 61.1936 25.5021
      vertex 57 61.1936 25.6979
    endloop
  endfacet
  facet normal 1 0 0
    outer loop
      vertex 57 61.1744 25.7941
      vertex 57 61.1744 25.4059
      vertex 57 61.1936 25.5021
    endloop
  endfacet
  facet normal 1 0 0
    outer loop
      vertex 57 61.1429 25.887
      vertex 57 61.1744 25.4059
      vertex 57 61.1744 25.7941
    endloop
  endfacet
  facet normal 1 0 0
    outer loop
      vertex 57 61.1429 25.887
      vertex 57 61.1429 25.313
      vertex 57 61.1744 25.4059
    endloop
  endfacet
  facet normal 1 0 0
    outer loop
      vertex 57 61.0995 25.975
      vertex 57 61.1429 25.313
      vertex 57 61.1429 25.887
    endloop
  endfacet
  facet normal 1 0 0
    outer loop
      vertex 57 61.0995 25.975
      vertex 57 61.0995 25.225
      vertex 57 61.1429 25.313
    endloop
  endfacet
  facet normal 1 0 0
    outer loop
      vertex 57 61.045 26.0566
      vertex 57 61.0995 25.225
      vertex 57 61.0995 25.975
    endloop
  endfacet
  facet normal 1 0 0
    outer loop
      vertex 57 61.045 26.0566
      vertex 57 61.045 25.1434
      vertex 57 61.0995 25.225
    endloop
  endfacet
  facet normal 1 0 0
    outer loop
      vertex 57 60.9803 26.1303
      vertex 57 61.045 25.1434
      vertex 57 61.045 26.0566
    endloop
  endfacet
  facet normal 1 0 0
    outer loop
      vertex 57 60.9803 26.1303
      vertex 57 60.9803 25.0697
      vertex 57 61.045 25.1434
    endloop
  endfacet
  facet normal 1 0 0
    outer loop
      vertex 57 60.9066 26.195
      vertex 57 60.9803 25.0697
      vertex 57 60.9803 26.1303
    endloop
  endfacet
  facet normal 1 0 0
    outer loop
      vertex 57 60.9066 26.195
      vertex 57 60.9066 25.005
      vertex 57 60.9803 25.0697
    endloop
  endfacet
  facet normal 1 0 0
    outer loop
      vertex 57 60.825 26.2495
      vertex 57 60.9066 25.005
      vertex 57 60.9066 26.195
    endloop
  endfacet
  facet normal 1 0 0
    outer loop
      vertex 57 60.825 26.2495
      vertex 57 60.825 24.9505
      vertex 57 60.9066 25.005
    endloop
  endfacet
  facet normal 1 0 0
    outer loop
      vertex 57 60.6 26.3332
      vertex 57 60.825 26.2495
      vertex 57 60.737 26.2929
    endloop
  endfacet
  facet normal 1 0 0
    outer loop
      vertex 57 60.825 26.2495
      vertex 57 60.6 26.3332
      vertex 57 60.825 24.9505
    endloop
  endfacet
  facet normal 1 0 0
    outer loop
      vertex 57 60.6 26.3332
      vertex 57 60.737 26.2929
      vertex 57 60.6441 26.3244
    endloop
  endfacet
  facet normal 1 0 0
    outer loop
      vertex 57 60.6 24.8668
      vertex 57 60.825 24.9505
      vertex 57 60.6 26.3332
    endloop
  endfacet
  facet normal 1 0 0
    outer loop
      vertex 57 60.825 24.9505
      vertex 57 60.6 24.8668
      vertex 57 60.737 24.9071
    endloop
  endfacet
  facet normal 1 0 0
    outer loop
      vertex 57 60.737 24.9071
      vertex 57 60.6 24.8668
      vertex 57 60.6441 24.8756
    endloop
  endfacet
  facet normal -0 0 -1
    outer loop
      vertex -62.25 17.5971 0
      vertex -62.5872 17.3718 0
      vertex -62.25 26 0
    endloop
  endfacet
  facet normal 0 0 -1
    outer loop
      vertex -14.2393 29.0868 0
      vertex -18.2607 29.0868 0
      vertex -18.25 29.25 0
    endloop
  endfacet
  facet normal 0 0 -1
    outer loop
      vertex -17.8284 -7.17157 0
      vertex -18.2926 28.9265 0
      vertex -18.2607 29.0868 0
    endloop
  endfacet
  facet normal 0 0 -1
    outer loop
      vertex -17.8284 -7.17157 0
      vertex -18.3451 28.7716 0
      vertex -18.2926 28.9265 0
    endloop
  endfacet
  facet normal 0 0 -1
    outer loop
      vertex -17.8284 -7.17157 0
      vertex -18.4175 28.625 0
      vertex -18.3451 28.7716 0
    endloop
  endfacet
  facet normal 0 0 -1
    outer loop
      vertex -56.0735 12.3736 0
      vertex -18.1734 -7.56495 0
      vertex -18.4641 -8 0
    endloop
  endfacet
  facet normal 0 0 -1
    outer loop
      vertex -17.8284 -7.17157 0
      vertex -18.5083 28.489 0
      vertex -18.4175 28.625 0
    endloop
  endfacet
  facet normal 0 0 -1
    outer loop
      vertex -17.8284 -7.17157 0
      vertex -18.6161 28.3661 0
      vertex -18.5083 28.489 0
    endloop
  endfacet
  facet normal 0 0 -1
    outer loop
      vertex -56.3194 11.875 0
      vertex -18.4641 -8 0
      vertex -18.6955 -8.46927 0
    endloop
  endfacet
  facet normal 0 0 -1
    outer loop
      vertex -17.8284 -7.17157 0
      vertex -18.739 28.2583 0
      vertex -18.6161 28.3661 0
    endloop
  endfacet
  facet normal 0 0 -1
    outer loop
      vertex -56.6283 11.4128 0
      vertex -18.6955 -8.46927 0
      vertex -18.8637 -8.96472 0
    endloop
  endfacet
  facet normal 0 0 -1
    outer loop
      vertex -17.8284 -7.17157 0
      vertex -18.875 28.1675 0
      vertex -18.739 28.2583 0
    endloop
  endfacet
  facet normal 0 0 -1
    outer loop
      vertex -56.9948 10.9948 0
      vertex -18.8637 -8.96472 0
      vertex -18.9658 -9.47789 0
    endloop
  endfacet
  facet normal 0 0 -1
    outer loop
      vertex -57.4128 10.6282 0
      vertex -18.9658 -9.47789 0
      vertex -19 -10 0
    endloop
  endfacet
  facet normal 0 0 -1
    outer loop
      vertex -17.8284 -7.17157 0
      vertex -19.0216 28.0951 0
      vertex -18.875 28.1675 0
    endloop
  endfacet
  facet normal 0 0 -1
    outer loop
      vertex 18.2607 29.0868 0
      vertex 14.2393 29.0868 0
      vertex 14.25 29.25 0
    endloop
  endfacet
  facet normal 0 0 -1
    outer loop
      vertex 19.0216 28.0951 0
      vertex 14.2074 28.9265 0
      vertex 14.2393 29.0868 0
    endloop
  endfacet
  facet normal 0 0 -1
    outer loop
      vertex 19.0216 28.0951 0
      vertex 14.1548 28.7716 0
      vertex 14.2074 28.9265 0
    endloop
  endfacet
  facet normal 0 0 -1
    outer loop
      vertex 19.0216 28.0951 0
      vertex 14.0825 28.625 0
      vertex 14.1548 28.7716 0
    endloop
  endfacet
  facet normal 0 0 -1
    outer loop
      vertex 19.0216 28.0951 0
      vertex 13.9917 28.489 0
      vertex 14.0825 28.625 0
    endloop
  endfacet
  facet normal 0 0 -1
    outer loop
      vertex 19.0216 28.0951 0
      vertex 13.8839 28.3661 0
      vertex 13.9917 28.489 0
    endloop
  endfacet
  facet normal 0 0 -1
    outer loop
      vertex 19.0216 28.0951 0
      vertex 13.761 28.2583 0
      vertex 13.8839 28.3661 0
    endloop
  endfacet
  facet normal 0 0 -1
    outer loop
      vertex 19.0216 28.0951 0
      vertex 13.625 28.1675 0
      vertex 13.761 28.2583 0
    endloop
  endfacet
  facet normal 0 0 -1
    outer loop
      vertex 19.0216 28.0951 0
      vertex 13.4784 28.0951 0
      vertex 13.625 28.1675 0
    endloop
  endfacet
  facet normal -0 0 -1
    outer loop
      vertex 19.0216 28.0951 0
      vertex 13.3235 28.0426 0
      vertex 13.4784 28.0951 0
    endloop
  endfacet
  facet normal 0 0 -1
    outer loop
      vertex 19.1765 28.0426 0
      vertex 13.3235 28.0426 0
      vertex 19.0216 28.0951 0
    endloop
  endfacet
  facet normal 0 0 -1
    outer loop
      vertex 15 -6 0
      vertex 13 28 0
      vertex 13.1632 28.0107 0
    endloop
  endfacet
  facet normal 0 0 -1
    outer loop
      vertex 15 -6 0
      vertex 12.8368 28.0107 0
      vertex 13 28 0
    endloop
  endfacet
  facet normal 0 0 -1
    outer loop
      vertex 6.66316 28.0107 0
      vertex 12.8368 28.0107 0
      vertex 15 -6 0
    endloop
  endfacet
  facet normal 0 0 -1
    outer loop
      vertex 12.8368 28.0107 0
      vertex 6.66316 28.0107 0
      vertex 12.6765 28.0426 0
    endloop
  endfacet
  facet normal 0 -0 -1
    outer loop
      vertex 6.82352 28.0426 0
      vertex 12.6765 28.0426 0
      vertex 6.66316 28.0107 0
    endloop
  endfacet
  facet normal 0 0 -1
    outer loop
      vertex 12.6765 28.0426 0
      vertex 6.82352 28.0426 0
      vertex 12.5216 28.0951 0
    endloop
  endfacet
  facet normal 0 0 -1
    outer loop
      vertex 12.5216 28.0951 0
      vertex 6.97835 28.0951 0
      vertex 12.375 28.1675 0
    endloop
  endfacet
  facet normal 0 -0 -1
    outer loop
      vertex 7.125 28.1675 0
      vertex 12.375 28.1675 0
      vertex 6.97835 28.0951 0
    endloop
  endfacet
  facet normal 0 0 -1
    outer loop
      vertex 12.375 28.1675 0
      vertex 7.125 28.1675 0
      vertex 12.239 28.2583 0
    endloop
  endfacet
  facet normal 0 -0 -1
    outer loop
      vertex 7.26095 28.2583 0
      vertex 12.239 28.2583 0
      vertex 7.125 28.1675 0
    endloop
  endfacet
  facet normal 0 0 -1
    outer loop
      vertex 12.239 28.2583 0
      vertex 7.26095 28.2583 0
      vertex 12.1161 28.3661 0
    endloop
  endfacet
  facet normal 0 -0 -1
    outer loop
      vertex 7.38388 28.3661 0
      vertex 12.1161 28.3661 0
      vertex 7.26095 28.2583 0
    endloop
  endfacet
  facet normal 0 0 -1
    outer loop
      vertex 11.75 29.25 0
      vertex 7.75 29.25 0
      vertex 11.75 46.75 0
    endloop
  endfacet
  facet normal 0 0 -1
    outer loop
      vertex 11.7607 29.0868 0
      vertex 7.75 29.25 0
      vertex 11.75 29.25 0
    endloop
  endfacet
  facet normal 0 -0 -1
    outer loop
      vertex 7.49169 28.489 0
      vertex 12.0083 28.489 0
      vertex 7.38388 28.3661 0
    endloop
  endfacet
  facet normal 0 0 -1
    outer loop
      vertex 11.7607 29.0868 0
      vertex 7.73931 29.0868 0
      vertex 7.75 29.25 0
    endloop
  endfacet
  facet normal -0 0 -1
    outer loop
      vertex 11.7607 29.0868 0
      vertex 7.70741 28.9265 0
      vertex 7.73931 29.0868 0
    endloop
  endfacet
  facet normal 0 0 -1
    outer loop
      vertex 11.7926 28.9265 0
      vertex 7.70741 28.9265 0
      vertex 11.7607 29.0868 0
    endloop
  endfacet
  facet normal 0 -0 -1
    outer loop
      vertex 7.70741 28.9265 0
      vertex 11.7926 28.9265 0
      vertex 7.65485 28.7716 0
    endloop
  endfacet
  facet normal 0 0 -1
    outer loop
      vertex 11.8451 28.7716 0
      vertex 7.65485 28.7716 0
      vertex 11.7926 28.9265 0
    endloop
  endfacet
  facet normal 0 -0 -1
    outer loop
      vertex 7.65485 28.7716 0
      vertex 11.8451 28.7716 0
      vertex 7.58253 28.625 0
    endloop
  endfacet
  facet normal 0 0 -1
    outer loop
      vertex 11.9175 28.625 0
      vertex 7.58253 28.625 0
      vertex 11.8451 28.7716 0
    endloop
  endfacet
  facet normal 0 -0 -1
    outer loop
      vertex 7.58253 28.625 0
      vertex 11.9175 28.625 0
      vertex 7.49169 28.489 0
    endloop
  endfacet
  facet normal 0 0 -1
    outer loop
      vertex 12.0083 28.489 0
      vertex 7.49169 28.489 0
      vertex 11.9175 28.625 0
    endloop
  endfacet
  facet normal 0 0 -1
    outer loop
      vertex 12.1161 28.3661 0
      vertex 7.38388 28.3661 0
      vertex 12.0083 28.489 0
    endloop
  endfacet
  facet normal 0 -0 -1
    outer loop
      vertex 6.97835 28.0951 0
      vertex 12.5216 28.0951 0
      vertex 6.82352 28.0426 0
    endloop
  endfacet
  facet normal 0 0 -1
    outer loop
      vertex 15 -6 0
      vertex 6.5 28 0
      vertex 6.66316 28.0107 0
    endloop
  endfacet
  facet normal 0 0 -1
    outer loop
      vertex 15 -6 0
      vertex 6.33684 28.0107 0
      vertex 6.5 28 0
    endloop
  endfacet
  facet normal 0 0 -1
    outer loop
      vertex 0.163157 28.0107 0
      vertex 6.33684 28.0107 0
      vertex 15 -6 0
    endloop
  endfacet
  facet normal 0 0 -1
    outer loop
      vertex 6.33684 28.0107 0
      vertex 0.163157 28.0107 0
      vertex 6.17648 28.0426 0
    endloop
  endfacet
  facet normal 0 -0 -1
    outer loop
      vertex 0.323524 28.0426 0
      vertex 6.17648 28.0426 0
      vertex 0.163157 28.0107 0
    endloop
  endfacet
  facet normal 0 0 -1
    outer loop
      vertex 6.17648 28.0426 0
      vertex 0.323524 28.0426 0
      vertex 6.02165 28.0951 0
    endloop
  endfacet
  facet normal 0 0 -1
    outer loop
      vertex 6.02165 28.0951 0
      vertex 0.478354 28.0951 0
      vertex 5.875 28.1675 0
    endloop
  endfacet
  facet normal 0 -0 -1
    outer loop
      vertex 0.625 28.1675 0
      vertex 5.875 28.1675 0
      vertex 0.478354 28.0951 0
    endloop
  endfacet
  facet normal 0 0 -1
    outer loop
      vertex 5.875 28.1675 0
      vertex 0.625 28.1675 0
      vertex 5.73905 28.2583 0
    endloop
  endfacet
  facet normal 0 -0 -1
    outer loop
      vertex 0.760951 28.2583 0
      vertex 5.73905 28.2583 0
      vertex 0.625 28.1675 0
    endloop
  endfacet
  facet normal 0 0 -1
    outer loop
      vertex 5.73905 28.2583 0
      vertex 0.760951 28.2583 0
      vertex 5.61612 28.3661 0
    endloop
  endfacet
  facet normal 0 0 -1
    outer loop
      vertex 5.25 29.25 0
      vertex 1.25 29.25 0
      vertex 5.25 46.75 0
    endloop
  endfacet
  facet normal 0 0 -1
    outer loop
      vertex 5.26069 29.0868 0
      vertex 1.25 29.25 0
      vertex 5.25 29.25 0
    endloop
  endfacet
  facet normal 0 0 -1
    outer loop
      vertex 1.23931 29.0868 0
      vertex 5.26069 29.0868 0
      vertex 5.29259 28.9265 0
    endloop
  endfacet
  facet normal 0 -0 -1
    outer loop
      vertex 0.883883 28.3661 0
      vertex 5.61612 28.3661 0
      vertex 0.760951 28.2583 0
    endloop
  endfacet
  facet normal 0 0 -1
    outer loop
      vertex 5.26069 29.0868 0
      vertex 1.23931 29.0868 0
      vertex 1.25 29.25 0
    endloop
  endfacet
  facet normal 0 0 -1
    outer loop
      vertex 5.29259 28.9265 0
      vertex 1.20741 28.9265 0
      vertex 1.23931 29.0868 0
    endloop
  endfacet
  facet normal -0 0 -1
    outer loop
      vertex 5.29259 28.9265 0
      vertex 1.15485 28.7716 0
      vertex 1.20741 28.9265 0
    endloop
  endfacet
  facet normal 0 0 -1
    outer loop
      vertex 5.34515 28.7716 0
      vertex 1.15485 28.7716 0
      vertex 5.29259 28.9265 0
    endloop
  endfacet
  facet normal 0 -0 -1
    outer loop
      vertex 1.15485 28.7716 0
      vertex 5.34515 28.7716 0
      vertex 1.08253 28.625 0
    endloop
  endfacet
  facet normal 0 0 -1
    outer loop
      vertex 5.41747 28.625 0
      vertex 1.08253 28.625 0
      vertex 5.34515 28.7716 0
    endloop
  endfacet
  facet normal 0 -0 -1
    outer loop
      vertex 1.08253 28.625 0
      vertex 5.41747 28.625 0
      vertex 0.991692 28.489 0
    endloop
  endfacet
  facet normal 0 0 -1
    outer loop
      vertex 5.50831 28.489 0
      vertex 0.991692 28.489 0
      vertex 5.41747 28.625 0
    endloop
  endfacet
  facet normal 0 -0 -1
    outer loop
      vertex 0.991692 28.489 0
      vertex 5.50831 28.489 0
      vertex 0.883883 28.3661 0
    endloop
  endfacet
  facet normal 0 0 -1
    outer loop
      vertex 5.61612 28.3661 0
      vertex 0.883883 28.3661 0
      vertex 5.50831 28.489 0
    endloop
  endfacet
  facet normal 0 -0 -1
    outer loop
      vertex 0.478354 28.0951 0
      vertex 6.02165 28.0951 0
      vertex 0.323524 28.0426 0
    endloop
  endfacet
  facet normal 0 0 -1
    outer loop
      vertex 15 -6 0
      vertex 0 28 0
      vertex 0.163157 28.0107 0
    endloop
  endfacet
  facet normal 0 0 -1
    outer loop
      vertex -15 -6 0
      vertex 0 28 0
      vertex 15 -6 0
    endloop
  endfacet
  facet normal -0 0 -1
    outer loop
      vertex 0 28 0
      vertex -15 -6 0
      vertex -0.163157 28.0107 0
    endloop
  endfacet
  facet normal 0 -0 -1
    outer loop
      vertex -6.33684 28.0107 0
      vertex -0.163157 28.0107 0
      vertex -15 -6 0
    endloop
  endfacet
  facet normal 0 0 -1
    outer loop
      vertex -0.163157 28.0107 0
      vertex -6.33684 28.0107 0
      vertex -0.323524 28.0426 0
    endloop
  endfacet
  facet normal 0 -0 -1
    outer loop
      vertex -6.17648 28.0426 0
      vertex -0.323524 28.0426 0
      vertex -6.33684 28.0107 0
    endloop
  endfacet
  facet normal 0 0 -1
    outer loop
      vertex -0.323524 28.0426 0
      vertex -6.17648 28.0426 0
      vertex -0.478354 28.0951 0
    endloop
  endfacet
  facet normal 0 -0 -1
    outer loop
      vertex -6.02165 28.0951 0
      vertex -0.478354 28.0951 0
      vertex -6.17648 28.0426 0
    endloop
  endfacet
  facet normal 0 -0 -1
    outer loop
      vertex -5.875 28.1675 0
      vertex -0.625 28.1675 0
      vertex -6.02165 28.0951 0
    endloop
  endfacet
  facet normal 0 0 -1
    outer loop
      vertex -0.625 28.1675 0
      vertex -5.875 28.1675 0
      vertex -0.760951 28.2583 0
    endloop
  endfacet
  facet normal 0 0 -1
    outer loop
      vertex -1.25 29.25 0
      vertex -5.25 29.25 0
      vertex -1.25 46.75 0
    endloop
  endfacet
  facet normal 0 0 -1
    outer loop
      vertex -1.23931 29.0868 0
      vertex -5.25 29.25 0
      vertex -1.25 29.25 0
    endloop
  endfacet
  facet normal 0 0 -1
    outer loop
      vertex -5.26069 29.0868 0
      vertex -1.23931 29.0868 0
      vertex -1.20741 28.9265 0
    endloop
  endfacet
  facet normal 0 0 -1
    outer loop
      vertex -5.29259 28.9265 0
      vertex -1.20741 28.9265 0
      vertex -1.15485 28.7716 0
    endloop
  endfacet
  facet normal 0 -0 -1
    outer loop
      vertex -5.73905 28.2583 0
      vertex -0.760951 28.2583 0
      vertex -5.875 28.1675 0
    endloop
  endfacet
  facet normal 0 0 -1
    outer loop
      vertex -1.23931 29.0868 0
      vertex -5.26069 29.0868 0
      vertex -5.25 29.25 0
    endloop
  endfacet
  facet normal 0 0 -1
    outer loop
      vertex -1.20741 28.9265 0
      vertex -5.29259 28.9265 0
      vertex -5.26069 29.0868 0
    endloop
  endfacet
  facet normal 0 0 -1
    outer loop
      vertex -1.15485 28.7716 0
      vertex -5.34515 28.7716 0
      vertex -5.29259 28.9265 0
    endloop
  endfacet
  facet normal -0 0 -1
    outer loop
      vertex -1.15485 28.7716 0
      vertex -5.41747 28.625 0
      vertex -5.34515 28.7716 0
    endloop
  endfacet
  facet normal 0 0 -1
    outer loop
      vertex -1.08253 28.625 0
      vertex -5.41747 28.625 0
      vertex -1.15485 28.7716 0
    endloop
  endfacet
  facet normal 0 -0 -1
    outer loop
      vertex -5.41747 28.625 0
      vertex -1.08253 28.625 0
      vertex -5.50831 28.489 0
    endloop
  endfacet
  facet normal 0 0 -1
    outer loop
      vertex -0.991692 28.489 0
      vertex -5.50831 28.489 0
      vertex -1.08253 28.625 0
    endloop
  endfacet
  facet normal 0 -0 -1
    outer loop
      vertex -5.50831 28.489 0
      vertex -0.991692 28.489 0
      vertex -5.61612 28.3661 0
    endloop
  endfacet
  facet normal 0 0 -1
    outer loop
      vertex -0.883883 28.3661 0
      vertex -5.61612 28.3661 0
      vertex -0.991692 28.489 0
    endloop
  endfacet
  facet normal 0 -0 -1
    outer loop
      vertex -5.61612 28.3661 0
      vertex -0.883883 28.3661 0
      vertex -5.73905 28.2583 0
    endloop
  endfacet
  facet normal 0 0 -1
    outer loop
      vertex -0.760951 28.2583 0
      vertex -5.73905 28.2583 0
      vertex -0.883883 28.3661 0
    endloop
  endfacet
  facet normal 0 0 -1
    outer loop
      vertex -0.478354 28.0951 0
      vertex -6.02165 28.0951 0
      vertex -0.625 28.1675 0
    endloop
  endfacet
  facet normal 0 0 -1
    outer loop
      vertex -6.33684 28.0107 0
      vertex -15 -6 0
      vertex -6.5 28 0
    endloop
  endfacet
  facet normal -0 0 -1
    outer loop
      vertex -6.5 28 0
      vertex -15 -6 0
      vertex -6.66316 28.0107 0
    endloop
  endfacet
  facet normal 0 -0 -1
    outer loop
      vertex -12.8368 28.0107 0
      vertex -6.66316 28.0107 0
      vertex -15 -6 0
    endloop
  endfacet
  facet normal 0 0 -1
    outer loop
      vertex -6.66316 28.0107 0
      vertex -12.8368 28.0107 0
      vertex -6.82352 28.0426 0
    endloop
  endfacet
  facet normal 0 -0 -1
    outer loop
      vertex -12.6765 28.0426 0
      vertex -6.82352 28.0426 0
      vertex -12.8368 28.0107 0
    endloop
  endfacet
  facet normal 0 0 -1
    outer loop
      vertex -6.82352 28.0426 0
      vertex -12.6765 28.0426 0
      vertex -6.97835 28.0951 0
    endloop
  endfacet
  facet normal 0 0 -1
    outer loop
      vertex -6.97835 28.0951 0
      vertex -12.5216 28.0951 0
      vertex -7.125 28.1675 0
    endloop
  endfacet
  facet normal 0 -0 -1
    outer loop
      vertex -12.375 28.1675 0
      vertex -7.125 28.1675 0
      vertex -12.5216 28.0951 0
    endloop
  endfacet
  facet normal 0 0 -1
    outer loop
      vertex -7.75 29.25 0
      vertex -11.75 29.25 0
      vertex -7.75 46.75 0
    endloop
  endfacet
  facet normal 0 0 -1
    outer loop
      vertex -7.73931 29.0868 0
      vertex -11.75 29.25 0
      vertex -7.75 29.25 0
    endloop
  endfacet
  facet normal 0 0 -1
    outer loop
      vertex -11.7607 29.0868 0
      vertex -7.73931 29.0868 0
      vertex -7.70741 28.9265 0
    endloop
  endfacet
  facet normal 0 0 -1
    outer loop
      vertex -11.7926 28.9265 0
      vertex -7.70741 28.9265 0
      vertex -7.65485 28.7716 0
    endloop
  endfacet
  facet normal 0 0 -1
    outer loop
      vertex -11.8451 28.7716 0
      vertex -7.65485 28.7716 0
      vertex -7.58253 28.625 0
    endloop
  endfacet
  facet normal 0 0 -1
    outer loop
      vertex -7.125 28.1675 0
      vertex -12.375 28.1675 0
      vertex -7.26095 28.2583 0
    endloop
  endfacet
  facet normal 0 0 -1
    outer loop
      vertex -7.73931 29.0868 0
      vertex -11.7607 29.0868 0
      vertex -11.75 29.25 0
    endloop
  endfacet
  facet normal 0 0 -1
    outer loop
      vertex -7.70741 28.9265 0
      vertex -11.7926 28.9265 0
      vertex -11.7607 29.0868 0
    endloop
  endfacet
  facet normal 0 0 -1
    outer loop
      vertex -7.65485 28.7716 0
      vertex -11.8451 28.7716 0
      vertex -11.7926 28.9265 0
    endloop
  endfacet
  facet normal 0 0 -1
    outer loop
      vertex -7.58253 28.625 0
      vertex -11.9175 28.625 0
      vertex -11.8451 28.7716 0
    endloop
  endfacet
  facet normal -0 0 -1
    outer loop
      vertex -7.58253 28.625 0
      vertex -12.0083 28.489 0
      vertex -11.9175 28.625 0
    endloop
  endfacet
  facet normal 0 0 -1
    outer loop
      vertex -7.49169 28.489 0
      vertex -12.0083 28.489 0
      vertex -7.58253 28.625 0
    endloop
  endfacet
  facet normal 0 -0 -1
    outer loop
      vertex -12.0083 28.489 0
      vertex -7.49169 28.489 0
      vertex -12.1161 28.3661 0
    endloop
  endfacet
  facet normal 0 0 -1
    outer loop
      vertex -7.38388 28.3661 0
      vertex -12.1161 28.3661 0
      vertex -7.49169 28.489 0
    endloop
  endfacet
  facet normal 0 -0 -1
    outer loop
      vertex -12.239 28.2583 0
      vertex -7.26095 28.2583 0
      vertex -12.375 28.1675 0
    endloop
  endfacet
  facet normal 0 -0 -1
    outer loop
      vertex -12.1161 28.3661 0
      vertex -7.38388 28.3661 0
      vertex -12.239 28.2583 0
    endloop
  endfacet
  facet normal 0 0 -1
    outer loop
      vertex -7.26095 28.2583 0
      vertex -12.239 28.2583 0
      vertex -7.38388 28.3661 0
    endloop
  endfacet
  facet normal 0 -0 -1
    outer loop
      vertex -12.5216 28.0951 0
      vertex -6.97835 28.0951 0
      vertex -12.6765 28.0426 0
    endloop
  endfacet
  facet normal 0 0 -1
    outer loop
      vertex -12.8368 28.0107 0
      vertex -15 -6 0
      vertex -13 28 0
    endloop
  endfacet
  facet normal -0 0 -1
    outer loop
      vertex -13 28 0
      vertex -15 -6 0
      vertex -13.1632 28.0107 0
    endloop
  endfacet
  facet normal 0 0 -1
    outer loop
      vertex -15.5221 -6.03422 0
      vertex -13.1632 28.0107 0
      vertex -15 -6 0
    endloop
  endfacet
  facet normal -0 0 -1
    outer loop
      vertex -13.1632 28.0107 0
      vertex -15.5221 -6.03422 0
      vertex -13.3235 28.0426 0
    endloop
  endfacet
  facet normal -0 0 -1
    outer loop
      vertex -13.3235 28.0426 0
      vertex -15.5221 -6.03422 0
      vertex -13.4784 28.0951 0
    endloop
  endfacet
  facet normal 0 0 -1
    outer loop
      vertex -16.0353 -6.1363 0
      vertex -13.4784 28.0951 0
      vertex -15.5221 -6.03422 0
    endloop
  endfacet
  facet normal 0 0 -1
    outer loop
      vertex -18.2607 29.0868 0
      vertex -13.4784 28.0951 0
      vertex -16.0353 -6.1363 0
    endloop
  endfacet
  facet normal 0 0 -1
    outer loop
      vertex -14.2393 29.0868 0
      vertex -18.25 29.25 0
      vertex -14.25 29.25 0
    endloop
  endfacet
  facet normal 0 0 -1
    outer loop
      vertex -18.2607 29.0868 0
      vertex -14.2393 29.0868 0
      vertex -14.2074 28.9265 0
    endloop
  endfacet
  facet normal 0 0 -1
    outer loop
      vertex -18.2607 29.0868 0
      vertex -14.2074 28.9265 0
      vertex -14.1548 28.7716 0
    endloop
  endfacet
  facet normal 0 0 -1
    outer loop
      vertex -18.2607 29.0868 0
      vertex -14.1548 28.7716 0
      vertex -14.0825 28.625 0
    endloop
  endfacet
  facet normal 0 0 -1
    outer loop
      vertex -18.2607 29.0868 0
      vertex -14.0825 28.625 0
      vertex -13.9917 28.489 0
    endloop
  endfacet
  facet normal 0 0 -1
    outer loop
      vertex -18.2607 29.0868 0
      vertex -13.9917 28.489 0
      vertex -13.8839 28.3661 0
    endloop
  endfacet
  facet normal 0 0 -1
    outer loop
      vertex -18.2607 29.0868 0
      vertex -13.625 28.1675 0
      vertex -13.4784 28.0951 0
    endloop
  endfacet
  facet normal 0 0 -1
    outer loop
      vertex -94.5 -63 0
      vertex -10 -59.4 0
      vertex -10 -63 0
    endloop
  endfacet
  facet normal 0 0 -1
    outer loop
      vertex -10 -59.4 0
      vertex -15.5221 -29.9658 0
      vertex -15 -30 0
    endloop
  endfacet
  facet normal 0 0 -1
    outer loop
      vertex -10 -59.4 0
      vertex -16.0353 -29.8637 0
      vertex -15.5221 -29.9658 0
    endloop
  endfacet
  facet normal 0 0 -1
    outer loop
      vertex -10 -59.4 0
      vertex -16.5307 -29.6955 0
      vertex -16.0353 -29.8637 0
    endloop
  endfacet
  facet normal 0 0 -1
    outer loop
      vertex -10 -59.4 0
      vertex -17 -29.4641 0
      vertex -16.5307 -29.6955 0
    endloop
  endfacet
  facet normal 0 0 -1
    outer loop
      vertex -10 -59.4 0
      vertex -17.435 -29.1734 0
      vertex -17 -29.4641 0
    endloop
  endfacet
  facet normal 0 0 -1
    outer loop
      vertex -10 -59.4 0
      vertex -17.8284 -28.8284 0
      vertex -17.435 -29.1734 0
    endloop
  endfacet
  facet normal 0 0 -1
    outer loop
      vertex -10 -59.4 0
      vertex -18.1734 -28.435 0
      vertex -17.8284 -28.8284 0
    endloop
  endfacet
  facet normal -0 0 -1
    outer loop
      vertex -10 -59.4 0
      vertex -94.5 -63 0
      vertex -18.1734 -28.435 0
    endloop
  endfacet
  facet normal -0 0 -1
    outer loop
      vertex -18.1734 -28.435 0
      vertex -94.5 -63 0
      vertex -18.4641 -28 0
    endloop
  endfacet
  facet normal -0 0 -1
    outer loop
      vertex -18.4641 -28 0
      vertex -94.5 -63 0
      vertex -18.6955 -27.5307 0
    endloop
  endfacet
  facet normal 0 0 -1
    outer loop
      vertex -58.3736 10.0735 0
      vertex -19 -10 0
      vertex -19 -26 0
    endloop
  endfacet
  facet normal 0 0 -1
    outer loop
      vertex -17.8284 -7.17157 0
      vertex -19.1765 28.0426 0
      vertex -19.0216 28.0951 0
    endloop
  endfacet
  facet normal 0 0 -1
    outer loop
      vertex -17.8284 -7.17157 0
      vertex -19.3368 28.0107 0
      vertex -19.1765 28.0426 0
    endloop
  endfacet
  facet normal 0 0 -1
    outer loop
      vertex -17.8284 -7.17157 0
      vertex -19.5 28 0
      vertex -19.3368 28.0107 0
    endloop
  endfacet
  facet normal 0 0 -1
    outer loop
      vertex -17.8284 -7.17157 0
      vertex -19.6632 28.0107 0
      vertex -19.5 28 0
    endloop
  endfacet
  facet normal 0 0 -1
    outer loop
      vertex -17.8284 -7.17157 0
      vertex -25.8368 28.0107 0
      vertex -19.6632 28.0107 0
    endloop
  endfacet
  facet normal 0 0 -1
    outer loop
      vertex -19.6632 28.0107 0
      vertex -25.8368 28.0107 0
      vertex -19.8235 28.0426 0
    endloop
  endfacet
  facet normal 0 -0 -1
    outer loop
      vertex -25.6765 28.0426 0
      vertex -19.8235 28.0426 0
      vertex -25.8368 28.0107 0
    endloop
  endfacet
  facet normal 0 0 -1
    outer loop
      vertex -19.8235 28.0426 0
      vertex -25.6765 28.0426 0
      vertex -19.9784 28.0951 0
    endloop
  endfacet
  facet normal 0 -0 -1
    outer loop
      vertex -25.5216 28.0951 0
      vertex -19.9784 28.0951 0
      vertex -25.6765 28.0426 0
    endloop
  endfacet
  facet normal 0 0 -1
    outer loop
      vertex -19.9784 28.0951 0
      vertex -25.5216 28.0951 0
      vertex -20.125 28.1675 0
    endloop
  endfacet
  facet normal 0 -0 -1
    outer loop
      vertex -25.375 28.1675 0
      vertex -20.125 28.1675 0
      vertex -25.5216 28.0951 0
    endloop
  endfacet
  facet normal 0 -0 -1
    outer loop
      vertex -25.239 28.2583 0
      vertex -20.261 28.2583 0
      vertex -25.375 28.1675 0
    endloop
  endfacet
  facet normal 0 0 -1
    outer loop
      vertex -20.261 28.2583 0
      vertex -25.239 28.2583 0
      vertex -20.3839 28.3661 0
    endloop
  endfacet
  facet normal 0 -0 -1
    outer loop
      vertex -25.1161 28.3661 0
      vertex -20.3839 28.3661 0
      vertex -25.239 28.2583 0
    endloop
  endfacet
  facet normal 0 0 -1
    outer loop
      vertex -20.3839 28.3661 0
      vertex -25.1161 28.3661 0
      vertex -20.4917 28.489 0
    endloop
  endfacet
  facet normal 0 0 -1
    outer loop
      vertex -20.75 29.25 0
      vertex -24.75 29.25 0
      vertex -20.75 46.75 0
    endloop
  endfacet
  facet normal 0 0 -1
    outer loop
      vertex -20.4917 28.489 0
      vertex -25.0083 28.489 0
      vertex -20.5825 28.625 0
    endloop
  endfacet
  facet normal 0 0 -1
    outer loop
      vertex -59.4453 9.78636 0
      vertex -19 -26 0
      vertex -18.9658 -26.5221 0
    endloop
  endfacet
  facet normal -0 0 -1
    outer loop
      vertex -20.75 29.25 0
      vertex -24.7607 29.0868 0
      vertex -24.75 29.25 0
    endloop
  endfacet
  facet normal 0 0 -1
    outer loop
      vertex -20.7393 29.0868 0
      vertex -24.7607 29.0868 0
      vertex -20.75 29.25 0
    endloop
  endfacet
  facet normal 0 -0 -1
    outer loop
      vertex -24.7607 29.0868 0
      vertex -20.7393 29.0868 0
      vertex -24.7926 28.9265 0
    endloop
  endfacet
  facet normal 0 0 -1
    outer loop
      vertex -20.7074 28.9265 0
      vertex -24.7926 28.9265 0
      vertex -20.7393 29.0868 0
    endloop
  endfacet
  facet normal 0 -0 -1
    outer loop
      vertex -24.7926 28.9265 0
      vertex -20.7074 28.9265 0
      vertex -24.8451 28.7716 0
    endloop
  endfacet
  facet normal 0 0 -1
    outer loop
      vertex -20.6549 28.7716 0
      vertex -24.8451 28.7716 0
      vertex -20.7074 28.9265 0
    endloop
  endfacet
  facet normal 0 -0 -1
    outer loop
      vertex -24.8451 28.7716 0
      vertex -20.6549 28.7716 0
      vertex -24.9175 28.625 0
    endloop
  endfacet
  facet normal 0 0 -1
    outer loop
      vertex -20.5825 28.625 0
      vertex -24.9175 28.625 0
      vertex -20.6549 28.7716 0
    endloop
  endfacet
  facet normal 0 -0 -1
    outer loop
      vertex -24.9175 28.625 0
      vertex -20.5825 28.625 0
      vertex -25.0083 28.489 0
    endloop
  endfacet
  facet normal 0 -0 -1
    outer loop
      vertex -25.0083 28.489 0
      vertex -20.4917 28.489 0
      vertex -25.1161 28.3661 0
    endloop
  endfacet
  facet normal 0 0 -1
    outer loop
      vertex -20.125 28.1675 0
      vertex -25.375 28.1675 0
      vertex -20.261 28.2583 0
    endloop
  endfacet
  facet normal 0 0 -1
    outer loop
      vertex -17.8284 -7.17157 0
      vertex -26 28 0
      vertex -25.8368 28.0107 0
    endloop
  endfacet
  facet normal 0 0 -1
    outer loop
      vertex -17.8284 -7.17157 0
      vertex -26.1632 28.0107 0
      vertex -26 28 0
    endloop
  endfacet
  facet normal 0 0 -1
    outer loop
      vertex -18.1734 -7.56495 0
      vertex -56.0735 12.3736 0
      vertex -55.8948 12.9 0
    endloop
  endfacet
  facet normal 0 0 -1
    outer loop
      vertex -17.8284 -7.17157 0
      vertex -26.3235 28.0426 0
      vertex -26.1632 28.0107 0
    endloop
  endfacet
  facet normal 0 0 -1
    outer loop
      vertex -17.8284 -7.17157 0
      vertex -55.8948 12.9 0
      vertex -26.4784 28.0951 0
    endloop
  endfacet
  facet normal 0 0 -1
    outer loop
      vertex -17.8284 -7.17157 0
      vertex -26.4784 28.0951 0
      vertex -26.3235 28.0426 0
    endloop
  endfacet
  facet normal 0 -0 -1
    outer loop
      vertex -55.7864 13.4453 0
      vertex -26.4784 28.0951 0
      vertex -55.8948 12.9 0
    endloop
  endfacet
  facet normal -0 0 -1
    outer loop
      vertex -26.4784 28.0951 0
      vertex -55.7864 13.4453 0
      vertex -26.625 28.1675 0
    endloop
  endfacet
  facet normal -0 0 -1
    outer loop
      vertex -26.625 28.1675 0
      vertex -55.7864 13.4453 0
      vertex -26.761 28.2583 0
    endloop
  endfacet
  facet normal 0 -0 -1
    outer loop
      vertex -55.75 14 0
      vertex -26.761 28.2583 0
      vertex -55.7864 13.4453 0
    endloop
  endfacet
  facet normal -0 0 -1
    outer loop
      vertex -26.761 28.2583 0
      vertex -55.75 14 0
      vertex -26.8839 28.3661 0
    endloop
  endfacet
  facet normal 0 0 -1
    outer loop
      vertex -55.7864 14.5547 0
      vertex -26.8839 28.3661 0
      vertex -55.75 14 0
    endloop
  endfacet
  facet normal 0 0 -1
    outer loop
      vertex -56.3194 16.125 0
      vertex -27.1549 28.7716 0
      vertex -56.0735 15.6264 0
    endloop
  endfacet
  facet normal -0 0 -1
    outer loop
      vertex -27.0825 28.625 0
      vertex -56.0735 15.6264 0
      vertex -27.1549 28.7716 0
    endloop
  endfacet
  facet normal -0 0 -1
    outer loop
      vertex -26.8839 28.3661 0
      vertex -55.7864 14.5547 0
      vertex -26.9917 28.489 0
    endloop
  endfacet
  facet normal 0 0 -1
    outer loop
      vertex -94.5 -63 0
      vertex -18.9658 -26.5221 0
      vertex -18.8637 -27.0353 0
    endloop
  endfacet
  facet normal -0 0 -1
    outer loop
      vertex -18.6955 -27.5307 0
      vertex -94.5 -63 0
      vertex -18.8637 -27.0353 0
    endloop
  endfacet
  facet normal 0 0 -1
    outer loop
      vertex -56.0735 15.6264 0
      vertex -27.0825 28.625 0
      vertex -55.8948 15.1 0
    endloop
  endfacet
  facet normal -0 0 -1
    outer loop
      vertex -26.9917 28.489 0
      vertex -55.8948 15.1 0
      vertex -27.0825 28.625 0
    endloop
  endfacet
  facet normal 0 0 -1
    outer loop
      vertex -55.8948 15.1 0
      vertex -26.9917 28.489 0
      vertex -55.7864 14.5547 0
    endloop
  endfacet
  facet normal 0 0 -1
    outer loop
      vertex -18.4641 -8 0
      vertex -56.3194 11.875 0
      vertex -56.0735 12.3736 0
    endloop
  endfacet
  facet normal 0 0 -1
    outer loop
      vertex -18.6955 -8.46927 0
      vertex -56.6283 11.4128 0
      vertex -56.3194 11.875 0
    endloop
  endfacet
  facet normal 0 0 -1
    outer loop
      vertex -18.8637 -8.96472 0
      vertex -56.9948 10.9948 0
      vertex -56.6283 11.4128 0
    endloop
  endfacet
  facet normal 0 0 -1
    outer loop
      vertex -18.9658 -9.47789 0
      vertex -57.4128 10.6282 0
      vertex -56.9948 10.9948 0
    endloop
  endfacet
  facet normal 0 0 -1
    outer loop
      vertex -19 -10 0
      vertex -57.875 10.3194 0
      vertex -57.4128 10.6282 0
    endloop
  endfacet
  facet normal 0 0 -1
    outer loop
      vertex -19 -10 0
      vertex -58.3736 10.0735 0
      vertex -57.875 10.3194 0
    endloop
  endfacet
  facet normal 0 0 -1
    outer loop
      vertex -19 -26 0
      vertex -58.9 9.89482 0
      vertex -58.3736 10.0735 0
    endloop
  endfacet
  facet normal 0 0 -1
    outer loop
      vertex -19 -26 0
      vertex -59.4453 9.78636 0
      vertex -58.9 9.89482 0
    endloop
  endfacet
  facet normal -0 0 -1
    outer loop
      vertex -18.9658 -26.5221 0
      vertex -94.5 -63 0
      vertex -60 9.75 0
    endloop
  endfacet
  facet normal 0 0 -1
    outer loop
      vertex -18.9658 -26.5221 0
      vertex -60 9.75 0
      vertex -59.4453 9.78636 0
    endloop
  endfacet
  facet normal -0 0 -1
    outer loop
      vertex -60 9.75 0
      vertex -94.5 -63 0
      vertex -60.5547 9.78636 0
    endloop
  endfacet
  facet normal -0 0 -1
    outer loop
      vertex -60.5547 9.78636 0
      vertex -94.5 -63 0
      vertex -61.1 9.89482 0
    endloop
  endfacet
  facet normal 0 0 -1
    outer loop
      vertex -104 -53.5 0
      vertex -61.1 9.89482 0
      vertex -94.5 -63 0
    endloop
  endfacet
  facet normal -0 0 -1
    outer loop
      vertex -61.1 9.89482 0
      vertex -104 -53.5 0
      vertex -61.6264 10.0735 0
    endloop
  endfacet
  facet normal -0 0 -1
    outer loop
      vertex -61.6264 10.0735 0
      vertex -104 -53.5 0
      vertex -62.125 10.3194 0
    endloop
  endfacet
  facet normal -0 0 -1
    outer loop
      vertex -62.125 10.3194 0
      vertex -104 -53.5 0
      vertex -62.5872 10.6282 0
    endloop
  endfacet
  facet normal 0 0 -1
    outer loop
      vertex -104 53.5 0
      vertex -64.1052 12.9 0
      vertex -104 -53.5 0
    endloop
  endfacet
  facet normal -0 0 -1
    outer loop
      vertex -63.9265 12.3736 0
      vertex -104 -53.5 0
      vertex -64.1052 12.9 0
    endloop
  endfacet
  facet normal -0 0 -1
    outer loop
      vertex -63.6806 11.875 0
      vertex -104 -53.5 0
      vertex -63.9265 12.3736 0
    endloop
  endfacet
  facet normal -0 0 -1
    outer loop
      vertex -63.3717 11.4128 0
      vertex -104 -53.5 0
      vertex -63.6806 11.875 0
    endloop
  endfacet
  facet normal -0 0 -1
    outer loop
      vertex -63.0052 10.9948 0
      vertex -104 -53.5 0
      vertex -63.3717 11.4128 0
    endloop
  endfacet
  facet normal -0 0 -1
    outer loop
      vertex -62.5872 10.6282 0
      vertex -104 -53.5 0
      vertex -63.0052 10.9948 0
    endloop
  endfacet
  facet normal -0 0 -1
    outer loop
      vertex 57.75 17.5971 0
      vertex 57.4128 17.3718 0
      vertex 57.75 26 0
    endloop
  endfacet
  facet normal 0 0 -1
    outer loop
      vertex 94.5 -63 0
      vertex 104 -53.5 0
      vertex 103.919 -54.74 0
    endloop
  endfacet
  facet normal 0 0 -1
    outer loop
      vertex 104 -53.5 0
      vertex 64.1052 12.9 0
      vertex 104 53.5 0
    endloop
  endfacet
  facet normal 0 0 -1
    outer loop
      vertex 94.5 -63 0
      vertex 103.919 -54.74 0
      vertex 103.676 -55.9588 0
    endloop
  endfacet
  facet normal 0 -0 -1
    outer loop
      vertex 64.2136 13.4453 0
      vertex 104 53.5 0
      vertex 64.1052 12.9 0
    endloop
  endfacet
  facet normal 0 0 -1
    outer loop
      vertex 94.5 -63 0
      vertex 103.676 -55.9588 0
      vertex 103.277 -57.1355 0
    endloop
  endfacet
  facet normal 0 -0 -1
    outer loop
      vertex 64.25 14 0
      vertex 104 53.5 0
      vertex 64.2136 13.4453 0
    endloop
  endfacet
  facet normal 0 0 -1
    outer loop
      vertex 94.5 -63 0
      vertex 103.277 -57.1355 0
      vertex 102.727 -58.25 0
    endloop
  endfacet
  facet normal 0 0 -1
    outer loop
      vertex 64.2136 14.5547 0
      vertex 104 53.5 0
      vertex 64.25 14 0
    endloop
  endfacet
  facet normal 0 0 -1
    outer loop
      vertex 94.5 -63 0
      vertex 102.727 -58.25 0
      vertex 102.037 -59.2832 0
    endloop
  endfacet
  facet normal 0 0 -1
    outer loop
      vertex 64.1052 15.1 0
      vertex 104 53.5 0
      vertex 64.2136 14.5547 0
    endloop
  endfacet
  facet normal 0 0 -1
    outer loop
      vertex 94.5 -63 0
      vertex 102.037 -59.2832 0
      vertex 101.218 -60.2175 0
    endloop
  endfacet
  facet normal 0 0 -1
    outer loop
      vertex 63.9265 15.6264 0
      vertex 104 53.5 0
      vertex 64.1052 15.1 0
    endloop
  endfacet
  facet normal 0 0 -1
    outer loop
      vertex 94.5 -63 0
      vertex 101.218 -60.2175 0
      vertex 100.283 -61.0369 0
    endloop
  endfacet
  facet normal 0 0 -1
    outer loop
      vertex 62.25 26 0
      vertex 104 53.5 0
      vertex 63.9265 15.6264 0
    endloop
  endfacet
  facet normal 0 0 -1
    outer loop
      vertex 94.5 -63 0
      vertex 100.283 -61.0369 0
      vertex 99.25 -61.7272 0
    endloop
  endfacet
  facet normal 0 0 -1
    outer loop
      vertex 62.0787 26.861 0
      vertex 104 53.5 0
      vertex 62.1733 26.5823 0
    endloop
  endfacet
  facet normal 0 0 -1
    outer loop
      vertex 94.5 -63 0
      vertex 99.25 -61.7272 0
      vertex 98.1355 -62.2769 0
    endloop
  endfacet
  facet normal 0 0 -1
    outer loop
      vertex 61.9486 27.125 0
      vertex 104 53.5 0
      vertex 62.0787 26.861 0
    endloop
  endfacet
  facet normal 0 0 -1
    outer loop
      vertex 94.5 -63 0
      vertex 98.1355 -62.2769 0
      vertex 96.9588 -62.6763 0
    endloop
  endfacet
  facet normal 0 0 -1
    outer loop
      vertex 61.785 27.3697 0
      vertex 104 53.5 0
      vertex 61.9486 27.125 0
    endloop
  endfacet
  facet normal 0 0 -1
    outer loop
      vertex 94.5 -63 0
      vertex 96.9588 -62.6763 0
      vertex 95.74 -62.9187 0
    endloop
  endfacet
  facet normal 0 0 -1
    outer loop
      vertex 104 53.5 0
      vertex 94.5 63 0
      vertex 103.919 54.74 0
    endloop
  endfacet
  facet normal -0 0 -1
    outer loop
      vertex 104 -53.5 0
      vertex 94.5 -63 0
      vertex 61.1 9.89482 0
    endloop
  endfacet
  facet normal 0 0 -1
    outer loop
      vertex 103.919 54.74 0
      vertex 94.5 63 0
      vertex 103.676 55.9588 0
    endloop
  endfacet
  facet normal 0 0 -1
    outer loop
      vertex 103.277 57.1355 0
      vertex 94.5 63 0
      vertex 102.727 58.25 0
    endloop
  endfacet
  facet normal 0 0 -1
    outer loop
      vertex 102.727 58.25 0
      vertex 94.5 63 0
      vertex 102.037 59.2832 0
    endloop
  endfacet
  facet normal 0 0 -1
    outer loop
      vertex 62.1733 26.5823 0
      vertex 104 53.5 0
      vertex 62.2308 26.2937 0
    endloop
  endfacet
  facet normal 0 0 -1
    outer loop
      vertex 104 -53.5 0
      vertex 63.9265 12.3736 0
      vertex 64.1052 12.9 0
    endloop
  endfacet
  facet normal 0 0 -1
    outer loop
      vertex 104 -53.5 0
      vertex 63.6806 11.875 0
      vertex 63.9265 12.3736 0
    endloop
  endfacet
  facet normal 0 0 -1
    outer loop
      vertex 104 -53.5 0
      vertex 63.3717 11.4128 0
      vertex 63.6806 11.875 0
    endloop
  endfacet
  facet normal 0 0 -1
    outer loop
      vertex 104 -53.5 0
      vertex 63.0052 10.9948 0
      vertex 63.3717 11.4128 0
    endloop
  endfacet
  facet normal 0 0 -1
    outer loop
      vertex 104 -53.5 0
      vertex 62.5872 10.6282 0
      vertex 63.0052 10.9948 0
    endloop
  endfacet
  facet normal 0 0 -1
    outer loop
      vertex 104 -53.5 0
      vertex 62.125 10.3194 0
      vertex 62.5872 10.6282 0
    endloop
  endfacet
  facet normal 0 0 -1
    outer loop
      vertex 104 -53.5 0
      vertex 61.6264 10.0735 0
      vertex 62.125 10.3194 0
    endloop
  endfacet
  facet normal 0 0 -1
    outer loop
      vertex 104 -53.5 0
      vertex 61.1 9.89482 0
      vertex 61.6264 10.0735 0
    endloop
  endfacet
  facet normal 0 0 -1
    outer loop
      vertex 94.5 -63 0
      vertex 60.5547 9.78636 0
      vertex 61.1 9.89482 0
    endloop
  endfacet
  facet normal 0 0 -1
    outer loop
      vertex 94.5 -63 0
      vertex 60 9.75 0
      vertex 60.5547 9.78636 0
    endloop
  endfacet
  facet normal 0 0 -1
    outer loop
      vertex 18.9658 -26.5221 0
      vertex 60 9.75 0
      vertex 94.5 -63 0
    endloop
  endfacet
  facet normal -0 0 -1
    outer loop
      vertex 60 9.75 0
      vertex 18.9658 -26.5221 0
      vertex 59.4453 9.78636 0
    endloop
  endfacet
  facet normal 0 -0 -1
    outer loop
      vertex 19 -26 0
      vertex 59.4453 9.78636 0
      vertex 18.9658 -26.5221 0
    endloop
  endfacet
  facet normal -0 0 -1
    outer loop
      vertex 59.4453 9.78636 0
      vertex 19 -26 0
      vertex 58.9 9.89482 0
    endloop
  endfacet
  facet normal -0 0 -1
    outer loop
      vertex 58.9 9.89482 0
      vertex 19 -26 0
      vertex 58.3736 10.0735 0
    endloop
  endfacet
  facet normal 0 0 -1
    outer loop
      vertex 19 -10 0
      vertex 58.3736 10.0735 0
      vertex 19 -26 0
    endloop
  endfacet
  facet normal -0 0 -1
    outer loop
      vertex 58.3736 10.0735 0
      vertex 19 -10 0
      vertex 57.875 10.3194 0
    endloop
  endfacet
  facet normal -0 0 -1
    outer loop
      vertex 57.875 10.3194 0
      vertex 19 -10 0
      vertex 57.4128 10.6282 0
    endloop
  endfacet
  facet normal 0 0 -1
    outer loop
      vertex 26.761 28.2583 0
      vertex 55.75 14 0
      vertex 55.7864 13.4453 0
    endloop
  endfacet
  facet normal 0 0 -1
    outer loop
      vertex 26.4784 28.0951 0
      vertex 55.7864 13.4453 0
      vertex 55.8948 12.9 0
    endloop
  endfacet
  facet normal 0 0 -1
    outer loop
      vertex 18.1734 -7.56495 0
      vertex 55.8948 12.9 0
      vertex 56.0735 12.3736 0
    endloop
  endfacet
  facet normal 0 0 -1
    outer loop
      vertex 18.4641 -8 0
      vertex 56.0735 12.3736 0
      vertex 56.3194 11.875 0
    endloop
  endfacet
  facet normal 0 0 -1
    outer loop
      vertex 18.9658 -9.47789 0
      vertex 57.4128 10.6282 0
      vertex 19 -10 0
    endloop
  endfacet
  facet normal 0 0 -1
    outer loop
      vertex 55.75 14 0
      vertex 27.2393 29.0868 0
      vertex 27.25 29.25 0
    endloop
  endfacet
  facet normal 0 0 -1
    outer loop
      vertex 55.75 14 0
      vertex 27.2074 28.9265 0
      vertex 27.2393 29.0868 0
    endloop
  endfacet
  facet normal 0 0 -1
    outer loop
      vertex 55.75 14 0
      vertex 27.1549 28.7716 0
      vertex 27.2074 28.9265 0
    endloop
  endfacet
  facet normal 0 0 -1
    outer loop
      vertex 55.75 14 0
      vertex 27.0825 28.625 0
      vertex 27.1549 28.7716 0
    endloop
  endfacet
  facet normal 0 0 -1
    outer loop
      vertex 18.6955 -8.46927 0
      vertex 56.6283 11.4128 0
      vertex 18.8637 -8.96472 0
    endloop
  endfacet
  facet normal 0 0 -1
    outer loop
      vertex 55.75 14 0
      vertex 26.9917 28.489 0
      vertex 27.0825 28.625 0
    endloop
  endfacet
  facet normal -0 0 -1
    outer loop
      vertex 56.6283 11.4128 0
      vertex 18.6955 -8.46927 0
      vertex 56.3194 11.875 0
    endloop
  endfacet
  facet normal 0 0 -1
    outer loop
      vertex 55.75 14 0
      vertex 26.8839 28.3661 0
      vertex 26.9917 28.489 0
    endloop
  endfacet
  facet normal 0 0 -1
    outer loop
      vertex 18.4641 -8 0
      vertex 56.3194 11.875 0
      vertex 18.6955 -8.46927 0
    endloop
  endfacet
  facet normal 0 0 -1
    outer loop
      vertex 55.75 14 0
      vertex 26.761 28.2583 0
      vertex 26.8839 28.3661 0
    endloop
  endfacet
  facet normal 0 0 -1
    outer loop
      vertex 56.0735 12.3736 0
      vertex 18.4641 -8 0
      vertex 18.1734 -7.56495 0
    endloop
  endfacet
  facet normal 0 0 -1
    outer loop
      vertex 55.7864 13.4453 0
      vertex 26.625 28.1675 0
      vertex 26.761 28.2583 0
    endloop
  endfacet
  facet normal 0 0 -1
    outer loop
      vertex 55.8948 12.9 0
      vertex 18.1734 -7.56495 0
      vertex 17.8284 -7.17157 0
    endloop
  endfacet
  facet normal 0 0 -1
    outer loop
      vertex 55.7864 13.4453 0
      vertex 26.4784 28.0951 0
      vertex 26.625 28.1675 0
    endloop
  endfacet
  facet normal -0 0 -1
    outer loop
      vertex 55.8948 12.9 0
      vertex 17.8284 -7.17157 0
      vertex 26.4784 28.0951 0
    endloop
  endfacet
  facet normal 0 0 -1
    outer loop
      vertex 26.4784 28.0951 0
      vertex 17.8284 -7.17157 0
      vertex 26.3235 28.0426 0
    endloop
  endfacet
  facet normal 0 0 -1
    outer loop
      vertex 17.435 -6.82659 0
      vertex 26.3235 28.0426 0
      vertex 17.8284 -7.17157 0
    endloop
  endfacet
  facet normal 0 0 -1
    outer loop
      vertex 26.3235 28.0426 0
      vertex 17.435 -6.82659 0
      vertex 26.1632 28.0107 0
    endloop
  endfacet
  facet normal 0 0 -1
    outer loop
      vertex 17 -6.5359 0
      vertex 26.1632 28.0107 0
      vertex 17.435 -6.82659 0
    endloop
  endfacet
  facet normal 0 0 -1
    outer loop
      vertex 24.75 29.25 0
      vertex 20.75 29.25 0
      vertex 24.75 46.75 0
    endloop
  endfacet
  facet normal 0 0 -1
    outer loop
      vertex 24.7607 29.0868 0
      vertex 20.75 29.25 0
      vertex 24.75 29.25 0
    endloop
  endfacet
  facet normal 0 0 -1
    outer loop
      vertex 20.7393 29.0868 0
      vertex 24.7607 29.0868 0
      vertex 24.7926 28.9265 0
    endloop
  endfacet
  facet normal 0 0 -1
    outer loop
      vertex 20.7074 28.9265 0
      vertex 24.7926 28.9265 0
      vertex 24.8451 28.7716 0
    endloop
  endfacet
  facet normal 0 0 -1
    outer loop
      vertex 20.6549 28.7716 0
      vertex 24.8451 28.7716 0
      vertex 24.9175 28.625 0
    endloop
  endfacet
  facet normal 0 0 -1
    outer loop
      vertex 20.5825 28.625 0
      vertex 24.9175 28.625 0
      vertex 25.0083 28.489 0
    endloop
  endfacet
  facet normal 0 0 -1
    outer loop
      vertex 26.1632 28.0107 0
      vertex 17 -6.5359 0
      vertex 26 28 0
    endloop
  endfacet
  facet normal 0 0 -1
    outer loop
      vertex 24.7607 29.0868 0
      vertex 20.7393 29.0868 0
      vertex 20.75 29.25 0
    endloop
  endfacet
  facet normal 0 0 -1
    outer loop
      vertex 24.7926 28.9265 0
      vertex 20.7074 28.9265 0
      vertex 20.7393 29.0868 0
    endloop
  endfacet
  facet normal 0 0 -1
    outer loop
      vertex 24.8451 28.7716 0
      vertex 20.6549 28.7716 0
      vertex 20.7074 28.9265 0
    endloop
  endfacet
  facet normal 0 0 -1
    outer loop
      vertex 16.5307 -6.30448 0
      vertex 25.8368 28.0107 0
      vertex 17 -6.5359 0
    endloop
  endfacet
  facet normal 0 -0 -1
    outer loop
      vertex 19.6632 28.0107 0
      vertex 25.8368 28.0107 0
      vertex 16.5307 -6.30448 0
    endloop
  endfacet
  facet normal 0 0 -1
    outer loop
      vertex 24.9175 28.625 0
      vertex 20.5825 28.625 0
      vertex 20.6549 28.7716 0
    endloop
  endfacet
  facet normal 0 0 -1
    outer loop
      vertex 25.8368 28.0107 0
      vertex 19.6632 28.0107 0
      vertex 25.6765 28.0426 0
    endloop
  endfacet
  facet normal 0 0 -1
    outer loop
      vertex 25.0083 28.489 0
      vertex 20.4917 28.489 0
      vertex 20.5825 28.625 0
    endloop
  endfacet
  facet normal 0 -0 -1
    outer loop
      vertex 19.8235 28.0426 0
      vertex 25.6765 28.0426 0
      vertex 19.6632 28.0107 0
    endloop
  endfacet
  facet normal -0 0 -1
    outer loop
      vertex 25.0083 28.489 0
      vertex 20.3839 28.3661 0
      vertex 20.4917 28.489 0
    endloop
  endfacet
  facet normal 0 0 -1
    outer loop
      vertex 25.1161 28.3661 0
      vertex 20.3839 28.3661 0
      vertex 25.0083 28.489 0
    endloop
  endfacet
  facet normal 0 0 -1
    outer loop
      vertex 25.6765 28.0426 0
      vertex 19.8235 28.0426 0
      vertex 25.5216 28.0951 0
    endloop
  endfacet
  facet normal 0 -0 -1
    outer loop
      vertex 20.3839 28.3661 0
      vertex 25.1161 28.3661 0
      vertex 20.261 28.2583 0
    endloop
  endfacet
  facet normal 0 0 -1
    outer loop
      vertex 25.5216 28.0951 0
      vertex 19.9784 28.0951 0
      vertex 25.375 28.1675 0
    endloop
  endfacet
  facet normal 0 0 -1
    outer loop
      vertex 25.239 28.2583 0
      vertex 20.261 28.2583 0
      vertex 25.1161 28.3661 0
    endloop
  endfacet
  facet normal 0 0 -1
    outer loop
      vertex 18.8637 -8.96472 0
      vertex 56.9948 10.9948 0
      vertex 18.9658 -9.47789 0
    endloop
  endfacet
  facet normal -0 0 -1
    outer loop
      vertex 57.4128 10.6282 0
      vertex 18.9658 -9.47789 0
      vertex 56.9948 10.9948 0
    endloop
  endfacet
  facet normal 0 0 -1
    outer loop
      vertex 94.5 -63 0
      vertex 18.8637 -27.0353 0
      vertex 18.9658 -26.5221 0
    endloop
  endfacet
  facet normal 0 0 -1
    outer loop
      vertex 94.5 -63 0
      vertex 18.6955 -27.5307 0
      vertex 18.8637 -27.0353 0
    endloop
  endfacet
  facet normal 0 0 -1
    outer loop
      vertex 94.5 -63 0
      vertex 18.4641 -28 0
      vertex 18.6955 -27.5307 0
    endloop
  endfacet
  facet normal 0 0 -1
    outer loop
      vertex 94.5 -63 0
      vertex 18.1734 -28.435 0
      vertex 18.4641 -28 0
    endloop
  endfacet
  facet normal 0 0 -1
    outer loop
      vertex 10 -59.4 0
      vertex 18.1734 -28.435 0
      vertex 94.5 -63 0
    endloop
  endfacet
  facet normal 0 0 -1
    outer loop
      vertex 18.1734 -28.435 0
      vertex 10 -59.4 0
      vertex 17.8284 -28.8284 0
    endloop
  endfacet
  facet normal 0 0 -1
    outer loop
      vertex 17.8284 -28.8284 0
      vertex 10 -59.4 0
      vertex 17.435 -29.1734 0
    endloop
  endfacet
  facet normal 0 0 -1
    outer loop
      vertex 17.435 -29.1734 0
      vertex 10 -59.4 0
      vertex 17 -29.4641 0
    endloop
  endfacet
  facet normal 0 0 -1
    outer loop
      vertex 17 -29.4641 0
      vertex 10 -59.4 0
      vertex 16.5307 -29.6955 0
    endloop
  endfacet
  facet normal 0 0 -1
    outer loop
      vertex 16.5307 -29.6955 0
      vertex 10 -59.4 0
      vertex 16.0353 -29.8637 0
    endloop
  endfacet
  facet normal 0 0 -1
    outer loop
      vertex 16.0353 -29.8637 0
      vertex 10 -59.4 0
      vertex 15.5221 -29.9658 0
    endloop
  endfacet
  facet normal 0 0 -1
    outer loop
      vertex 10 -59.4 0
      vertex 94.5 -63 0
      vertex 10 -63 0
    endloop
  endfacet
  facet normal 0 0 -1
    outer loop
      vertex 15.5221 -29.9658 0
      vertex 10 -59.4 0
      vertex 15 -30 0
    endloop
  endfacet
  facet normal 0 0 -1
    outer loop
      vertex -10 -59.4 0
      vertex 15 -30 0
      vertex 10 -59.4 0
    endloop
  endfacet
  facet normal -0 0 -1
    outer loop
      vertex 15 -30 0
      vertex -10 -59.4 0
      vertex -15 -30 0
    endloop
  endfacet
  facet normal 0 0 -1
    outer loop
      vertex 101.218 60.2175 0
      vertex 94.5 63 0
      vertex 100.283 61.0369 0
    endloop
  endfacet
  facet normal 0 0 -1
    outer loop
      vertex 100.283 61.0369 0
      vertex 94.5 63 0
      vertex 99.25 61.7272 0
    endloop
  endfacet
  facet normal 0 0 -1
    outer loop
      vertex 62.2308 26.2937 0
      vertex 104 53.5 0
      vertex 62.25 26 0
    endloop
  endfacet
  facet normal 0 0 -1
    outer loop
      vertex 62.25 26 0
      vertex 63.9265 15.6264 0
      vertex 63.6806 16.125 0
    endloop
  endfacet
  facet normal 0 0 -1
    outer loop
      vertex 62.25 26 0
      vertex 63.6806 16.125 0
      vertex 63.3717 16.5872 0
    endloop
  endfacet
  facet normal 0 0 -1
    outer loop
      vertex 62.25 26 0
      vertex 63.3717 16.5872 0
      vertex 63.0052 17.0052 0
    endloop
  endfacet
  facet normal 0 0 -1
    outer loop
      vertex 62.25 26 0
      vertex 63.0052 17.0052 0
      vertex 62.5872 17.3718 0
    endloop
  endfacet
  facet normal 0 0 -1
    outer loop
      vertex 62.25 26 0
      vertex 62.5872 17.3718 0
      vertex 62.25 17.5971 0
    endloop
  endfacet
  facet normal 0 0 -1
    outer loop
      vertex 99.25 61.7272 0
      vertex 94.5 63 0
      vertex 98.1355 62.2769 0
    endloop
  endfacet
  facet normal 0 0 -1
    outer loop
      vertex 96.9588 62.6763 0
      vertex 94.5 63 0
      vertex 95.74 62.9187 0
    endloop
  endfacet
  facet normal 0 0 -1
    outer loop
      vertex 98.1355 62.2769 0
      vertex 94.5 63 0
      vertex 96.9588 62.6763 0
    endloop
  endfacet
  facet normal 0 0 -1
    outer loop
      vertex 102.037 59.2832 0
      vertex 94.5 63 0
      vertex 101.218 60.2175 0
    endloop
  endfacet
  facet normal 0 0 -1
    outer loop
      vertex 103.676 55.9588 0
      vertex 94.5 63 0
      vertex 103.277 57.1355 0
    endloop
  endfacet
  facet normal -0 0 -1
    outer loop
      vertex 104 53.5 0
      vertex 61.785 27.3697 0
      vertex 94.5 63 0
    endloop
  endfacet
  facet normal 0 0 -1
    outer loop
      vertex 61.591 27.591 0
      vertex 94.5 63 0
      vertex 61.785 27.3697 0
    endloop
  endfacet
  facet normal 0 0 -1
    outer loop
      vertex 61.3697 27.785 0
      vertex 94.5 63 0
      vertex 61.591 27.591 0
    endloop
  endfacet
  facet normal 0 0 -1
    outer loop
      vertex 61.125 27.9486 0
      vertex 94.5 63 0
      vertex 61.3697 27.785 0
    endloop
  endfacet
  facet normal 0 0 -1
    outer loop
      vertex 60.861 28.0787 0
      vertex 94.5 63 0
      vertex 61.125 27.9486 0
    endloop
  endfacet
  facet normal 0 0 -1
    outer loop
      vertex 60.5823 28.1733 0
      vertex 94.5 63 0
      vertex 60.861 28.0787 0
    endloop
  endfacet
  facet normal 0 0 -1
    outer loop
      vertex 60.2937 28.2308 0
      vertex 94.5 63 0
      vertex 60.5823 28.1733 0
    endloop
  endfacet
  facet normal 0 0 -1
    outer loop
      vertex 60 28.25 0
      vertex 94.5 63 0
      vertex 60.2937 28.2308 0
    endloop
  endfacet
  facet normal 0 0 -1
    outer loop
      vertex 27.0825 47.375 0
      vertex 60 28.25 0
      vertex 59.7063 28.2308 0
    endloop
  endfacet
  facet normal 0 0 -1
    outer loop
      vertex 27.2074 47.0735 0
      vertex 59.7063 28.2308 0
      vertex 59.4177 28.1733 0
    endloop
  endfacet
  facet normal 0 0 -1
    outer loop
      vertex 27.2393 46.9132 0
      vertex 59.4177 28.1733 0
      vertex 59.139 28.0787 0
    endloop
  endfacet
  facet normal 0 0 -1
    outer loop
      vertex 27.25 46.75 0
      vertex 59.139 28.0787 0
      vertex 58.875 27.9486 0
    endloop
  endfacet
  facet normal 0 0 -1
    outer loop
      vertex 27.25 46.75 0
      vertex 58.875 27.9486 0
      vertex 58.6303 27.785 0
    endloop
  endfacet
  facet normal 0 0 -1
    outer loop
      vertex 27.25 46.75 0
      vertex 58.6303 27.785 0
      vertex 58.409 27.591 0
    endloop
  endfacet
  facet normal 0 0 -1
    outer loop
      vertex 56.9948 17.0052 0
      vertex 57.75 26 0
      vertex 57.4128 17.3718 0
    endloop
  endfacet
  facet normal 0 0 -1
    outer loop
      vertex 56.6283 16.5872 0
      vertex 57.75 26 0
      vertex 56.9948 17.0052 0
    endloop
  endfacet
  facet normal 0 0 -1
    outer loop
      vertex 56.3194 16.125 0
      vertex 57.75 26 0
      vertex 56.6283 16.5872 0
    endloop
  endfacet
  facet normal 0 0 -1
    outer loop
      vertex 27.25 29.25 0
      vertex 57.75 26 0
      vertex 56.3194 16.125 0
    endloop
  endfacet
  facet normal 0 0 -1
    outer loop
      vertex 27.25 29.25 0
      vertex 56.3194 16.125 0
      vertex 56.0735 15.6264 0
    endloop
  endfacet
  facet normal 0 0 -1
    outer loop
      vertex 27.25 29.25 0
      vertex 56.0735 15.6264 0
      vertex 55.8948 15.1 0
    endloop
  endfacet
  facet normal 0 0 -1
    outer loop
      vertex 27.25 29.25 0
      vertex 55.8948 15.1 0
      vertex 55.7864 14.5547 0
    endloop
  endfacet
  facet normal 0 0 -1
    outer loop
      vertex 27.25 29.25 0
      vertex 55.7864 14.5547 0
      vertex 55.75 14 0
    endloop
  endfacet
  facet normal 0 0 -1
    outer loop
      vertex 57.75 26 0
      vertex 27.25 29.25 0
      vertex 57.7692 26.2937 0
    endloop
  endfacet
  facet normal 0 0 -1
    outer loop
      vertex 27.25 29.25 0
      vertex 57.8267 26.5823 0
      vertex 57.7692 26.2937 0
    endloop
  endfacet
  facet normal 0 0 -1
    outer loop
      vertex 27.25 29.25 0
      vertex 57.9213 26.861 0
      vertex 57.8267 26.5823 0
    endloop
  endfacet
  facet normal 0 0 -1
    outer loop
      vertex 27.25 29.25 0
      vertex 58.0514 27.125 0
      vertex 57.9213 26.861 0
    endloop
  endfacet
  facet normal 0 0 -1
    outer loop
      vertex 27.25 29.25 0
      vertex 58.215 27.3697 0
      vertex 58.0514 27.125 0
    endloop
  endfacet
  facet normal 0 0 -1
    outer loop
      vertex 27.25 46.75 0
      vertex 58.215 27.3697 0
      vertex 27.25 29.25 0
    endloop
  endfacet
  facet normal 0 0 -1
    outer loop
      vertex 58.215 27.3697 0
      vertex 27.25 46.75 0
      vertex 58.409 27.591 0
    endloop
  endfacet
  facet normal 0 0 -1
    outer loop
      vertex 59.139 28.0787 0
      vertex 27.25 46.75 0
      vertex 27.2393 46.9132 0
    endloop
  endfacet
  facet normal 0 0 -1
    outer loop
      vertex 59.4177 28.1733 0
      vertex 27.2393 46.9132 0
      vertex 27.2074 47.0735 0
    endloop
  endfacet
  facet normal 0 0 -1
    outer loop
      vertex 59.7063 28.2308 0
      vertex 27.2074 47.0735 0
      vertex 27.1549 47.2284 0
    endloop
  endfacet
  facet normal 0 0 -1
    outer loop
      vertex 59.7063 28.2308 0
      vertex 27.1549 47.2284 0
      vertex 27.0825 47.375 0
    endloop
  endfacet
  facet normal 0 0 -1
    outer loop
      vertex 60 28.25 0
      vertex 27.0825 47.375 0
      vertex 94.5 63 0
    endloop
  endfacet
  facet normal 0 0 -1
    outer loop
      vertex 26.9917 47.511 0
      vertex 94.5 63 0
      vertex 27.0825 47.375 0
    endloop
  endfacet
  facet normal 0 0 -1
    outer loop
      vertex 26.8839 47.6339 0
      vertex 94.5 63 0
      vertex 26.9917 47.511 0
    endloop
  endfacet
  facet normal 0 0 -1
    outer loop
      vertex 26.761 47.7417 0
      vertex 94.5 63 0
      vertex 26.8839 47.6339 0
    endloop
  endfacet
  facet normal 0 0 -1
    outer loop
      vertex 26.625 47.8325 0
      vertex 94.5 63 0
      vertex 26.761 47.7417 0
    endloop
  endfacet
  facet normal 0 0 -1
    outer loop
      vertex 26.4784 47.9049 0
      vertex 94.5 63 0
      vertex 26.625 47.8325 0
    endloop
  endfacet
  facet normal 0 0 -1
    outer loop
      vertex 26.3235 47.9574 0
      vertex 94.5 63 0
      vertex 26.4784 47.9049 0
    endloop
  endfacet
  facet normal 0 0 -1
    outer loop
      vertex 26.1632 47.9893 0
      vertex 94.5 63 0
      vertex 26.3235 47.9574 0
    endloop
  endfacet
  facet normal 0 0 -1
    outer loop
      vertex 26 48 0
      vertex 94.5 63 0
      vertex 26.1632 47.9893 0
    endloop
  endfacet
  facet normal 0 0 -1
    outer loop
      vertex 19.5 48 0
      vertex 26 48 0
      vertex 25.8368 47.9893 0
    endloop
  endfacet
  facet normal 0 0 -1
    outer loop
      vertex 19.6632 47.9893 0
      vertex 25.8368 47.9893 0
      vertex 25.6765 47.9574 0
    endloop
  endfacet
  facet normal 0 0 -1
    outer loop
      vertex 20.75 46.75 0
      vertex 24.75 46.75 0
      vertex 20.75 29.25 0
    endloop
  endfacet
  facet normal 0 0 -1
    outer loop
      vertex 24.75 46.75 0
      vertex 20.75 46.75 0
      vertex 24.7607 46.9132 0
    endloop
  endfacet
  facet normal 0 0 -1
    outer loop
      vertex 20.7393 46.9132 0
      vertex 24.7607 46.9132 0
      vertex 20.75 46.75 0
    endloop
  endfacet
  facet normal 0 0 -1
    outer loop
      vertex 24.7607 46.9132 0
      vertex 20.7393 46.9132 0
      vertex 24.7926 47.0735 0
    endloop
  endfacet
  facet normal 0 0 -1
    outer loop
      vertex 20.7074 47.0735 0
      vertex 24.7926 47.0735 0
      vertex 20.7393 46.9132 0
    endloop
  endfacet
  facet normal 0 0 -1
    outer loop
      vertex 24.7926 47.0735 0
      vertex 20.7074 47.0735 0
      vertex 24.8451 47.2284 0
    endloop
  endfacet
  facet normal 0 0 -1
    outer loop
      vertex 20.6549 47.2284 0
      vertex 24.8451 47.2284 0
      vertex 20.7074 47.0735 0
    endloop
  endfacet
  facet normal 0 0 -1
    outer loop
      vertex 24.8451 47.2284 0
      vertex 20.6549 47.2284 0
      vertex 24.9175 47.375 0
    endloop
  endfacet
  facet normal 0 0 -1
    outer loop
      vertex 20.5825 47.375 0
      vertex 24.9175 47.375 0
      vertex 20.6549 47.2284 0
    endloop
  endfacet
  facet normal 0 0 -1
    outer loop
      vertex 24.9175 47.375 0
      vertex 20.5825 47.375 0
      vertex 25.0083 47.511 0
    endloop
  endfacet
  facet normal 0 0 -1
    outer loop
      vertex 20.4917 47.511 0
      vertex 25.0083 47.511 0
      vertex 20.5825 47.375 0
    endloop
  endfacet
  facet normal 0 0 -1
    outer loop
      vertex 25.0083 47.511 0
      vertex 20.4917 47.511 0
      vertex 25.1161 47.6339 0
    endloop
  endfacet
  facet normal 0 0 -1
    outer loop
      vertex 20.3839 47.6339 0
      vertex 25.1161 47.6339 0
      vertex 20.4917 47.511 0
    endloop
  endfacet
  facet normal 0 0 -1
    outer loop
      vertex 25.1161 47.6339 0
      vertex 20.3839 47.6339 0
      vertex 25.239 47.7417 0
    endloop
  endfacet
  facet normal 0 0 -1
    outer loop
      vertex 20.261 47.7417 0
      vertex 25.239 47.7417 0
      vertex 20.3839 47.6339 0
    endloop
  endfacet
  facet normal 0 0 -1
    outer loop
      vertex 25.239 47.7417 0
      vertex 20.261 47.7417 0
      vertex 25.375 47.8325 0
    endloop
  endfacet
  facet normal 0 0 -1
    outer loop
      vertex 20.125 47.8325 0
      vertex 25.375 47.8325 0
      vertex 20.261 47.7417 0
    endloop
  endfacet
  facet normal 0 0 -1
    outer loop
      vertex 25.375 47.8325 0
      vertex 20.125 47.8325 0
      vertex 25.5216 47.9049 0
    endloop
  endfacet
  facet normal 0 0 -1
    outer loop
      vertex 19.9784 47.9049 0
      vertex 25.5216 47.9049 0
      vertex 20.125 47.8325 0
    endloop
  endfacet
  facet normal 0 0 -1
    outer loop
      vertex 25.5216 47.9049 0
      vertex 19.9784 47.9049 0
      vertex 25.6765 47.9574 0
    endloop
  endfacet
  facet normal 0 0 -1
    outer loop
      vertex 19.8235 47.9574 0
      vertex 25.6765 47.9574 0
      vertex 19.9784 47.9049 0
    endloop
  endfacet
  facet normal 0 0 -1
    outer loop
      vertex 19.6632 47.9893 0
      vertex 25.6765 47.9574 0
      vertex 19.8235 47.9574 0
    endloop
  endfacet
  facet normal 0 0 -1
    outer loop
      vertex 25.8368 47.9893 0
      vertex 19.6632 47.9893 0
      vertex 19.5 48 0
    endloop
  endfacet
  facet normal 0 0 -1
    outer loop
      vertex 26 48 0
      vertex 19.5 48 0
      vertex 94.5 63 0
    endloop
  endfacet
  facet normal 0 0 -1
    outer loop
      vertex 13 48 0
      vertex 19.5 48 0
      vertex 19.3368 47.9893 0
    endloop
  endfacet
  facet normal 0 0 -1
    outer loop
      vertex 13.1632 47.9893 0
      vertex 19.3368 47.9893 0
      vertex 19.1765 47.9574 0
    endloop
  endfacet
  facet normal 0 0 -1
    outer loop
      vertex 14.2393 29.0868 0
      vertex 18.6161 28.3661 0
      vertex 18.739 28.2583 0
    endloop
  endfacet
  facet normal 0 0 -1
    outer loop
      vertex 14.2393 29.0868 0
      vertex 18.5083 28.489 0
      vertex 18.6161 28.3661 0
    endloop
  endfacet
  facet normal 0 0 -1
    outer loop
      vertex 14.2393 29.0868 0
      vertex 18.4175 28.625 0
      vertex 18.5083 28.489 0
    endloop
  endfacet
  facet normal 0 0 -1
    outer loop
      vertex 14.2393 29.0868 0
      vertex 18.3451 28.7716 0
      vertex 18.4175 28.625 0
    endloop
  endfacet
  facet normal 0 0 -1
    outer loop
      vertex 14.2393 29.0868 0
      vertex 18.2926 28.9265 0
      vertex 18.3451 28.7716 0
    endloop
  endfacet
  facet normal 0 0 -1
    outer loop
      vertex 18.2607 29.0868 0
      vertex 14.25 29.25 0
      vertex 18.25 29.25 0
    endloop
  endfacet
  facet normal 0 0 -1
    outer loop
      vertex 14.2393 29.0868 0
      vertex 18.2607 29.0868 0
      vertex 18.2926 28.9265 0
    endloop
  endfacet
  facet normal 0 0 -1
    outer loop
      vertex 18.25 29.25 0
      vertex 14.25 29.25 0
      vertex 18.25 46.75 0
    endloop
  endfacet
  facet normal 0 0 -1
    outer loop
      vertex 14.25 46.75 0
      vertex 18.25 46.75 0
      vertex 14.25 29.25 0
    endloop
  endfacet
  facet normal 0 0 -1
    outer loop
      vertex 18.25 46.75 0
      vertex 14.25 46.75 0
      vertex 18.2607 46.9132 0
    endloop
  endfacet
  facet normal 0 0 -1
    outer loop
      vertex 14.2393 46.9132 0
      vertex 18.2607 46.9132 0
      vertex 14.25 46.75 0
    endloop
  endfacet
  facet normal 0 0 -1
    outer loop
      vertex 18.2607 46.9132 0
      vertex 14.2393 46.9132 0
      vertex 18.2926 47.0735 0
    endloop
  endfacet
  facet normal 0 0 -1
    outer loop
      vertex 14.2074 47.0735 0
      vertex 18.2926 47.0735 0
      vertex 14.2393 46.9132 0
    endloop
  endfacet
  facet normal 0 0 -1
    outer loop
      vertex 18.2926 47.0735 0
      vertex 14.2074 47.0735 0
      vertex 18.3451 47.2284 0
    endloop
  endfacet
  facet normal 0 0 -1
    outer loop
      vertex 14.1548 47.2284 0
      vertex 18.3451 47.2284 0
      vertex 14.2074 47.0735 0
    endloop
  endfacet
  facet normal 0 0 -1
    outer loop
      vertex 18.3451 47.2284 0
      vertex 14.1548 47.2284 0
      vertex 18.4175 47.375 0
    endloop
  endfacet
  facet normal 0 0 -1
    outer loop
      vertex 14.0825 47.375 0
      vertex 18.4175 47.375 0
      vertex 14.1548 47.2284 0
    endloop
  endfacet
  facet normal 0 0 -1
    outer loop
      vertex 18.4175 47.375 0
      vertex 14.0825 47.375 0
      vertex 18.5083 47.511 0
    endloop
  endfacet
  facet normal 0 0 -1
    outer loop
      vertex 13.9917 47.511 0
      vertex 18.5083 47.511 0
      vertex 14.0825 47.375 0
    endloop
  endfacet
  facet normal 0 0 -1
    outer loop
      vertex 18.5083 47.511 0
      vertex 13.9917 47.511 0
      vertex 18.6161 47.6339 0
    endloop
  endfacet
  facet normal 0 0 -1
    outer loop
      vertex 13.8839 47.6339 0
      vertex 18.6161 47.6339 0
      vertex 13.9917 47.511 0
    endloop
  endfacet
  facet normal 0 0 -1
    outer loop
      vertex 18.6161 47.6339 0
      vertex 13.8839 47.6339 0
      vertex 18.739 47.7417 0
    endloop
  endfacet
  facet normal 0 0 -1
    outer loop
      vertex 13.761 47.7417 0
      vertex 18.739 47.7417 0
      vertex 13.8839 47.6339 0
    endloop
  endfacet
  facet normal 0 0 -1
    outer loop
      vertex 18.739 47.7417 0
      vertex 13.761 47.7417 0
      vertex 18.875 47.8325 0
    endloop
  endfacet
  facet normal 0 0 -1
    outer loop
      vertex 13.625 47.8325 0
      vertex 18.875 47.8325 0
      vertex 13.761 47.7417 0
    endloop
  endfacet
  facet normal 0 0 -1
    outer loop
      vertex 18.875 47.8325 0
      vertex 13.625 47.8325 0
      vertex 19.0216 47.9049 0
    endloop
  endfacet
  facet normal 0 0 -1
    outer loop
      vertex 13.4784 47.9049 0
      vertex 19.0216 47.9049 0
      vertex 13.625 47.8325 0
    endloop
  endfacet
  facet normal 0 0 -1
    outer loop
      vertex 19.0216 47.9049 0
      vertex 13.4784 47.9049 0
      vertex 19.1765 47.9574 0
    endloop
  endfacet
  facet normal 0 0 -1
    outer loop
      vertex 13.3235 47.9574 0
      vertex 19.1765 47.9574 0
      vertex 13.4784 47.9049 0
    endloop
  endfacet
  facet normal 0 0 -1
    outer loop
      vertex 13.1632 47.9893 0
      vertex 19.1765 47.9574 0
      vertex 13.3235 47.9574 0
    endloop
  endfacet
  facet normal 0 0 -1
    outer loop
      vertex 19.3368 47.9893 0
      vertex 13.1632 47.9893 0
      vertex 13 48 0
    endloop
  endfacet
  facet normal 0 0 -1
    outer loop
      vertex 19.5 48 0
      vertex 13 48 0
      vertex 94.5 63 0
    endloop
  endfacet
  facet normal 0 0 -1
    outer loop
      vertex 6.5 48 0
      vertex 13 48 0
      vertex 12.8368 47.9893 0
    endloop
  endfacet
  facet normal 0 0 -1
    outer loop
      vertex 7.75 46.75 0
      vertex 11.75 46.75 0
      vertex 7.75 29.25 0
    endloop
  endfacet
  facet normal 0 0 -1
    outer loop
      vertex 11.75 46.75 0
      vertex 7.75 46.75 0
      vertex 11.7607 46.9132 0
    endloop
  endfacet
  facet normal 0 0 -1
    outer loop
      vertex 7.73931 46.9132 0
      vertex 11.7607 46.9132 0
      vertex 7.75 46.75 0
    endloop
  endfacet
  facet normal 0 0 -1
    outer loop
      vertex 11.7607 46.9132 0
      vertex 7.73931 46.9132 0
      vertex 11.7926 47.0735 0
    endloop
  endfacet
  facet normal 0 0 -1
    outer loop
      vertex 7.70741 47.0735 0
      vertex 11.7926 47.0735 0
      vertex 7.73931 46.9132 0
    endloop
  endfacet
  facet normal 0 0 -1
    outer loop
      vertex 11.7926 47.0735 0
      vertex 7.70741 47.0735 0
      vertex 11.8451 47.2284 0
    endloop
  endfacet
  facet normal 0 0 -1
    outer loop
      vertex 7.65485 47.2284 0
      vertex 11.8451 47.2284 0
      vertex 7.70741 47.0735 0
    endloop
  endfacet
  facet normal 0 0 -1
    outer loop
      vertex 11.8451 47.2284 0
      vertex 7.65485 47.2284 0
      vertex 11.9175 47.375 0
    endloop
  endfacet
  facet normal 0 0 -1
    outer loop
      vertex 7.58253 47.375 0
      vertex 11.9175 47.375 0
      vertex 7.65485 47.2284 0
    endloop
  endfacet
  facet normal 0 0 -1
    outer loop
      vertex 11.9175 47.375 0
      vertex 7.58253 47.375 0
      vertex 12.0083 47.511 0
    endloop
  endfacet
  facet normal 0 0 -1
    outer loop
      vertex 7.49169 47.511 0
      vertex 12.0083 47.511 0
      vertex 7.58253 47.375 0
    endloop
  endfacet
  facet normal 0 0 -1
    outer loop
      vertex 12.0083 47.511 0
      vertex 7.49169 47.511 0
      vertex 12.1161 47.6339 0
    endloop
  endfacet
  facet normal 0 0 -1
    outer loop
      vertex 7.38388 47.6339 0
      vertex 12.1161 47.6339 0
      vertex 7.49169 47.511 0
    endloop
  endfacet
  facet normal 0 0 -1
    outer loop
      vertex 12.1161 47.6339 0
      vertex 7.38388 47.6339 0
      vertex 12.239 47.7417 0
    endloop
  endfacet
  facet normal 0 0 -1
    outer loop
      vertex 7.26095 47.7417 0
      vertex 12.239 47.7417 0
      vertex 7.38388 47.6339 0
    endloop
  endfacet
  facet normal 0 0 -1
    outer loop
      vertex 12.239 47.7417 0
      vertex 7.26095 47.7417 0
      vertex 12.375 47.8325 0
    endloop
  endfacet
  facet normal 0 0 -1
    outer loop
      vertex 7.125 47.8325 0
      vertex 12.375 47.8325 0
      vertex 7.26095 47.7417 0
    endloop
  endfacet
  facet normal 0 0 -1
    outer loop
      vertex 12.375 47.8325 0
      vertex 7.125 47.8325 0
      vertex 12.5216 47.9049 0
    endloop
  endfacet
  facet normal 0 0 -1
    outer loop
      vertex 6.97835 47.9049 0
      vertex 12.5216 47.9049 0
      vertex 7.125 47.8325 0
    endloop
  endfacet
  facet normal 0 0 -1
    outer loop
      vertex 12.5216 47.9049 0
      vertex 6.97835 47.9049 0
      vertex 12.6765 47.9574 0
    endloop
  endfacet
  facet normal 0 0 -1
    outer loop
      vertex 6.82352 47.9574 0
      vertex 12.6765 47.9574 0
      vertex 6.97835 47.9049 0
    endloop
  endfacet
  facet normal 0 0 -1
    outer loop
      vertex 12.6765 47.9574 0
      vertex 6.82352 47.9574 0
      vertex 12.8368 47.9893 0
    endloop
  endfacet
  facet normal 0 0 -1
    outer loop
      vertex 6.66316 47.9893 0
      vertex 12.8368 47.9893 0
      vertex 6.82352 47.9574 0
    endloop
  endfacet
  facet normal 0 0 -1
    outer loop
      vertex 6.5 48 0
      vertex 12.8368 47.9893 0
      vertex 6.66316 47.9893 0
    endloop
  endfacet
  facet normal 0 0 -1
    outer loop
      vertex 13 48 0
      vertex 6.5 48 0
      vertex 94.5 63 0
    endloop
  endfacet
  facet normal 0 0 -1
    outer loop
      vertex 0 48 0
      vertex 6.5 48 0
      vertex 6.33684 47.9893 0
    endloop
  endfacet
  facet normal 0 0 -1
    outer loop
      vertex 1.25 46.75 0
      vertex 5.25 46.75 0
      vertex 1.25 29.25 0
    endloop
  endfacet
  facet normal 0 0 -1
    outer loop
      vertex 5.25 46.75 0
      vertex 1.25 46.75 0
      vertex 5.26069 46.9132 0
    endloop
  endfacet
  facet normal 0 0 -1
    outer loop
      vertex 1.23931 46.9132 0
      vertex 5.26069 46.9132 0
      vertex 1.25 46.75 0
    endloop
  endfacet
  facet normal 0 0 -1
    outer loop
      vertex 5.26069 46.9132 0
      vertex 1.23931 46.9132 0
      vertex 5.29259 47.0735 0
    endloop
  endfacet
  facet normal 0 0 -1
    outer loop
      vertex 1.20741 47.0735 0
      vertex 5.29259 47.0735 0
      vertex 1.23931 46.9132 0
    endloop
  endfacet
  facet normal 0 0 -1
    outer loop
      vertex 5.29259 47.0735 0
      vertex 1.20741 47.0735 0
      vertex 5.34515 47.2284 0
    endloop
  endfacet
  facet normal 0 0 -1
    outer loop
      vertex 1.15485 47.2284 0
      vertex 5.34515 47.2284 0
      vertex 1.20741 47.0735 0
    endloop
  endfacet
  facet normal 0 0 -1
    outer loop
      vertex 5.34515 47.2284 0
      vertex 1.15485 47.2284 0
      vertex 5.41747 47.375 0
    endloop
  endfacet
  facet normal 0 0 -1
    outer loop
      vertex 1.08253 47.375 0
      vertex 5.41747 47.375 0
      vertex 1.15485 47.2284 0
    endloop
  endfacet
  facet normal 0 0 -1
    outer loop
      vertex 5.41747 47.375 0
      vertex 1.08253 47.375 0
      vertex 5.50831 47.511 0
    endloop
  endfacet
  facet normal 0 0 -1
    outer loop
      vertex 0.991692 47.511 0
      vertex 5.50831 47.511 0
      vertex 1.08253 47.375 0
    endloop
  endfacet
  facet normal 0 0 -1
    outer loop
      vertex 5.50831 47.511 0
      vertex 0.991692 47.511 0
      vertex 5.61612 47.6339 0
    endloop
  endfacet
  facet normal 0 0 -1
    outer loop
      vertex 0.883883 47.6339 0
      vertex 5.61612 47.6339 0
      vertex 0.991692 47.511 0
    endloop
  endfacet
  facet normal 0 0 -1
    outer loop
      vertex 5.61612 47.6339 0
      vertex 0.883883 47.6339 0
      vertex 5.73905 47.7417 0
    endloop
  endfacet
  facet normal 0 0 -1
    outer loop
      vertex 0.760951 47.7417 0
      vertex 5.73905 47.7417 0
      vertex 0.883883 47.6339 0
    endloop
  endfacet
  facet normal 0 0 -1
    outer loop
      vertex 5.73905 47.7417 0
      vertex 0.760951 47.7417 0
      vertex 5.875 47.8325 0
    endloop
  endfacet
  facet normal 0 0 -1
    outer loop
      vertex 0.625 47.8325 0
      vertex 5.875 47.8325 0
      vertex 0.760951 47.7417 0
    endloop
  endfacet
  facet normal 0 0 -1
    outer loop
      vertex 5.875 47.8325 0
      vertex 0.625 47.8325 0
      vertex 6.02165 47.9049 0
    endloop
  endfacet
  facet normal 0 0 -1
    outer loop
      vertex 0.478354 47.9049 0
      vertex 6.02165 47.9049 0
      vertex 0.625 47.8325 0
    endloop
  endfacet
  facet normal 0 0 -1
    outer loop
      vertex 6.02165 47.9049 0
      vertex 0.478354 47.9049 0
      vertex 6.17648 47.9574 0
    endloop
  endfacet
  facet normal 0 0 -1
    outer loop
      vertex 0.323524 47.9574 0
      vertex 6.17648 47.9574 0
      vertex 0.478354 47.9049 0
    endloop
  endfacet
  facet normal 0 0 -1
    outer loop
      vertex 6.17648 47.9574 0
      vertex 0.323524 47.9574 0
      vertex 6.33684 47.9893 0
    endloop
  endfacet
  facet normal 0 0 -1
    outer loop
      vertex 0.163157 47.9893 0
      vertex 6.33684 47.9893 0
      vertex 0.323524 47.9574 0
    endloop
  endfacet
  facet normal 0 0 -1
    outer loop
      vertex 0 48 0
      vertex 6.33684 47.9893 0
      vertex 0.163157 47.9893 0
    endloop
  endfacet
  facet normal 0 0 -1
    outer loop
      vertex 6.5 48 0
      vertex 0 48 0
      vertex 94.5 63 0
    endloop
  endfacet
  facet normal 0 0 -1
    outer loop
      vertex -6.5 48 0
      vertex 0 48 0
      vertex -0.163157 47.9893 0
    endloop
  endfacet
  facet normal 0 0 -1
    outer loop
      vertex -5.25 46.75 0
      vertex -1.25 46.75 0
      vertex -5.25 29.25 0
    endloop
  endfacet
  facet normal 0 0 -1
    outer loop
      vertex -1.25 46.75 0
      vertex -5.25 46.75 0
      vertex -1.23931 46.9132 0
    endloop
  endfacet
  facet normal 0 0 -1
    outer loop
      vertex -5.26069 46.9132 0
      vertex -1.23931 46.9132 0
      vertex -5.25 46.75 0
    endloop
  endfacet
  facet normal 0 0 -1
    outer loop
      vertex -1.23931 46.9132 0
      vertex -5.26069 46.9132 0
      vertex -1.20741 47.0735 0
    endloop
  endfacet
  facet normal 0 0 -1
    outer loop
      vertex -5.29259 47.0735 0
      vertex -1.20741 47.0735 0
      vertex -5.26069 46.9132 0
    endloop
  endfacet
  facet normal 0 0 -1
    outer loop
      vertex -1.20741 47.0735 0
      vertex -5.29259 47.0735 0
      vertex -1.15485 47.2284 0
    endloop
  endfacet
  facet normal 0 0 -1
    outer loop
      vertex -5.34515 47.2284 0
      vertex -1.15485 47.2284 0
      vertex -5.29259 47.0735 0
    endloop
  endfacet
  facet normal 0 0 -1
    outer loop
      vertex -1.15485 47.2284 0
      vertex -5.34515 47.2284 0
      vertex -1.08253 47.375 0
    endloop
  endfacet
  facet normal 0 0 -1
    outer loop
      vertex -5.41747 47.375 0
      vertex -1.08253 47.375 0
      vertex -5.34515 47.2284 0
    endloop
  endfacet
  facet normal 0 0 -1
    outer loop
      vertex -1.08253 47.375 0
      vertex -5.41747 47.375 0
      vertex -0.991692 47.511 0
    endloop
  endfacet
  facet normal 0 0 -1
    outer loop
      vertex -5.50831 47.511 0
      vertex -0.991692 47.511 0
      vertex -5.41747 47.375 0
    endloop
  endfacet
  facet normal 0 0 -1
    outer loop
      vertex -0.991692 47.511 0
      vertex -5.50831 47.511 0
      vertex -0.883883 47.6339 0
    endloop
  endfacet
  facet normal 0 0 -1
    outer loop
      vertex -5.61612 47.6339 0
      vertex -0.883883 47.6339 0
      vertex -5.50831 47.511 0
    endloop
  endfacet
  facet normal 0 0 -1
    outer loop
      vertex -0.883883 47.6339 0
      vertex -5.61612 47.6339 0
      vertex -0.760951 47.7417 0
    endloop
  endfacet
  facet normal 0 0 -1
    outer loop
      vertex -5.73905 47.7417 0
      vertex -0.760951 47.7417 0
      vertex -5.61612 47.6339 0
    endloop
  endfacet
  facet normal 0 0 -1
    outer loop
      vertex -0.760951 47.7417 0
      vertex -5.73905 47.7417 0
      vertex -0.625 47.8325 0
    endloop
  endfacet
  facet normal 0 0 -1
    outer loop
      vertex -5.875 47.8325 0
      vertex -0.625 47.8325 0
      vertex -5.73905 47.7417 0
    endloop
  endfacet
  facet normal 0 0 -1
    outer loop
      vertex -0.625 47.8325 0
      vertex -5.875 47.8325 0
      vertex -0.478354 47.9049 0
    endloop
  endfacet
  facet normal 0 0 -1
    outer loop
      vertex -6.02165 47.9049 0
      vertex -0.478354 47.9049 0
      vertex -5.875 47.8325 0
    endloop
  endfacet
  facet normal 0 0 -1
    outer loop
      vertex -0.478354 47.9049 0
      vertex -6.02165 47.9049 0
      vertex -0.323524 47.9574 0
    endloop
  endfacet
  facet normal 0 0 -1
    outer loop
      vertex -6.17648 47.9574 0
      vertex -0.323524 47.9574 0
      vertex -6.02165 47.9049 0
    endloop
  endfacet
  facet normal 0 0 -1
    outer loop
      vertex -0.323524 47.9574 0
      vertex -6.17648 47.9574 0
      vertex -0.163157 47.9893 0
    endloop
  endfacet
  facet normal 0 0 -1
    outer loop
      vertex -6.33684 47.9893 0
      vertex -0.163157 47.9893 0
      vertex -6.17648 47.9574 0
    endloop
  endfacet
  facet normal 0 0 -1
    outer loop
      vertex -6.5 48 0
      vertex -0.163157 47.9893 0
      vertex -6.33684 47.9893 0
    endloop
  endfacet
  facet normal 0 0 -1
    outer loop
      vertex -94.5 63 0
      vertex 0 48 0
      vertex -6.5 48 0
    endloop
  endfacet
  facet normal 0 0 -1
    outer loop
      vertex -13 48 0
      vertex -6.5 48 0
      vertex -6.66316 47.9893 0
    endloop
  endfacet
  facet normal 0 0 -1
    outer loop
      vertex -11.75 46.75 0
      vertex -7.75 46.75 0
      vertex -11.75 29.25 0
    endloop
  endfacet
  facet normal 0 0 -1
    outer loop
      vertex -7.75 46.75 0
      vertex -11.75 46.75 0
      vertex -7.73931 46.9132 0
    endloop
  endfacet
  facet normal 0 0 -1
    outer loop
      vertex -11.7607 46.9132 0
      vertex -7.73931 46.9132 0
      vertex -11.75 46.75 0
    endloop
  endfacet
  facet normal 0 0 -1
    outer loop
      vertex -7.73931 46.9132 0
      vertex -11.7607 46.9132 0
      vertex -7.70741 47.0735 0
    endloop
  endfacet
  facet normal 0 0 -1
    outer loop
      vertex -11.7926 47.0735 0
      vertex -7.70741 47.0735 0
      vertex -11.7607 46.9132 0
    endloop
  endfacet
  facet normal 0 0 -1
    outer loop
      vertex -7.70741 47.0735 0
      vertex -11.7926 47.0735 0
      vertex -7.65485 47.2284 0
    endloop
  endfacet
  facet normal 0 0 -1
    outer loop
      vertex -11.8451 47.2284 0
      vertex -7.65485 47.2284 0
      vertex -11.7926 47.0735 0
    endloop
  endfacet
  facet normal 0 0 -1
    outer loop
      vertex -7.65485 47.2284 0
      vertex -11.8451 47.2284 0
      vertex -7.58253 47.375 0
    endloop
  endfacet
  facet normal 0 0 -1
    outer loop
      vertex -11.9175 47.375 0
      vertex -7.58253 47.375 0
      vertex -11.8451 47.2284 0
    endloop
  endfacet
  facet normal 0 0 -1
    outer loop
      vertex -7.58253 47.375 0
      vertex -11.9175 47.375 0
      vertex -7.49169 47.511 0
    endloop
  endfacet
  facet normal 0 0 -1
    outer loop
      vertex -12.0083 47.511 0
      vertex -7.49169 47.511 0
      vertex -11.9175 47.375 0
    endloop
  endfacet
  facet normal 0 0 -1
    outer loop
      vertex -7.49169 47.511 0
      vertex -12.0083 47.511 0
      vertex -7.38388 47.6339 0
    endloop
  endfacet
  facet normal 0 0 -1
    outer loop
      vertex -12.1161 47.6339 0
      vertex -7.38388 47.6339 0
      vertex -12.0083 47.511 0
    endloop
  endfacet
  facet normal 0 0 -1
    outer loop
      vertex -7.38388 47.6339 0
      vertex -12.1161 47.6339 0
      vertex -7.26095 47.7417 0
    endloop
  endfacet
  facet normal 0 0 -1
    outer loop
      vertex -12.239 47.7417 0
      vertex -7.26095 47.7417 0
      vertex -12.1161 47.6339 0
    endloop
  endfacet
  facet normal 0 0 -1
    outer loop
      vertex -7.26095 47.7417 0
      vertex -12.239 47.7417 0
      vertex -7.125 47.8325 0
    endloop
  endfacet
  facet normal 0 0 -1
    outer loop
      vertex -12.375 47.8325 0
      vertex -7.125 47.8325 0
      vertex -12.239 47.7417 0
    endloop
  endfacet
  facet normal 0 0 -1
    outer loop
      vertex -7.125 47.8325 0
      vertex -12.375 47.8325 0
      vertex -6.97835 47.9049 0
    endloop
  endfacet
  facet normal 0 0 -1
    outer loop
      vertex -12.5216 47.9049 0
      vertex -6.97835 47.9049 0
      vertex -12.375 47.8325 0
    endloop
  endfacet
  facet normal 0 0 -1
    outer loop
      vertex -6.97835 47.9049 0
      vertex -12.5216 47.9049 0
      vertex -6.82352 47.9574 0
    endloop
  endfacet
  facet normal 0 0 -1
    outer loop
      vertex -12.6765 47.9574 0
      vertex -6.82352 47.9574 0
      vertex -12.5216 47.9049 0
    endloop
  endfacet
  facet normal 0 0 -1
    outer loop
      vertex -6.82352 47.9574 0
      vertex -12.6765 47.9574 0
      vertex -6.66316 47.9893 0
    endloop
  endfacet
  facet normal 0 0 -1
    outer loop
      vertex -12.8368 47.9893 0
      vertex -6.66316 47.9893 0
      vertex -12.6765 47.9574 0
    endloop
  endfacet
  facet normal 0 0 -1
    outer loop
      vertex -13 48 0
      vertex -6.66316 47.9893 0
      vertex -12.8368 47.9893 0
    endloop
  endfacet
  facet normal 0 0 -1
    outer loop
      vertex -6.5 48 0
      vertex -13 48 0
      vertex -94.5 63 0
    endloop
  endfacet
  facet normal 0 0 -1
    outer loop
      vertex -19.5 48 0
      vertex -13 48 0
      vertex -13.1632 47.9893 0
    endloop
  endfacet
  facet normal 0 0 -1
    outer loop
      vertex -18.2607 29.0868 0
      vertex -13.761 28.2583 0
      vertex -13.625 28.1675 0
    endloop
  endfacet
  facet normal 0 0 -1
    outer loop
      vertex -18.2607 29.0868 0
      vertex -13.8839 28.3661 0
      vertex -13.761 28.2583 0
    endloop
  endfacet
  facet normal 0 0 -1
    outer loop
      vertex -18.2607 29.0868 0
      vertex -16.0353 -6.1363 0
      vertex -16.5307 -6.30448 0
    endloop
  endfacet
  facet normal 0 0 -1
    outer loop
      vertex -18.2607 29.0868 0
      vertex -16.5307 -6.30448 0
      vertex -17 -6.5359 0
    endloop
  endfacet
  facet normal 0 0 -1
    outer loop
      vertex -18.2607 29.0868 0
      vertex -17 -6.5359 0
      vertex -17.435 -6.82659 0
    endloop
  endfacet
  facet normal 0 0 -1
    outer loop
      vertex -18.2607 29.0868 0
      vertex -17.435 -6.82659 0
      vertex -17.8284 -7.17157 0
    endloop
  endfacet
  facet normal 0 0 -1
    outer loop
      vertex -14.25 29.25 0
      vertex -18.25 29.25 0
      vertex -14.25 46.75 0
    endloop
  endfacet
  facet normal 0 0 -1
    outer loop
      vertex -55.8948 12.9 0
      vertex -17.8284 -7.17157 0
      vertex -18.1734 -7.56495 0
    endloop
  endfacet
  facet normal 0 0 -1
    outer loop
      vertex -18.25 46.75 0
      vertex -14.25 46.75 0
      vertex -18.25 29.25 0
    endloop
  endfacet
  facet normal 0 0 -1
    outer loop
      vertex -14.25 46.75 0
      vertex -18.25 46.75 0
      vertex -14.2393 46.9132 0
    endloop
  endfacet
  facet normal 0 0 -1
    outer loop
      vertex -18.2607 46.9132 0
      vertex -14.2393 46.9132 0
      vertex -18.25 46.75 0
    endloop
  endfacet
  facet normal 0 0 -1
    outer loop
      vertex -14.2393 46.9132 0
      vertex -18.2607 46.9132 0
      vertex -14.2074 47.0735 0
    endloop
  endfacet
  facet normal 0 0 -1
    outer loop
      vertex -18.2926 47.0735 0
      vertex -14.2074 47.0735 0
      vertex -18.2607 46.9132 0
    endloop
  endfacet
  facet normal 0 0 -1
    outer loop
      vertex -14.2074 47.0735 0
      vertex -18.2926 47.0735 0
      vertex -14.1548 47.2284 0
    endloop
  endfacet
  facet normal 0 0 -1
    outer loop
      vertex -18.3451 47.2284 0
      vertex -14.1548 47.2284 0
      vertex -18.2926 47.0735 0
    endloop
  endfacet
  facet normal 0 0 -1
    outer loop
      vertex -14.1548 47.2284 0
      vertex -18.3451 47.2284 0
      vertex -14.0825 47.375 0
    endloop
  endfacet
  facet normal 0 0 -1
    outer loop
      vertex -18.4175 47.375 0
      vertex -14.0825 47.375 0
      vertex -18.3451 47.2284 0
    endloop
  endfacet
  facet normal 0 0 -1
    outer loop
      vertex -14.0825 47.375 0
      vertex -18.4175 47.375 0
      vertex -13.9917 47.511 0
    endloop
  endfacet
  facet normal 0 0 -1
    outer loop
      vertex -18.5083 47.511 0
      vertex -13.9917 47.511 0
      vertex -18.4175 47.375 0
    endloop
  endfacet
  facet normal 0 0 -1
    outer loop
      vertex -13.9917 47.511 0
      vertex -18.5083 47.511 0
      vertex -13.8839 47.6339 0
    endloop
  endfacet
  facet normal 0 0 -1
    outer loop
      vertex -18.6161 47.6339 0
      vertex -13.8839 47.6339 0
      vertex -18.5083 47.511 0
    endloop
  endfacet
  facet normal 0 0 -1
    outer loop
      vertex -13.8839 47.6339 0
      vertex -18.6161 47.6339 0
      vertex -13.761 47.7417 0
    endloop
  endfacet
  facet normal 0 0 -1
    outer loop
      vertex -18.739 47.7417 0
      vertex -13.761 47.7417 0
      vertex -18.6161 47.6339 0
    endloop
  endfacet
  facet normal 0 0 -1
    outer loop
      vertex -13.761 47.7417 0
      vertex -18.739 47.7417 0
      vertex -13.625 47.8325 0
    endloop
  endfacet
  facet normal 0 0 -1
    outer loop
      vertex -18.875 47.8325 0
      vertex -13.625 47.8325 0
      vertex -18.739 47.7417 0
    endloop
  endfacet
  facet normal 0 0 -1
    outer loop
      vertex -13.625 47.8325 0
      vertex -18.875 47.8325 0
      vertex -13.4784 47.9049 0
    endloop
  endfacet
  facet normal 0 0 -1
    outer loop
      vertex -19.0216 47.9049 0
      vertex -13.4784 47.9049 0
      vertex -18.875 47.8325 0
    endloop
  endfacet
  facet normal 0 0 -1
    outer loop
      vertex -13.4784 47.9049 0
      vertex -19.0216 47.9049 0
      vertex -13.3235 47.9574 0
    endloop
  endfacet
  facet normal 0 0 -1
    outer loop
      vertex -19.1765 47.9574 0
      vertex -13.3235 47.9574 0
      vertex -19.0216 47.9049 0
    endloop
  endfacet
  facet normal 0 0 -1
    outer loop
      vertex -13.3235 47.9574 0
      vertex -19.1765 47.9574 0
      vertex -13.1632 47.9893 0
    endloop
  endfacet
  facet normal 0 0 -1
    outer loop
      vertex -19.3368 47.9893 0
      vertex -13.1632 47.9893 0
      vertex -19.1765 47.9574 0
    endloop
  endfacet
  facet normal 0 0 -1
    outer loop
      vertex -19.5 48 0
      vertex -13.1632 47.9893 0
      vertex -19.3368 47.9893 0
    endloop
  endfacet
  facet normal 0 0 -1
    outer loop
      vertex -13 48 0
      vertex -19.5 48 0
      vertex -94.5 63 0
    endloop
  endfacet
  facet normal 0 0 -1
    outer loop
      vertex -26 48 0
      vertex -19.5 48 0
      vertex -19.6632 47.9893 0
    endloop
  endfacet
  facet normal 0 0 -1
    outer loop
      vertex -24.75 46.75 0
      vertex -20.75 46.75 0
      vertex -24.75 29.25 0
    endloop
  endfacet
  facet normal 0 0 -1
    outer loop
      vertex -20.75 46.75 0
      vertex -24.75 46.75 0
      vertex -20.7393 46.9132 0
    endloop
  endfacet
  facet normal 0 0 -1
    outer loop
      vertex -24.7607 46.9132 0
      vertex -20.7393 46.9132 0
      vertex -24.75 46.75 0
    endloop
  endfacet
  facet normal 0 0 -1
    outer loop
      vertex -20.7393 46.9132 0
      vertex -24.7607 46.9132 0
      vertex -20.7074 47.0735 0
    endloop
  endfacet
  facet normal 0 0 -1
    outer loop
      vertex -24.7926 47.0735 0
      vertex -20.7074 47.0735 0
      vertex -24.7607 46.9132 0
    endloop
  endfacet
  facet normal 0 0 -1
    outer loop
      vertex -20.7074 47.0735 0
      vertex -24.7926 47.0735 0
      vertex -20.6549 47.2284 0
    endloop
  endfacet
  facet normal 0 0 -1
    outer loop
      vertex -24.8451 47.2284 0
      vertex -20.6549 47.2284 0
      vertex -24.7926 47.0735 0
    endloop
  endfacet
  facet normal 0 0 -1
    outer loop
      vertex -20.6549 47.2284 0
      vertex -24.8451 47.2284 0
      vertex -20.5825 47.375 0
    endloop
  endfacet
  facet normal 0 0 -1
    outer loop
      vertex -24.9175 47.375 0
      vertex -20.5825 47.375 0
      vertex -24.8451 47.2284 0
    endloop
  endfacet
  facet normal 0 0 -1
    outer loop
      vertex -20.5825 47.375 0
      vertex -24.9175 47.375 0
      vertex -20.4917 47.511 0
    endloop
  endfacet
  facet normal 0 0 -1
    outer loop
      vertex -25.0083 47.511 0
      vertex -20.4917 47.511 0
      vertex -24.9175 47.375 0
    endloop
  endfacet
  facet normal 0 0 -1
    outer loop
      vertex -20.4917 47.511 0
      vertex -25.0083 47.511 0
      vertex -20.3839 47.6339 0
    endloop
  endfacet
  facet normal 0 0 -1
    outer loop
      vertex -25.1161 47.6339 0
      vertex -20.3839 47.6339 0
      vertex -25.0083 47.511 0
    endloop
  endfacet
  facet normal 0 0 -1
    outer loop
      vertex -20.3839 47.6339 0
      vertex -25.1161 47.6339 0
      vertex -20.261 47.7417 0
    endloop
  endfacet
  facet normal 0 0 -1
    outer loop
      vertex -25.239 47.7417 0
      vertex -20.261 47.7417 0
      vertex -25.1161 47.6339 0
    endloop
  endfacet
  facet normal 0 0 -1
    outer loop
      vertex -20.261 47.7417 0
      vertex -25.239 47.7417 0
      vertex -20.125 47.8325 0
    endloop
  endfacet
  facet normal 0 0 -1
    outer loop
      vertex -25.375 47.8325 0
      vertex -20.125 47.8325 0
      vertex -25.239 47.7417 0
    endloop
  endfacet
  facet normal 0 0 -1
    outer loop
      vertex -20.125 47.8325 0
      vertex -25.375 47.8325 0
      vertex -19.9784 47.9049 0
    endloop
  endfacet
  facet normal 0 0 -1
    outer loop
      vertex -25.5216 47.9049 0
      vertex -19.9784 47.9049 0
      vertex -25.375 47.8325 0
    endloop
  endfacet
  facet normal 0 0 -1
    outer loop
      vertex -19.9784 47.9049 0
      vertex -25.5216 47.9049 0
      vertex -19.8235 47.9574 0
    endloop
  endfacet
  facet normal 0 0 -1
    outer loop
      vertex -25.6765 47.9574 0
      vertex -19.8235 47.9574 0
      vertex -25.5216 47.9049 0
    endloop
  endfacet
  facet normal 0 0 -1
    outer loop
      vertex -19.8235 47.9574 0
      vertex -25.6765 47.9574 0
      vertex -19.6632 47.9893 0
    endloop
  endfacet
  facet normal 0 0 -1
    outer loop
      vertex -25.8368 47.9893 0
      vertex -19.6632 47.9893 0
      vertex -25.6765 47.9574 0
    endloop
  endfacet
  facet normal 0 0 -1
    outer loop
      vertex -26 48 0
      vertex -19.6632 47.9893 0
      vertex -25.8368 47.9893 0
    endloop
  endfacet
  facet normal 0 0 -1
    outer loop
      vertex -19.5 48 0
      vertex -26 48 0
      vertex -94.5 63 0
    endloop
  endfacet
  facet normal 0 0 -1
    outer loop
      vertex -94.5 63 0
      vertex -26 48 0
      vertex -26.1632 47.9893 0
    endloop
  endfacet
  facet normal 0 0 -1
    outer loop
      vertex -57.75 26 0
      vertex -27.1549 28.7716 0
      vertex -56.3194 16.125 0
    endloop
  endfacet
  facet normal -0 0 -1
    outer loop
      vertex -27.1549 28.7716 0
      vertex -57.75 26 0
      vertex -27.2074 28.9265 0
    endloop
  endfacet
  facet normal -0 0 -1
    outer loop
      vertex -27.2074 28.9265 0
      vertex -57.75 26 0
      vertex -27.2393 29.0868 0
    endloop
  endfacet
  facet normal -0 0 -1
    outer loop
      vertex -27.2393 29.0868 0
      vertex -57.7692 26.2937 0
      vertex -27.25 29.25 0
    endloop
  endfacet
  facet normal 0 0 -1
    outer loop
      vertex -57.8267 26.5823 0
      vertex -27.25 29.25 0
      vertex -57.7692 26.2937 0
    endloop
  endfacet
  facet normal 0 0 -1
    outer loop
      vertex -57.9213 26.861 0
      vertex -27.25 29.25 0
      vertex -57.8267 26.5823 0
    endloop
  endfacet
  facet normal 0 0 -1
    outer loop
      vertex -58.0514 27.125 0
      vertex -27.25 29.25 0
      vertex -57.9213 26.861 0
    endloop
  endfacet
  facet normal 0 0 -1
    outer loop
      vertex -58.215 27.3697 0
      vertex -27.25 29.25 0
      vertex -58.0514 27.125 0
    endloop
  endfacet
  facet normal -0 0 -1
    outer loop
      vertex -27.25 29.25 0
      vertex -58.215 27.3697 0
      vertex -27.25 46.75 0
    endloop
  endfacet
  facet normal 0 0 -1
    outer loop
      vertex -57.7692 26.2937 0
      vertex -27.2393 29.0868 0
      vertex -57.75 26 0
    endloop
  endfacet
  facet normal 0 0 -1
    outer loop
      vertex -57.75 26 0
      vertex -56.3194 16.125 0
      vertex -56.6283 16.5872 0
    endloop
  endfacet
  facet normal 0 0 -1
    outer loop
      vertex -57.75 26 0
      vertex -56.6283 16.5872 0
      vertex -56.9948 17.0052 0
    endloop
  endfacet
  facet normal 0 0 -1
    outer loop
      vertex -57.75 26 0
      vertex -56.9948 17.0052 0
      vertex -57.4128 17.3718 0
    endloop
  endfacet
  facet normal 0 0 -1
    outer loop
      vertex -57.75 26 0
      vertex -57.4128 17.3718 0
      vertex -57.75 17.5971 0
    endloop
  endfacet
  facet normal 0 0 -1
    outer loop
      vertex -58.409 27.591 0
      vertex -27.25 46.75 0
      vertex -58.215 27.3697 0
    endloop
  endfacet
  facet normal 0 0 -1
    outer loop
      vertex -58.6303 27.785 0
      vertex -27.25 46.75 0
      vertex -58.409 27.591 0
    endloop
  endfacet
  facet normal 0 0 -1
    outer loop
      vertex -58.875 27.9486 0
      vertex -27.25 46.75 0
      vertex -58.6303 27.785 0
    endloop
  endfacet
  facet normal 0 0 -1
    outer loop
      vertex -59.139 28.0787 0
      vertex -27.25 46.75 0
      vertex -58.875 27.9486 0
    endloop
  endfacet
  facet normal -0 0 -1
    outer loop
      vertex -27.25 46.75 0
      vertex -59.139 28.0787 0
      vertex -27.2393 46.9132 0
    endloop
  endfacet
  facet normal 0 0 -1
    outer loop
      vertex -59.4177 28.1733 0
      vertex -27.2393 46.9132 0
      vertex -59.139 28.0787 0
    endloop
  endfacet
  facet normal -0 0 -1
    outer loop
      vertex -27.2393 46.9132 0
      vertex -59.4177 28.1733 0
      vertex -27.2074 47.0735 0
    endloop
  endfacet
  facet normal 0 0 -1
    outer loop
      vertex -59.7063 28.2308 0
      vertex -27.2074 47.0735 0
      vertex -59.4177 28.1733 0
    endloop
  endfacet
  facet normal -0 0 -1
    outer loop
      vertex -27.2074 47.0735 0
      vertex -59.7063 28.2308 0
      vertex -27.1549 47.2284 0
    endloop
  endfacet
  facet normal -0 0 -1
    outer loop
      vertex -27.1549 47.2284 0
      vertex -59.7063 28.2308 0
      vertex -27.0825 47.375 0
    endloop
  endfacet
  facet normal 0 0 -1
    outer loop
      vertex -60 28.25 0
      vertex -27.0825 47.375 0
      vertex -59.7063 28.2308 0
    endloop
  endfacet
  facet normal 0 0 -1
    outer loop
      vertex -94.5 63 0
      vertex -27.0825 47.375 0
      vertex -60 28.25 0
    endloop
  endfacet
  facet normal 0 0 -1
    outer loop
      vertex -27.0825 47.375 0
      vertex -94.5 63 0
      vertex -26.9917 47.511 0
    endloop
  endfacet
  facet normal 0 0 -1
    outer loop
      vertex -26.9917 47.511 0
      vertex -94.5 63 0
      vertex -26.8839 47.6339 0
    endloop
  endfacet
  facet normal 0 0 -1
    outer loop
      vertex -26.8839 47.6339 0
      vertex -94.5 63 0
      vertex -26.761 47.7417 0
    endloop
  endfacet
  facet normal 0 0 -1
    outer loop
      vertex -94.5 63 0
      vertex -60 28.25 0
      vertex -60.2937 28.2308 0
    endloop
  endfacet
  facet normal 0 0 -1
    outer loop
      vertex -94.5 63 0
      vertex -60.2937 28.2308 0
      vertex -60.5823 28.1733 0
    endloop
  endfacet
  facet normal 0 0 -1
    outer loop
      vertex -94.5 63 0
      vertex -60.5823 28.1733 0
      vertex -60.861 28.0787 0
    endloop
  endfacet
  facet normal 0 0 -1
    outer loop
      vertex -94.5 63 0
      vertex -60.861 28.0787 0
      vertex -61.125 27.9486 0
    endloop
  endfacet
  facet normal 0 0 -1
    outer loop
      vertex -63.0052 17.0052 0
      vertex -62.25 26 0
      vertex -62.5872 17.3718 0
    endloop
  endfacet
  facet normal 0 0 -1
    outer loop
      vertex -63.3717 16.5872 0
      vertex -62.25 26 0
      vertex -63.0052 17.0052 0
    endloop
  endfacet
  facet normal 0 0 -1
    outer loop
      vertex -63.6806 16.125 0
      vertex -62.25 26 0
      vertex -63.3717 16.5872 0
    endloop
  endfacet
  facet normal 0 0 -1
    outer loop
      vertex -63.9265 15.6264 0
      vertex -62.25 26 0
      vertex -63.6806 16.125 0
    endloop
  endfacet
  facet normal 0 0 -1
    outer loop
      vertex -104 53.5 0
      vertex -62.25 26 0
      vertex -63.9265 15.6264 0
    endloop
  endfacet
  facet normal 0 0 -1
    outer loop
      vertex -104 53.5 0
      vertex -63.9265 15.6264 0
      vertex -64.1052 15.1 0
    endloop
  endfacet
  facet normal 0 0 -1
    outer loop
      vertex -104 53.5 0
      vertex -64.1052 15.1 0
      vertex -64.2136 14.5547 0
    endloop
  endfacet
  facet normal 0 0 -1
    outer loop
      vertex -64.1052 12.9 0
      vertex -104 53.5 0
      vertex -64.2136 13.4453 0
    endloop
  endfacet
  facet normal 0 0 -1
    outer loop
      vertex -64.2136 13.4453 0
      vertex -104 53.5 0
      vertex -64.25 14 0
    endloop
  endfacet
  facet normal 0 0 -1
    outer loop
      vertex -64.25 14 0
      vertex -104 53.5 0
      vertex -64.2136 14.5547 0
    endloop
  endfacet
  facet normal 0 0 -1
    outer loop
      vertex -62.25 26 0
      vertex -104 53.5 0
      vertex -62.2308 26.2937 0
    endloop
  endfacet
  facet normal 0 0 -1
    outer loop
      vertex 0 48 0
      vertex -94.5 63 0
      vertex 94.5 63 0
    endloop
  endfacet
  facet normal 0 0 -1
    outer loop
      vertex -26.3235 47.9574 0
      vertex -94.5 63 0
      vertex -26.1632 47.9893 0
    endloop
  endfacet
  facet normal 0 0 -1
    outer loop
      vertex -26.4784 47.9049 0
      vertex -94.5 63 0
      vertex -26.3235 47.9574 0
    endloop
  endfacet
  facet normal 0 0 -1
    outer loop
      vertex -26.625 47.8325 0
      vertex -94.5 63 0
      vertex -26.4784 47.9049 0
    endloop
  endfacet
  facet normal 0 0 -1
    outer loop
      vertex -26.761 47.7417 0
      vertex -94.5 63 0
      vertex -26.625 47.8325 0
    endloop
  endfacet
  facet normal 0 0 -1
    outer loop
      vertex -61.3697 27.785 0
      vertex -94.5 63 0
      vertex -61.125 27.9486 0
    endloop
  endfacet
  facet normal 0 0 -1
    outer loop
      vertex -61.591 27.591 0
      vertex -94.5 63 0
      vertex -61.3697 27.785 0
    endloop
  endfacet
  facet normal 0 0 -1
    outer loop
      vertex -61.785 27.3697 0
      vertex -94.5 63 0
      vertex -61.591 27.591 0
    endloop
  endfacet
  facet normal 0 0 -1
    outer loop
      vertex -104 53.5 0
      vertex -61.785 27.3697 0
      vertex -61.9486 27.125 0
    endloop
  endfacet
  facet normal 0 0 -1
    outer loop
      vertex -104 53.5 0
      vertex -61.9486 27.125 0
      vertex -62.0787 26.861 0
    endloop
  endfacet
  facet normal 0 0 -1
    outer loop
      vertex -62.2308 26.2937 0
      vertex -104 53.5 0
      vertex -62.1733 26.5823 0
    endloop
  endfacet
  facet normal 0 0 -1
    outer loop
      vertex -104 -53.5 0
      vertex -94.5 -63 0
      vertex -95.74 -62.9187 0
    endloop
  endfacet
  facet normal 0 0 -1
    outer loop
      vertex -62.1733 26.5823 0
      vertex -104 53.5 0
      vertex -62.0787 26.861 0
    endloop
  endfacet
  facet normal 0 0 -1
    outer loop
      vertex -104 -53.5 0
      vertex -95.74 -62.9187 0
      vertex -96.9588 -62.6763 0
    endloop
  endfacet
  facet normal 0 0 -1
    outer loop
      vertex -61.785 27.3697 0
      vertex -104 53.5 0
      vertex -94.5 63 0
    endloop
  endfacet
  facet normal 0 0 -1
    outer loop
      vertex -104 -53.5 0
      vertex -96.9588 -62.6763 0
      vertex -98.1355 -62.2769 0
    endloop
  endfacet
  facet normal 0 0 -1
    outer loop
      vertex -94.5 63 0
      vertex -104 53.5 0
      vertex -95.74 62.9187 0
    endloop
  endfacet
  facet normal 0 0 -1
    outer loop
      vertex -104 -53.5 0
      vertex -98.1355 -62.2769 0
      vertex -99.25 -61.7272 0
    endloop
  endfacet
  facet normal 0 0 -1
    outer loop
      vertex -95.74 62.9187 0
      vertex -104 53.5 0
      vertex -96.9588 62.6763 0
    endloop
  endfacet
  facet normal 0 0 -1
    outer loop
      vertex -104 -53.5 0
      vertex -99.25 -61.7272 0
      vertex -100.283 -61.0369 0
    endloop
  endfacet
  facet normal 0 0 -1
    outer loop
      vertex -96.9588 62.6763 0
      vertex -104 53.5 0
      vertex -98.1355 62.2769 0
    endloop
  endfacet
  facet normal 0 0 -1
    outer loop
      vertex -104 -53.5 0
      vertex -100.283 -61.0369 0
      vertex -101.218 -60.2175 0
    endloop
  endfacet
  facet normal 0 0 -1
    outer loop
      vertex -98.1355 62.2769 0
      vertex -104 53.5 0
      vertex -99.25 61.7272 0
    endloop
  endfacet
  facet normal 0 0 -1
    outer loop
      vertex -104 -53.5 0
      vertex -101.218 -60.2175 0
      vertex -102.037 -59.2832 0
    endloop
  endfacet
  facet normal 0 0 -1
    outer loop
      vertex -99.25 61.7272 0
      vertex -104 53.5 0
      vertex -100.283 61.0369 0
    endloop
  endfacet
  facet normal 0 0 -1
    outer loop
      vertex -104 -53.5 0
      vertex -102.037 -59.2832 0
      vertex -102.727 -58.25 0
    endloop
  endfacet
  facet normal 0 0 -1
    outer loop
      vertex -100.283 61.0369 0
      vertex -104 53.5 0
      vertex -101.218 60.2175 0
    endloop
  endfacet
  facet normal 0 0 -1
    outer loop
      vertex -104 -53.5 0
      vertex -102.727 -58.25 0
      vertex -103.277 -57.1355 0
    endloop
  endfacet
  facet normal 0 0 -1
    outer loop
      vertex -101.218 60.2175 0
      vertex -104 53.5 0
      vertex -102.037 59.2832 0
    endloop
  endfacet
  facet normal 0 0 -1
    outer loop
      vertex -104 -53.5 0
      vertex -103.277 -57.1355 0
      vertex -103.676 -55.9588 0
    endloop
  endfacet
  facet normal 0 0 -1
    outer loop
      vertex -102.037 59.2832 0
      vertex -104 53.5 0
      vertex -102.727 58.25 0
    endloop
  endfacet
  facet normal 0 0 -1
    outer loop
      vertex -104 -53.5 0
      vertex -103.676 -55.9588 0
      vertex -103.919 -54.74 0
    endloop
  endfacet
  facet normal 0 0 -1
    outer loop
      vertex -102.727 58.25 0
      vertex -104 53.5 0
      vertex -103.277 57.1355 0
    endloop
  endfacet
  facet normal 0 0 -1
    outer loop
      vertex -103.277 57.1355 0
      vertex -104 53.5 0
      vertex -103.676 55.9588 0
    endloop
  endfacet
  facet normal 0 0 -1
    outer loop
      vertex -103.676 55.9588 0
      vertex -104 53.5 0
      vertex -103.919 54.74 0
    endloop
  endfacet
  facet normal -0 0 -1
    outer loop
      vertex 56.9948 10.9948 0
      vertex 18.8637 -8.96472 0
      vertex 56.6283 11.4128 0
    endloop
  endfacet
  facet normal -0 0 -1
    outer loop
      vertex 26 28 0
      vertex 17 -6.5359 0
      vertex 25.8368 28.0107 0
    endloop
  endfacet
  facet normal 0 -0 -1
    outer loop
      vertex 20.125 28.1675 0
      vertex 25.375 28.1675 0
      vertex 19.9784 28.0951 0
    endloop
  endfacet
  facet normal 0 -0 -1
    outer loop
      vertex 20.261 28.2583 0
      vertex 25.239 28.2583 0
      vertex 20.125 28.1675 0
    endloop
  endfacet
  facet normal 0 0 -1
    outer loop
      vertex 25.375 28.1675 0
      vertex 20.125 28.1675 0
      vertex 25.239 28.2583 0
    endloop
  endfacet
  facet normal 0 -0 -1
    outer loop
      vertex 19.9784 28.0951 0
      vertex 25.5216 28.0951 0
      vertex 19.8235 28.0426 0
    endloop
  endfacet
  facet normal 0 0 -1
    outer loop
      vertex 16.0353 -6.1363 0
      vertex 19.6632 28.0107 0
      vertex 16.5307 -6.30448 0
    endloop
  endfacet
  facet normal 0 0 -1
    outer loop
      vertex 19.6632 28.0107 0
      vertex 16.0353 -6.1363 0
      vertex 19.5 28 0
    endloop
  endfacet
  facet normal 0 0 -1
    outer loop
      vertex 15.5221 -6.03422 0
      vertex 19.5 28 0
      vertex 16.0353 -6.1363 0
    endloop
  endfacet
  facet normal -0 0 -1
    outer loop
      vertex 19.5 28 0
      vertex 15.5221 -6.03422 0
      vertex 19.3368 28.0107 0
    endloop
  endfacet
  facet normal 0 0 -1
    outer loop
      vertex 15 -6 0
      vertex 19.3368 28.0107 0
      vertex 15.5221 -6.03422 0
    endloop
  endfacet
  facet normal 0 0 -1
    outer loop
      vertex 13.1632 28.0107 0
      vertex 19.3368 28.0107 0
      vertex 15 -6 0
    endloop
  endfacet
  facet normal 0 0 -1
    outer loop
      vertex 19.3368 28.0107 0
      vertex 13.1632 28.0107 0
      vertex 19.1765 28.0426 0
    endloop
  endfacet
  facet normal 0 -0 -1
    outer loop
      vertex 13.3235 28.0426 0
      vertex 19.1765 28.0426 0
      vertex 13.1632 28.0107 0
    endloop
  endfacet
  facet normal 0 0 -1
    outer loop
      vertex 14.2393 29.0868 0
      vertex 18.739 28.2583 0
      vertex 18.875 28.1675 0
    endloop
  endfacet
  facet normal 0 0 -1
    outer loop
      vertex 14.2393 29.0868 0
      vertex 18.875 28.1675 0
      vertex 19.0216 28.0951 0
    endloop
  endfacet
  facet normal -0.980698 -0.195528 0
    outer loop
      vertex -103.676 -55.9588 0
      vertex -103.919 -54.74 22.5
      vertex -103.919 -54.74 0
    endloop
  endfacet
  facet normal -0.980698 -0.195528 0
    outer loop
      vertex -103.919 -54.74 22.5
      vertex -103.676 -55.9588 0
      vertex -103.676 -55.9588 22.5
    endloop
  endfacet
  facet normal -1 0 0
    outer loop
      vertex -104 -53.5 0
      vertex -104 53.5 22.5
      vertex -104 53.5 0
    endloop
  endfacet
  facet normal -1 -0 0
    outer loop
      vertex -104 53.5 22.5
      vertex -104 -53.5 0
      vertex -104 -53.5 22.5
    endloop
  endfacet
  facet normal 0.997873 0.0651837 0
    outer loop
      vertex 104 53.5 22.5
      vertex 103.919 54.74 0
      vertex 103.919 54.74 22.5
    endloop
  endfacet
  facet normal 0.997873 0.0651837 0
    outer loop
      vertex 103.919 54.74 0
      vertex 104 53.5 22.5
      vertex 104 53.5 0
    endloop
  endfacet
  facet normal -0.997873 -0.0651837 0
    outer loop
      vertex -103.919 -54.74 0
      vertex -104 -53.5 22.5
      vertex -104 -53.5 0
    endloop
  endfacet
  facet normal -0.997873 -0.0651837 0
    outer loop
      vertex -104 -53.5 22.5
      vertex -103.919 -54.74 0
      vertex -103.919 -54.74 22.5
    endloop
  endfacet
  facet normal 0 1 -0
    outer loop
      vertex 94.5 63 0
      vertex -94.5 63 22.5
      vertex 94.5 63 22.5
    endloop
  endfacet
  facet normal 0 1 0
    outer loop
      vertex -94.5 63 22.5
      vertex 94.5 63 0
      vertex -94.5 63 0
    endloop
  endfacet
  facet normal 0.55561 -0.831443 0
    outer loop
      vertex 99.25 -61.7272 0
      vertex 100.283 -61.0369 22.5
      vertex 99.25 -61.7272 22.5
    endloop
  endfacet
  facet normal 0.55561 -0.831443 0
    outer loop
      vertex 100.283 -61.0369 22.5
      vertex 99.25 -61.7272 0
      vertex 100.283 -61.0369 0
    endloop
  endfacet
  facet normal 1 0 0
    outer loop
      vertex 104 16.25 11.75
      vertex 104 53.5 22.5
      vertex 104 16.25 19.25
    endloop
  endfacet
  facet normal 1 0 0
    outer loop
      vertex 104 53.5 22.5
      vertex 104 3.75 19.25
      vertex 104 16.25 19.25
    endloop
  endfacet
  facet normal 1 0 0
    outer loop
      vertex 104 3.75 19.25
      vertex 104 -3.75 19.25
      vertex 104 3.75 11.75
    endloop
  endfacet
  facet normal 1 0 0
    outer loop
      vertex 104 53.5 22.5
      vertex 104 -3.75 19.25
      vertex 104 3.75 19.25
    endloop
  endfacet
  facet normal 1 -0 0
    outer loop
      vertex 104 -53.5 22.5
      vertex 104 -3.75 19.25
      vertex 104 53.5 22.5
    endloop
  endfacet
  facet normal 1 0 0
    outer loop
      vertex 104 -16.25 19.25
      vertex 104 -22.5 17.5
      vertex 104 -16.25 11.75
    endloop
  endfacet
  facet normal 1 0 0
    outer loop
      vertex 104 -16.25 19.25
      vertex 104 -37.5 17.5
      vertex 104 -22.5 17.5
    endloop
  endfacet
  facet normal 1 0 0
    outer loop
      vertex 104 -37.5 17.5
      vertex 104 -53.5 22.5
      vertex 104 -37.5 13.5
    endloop
  endfacet
  facet normal 1 0 0
    outer loop
      vertex 104 -16.25 19.25
      vertex 104 -53.5 22.5
      vertex 104 -37.5 17.5
    endloop
  endfacet
  facet normal 1 0 0
    outer loop
      vertex 104 -3.75 19.25
      vertex 104 -53.5 22.5
      vertex 104 -16.25 19.25
    endloop
  endfacet
  facet normal 1 0 0
    outer loop
      vertex 104 53.5 22.5
      vertex 104 16.25 11.75
      vertex 104 53.5 0
    endloop
  endfacet
  facet normal 1 -0 0
    outer loop
      vertex 104 3.75 11.75
      vertex 104 53.5 0
      vertex 104 16.25 11.75
    endloop
  endfacet
  facet normal 1 0 0
    outer loop
      vertex 104 -3.75 11.75
      vertex 104 3.75 11.75
      vertex 104 -3.75 19.25
    endloop
  endfacet
  facet normal 1 -0 0
    outer loop
      vertex 104 -3.75 11.75
      vertex 104 53.5 0
      vertex 104 3.75 11.75
    endloop
  endfacet
  facet normal 1 0 0
    outer loop
      vertex 104 -53.5 0
      vertex 104 -3.75 11.75
      vertex 104 -16.25 11.75
    endloop
  endfacet
  facet normal 1 -0 0
    outer loop
      vertex 104 -22.5 13.5
      vertex 104 -16.25 11.75
      vertex 104 -22.5 17.5
    endloop
  endfacet
  facet normal 1 0 0
    outer loop
      vertex 104 -53.5 0
      vertex 104 -22.5 13.5
      vertex 104 -37.5 13.5
    endloop
  endfacet
  facet normal 1 0 0
    outer loop
      vertex 104 -22.5 13.5
      vertex 104 -53.5 0
      vertex 104 -16.25 11.75
    endloop
  endfacet
  facet normal 1 0 0
    outer loop
      vertex 104 -3.75 11.75
      vertex 104 -53.5 0
      vertex 104 53.5 0
    endloop
  endfacet
  facet normal 1 0 0
    outer loop
      vertex 104 -53.5 0
      vertex 104 -37.5 13.5
      vertex 104 -53.5 22.5
    endloop
  endfacet
  facet normal 0 -1 0
    outer loop
      vertex -94.5 -63 22.5
      vertex -10 -63 9.4
      vertex 94.5 -63 22.5
    endloop
  endfacet
  facet normal 0 -1 0
    outer loop
      vertex -94.5 -63 0
      vertex -10 -63 9.4
      vertex -94.5 -63 22.5
    endloop
  endfacet
  facet normal 0 -1 -0
    outer loop
      vertex -10 -63 9.4
      vertex -94.5 -63 0
      vertex -10 -63 0
    endloop
  endfacet
  facet normal 0 -1 0
    outer loop
      vertex 10 -63 9.4
      vertex 94.5 -63 22.5
      vertex -10 -63 9.4
    endloop
  endfacet
  facet normal 0 -1 0
    outer loop
      vertex 94.5 -63 0
      vertex 10 -63 9.4
      vertex 10 -63 0
    endloop
  endfacet
  facet normal 0 -1 0
    outer loop
      vertex 10 -63 9.4
      vertex 94.5 -63 0
      vertex 94.5 -63 22.5
    endloop
  endfacet
  facet normal 0.896748 0.442541 0
    outer loop
      vertex 103.277 57.1355 22.5
      vertex 102.727 58.25 0
      vertex 102.727 58.25 22.5
    endloop
  endfacet
  facet normal 0.896748 0.442541 0
    outer loop
      vertex 102.727 58.25 0
      vertex 103.277 57.1355 22.5
      vertex 103.277 57.1355 0
    endloop
  endfacet
  facet normal -0.659085 0.752068 0
    outer loop
      vertex -100.283 61.0369 0
      vertex -101.218 60.2175 22.5
      vertex -100.283 61.0369 22.5
    endloop
  endfacet
  facet normal -0.659085 0.752068 0
    outer loop
      vertex -101.218 60.2175 22.5
      vertex -100.283 61.0369 0
      vertex -101.218 60.2175 0
    endloop
  endfacet
  facet normal -0.751983 0.659182 0
    outer loop
      vertex -102.037 59.2832 0
      vertex -101.218 60.2175 22.5
      vertex -101.218 60.2175 0
    endloop
  endfacet
  facet normal -0.751983 0.659182 0
    outer loop
      vertex -101.218 60.2175 22.5
      vertex -102.037 59.2832 0
      vertex -102.037 59.2832 22.5
    endloop
  endfacet
  facet normal 0.751983 -0.659182 0
    outer loop
      vertex 101.218 -60.2175 22.5
      vertex 102.037 -59.2832 0
      vertex 102.037 -59.2832 22.5
    endloop
  endfacet
  facet normal 0.751983 -0.659182 0
    outer loop
      vertex 102.037 -59.2832 0
      vertex 101.218 -60.2175 22.5
      vertex 101.218 -60.2175 0
    endloop
  endfacet
  facet normal 0.997873 -0.0651837 0
    outer loop
      vertex 103.919 -54.74 22.5
      vertex 104 -53.5 0
      vertex 104 -53.5 22.5
    endloop
  endfacet
  facet normal 0.997873 -0.0651837 0
    outer loop
      vertex 104 -53.5 0
      vertex 103.919 -54.74 22.5
      vertex 103.919 -54.74 0
    endloop
  endfacet
  facet normal -0.659085 -0.752068 0
    outer loop
      vertex -101.218 -60.2175 0
      vertex -100.283 -61.0369 22.5
      vertex -101.218 -60.2175 22.5
    endloop
  endfacet
  facet normal -0.659085 -0.752068 -0
    outer loop
      vertex -100.283 -61.0369 22.5
      vertex -101.218 -60.2175 0
      vertex -100.283 -61.0369 0
    endloop
  endfacet
  facet normal -0.195064 -0.980791 0
    outer loop
      vertex -96.9588 -62.6763 0
      vertex -95.74 -62.9187 22.5
      vertex -96.9588 -62.6763 22.5
    endloop
  endfacet
  facet normal -0.195064 -0.980791 -0
    outer loop
      vertex -95.74 -62.9187 22.5
      vertex -96.9588 -62.6763 0
      vertex -95.74 -62.9187 0
    endloop
  endfacet
  facet normal 0.321414 -0.946939 0
    outer loop
      vertex 96.9588 -62.6763 0
      vertex 98.1355 -62.2769 22.5
      vertex 96.9588 -62.6763 22.5
    endloop
  endfacet
  facet normal 0.321414 -0.946939 0
    outer loop
      vertex 98.1355 -62.2769 22.5
      vertex 96.9588 -62.6763 0
      vertex 98.1355 -62.2769 0
    endloop
  endfacet
  facet normal 0.947037 0.321125 0
    outer loop
      vertex 103.676 55.9588 22.5
      vertex 103.277 57.1355 0
      vertex 103.277 57.1355 22.5
    endloop
  endfacet
  facet normal 0.947037 0.321125 0
    outer loop
      vertex 103.277 57.1355 0
      vertex 103.676 55.9588 22.5
      vertex 103.676 55.9588 0
    endloop
  endfacet
  facet normal 0.980698 0.195528 0
    outer loop
      vertex 103.919 54.74 22.5
      vertex 103.676 55.9588 0
      vertex 103.676 55.9588 22.5
    endloop
  endfacet
  facet normal 0.980698 0.195528 0
    outer loop
      vertex 103.676 55.9588 0
      vertex 103.919 54.74 22.5
      vertex 103.919 54.74 0
    endloop
  endfacet
  facet normal 0.442347 0.896844 -0
    outer loop
      vertex 99.25 61.7272 0
      vertex 98.1355 62.2769 22.5
      vertex 99.25 61.7272 22.5
    endloop
  endfacet
  facet normal 0.442347 0.896844 0
    outer loop
      vertex 98.1355 62.2769 22.5
      vertex 99.25 61.7272 0
      vertex 98.1355 62.2769 0
    endloop
  endfacet
  facet normal -0.442347 0.896844 0
    outer loop
      vertex -98.1355 62.2769 0
      vertex -99.25 61.7272 22.5
      vertex -98.1355 62.2769 22.5
    endloop
  endfacet
  facet normal -0.442347 0.896844 0
    outer loop
      vertex -99.25 61.7272 22.5
      vertex -98.1355 62.2769 0
      vertex -99.25 61.7272 0
    endloop
  endfacet
  facet normal -0.065424 0.997858 0
    outer loop
      vertex -94.5 63 0
      vertex -95.74 62.9187 22.5
      vertex -94.5 63 22.5
    endloop
  endfacet
  facet normal -0.065424 0.997858 0
    outer loop
      vertex -95.74 62.9187 22.5
      vertex -94.5 63 0
      vertex -95.74 62.9187 0
    endloop
  endfacet
  facet normal -0.195064 0.980791 0
    outer loop
      vertex -95.74 62.9187 0
      vertex -96.9588 62.6763 22.5
      vertex -95.74 62.9187 22.5
    endloop
  endfacet
  facet normal -0.195064 0.980791 0
    outer loop
      vertex -96.9588 62.6763 22.5
      vertex -95.74 62.9187 0
      vertex -96.9588 62.6763 0
    endloop
  endfacet
  facet normal -0.55561 0.831443 0
    outer loop
      vertex -99.25 61.7272 0
      vertex -100.283 61.0369 22.5
      vertex -99.25 61.7272 22.5
    endloop
  endfacet
  facet normal -0.55561 0.831443 0
    outer loop
      vertex -100.283 61.0369 22.5
      vertex -99.25 61.7272 0
      vertex -100.283 61.0369 0
    endloop
  endfacet
  facet normal -0.997873 0.0651837 0
    outer loop
      vertex -104 53.5 0
      vertex -103.919 54.74 22.5
      vertex -103.919 54.74 0
    endloop
  endfacet
  facet normal -0.997873 0.0651837 0
    outer loop
      vertex -103.919 54.74 22.5
      vertex -104 53.5 0
      vertex -104 53.5 22.5
    endloop
  endfacet
  facet normal -0.896748 0.442541 0
    outer loop
      vertex -103.277 57.1355 0
      vertex -102.727 58.25 22.5
      vertex -102.727 58.25 0
    endloop
  endfacet
  facet normal -0.896748 0.442541 0
    outer loop
      vertex -102.727 58.25 22.5
      vertex -103.277 57.1355 0
      vertex -103.277 57.1355 22.5
    endloop
  endfacet
  facet normal -0.947037 0.321125 0
    outer loop
      vertex -103.676 55.9588 0
      vertex -103.277 57.1355 22.5
      vertex -103.277 57.1355 0
    endloop
  endfacet
  facet normal -0.947037 0.321125 0
    outer loop
      vertex -103.277 57.1355 22.5
      vertex -103.676 55.9588 0
      vertex -103.676 55.9588 22.5
    endloop
  endfacet
  facet normal -0.831604 0.555369 0
    outer loop
      vertex -102.727 58.25 0
      vertex -102.037 59.2832 22.5
      vertex -102.037 59.2832 0
    endloop
  endfacet
  facet normal -0.831604 0.555369 0
    outer loop
      vertex -102.037 59.2832 22.5
      vertex -102.727 58.25 0
      vertex -102.727 58.25 22.5
    endloop
  endfacet
  facet normal 0.659085 -0.752068 0
    outer loop
      vertex 100.283 -61.0369 0
      vertex 101.218 -60.2175 22.5
      vertex 100.283 -61.0369 22.5
    endloop
  endfacet
  facet normal 0.659085 -0.752068 0
    outer loop
      vertex 101.218 -60.2175 22.5
      vertex 100.283 -61.0369 0
      vertex 101.218 -60.2175 0
    endloop
  endfacet
  facet normal 0.896748 -0.442541 0
    outer loop
      vertex 102.727 -58.25 22.5
      vertex 103.277 -57.1355 0
      vertex 103.277 -57.1355 22.5
    endloop
  endfacet
  facet normal 0.896748 -0.442541 0
    outer loop
      vertex 103.277 -57.1355 0
      vertex 102.727 -58.25 22.5
      vertex 102.727 -58.25 0
    endloop
  endfacet
  facet normal 0.980698 -0.195528 0
    outer loop
      vertex 103.676 -55.9588 22.5
      vertex 103.919 -54.74 0
      vertex 103.919 -54.74 22.5
    endloop
  endfacet
  facet normal 0.980698 -0.195528 0
    outer loop
      vertex 103.919 -54.74 0
      vertex 103.676 -55.9588 22.5
      vertex 103.676 -55.9588 0
    endloop
  endfacet
  facet normal -0.442347 -0.896844 0
    outer loop
      vertex -99.25 -61.7272 0
      vertex -98.1355 -62.2769 22.5
      vertex -99.25 -61.7272 22.5
    endloop
  endfacet
  facet normal -0.442347 -0.896844 -0
    outer loop
      vertex -98.1355 -62.2769 22.5
      vertex -99.25 -61.7272 0
      vertex -98.1355 -62.2769 0
    endloop
  endfacet
  facet normal -0.55561 -0.831443 0
    outer loop
      vertex -100.283 -61.0369 0
      vertex -99.25 -61.7272 22.5
      vertex -100.283 -61.0369 22.5
    endloop
  endfacet
  facet normal -0.55561 -0.831443 -0
    outer loop
      vertex -99.25 -61.7272 22.5
      vertex -100.283 -61.0369 0
      vertex -99.25 -61.7272 0
    endloop
  endfacet
  facet normal -0.321414 -0.946939 0
    outer loop
      vertex -98.1355 -62.2769 0
      vertex -96.9588 -62.6763 22.5
      vertex -98.1355 -62.2769 22.5
    endloop
  endfacet
  facet normal -0.321414 -0.946939 -0
    outer loop
      vertex -96.9588 -62.6763 22.5
      vertex -98.1355 -62.2769 0
      vertex -96.9588 -62.6763 0
    endloop
  endfacet
  facet normal -0.947037 -0.321125 0
    outer loop
      vertex -103.277 -57.1355 0
      vertex -103.676 -55.9588 22.5
      vertex -103.676 -55.9588 0
    endloop
  endfacet
  facet normal -0.947037 -0.321125 0
    outer loop
      vertex -103.676 -55.9588 22.5
      vertex -103.277 -57.1355 0
      vertex -103.277 -57.1355 22.5
    endloop
  endfacet
  facet normal -0.751983 -0.659182 0
    outer loop
      vertex -101.218 -60.2175 0
      vertex -102.037 -59.2832 22.5
      vertex -102.037 -59.2832 0
    endloop
  endfacet
  facet normal -0.751983 -0.659182 0
    outer loop
      vertex -102.037 -59.2832 22.5
      vertex -101.218 -60.2175 0
      vertex -101.218 -60.2175 22.5
    endloop
  endfacet
  facet normal -0.831604 -0.555369 0
    outer loop
      vertex -102.037 -59.2832 0
      vertex -102.727 -58.25 22.5
      vertex -102.727 -58.25 0
    endloop
  endfacet
  facet normal -0.831604 -0.555369 0
    outer loop
      vertex -102.727 -58.25 22.5
      vertex -102.037 -59.2832 0
      vertex -102.037 -59.2832 22.5
    endloop
  endfacet
  facet normal 0.065424 -0.997858 0
    outer loop
      vertex 94.5 -63 0
      vertex 95.74 -62.9187 22.5
      vertex 94.5 -63 22.5
    endloop
  endfacet
  facet normal 0.065424 -0.997858 0
    outer loop
      vertex 95.74 -62.9187 22.5
      vertex 94.5 -63 0
      vertex 95.74 -62.9187 0
    endloop
  endfacet
  facet normal 0.751983 0.659182 0
    outer loop
      vertex 102.037 59.2832 22.5
      vertex 101.218 60.2175 0
      vertex 101.218 60.2175 22.5
    endloop
  endfacet
  facet normal 0.751983 0.659182 0
    outer loop
      vertex 101.218 60.2175 0
      vertex 102.037 59.2832 22.5
      vertex 102.037 59.2832 0
    endloop
  endfacet
  facet normal 0.659085 0.752068 -0
    outer loop
      vertex 101.218 60.2175 0
      vertex 100.283 61.0369 22.5
      vertex 101.218 60.2175 22.5
    endloop
  endfacet
  facet normal 0.659085 0.752068 0
    outer loop
      vertex 100.283 61.0369 22.5
      vertex 101.218 60.2175 0
      vertex 100.283 61.0369 0
    endloop
  endfacet
  facet normal 0.321414 0.946939 -0
    outer loop
      vertex 98.1355 62.2769 0
      vertex 96.9588 62.6763 22.5
      vertex 98.1355 62.2769 22.5
    endloop
  endfacet
  facet normal 0.321414 0.946939 0
    outer loop
      vertex 96.9588 62.6763 22.5
      vertex 98.1355 62.2769 0
      vertex 96.9588 62.6763 0
    endloop
  endfacet
  facet normal -0.321414 0.946939 0
    outer loop
      vertex -96.9588 62.6763 0
      vertex -98.1355 62.2769 22.5
      vertex -96.9588 62.6763 22.5
    endloop
  endfacet
  facet normal -0.321414 0.946939 0
    outer loop
      vertex -98.1355 62.2769 22.5
      vertex -96.9588 62.6763 0
      vertex -98.1355 62.2769 0
    endloop
  endfacet
  facet normal -0.980698 0.195528 0
    outer loop
      vertex -103.919 54.74 0
      vertex -103.676 55.9588 22.5
      vertex -103.676 55.9588 0
    endloop
  endfacet
  facet normal -0.980698 0.195528 0
    outer loop
      vertex -103.676 55.9588 22.5
      vertex -103.919 54.74 0
      vertex -103.919 54.74 22.5
    endloop
  endfacet
  facet normal 0.831604 -0.555369 0
    outer loop
      vertex 102.037 -59.2832 22.5
      vertex 102.727 -58.25 0
      vertex 102.727 -58.25 22.5
    endloop
  endfacet
  facet normal 0.831604 -0.555369 0
    outer loop
      vertex 102.727 -58.25 0
      vertex 102.037 -59.2832 22.5
      vertex 102.037 -59.2832 0
    endloop
  endfacet
  facet normal 0.947037 -0.321125 0
    outer loop
      vertex 103.277 -57.1355 22.5
      vertex 103.676 -55.9588 0
      vertex 103.676 -55.9588 22.5
    endloop
  endfacet
  facet normal 0.947037 -0.321125 0
    outer loop
      vertex 103.676 -55.9588 0
      vertex 103.277 -57.1355 22.5
      vertex 103.277 -57.1355 0
    endloop
  endfacet
  facet normal -0.065424 -0.997858 0
    outer loop
      vertex -95.74 -62.9187 0
      vertex -94.5 -63 22.5
      vertex -95.74 -62.9187 22.5
    endloop
  endfacet
  facet normal -0.065424 -0.997858 -0
    outer loop
      vertex -94.5 -63 22.5
      vertex -95.74 -62.9187 0
      vertex -94.5 -63 0
    endloop
  endfacet
  facet normal -0.896748 -0.442541 0
    outer loop
      vertex -102.727 -58.25 0
      vertex -103.277 -57.1355 22.5
      vertex -103.277 -57.1355 0
    endloop
  endfacet
  facet normal -0.896748 -0.442541 0
    outer loop
      vertex -103.277 -57.1355 22.5
      vertex -102.727 -58.25 0
      vertex -102.727 -58.25 22.5
    endloop
  endfacet
  facet normal 0.195064 -0.980791 0
    outer loop
      vertex 95.74 -62.9187 0
      vertex 96.9588 -62.6763 22.5
      vertex 95.74 -62.9187 22.5
    endloop
  endfacet
  facet normal 0.195064 -0.980791 0
    outer loop
      vertex 96.9588 -62.6763 22.5
      vertex 95.74 -62.9187 0
      vertex 96.9588 -62.6763 0
    endloop
  endfacet
  facet normal 0.442347 -0.896844 0
    outer loop
      vertex 98.1355 -62.2769 0
      vertex 99.25 -61.7272 22.5
      vertex 98.1355 -62.2769 22.5
    endloop
  endfacet
  facet normal 0.442347 -0.896844 0
    outer loop
      vertex 99.25 -61.7272 22.5
      vertex 98.1355 -62.2769 0
      vertex 99.25 -61.7272 0
    endloop
  endfacet
  facet normal 0.065424 0.997858 -0
    outer loop
      vertex 95.74 62.9187 0
      vertex 94.5 63 22.5
      vertex 95.74 62.9187 22.5
    endloop
  endfacet
  facet normal 0.065424 0.997858 0
    outer loop
      vertex 94.5 63 22.5
      vertex 95.74 62.9187 0
      vertex 94.5 63 0
    endloop
  endfacet
  facet normal 0.195064 0.980791 -0
    outer loop
      vertex 96.9588 62.6763 0
      vertex 95.74 62.9187 22.5
      vertex 96.9588 62.6763 22.5
    endloop
  endfacet
  facet normal 0.195064 0.980791 0
    outer loop
      vertex 95.74 62.9187 22.5
      vertex 96.9588 62.6763 0
      vertex 95.74 62.9187 0
    endloop
  endfacet
  facet normal 0.55561 0.831443 -0
    outer loop
      vertex 100.283 61.0369 0
      vertex 99.25 61.7272 22.5
      vertex 100.283 61.0369 22.5
    endloop
  endfacet
  facet normal 0.55561 0.831443 0
    outer loop
      vertex 99.25 61.7272 22.5
      vertex 100.283 61.0369 0
      vertex 99.25 61.7272 0
    endloop
  endfacet
  facet normal 0.831604 0.555369 0
    outer loop
      vertex 102.727 58.25 22.5
      vertex 102.037 59.2832 0
      vertex 102.037 59.2832 22.5
    endloop
  endfacet
  facet normal 0.831604 0.555369 0
    outer loop
      vertex 102.037 59.2832 0
      vertex 102.727 58.25 22.5
      vertex 102.727 58.25 0
    endloop
  endfacet
  facet normal -0.997854 -0.0654802 0
    outer loop
      vertex -55.75 14 0
      vertex -55.7864 14.5547 1.2
      vertex -55.7864 14.5547 0
    endloop
  endfacet
  facet normal -0.997854 -0.0654802 0
    outer loop
      vertex -55.7864 14.5547 1.2
      vertex -55.75 14 0
      vertex -55.75 14 1.2
    endloop
  endfacet
  facet normal 0.997854 -0.0654802 0
    outer loop
      vertex -64.25 14 1.2
      vertex -64.2136 14.5547 0
      vertex -64.2136 14.5547 1.2
    endloop
  endfacet
  facet normal 0.997854 -0.0654802 0
    outer loop
      vertex -64.2136 14.5547 0
      vertex -64.25 14 1.2
      vertex -64.25 14 0
    endloop
  endfacet
  facet normal -0.65937 -0.751819 0
    outer loop
      vertex -57.4128 17.3718 0
      vertex -56.9948 17.0052 1.2
      vertex -57.4128 17.3718 1.2
    endloop
  endfacet
  facet normal -0.65937 -0.751819 -0
    outer loop
      vertex -56.9948 17.0052 1.2
      vertex -57.4128 17.3718 0
      vertex -56.9948 17.0052 0
    endloop
  endfacet
  facet normal 0.65937 -0.751819 0
    outer loop
      vertex -63.0052 17.0052 0
      vertex -62.5872 17.3718 1.2
      vertex -63.0052 17.0052 1.2
    endloop
  endfacet
  facet normal 0.65937 -0.751819 0
    outer loop
      vertex -62.5872 17.3718 1.2
      vertex -63.0052 17.0052 0
      vertex -62.5872 17.3718 0
    endloop
  endfacet
  facet normal -0.89686 -0.442314 0
    outer loop
      vertex -56.0735 15.6264 0
      vertex -56.3194 16.125 1.2
      vertex -56.3194 16.125 0
    endloop
  endfacet
  facet normal -0.89686 -0.442314 0
    outer loop
      vertex -56.3194 16.125 1.2
      vertex -56.0735 15.6264 0
      vertex -56.0735 15.6264 1.2
    endloop
  endfacet
  facet normal -0.555553 -0.831481 0
    outer loop
      vertex -57.75 17.5971 0
      vertex -57.4128 17.3718 1.2
      vertex -57.75 17.5971 1.2
    endloop
  endfacet
  facet normal -0.555553 -0.831481 -0
    outer loop
      vertex -57.4128 17.3718 1.2
      vertex -57.75 17.5971 0
      vertex -57.4128 17.3718 0
    endloop
  endfacet
  facet normal 0.89686 -0.442314 0
    outer loop
      vertex -63.9265 15.6264 1.2
      vertex -63.6806 16.125 0
      vertex -63.6806 16.125 1.2
    endloop
  endfacet
  facet normal 0.89686 -0.442314 0
    outer loop
      vertex -63.6806 16.125 0
      vertex -63.9265 15.6264 1.2
      vertex -63.9265 15.6264 0
    endloop
  endfacet
  facet normal 0.946924 -0.321458 0
    outer loop
      vertex -64.1052 15.1 1.2
      vertex -63.9265 15.6264 0
      vertex -63.9265 15.6264 1.2
    endloop
  endfacet
  facet normal 0.946924 -0.321458 0
    outer loop
      vertex -63.9265 15.6264 0
      vertex -64.1052 15.1 1.2
      vertex -64.1052 15.1 0
    endloop
  endfacet
  facet normal 0.555553 -0.831481 0
    outer loop
      vertex -62.5872 17.3718 0
      vertex -62.25 17.5971 1.2
      vertex -62.5872 17.3718 1.2
    endloop
  endfacet
  facet normal 0.555553 -0.831481 0
    outer loop
      vertex -62.25 17.5971 1.2
      vertex -62.5872 17.3718 0
      vertex -62.25 17.5971 0
    endloop
  endfacet
  facet normal -0.442314 0.89686 0
    outer loop
      vertex -57.875 10.3194 0
      vertex -58.3736 10.0735 1.2
      vertex -57.875 10.3194 1.2
    endloop
  endfacet
  facet normal -0.442314 0.89686 0
    outer loop
      vertex -58.3736 10.0735 1.2
      vertex -57.875 10.3194 0
      vertex -58.3736 10.0735 0
    endloop
  endfacet
  facet normal 0.321425 0.946935 -0
    outer loop
      vertex -61.1 9.89482 0
      vertex -61.6264 10.0735 1.2
      vertex -61.1 9.89482 1.2
    endloop
  endfacet
  facet normal 0.321425 0.946935 0
    outer loop
      vertex -61.6264 10.0735 1.2
      vertex -61.1 9.89482 0
      vertex -61.6264 10.0735 0
    endloop
  endfacet
  facet normal 0.89686 0.442314 0
    outer loop
      vertex -63.6806 11.875 1.2
      vertex -63.9265 12.3736 0
      vertex -63.9265 12.3736 1.2
    endloop
  endfacet
  facet normal 0.89686 0.442314 0
    outer loop
      vertex -63.9265 12.3736 0
      vertex -63.6806 11.875 1.2
      vertex -63.6806 11.875 0
    endloop
  endfacet
  facet normal -0.946924 -0.321458 0
    outer loop
      vertex -55.8948 15.1 0
      vertex -56.0735 15.6264 1.2
      vertex -56.0735 15.6264 0
    endloop
  endfacet
  facet normal -0.946924 -0.321458 0
    outer loop
      vertex -56.0735 15.6264 1.2
      vertex -55.8948 15.1 0
      vertex -55.8948 15.1 1.2
    endloop
  endfacet
  facet normal -0.980808 -0.194975 0
    outer loop
      vertex -55.7864 14.5547 0
      vertex -55.8948 15.1 1.2
      vertex -55.8948 15.1 0
    endloop
  endfacet
  facet normal -0.980808 -0.194975 0
    outer loop
      vertex -55.8948 15.1 1.2
      vertex -55.7864 14.5547 0
      vertex -55.7864 14.5547 1.2
    endloop
  endfacet
  facet normal -0.751908 -0.659268 0
    outer loop
      vertex -56.6283 16.5872 0
      vertex -56.9948 17.0052 1.2
      vertex -56.9948 17.0052 0
    endloop
  endfacet
  facet normal -0.751908 -0.659268 0
    outer loop
      vertex -56.9948 17.0052 1.2
      vertex -56.6283 16.5872 0
      vertex -56.6283 16.5872 1.2
    endloop
  endfacet
  facet normal -0.831413 -0.555655 0
    outer loop
      vertex -56.3194 16.125 0
      vertex -56.6283 16.5872 1.2
      vertex -56.6283 16.5872 0
    endloop
  endfacet
  facet normal -0.831413 -0.555655 0
    outer loop
      vertex -56.6283 16.5872 1.2
      vertex -56.3194 16.125 0
      vertex -56.3194 16.125 1.2
    endloop
  endfacet
  facet normal 0.831413 -0.555655 0
    outer loop
      vertex -63.6806 16.125 1.2
      vertex -63.3717 16.5872 0
      vertex -63.3717 16.5872 1.2
    endloop
  endfacet
  facet normal 0.831413 -0.555655 0
    outer loop
      vertex -63.3717 16.5872 0
      vertex -63.6806 16.125 1.2
      vertex -63.6806 16.125 0
    endloop
  endfacet
  facet normal 0.751908 -0.659268 0
    outer loop
      vertex -63.3717 16.5872 1.2
      vertex -63.0052 17.0052 0
      vertex -63.0052 17.0052 1.2
    endloop
  endfacet
  facet normal 0.751908 -0.659268 0
    outer loop
      vertex -63.0052 17.0052 0
      vertex -63.3717 16.5872 1.2
      vertex -63.3717 16.5872 0
    endloop
  endfacet
  facet normal 0.980808 -0.194975 0
    outer loop
      vertex -64.2136 14.5547 1.2
      vertex -64.1052 15.1 0
      vertex -64.1052 15.1 1.2
    endloop
  endfacet
  facet normal 0.980808 -0.194975 0
    outer loop
      vertex -64.1052 15.1 0
      vertex -64.2136 14.5547 1.2
      vertex -64.2136 14.5547 0
    endloop
  endfacet
  facet normal -0.0654086 0.997859 0
    outer loop
      vertex -59.4453 9.78636 0
      vertex -60 9.75 1.2
      vertex -59.4453 9.78636 1.2
    endloop
  endfacet
  facet normal -0.0654086 0.997859 0
    outer loop
      vertex -60 9.75 1.2
      vertex -59.4453 9.78636 0
      vertex -60 9.75 0
    endloop
  endfacet
  facet normal -0.321425 0.946935 0
    outer loop
      vertex -58.3736 10.0735 0
      vertex -58.9 9.89482 1.2
      vertex -58.3736 10.0735 1.2
    endloop
  endfacet
  facet normal -0.321425 0.946935 0
    outer loop
      vertex -58.9 9.89482 1.2
      vertex -58.3736 10.0735 0
      vertex -58.9 9.89482 0
    endloop
  endfacet
  facet normal -0.55553 0.831496 0
    outer loop
      vertex -57.4128 10.6282 0
      vertex -57.875 10.3194 1.2
      vertex -57.4128 10.6282 1.2
    endloop
  endfacet
  facet normal -0.55553 0.831496 0
    outer loop
      vertex -57.875 10.3194 1.2
      vertex -57.4128 10.6282 0
      vertex -57.875 10.3194 0
    endloop
  endfacet
  facet normal -0.751908 0.659268 0
    outer loop
      vertex -56.9948 10.9948 0
      vertex -56.6283 11.4128 1.2
      vertex -56.6283 11.4128 0
    endloop
  endfacet
  facet normal -0.751908 0.659268 0
    outer loop
      vertex -56.6283 11.4128 1.2
      vertex -56.9948 10.9948 0
      vertex -56.9948 10.9948 1.2
    endloop
  endfacet
  facet normal -0.89686 0.442314 0
    outer loop
      vertex -56.3194 11.875 0
      vertex -56.0735 12.3736 1.2
      vertex -56.0735 12.3736 0
    endloop
  endfacet
  facet normal -0.89686 0.442314 0
    outer loop
      vertex -56.0735 12.3736 1.2
      vertex -56.3194 11.875 0
      vertex -56.3194 11.875 1.2
    endloop
  endfacet
  facet normal 0.65937 0.751819 -0
    outer loop
      vertex -62.5872 10.6282 0
      vertex -63.0052 10.9948 1.2
      vertex -62.5872 10.6282 1.2
    endloop
  endfacet
  facet normal 0.65937 0.751819 0
    outer loop
      vertex -63.0052 10.9948 1.2
      vertex -62.5872 10.6282 0
      vertex -63.0052 10.9948 0
    endloop
  endfacet
  facet normal 0.442314 0.89686 -0
    outer loop
      vertex -61.6264 10.0735 0
      vertex -62.125 10.3194 1.2
      vertex -61.6264 10.0735 1.2
    endloop
  endfacet
  facet normal 0.442314 0.89686 0
    outer loop
      vertex -62.125 10.3194 1.2
      vertex -61.6264 10.0735 0
      vertex -62.125 10.3194 0
    endloop
  endfacet
  facet normal 0.195078 0.980788 -0
    outer loop
      vertex -60.5547 9.78636 0
      vertex -61.1 9.89482 1.2
      vertex -60.5547 9.78636 1.2
    endloop
  endfacet
  facet normal 0.195078 0.980788 0
    outer loop
      vertex -61.1 9.89482 1.2
      vertex -60.5547 9.78636 0
      vertex -61.1 9.89482 0
    endloop
  endfacet
  facet normal 0.831413 0.555655 0
    outer loop
      vertex -63.3717 11.4128 1.2
      vertex -63.6806 11.875 0
      vertex -63.6806 11.875 1.2
    endloop
  endfacet
  facet normal 0.831413 0.555655 0
    outer loop
      vertex -63.6806 11.875 0
      vertex -63.3717 11.4128 1.2
      vertex -63.3717 11.4128 0
    endloop
  endfacet
  facet normal 0.946924 0.321458 0
    outer loop
      vertex -63.9265 12.3736 1.2
      vertex -64.1052 12.9 0
      vertex -64.1052 12.9 1.2
    endloop
  endfacet
  facet normal 0.946924 0.321458 0
    outer loop
      vertex -64.1052 12.9 0
      vertex -63.9265 12.3736 1.2
      vertex -63.9265 12.3736 0
    endloop
  endfacet
  facet normal 0.997854 0.0654802 0
    outer loop
      vertex -64.2136 13.4453 1.2
      vertex -64.25 14 0
      vertex -64.25 14 1.2
    endloop
  endfacet
  facet normal 0.997854 0.0654802 0
    outer loop
      vertex -64.25 14 0
      vertex -64.2136 13.4453 1.2
      vertex -64.2136 13.4453 0
    endloop
  endfacet
  facet normal -0.195078 0.980788 0
    outer loop
      vertex -58.9 9.89482 0
      vertex -59.4453 9.78636 1.2
      vertex -58.9 9.89482 1.2
    endloop
  endfacet
  facet normal -0.195078 0.980788 0
    outer loop
      vertex -59.4453 9.78636 1.2
      vertex -58.9 9.89482 0
      vertex -59.4453 9.78636 0
    endloop
  endfacet
  facet normal -0.65937 0.751819 0
    outer loop
      vertex -56.9948 10.9948 0
      vertex -57.4128 10.6282 1.2
      vertex -56.9948 10.9948 1.2
    endloop
  endfacet
  facet normal -0.65937 0.751819 0
    outer loop
      vertex -57.4128 10.6282 1.2
      vertex -56.9948 10.9948 0
      vertex -57.4128 10.6282 0
    endloop
  endfacet
  facet normal -0.831413 0.555655 0
    outer loop
      vertex -56.6283 11.4128 0
      vertex -56.3194 11.875 1.2
      vertex -56.3194 11.875 0
    endloop
  endfacet
  facet normal -0.831413 0.555655 0
    outer loop
      vertex -56.3194 11.875 1.2
      vertex -56.6283 11.4128 0
      vertex -56.6283 11.4128 1.2
    endloop
  endfacet
  facet normal -0.980808 0.194975 0
    outer loop
      vertex -55.8948 12.9 0
      vertex -55.7864 13.4453 1.2
      vertex -55.7864 13.4453 0
    endloop
  endfacet
  facet normal -0.980808 0.194975 0
    outer loop
      vertex -55.7864 13.4453 1.2
      vertex -55.8948 12.9 0
      vertex -55.8948 12.9 1.2
    endloop
  endfacet
  facet normal -0.946924 0.321458 0
    outer loop
      vertex -56.0735 12.3736 0
      vertex -55.8948 12.9 1.2
      vertex -55.8948 12.9 0
    endloop
  endfacet
  facet normal -0.946924 0.321458 0
    outer loop
      vertex -55.8948 12.9 1.2
      vertex -56.0735 12.3736 0
      vertex -56.0735 12.3736 1.2
    endloop
  endfacet
  facet normal -0.997854 0.0654802 0
    outer loop
      vertex -55.7864 13.4453 0
      vertex -55.75 14 1.2
      vertex -55.75 14 0
    endloop
  endfacet
  facet normal -0.997854 0.0654802 0
    outer loop
      vertex -55.75 14 1.2
      vertex -55.7864 13.4453 0
      vertex -55.7864 13.4453 1.2
    endloop
  endfacet
  facet normal 0.55553 0.831496 -0
    outer loop
      vertex -62.125 10.3194 0
      vertex -62.5872 10.6282 1.2
      vertex -62.125 10.3194 1.2
    endloop
  endfacet
  facet normal 0.55553 0.831496 0
    outer loop
      vertex -62.5872 10.6282 1.2
      vertex -62.125 10.3194 0
      vertex -62.5872 10.6282 0
    endloop
  endfacet
  facet normal 0.0654086 0.997859 -0
    outer loop
      vertex -60 9.75 0
      vertex -60.5547 9.78636 1.2
      vertex -60 9.75 1.2
    endloop
  endfacet
  facet normal 0.0654086 0.997859 0
    outer loop
      vertex -60.5547 9.78636 1.2
      vertex -60 9.75 0
      vertex -60.5547 9.78636 0
    endloop
  endfacet
  facet normal 0.751908 0.659268 0
    outer loop
      vertex -63.0052 10.9948 1.2
      vertex -63.3717 11.4128 0
      vertex -63.3717 11.4128 1.2
    endloop
  endfacet
  facet normal 0.751908 0.659268 0
    outer loop
      vertex -63.3717 11.4128 0
      vertex -63.0052 10.9948 1.2
      vertex -63.0052 10.9948 0
    endloop
  endfacet
  facet normal 0.980808 0.194975 0
    outer loop
      vertex -64.1052 12.9 1.2
      vertex -64.2136 13.4453 0
      vertex -64.2136 13.4453 1.2
    endloop
  endfacet
  facet normal 0.980808 0.194975 0
    outer loop
      vertex -64.2136 13.4453 0
      vertex -64.1052 12.9 1.2
      vertex -64.1052 12.9 0
    endloop
  endfacet
  facet normal 1 -0 0
    outer loop
      vertex -62.25 17.5971 1.2
      vertex -62.25 26 0
      vertex -62.25 26 1.2
    endloop
  endfacet
  facet normal 1 0 0
    outer loop
      vertex -62.25 26 0
      vertex -62.25 17.5971 1.2
      vertex -62.25 17.5971 0
    endloop
  endfacet
  facet normal -1 0 0
    outer loop
      vertex -57.75 17.5971 0
      vertex -57.75 26 1.2
      vertex -57.75 26 0
    endloop
  endfacet
  facet normal -1 -0 0
    outer loop
      vertex -57.75 26 1.2
      vertex -57.75 17.5971 0
      vertex -57.75 17.5971 1.2
    endloop
  endfacet
  facet normal 0 1 -0
    outer loop
      vertex -54.25 14 1.2
      vertex -54.85 14 2.4
      vertex -54.25 14 2.4
    endloop
  endfacet
  facet normal 0 1 0
    outer loop
      vertex -54.85 14 2.4
      vertex -54.25 14 1.2
      vertex -55.75 14 1.2
    endloop
  endfacet
  facet normal 0 1 0
    outer loop
      vertex -65.75 14 1.2
      vertex -65.15 14 2.4
      vertex -64.25 14 1.2
    endloop
  endfacet
  facet normal 0 1 0
    outer loop
      vertex -65.15 14 2.4
      vertex -65.75 14 1.2
      vertex -65.75 14 2.4
    endloop
  endfacet
  facet normal -0.99787 -0.0652336 0
    outer loop
      vertex -57.75 26 0
      vertex -57.7692 26.2937 1.2
      vertex -57.7692 26.2937 0
    endloop
  endfacet
  facet normal -0.99787 -0.0652336 0
    outer loop
      vertex -57.7692 26.2937 1.2
      vertex -57.75 26 0
      vertex -57.75 26 1.2
    endloop
  endfacet
  facet normal 0.0652336 -0.99787 0
    outer loop
      vertex -60.2937 28.2308 0
      vertex -60 28.25 1.2
      vertex -60.2937 28.2308 1.2
    endloop
  endfacet
  facet normal 0.0652336 -0.99787 0
    outer loop
      vertex -60 28.25 1.2
      vertex -60.2937 28.2308 0
      vertex -60 28.25 0
    endloop
  endfacet
  facet normal -0.659202 -0.751966 0
    outer loop
      vertex -58.6303 27.785 0
      vertex -58.409 27.591 1.2
      vertex -58.6303 27.785 1.2
    endloop
  endfacet
  facet normal -0.659202 -0.751966 -0
    outer loop
      vertex -58.409 27.591 1.2
      vertex -58.6303 27.785 0
      vertex -58.409 27.591 0
    endloop
  endfacet
  facet normal 0.751966 -0.659202 0
    outer loop
      vertex -61.785 27.3697 1.2
      vertex -61.591 27.591 0
      vertex -61.591 27.591 1.2
    endloop
  endfacet
  facet normal 0.751966 -0.659202 0
    outer loop
      vertex -61.591 27.591 0
      vertex -61.785 27.3697 1.2
      vertex -61.785 27.3697 0
    endloop
  endfacet
  facet normal 0.442042 -0.896995 0
    outer loop
      vertex -61.125 27.9486 0
      vertex -60.861 28.0787 1.2
      vertex -61.125 27.9486 1.2
    endloop
  endfacet
  facet normal 0.442042 -0.896995 0
    outer loop
      vertex -60.861 28.0787 1.2
      vertex -61.125 27.9486 0
      vertex -60.861 28.0787 0
    endloop
  endfacet
  facet normal -0.896995 -0.442042 0
    outer loop
      vertex -57.9213 26.861 0
      vertex -58.0514 27.125 1.2
      vertex -58.0514 27.125 0
    endloop
  endfacet
  facet normal -0.896995 -0.442042 0
    outer loop
      vertex -58.0514 27.125 1.2
      vertex -57.9213 26.861 0
      vertex -57.9213 26.861 1.2
    endloop
  endfacet
  facet normal -0.321421 -0.946936 0
    outer loop
      vertex -59.4177 28.1733 0
      vertex -59.139 28.0787 1.2
      vertex -59.4177 28.1733 1.2
    endloop
  endfacet
  facet normal -0.321421 -0.946936 -0
    outer loop
      vertex -59.139 28.0787 1.2
      vertex -59.4177 28.1733 0
      vertex -59.139 28.0787 0
    endloop
  endfacet
  facet normal -0.555797 -0.831318 0
    outer loop
      vertex -58.875 27.9486 0
      vertex -58.6303 27.785 1.2
      vertex -58.875 27.9486 1.2
    endloop
  endfacet
  facet normal -0.555797 -0.831318 -0
    outer loop
      vertex -58.6303 27.785 1.2
      vertex -58.875 27.9486 0
      vertex -58.6303 27.785 0
    endloop
  endfacet
  facet normal 0.946936 -0.321421 0
    outer loop
      vertex -62.1733 26.5823 1.2
      vertex -62.0787 26.861 0
      vertex -62.0787 26.861 1.2
    endloop
  endfacet
  facet normal 0.946936 -0.321421 0
    outer loop
      vertex -62.0787 26.861 0
      vertex -62.1733 26.5823 1.2
      vertex -62.1733 26.5823 0
    endloop
  endfacet
  facet normal 0.831318 -0.555797 0
    outer loop
      vertex -61.9486 27.125 1.2
      vertex -61.785 27.3697 0
      vertex -61.785 27.3697 1.2
    endloop
  endfacet
  facet normal 0.831318 -0.555797 0
    outer loop
      vertex -61.785 27.3697 0
      vertex -61.9486 27.125 1.2
      vertex -61.9486 27.125 0
    endloop
  endfacet
  facet normal 0.321421 -0.946936 0
    outer loop
      vertex -60.861 28.0787 0
      vertex -60.5823 28.1733 1.2
      vertex -60.861 28.0787 1.2
    endloop
  endfacet
  facet normal 0.321421 -0.946936 0
    outer loop
      vertex -60.5823 28.1733 1.2
      vertex -60.861 28.0787 0
      vertex -60.5823 28.1733 0
    endloop
  endfacet
  facet normal -0.946936 -0.321421 0
    outer loop
      vertex -57.8267 26.5823 0
      vertex -57.9213 26.861 1.2
      vertex -57.9213 26.861 0
    endloop
  endfacet
  facet normal -0.946936 -0.321421 0
    outer loop
      vertex -57.9213 26.861 1.2
      vertex -57.8267 26.5823 0
      vertex -57.8267 26.5823 1.2
    endloop
  endfacet
  facet normal -0.980724 -0.195397 0
    outer loop
      vertex -57.7692 26.2937 0
      vertex -57.8267 26.5823 1.2
      vertex -57.8267 26.5823 0
    endloop
  endfacet
  facet normal -0.980724 -0.195397 0
    outer loop
      vertex -57.8267 26.5823 1.2
      vertex -57.7692 26.2937 0
      vertex -57.7692 26.2937 1.2
    endloop
  endfacet
  facet normal -0.751966 -0.659202 0
    outer loop
      vertex -58.215 27.3697 0
      vertex -58.409 27.591 1.2
      vertex -58.409 27.591 0
    endloop
  endfacet
  facet normal -0.751966 -0.659202 0
    outer loop
      vertex -58.409 27.591 1.2
      vertex -58.215 27.3697 0
      vertex -58.215 27.3697 1.2
    endloop
  endfacet
  facet normal -0.831318 -0.555797 0
    outer loop
      vertex -58.0514 27.125 0
      vertex -58.215 27.3697 1.2
      vertex -58.215 27.3697 0
    endloop
  endfacet
  facet normal -0.831318 -0.555797 0
    outer loop
      vertex -58.215 27.3697 1.2
      vertex -58.0514 27.125 0
      vertex -58.0514 27.125 1.2
    endloop
  endfacet
  facet normal -0.195397 -0.980724 0
    outer loop
      vertex -59.7063 28.2308 0
      vertex -59.4177 28.1733 1.2
      vertex -59.7063 28.2308 1.2
    endloop
  endfacet
  facet normal -0.195397 -0.980724 -0
    outer loop
      vertex -59.4177 28.1733 1.2
      vertex -59.7063 28.2308 0
      vertex -59.4177 28.1733 0
    endloop
  endfacet
  facet normal -0.0652336 -0.99787 0
    outer loop
      vertex -60 28.25 0
      vertex -59.7063 28.2308 1.2
      vertex -60 28.25 1.2
    endloop
  endfacet
  facet normal -0.0652336 -0.99787 -0
    outer loop
      vertex -59.7063 28.2308 1.2
      vertex -60 28.25 0
      vertex -59.7063 28.2308 0
    endloop
  endfacet
  facet normal -0.442042 -0.896995 0
    outer loop
      vertex -59.139 28.0787 0
      vertex -58.875 27.9486 1.2
      vertex -59.139 28.0787 1.2
    endloop
  endfacet
  facet normal -0.442042 -0.896995 -0
    outer loop
      vertex -58.875 27.9486 1.2
      vertex -59.139 28.0787 0
      vertex -58.875 27.9486 0
    endloop
  endfacet
  facet normal 0.896995 -0.442042 0
    outer loop
      vertex -62.0787 26.861 1.2
      vertex -61.9486 27.125 0
      vertex -61.9486 27.125 1.2
    endloop
  endfacet
  facet normal 0.896995 -0.442042 0
    outer loop
      vertex -61.9486 27.125 0
      vertex -62.0787 26.861 1.2
      vertex -62.0787 26.861 0
    endloop
  endfacet
  facet normal 0.980724 -0.195397 0
    outer loop
      vertex -62.2308 26.2937 1.2
      vertex -62.1733 26.5823 0
      vertex -62.1733 26.5823 1.2
    endloop
  endfacet
  facet normal 0.980724 -0.195397 0
    outer loop
      vertex -62.1733 26.5823 0
      vertex -62.2308 26.2937 1.2
      vertex -62.2308 26.2937 0
    endloop
  endfacet
  facet normal 0.99787 -0.0652336 0
    outer loop
      vertex -62.25 26 1.2
      vertex -62.2308 26.2937 0
      vertex -62.2308 26.2937 1.2
    endloop
  endfacet
  facet normal 0.99787 -0.0652336 0
    outer loop
      vertex -62.2308 26.2937 0
      vertex -62.25 26 1.2
      vertex -62.25 26 0
    endloop
  endfacet
  facet normal 0.555797 -0.831318 0
    outer loop
      vertex -61.3697 27.785 0
      vertex -61.125 27.9486 1.2
      vertex -61.3697 27.785 1.2
    endloop
  endfacet
  facet normal 0.555797 -0.831318 0
    outer loop
      vertex -61.125 27.9486 1.2
      vertex -61.3697 27.785 0
      vertex -61.125 27.9486 0
    endloop
  endfacet
  facet normal 0.659202 -0.751966 0
    outer loop
      vertex -61.591 27.591 0
      vertex -61.3697 27.785 1.2
      vertex -61.591 27.591 1.2
    endloop
  endfacet
  facet normal 0.659202 -0.751966 0
    outer loop
      vertex -61.3697 27.785 1.2
      vertex -61.591 27.591 0
      vertex -61.3697 27.785 0
    endloop
  endfacet
  facet normal 0.195397 -0.980724 0
    outer loop
      vertex -60.5823 28.1733 0
      vertex -60.2937 28.2308 1.2
      vertex -60.5823 28.1733 1.2
    endloop
  endfacet
  facet normal 0.195397 -0.980724 0
    outer loop
      vertex -60.2937 28.2308 1.2
      vertex -60.5823 28.1733 0
      vertex -60.2937 28.2308 0
    endloop
  endfacet
  facet normal -0.0523731 0.798902 0.599177
    outer loop
      vertex -59.5497 8.87952 2.4
      vertex -60 9.75 1.2
      vertex -60 8.85 2.4
    endloop
  endfacet
  facet normal -0.798884 0.0524236 0.599196
    outer loop
      vertex -55.7864 13.4453 1.2
      vertex -54.8795 13.5497 2.4
      vertex -55.75 14 1.2
    endloop
  endfacet
  facet normal -0.798884 0.0525629 0.599184
    outer loop
      vertex -54.8795 13.5497 2.4
      vertex -55.7864 13.4453 1.2
      vertex -54.8941 13.3278 2.4
    endloop
  endfacet
  facet normal 0.798884 0.0524236 0.599196
    outer loop
      vertex -65.1205 13.5497 2.4
      vertex -64.2136 13.4453 1.2
      vertex -64.25 14 1.2
    endloop
  endfacet
  facet normal 0.798884 0.0525629 0.599184
    outer loop
      vertex -64.2136 13.4453 1.2
      vertex -65.1205 13.5497 2.4
      vertex -65.1059 13.3278 2.4
    endloop
  endfacet
  facet normal -0.758155 0.257272 0.599176
    outer loop
      vertex -55.242 12.0292 2.4
      vertex -55.097 12.4565 2.4
      vertex -56.0735 12.3736 1.2
    endloop
  endfacet
  facet normal -0.60199 0.527821 0.599177
    outer loop
      vertex -56.9948 10.9948 1.2
      vertex -56.2118 10.5256 2.4
      vertex -56.6283 11.4128 1.2
    endloop
  endfacet
  facet normal -0.60199 0.527821 0.599177
    outer loop
      vertex -56.2118 10.5256 2.4
      vertex -56.9948 10.9948 1.2
      vertex -56.3584 10.3584 2.4
    endloop
  endfacet
  facet normal -0.718031 0.354119 0.599192
    outer loop
      vertex -56.3194 11.875 1.2
      vertex -55.4416 11.6244 2.4
      vertex -56.0735 12.3736 1.2
    endloop
  endfacet
  facet normal -0.717957 0.354298 0.599175
    outer loop
      vertex -55.4416 11.6244 2.4
      vertex -56.3194 11.875 1.2
      vertex -55.54 11.425 2.4
    endloop
  endfacet
  facet normal -0.354151 0.718024 0.599181
    outer loop
      vertex -57.875 10.3194 1.2
      vertex -57.6244 9.44162 2.4
      vertex -57.425 9.53997 2.4
    endloop
  endfacet
  facet normal -0.354122 0.718036 0.599184
    outer loop
      vertex -57.6244 9.44162 2.4
      vertex -57.875 10.3194 1.2
      vertex -58.3736 10.0735 1.2
    endloop
  endfacet
  facet normal 0.0523673 0.798903 0.599175
    outer loop
      vertex -60.5547 9.78636 1.2
      vertex -60.4503 8.87952 2.4
      vertex -60 9.75 1.2
    endloop
  endfacet
  facet normal 0.0523482 0.798903 0.599177
    outer loop
      vertex -60.4503 8.87952 2.4
      vertex -60.5547 9.78636 1.2
      vertex -60.6722 8.89406 2.4
    endloop
  endfacet
  facet normal 0.785222 0.156299 0.599163
    outer loop
      vertex -64.9745 12.6671 2.4
      vertex -64.1052 12.9 1.2
      vertex -65.0626 13.1097 2.4
    endloop
  endfacet
  facet normal 0.527907 0.601924 0.599167
    outer loop
      vertex -63.0052 10.9948 1.2
      vertex -63.4744 10.2118 2.4
      vertex -62.5872 10.6282 1.2
    endloop
  endfacet
  facet normal 0.527821 0.60199 0.599177
    outer loop
      vertex -63.4744 10.2118 2.4
      vertex -63.0052 10.9948 1.2
      vertex -63.6416 10.3584 2.4
    endloop
  endfacet
  facet normal -0.785222 0.156299 0.599163
    outer loop
      vertex -55.0255 12.6671 2.4
      vertex -54.9374 13.1097 2.4
      vertex -55.8948 12.9 1.2
    endloop
  endfacet
  facet normal -0.798904 0.0523377 0.599178
    outer loop
      vertex -54.8795 13.5497 2.4
      vertex -54.85 14 2.4
      vertex -55.75 14 1.2
    endloop
  endfacet
  facet normal -0.758137 0.257369 0.599158
    outer loop
      vertex -56.0735 12.3736 1.2
      vertex -55.0255 12.6671 2.4
      vertex -55.8948 12.9 1.2
    endloop
  endfacet
  facet normal -0.758135 0.257391 0.599151
    outer loop
      vertex -55.0255 12.6671 2.4
      vertex -56.0735 12.3736 1.2
      vertex -55.097 12.4565 2.4
    endloop
  endfacet
  facet normal -0.718068 0.354067 0.599179
    outer loop
      vertex -55.4416 11.6244 2.4
      vertex -55.242 12.0292 2.4
      vertex -56.0735 12.3736 1.2
    endloop
  endfacet
  facet normal -0.35407 0.718073 0.599171
    outer loop
      vertex -58.0292 9.24202 2.4
      vertex -57.6244 9.44162 2.4
      vertex -58.3736 10.0735 1.2
    endloop
  endfacet
  facet normal -0.444822 0.665672 0.599179
    outer loop
      vertex -57.425 9.53997 2.4
      vertex -57.0498 9.79069 2.4
      vertex -57.875 10.3194 1.2
    endloop
  endfacet
  facet normal -0.257369 0.758126 0.599171
    outer loop
      vertex -58.0292 9.24202 2.4
      vertex -58.3736 10.0735 1.2
      vertex -58.4565 9.09696 2.4
    endloop
  endfacet
  facet normal -0.156195 0.785233 0.599177
    outer loop
      vertex -58.6671 9.02548 2.4
      vertex -58.9 9.89482 1.2
      vertex -59.1097 8.93744 2.4
    endloop
  endfacet
  facet normal -0.527821 0.60199 0.599177
    outer loop
      vertex -56.9948 10.9948 1.2
      vertex -56.5256 10.2118 2.4
      vertex -56.3584 10.3584 2.4
    endloop
  endfacet
  facet normal -0.527907 0.601924 0.599167
    outer loop
      vertex -56.5256 10.2118 2.4
      vertex -56.9948 10.9948 1.2
      vertex -57.4128 10.6282 1.2
    endloop
  endfacet
  facet normal 0.718031 0.354119 0.599192
    outer loop
      vertex -64.5584 11.6244 2.4
      vertex -63.6806 11.875 1.2
      vertex -63.9265 12.3736 1.2
    endloop
  endfacet
  facet normal 0.717957 0.354298 0.599175
    outer loop
      vertex -63.6806 11.875 1.2
      vertex -64.5584 11.6244 2.4
      vertex -64.46 11.425 2.4
    endloop
  endfacet
  facet normal 0.601882 0.527911 0.599206
    outer loop
      vertex -63.7882 10.5256 2.4
      vertex -63.3717 11.4128 1.2
      vertex -64.0858 10.8649 2.4
    endloop
  endfacet
  facet normal 0.257369 0.758126 0.599171
    outer loop
      vertex -61.5435 9.09696 2.4
      vertex -61.6264 10.0735 1.2
      vertex -61.9708 9.24202 2.4
    endloop
  endfacet
  facet normal 0.798904 0.0523377 0.599178
    outer loop
      vertex -65.1205 13.5497 2.4
      vertex -64.25 14 1.2
      vertex -65.15 14 2.4
    endloop
  endfacet
  facet normal -0.785282 0.155904 0.599188
    outer loop
      vertex -55.7864 13.4453 1.2
      vertex -54.9374 13.1097 2.4
      vertex -54.8941 13.3278 2.4
    endloop
  endfacet
  facet normal -0.785231 0.156096 0.599205
    outer loop
      vertex -54.9374 13.1097 2.4
      vertex -55.7864 13.4453 1.2
      vertex -55.8948 12.9 1.2
    endloop
  endfacet
  facet normal -0.156183 0.785233 0.599179
    outer loop
      vertex -59.4453 9.78636 1.2
      vertex -59.1097 8.93744 2.4
      vertex -58.9 9.89482 1.2
    endloop
  endfacet
  facet normal -0.156183 0.785233 0.599179
    outer loop
      vertex -59.1097 8.93744 2.4
      vertex -59.4453 9.78636 1.2
      vertex -59.3278 8.89406 2.4
    endloop
  endfacet
  facet normal -0.0523482 0.798903 0.599177
    outer loop
      vertex -59.4453 9.78636 1.2
      vertex -59.5497 8.87952 2.4
      vertex -59.3278 8.89406 2.4
    endloop
  endfacet
  facet normal -0.0523673 0.798903 0.599175
    outer loop
      vertex -59.5497 8.87952 2.4
      vertex -59.4453 9.78636 1.2
      vertex -60 9.75 1.2
    endloop
  endfacet
  facet normal -0.444789 0.665708 0.599163
    outer loop
      vertex -57.4128 10.6282 1.2
      vertex -57.0498 9.79069 2.4
      vertex -56.8649 9.91423 2.4
    endloop
  endfacet
  facet normal -0.444772 0.665718 0.599164
    outer loop
      vertex -57.0498 9.79069 2.4
      vertex -57.4128 10.6282 1.2
      vertex -57.875 10.3194 1.2
    endloop
  endfacet
  facet normal -0.527901 0.601932 0.599165
    outer loop
      vertex -56.8649 9.91423 2.4
      vertex -56.5256 10.2118 2.4
      vertex -57.4128 10.6282 1.2
    endloop
  endfacet
  facet normal 0.785282 0.155904 0.599188
    outer loop
      vertex -65.0626 13.1097 2.4
      vertex -64.2136 13.4453 1.2
      vertex -65.1059 13.3278 2.4
    endloop
  endfacet
  facet normal 0.785231 0.156096 0.599205
    outer loop
      vertex -64.2136 13.4453 1.2
      vertex -65.0626 13.1097 2.4
      vertex -64.1052 12.9 1.2
    endloop
  endfacet
  facet normal 0.665694 0.444801 0.599169
    outer loop
      vertex -64.2093 11.0498 2.4
      vertex -63.6806 11.875 1.2
      vertex -64.46 11.425 2.4
    endloop
  endfacet
  facet normal 0.665638 0.444863 0.599186
    outer loop
      vertex -64.2093 11.0498 2.4
      vertex -63.3717 11.4128 1.2
      vertex -63.6806 11.875 1.2
    endloop
  endfacet
  facet normal 0.665748 0.444672 0.599205
    outer loop
      vertex -63.3717 11.4128 1.2
      vertex -64.2093 11.0498 2.4
      vertex -64.0858 10.8649 2.4
    endloop
  endfacet
  facet normal 0.35407 0.718073 0.599171
    outer loop
      vertex -61.9708 9.24202 2.4
      vertex -61.6264 10.0735 1.2
      vertex -62.3756 9.44162 2.4
    endloop
  endfacet
  facet normal 0.354122 0.718036 0.599184
    outer loop
      vertex -62.125 10.3194 1.2
      vertex -62.3756 9.44162 2.4
      vertex -61.6264 10.0735 1.2
    endloop
  endfacet
  facet normal 0.354151 0.718024 0.599181
    outer loop
      vertex -62.3756 9.44162 2.4
      vertex -62.125 10.3194 1.2
      vertex -62.575 9.53997 2.4
    endloop
  endfacet
  facet normal 0.156195 0.785233 0.599177
    outer loop
      vertex -60.8903 8.93744 2.4
      vertex -61.1 9.89482 1.2
      vertex -61.3329 9.02548 2.4
    endloop
  endfacet
  facet normal 0.0523731 0.798902 0.599177
    outer loop
      vertex -60 8.85 2.4
      vertex -60 9.75 1.2
      vertex -60.4503 8.87952 2.4
    endloop
  endfacet
  facet normal -0.665694 0.444801 0.599169
    outer loop
      vertex -55.7907 11.0498 2.4
      vertex -55.54 11.425 2.4
      vertex -56.3194 11.875 1.2
    endloop
  endfacet
  facet normal -0.601882 0.527911 0.599206
    outer loop
      vertex -56.2118 10.5256 2.4
      vertex -55.9142 10.8649 2.4
      vertex -56.6283 11.4128 1.2
    endloop
  endfacet
  facet normal -0.25732 0.758135 0.599181
    outer loop
      vertex -58.3736 10.0735 1.2
      vertex -58.6671 9.02548 2.4
      vertex -58.4565 9.09696 2.4
    endloop
  endfacet
  facet normal -0.257339 0.758133 0.599175
    outer loop
      vertex -58.6671 9.02548 2.4
      vertex -58.3736 10.0735 1.2
      vertex -58.9 9.89482 1.2
    endloop
  endfacet
  facet normal 0.758155 0.257272 0.599176
    outer loop
      vertex -64.758 12.0292 2.4
      vertex -63.9265 12.3736 1.2
      vertex -64.903 12.4565 2.4
    endloop
  endfacet
  facet normal 0.718068 0.354067 0.599179
    outer loop
      vertex -64.5584 11.6244 2.4
      vertex -63.9265 12.3736 1.2
      vertex -64.758 12.0292 2.4
    endloop
  endfacet
  facet normal 0.444822 0.665672 0.599179
    outer loop
      vertex -62.575 9.53997 2.4
      vertex -62.125 10.3194 1.2
      vertex -62.9502 9.79069 2.4
    endloop
  endfacet
  facet normal 0.60199 0.527821 0.599177
    outer loop
      vertex -63.7882 10.5256 2.4
      vertex -63.0052 10.9948 1.2
      vertex -63.3717 11.4128 1.2
    endloop
  endfacet
  facet normal 0.60199 0.527821 0.599177
    outer loop
      vertex -63.0052 10.9948 1.2
      vertex -63.7882 10.5256 2.4
      vertex -63.6416 10.3584 2.4
    endloop
  endfacet
  facet normal 0.257339 0.758133 0.599175
    outer loop
      vertex -61.6264 10.0735 1.2
      vertex -61.3329 9.02548 2.4
      vertex -61.1 9.89482 1.2
    endloop
  endfacet
  facet normal 0.25732 0.758135 0.599181
    outer loop
      vertex -61.3329 9.02548 2.4
      vertex -61.6264 10.0735 1.2
      vertex -61.5435 9.09696 2.4
    endloop
  endfacet
  facet normal -0.665638 0.444863 0.599186
    outer loop
      vertex -56.6283 11.4128 1.2
      vertex -55.7907 11.0498 2.4
      vertex -56.3194 11.875 1.2
    endloop
  endfacet
  facet normal -0.665748 0.444672 0.599205
    outer loop
      vertex -55.7907 11.0498 2.4
      vertex -56.6283 11.4128 1.2
      vertex -55.9142 10.8649 2.4
    endloop
  endfacet
  facet normal 0.758135 0.257391 0.599151
    outer loop
      vertex -63.9265 12.3736 1.2
      vertex -64.9745 12.6671 2.4
      vertex -64.903 12.4565 2.4
    endloop
  endfacet
  facet normal 0.758137 0.257369 0.599158
    outer loop
      vertex -64.9745 12.6671 2.4
      vertex -63.9265 12.3736 1.2
      vertex -64.1052 12.9 1.2
    endloop
  endfacet
  facet normal 0.444772 0.665718 0.599164
    outer loop
      vertex -62.5872 10.6282 1.2
      vertex -62.9502 9.79069 2.4
      vertex -62.125 10.3194 1.2
    endloop
  endfacet
  facet normal 0.444789 0.665708 0.599163
    outer loop
      vertex -62.9502 9.79069 2.4
      vertex -62.5872 10.6282 1.2
      vertex -63.1351 9.91423 2.4
    endloop
  endfacet
  facet normal 0.527901 0.601932 0.599165
    outer loop
      vertex -63.1351 9.91423 2.4
      vertex -62.5872 10.6282 1.2
      vertex -63.4744 10.2118 2.4
    endloop
  endfacet
  facet normal 0.156183 0.785233 0.599179
    outer loop
      vertex -60.5547 9.78636 1.2
      vertex -60.8903 8.93744 2.4
      vertex -60.6722 8.89406 2.4
    endloop
  endfacet
  facet normal 0.156183 0.785233 0.599179
    outer loop
      vertex -60.8903 8.93744 2.4
      vertex -60.5547 9.78636 1.2
      vertex -61.1 9.89482 1.2
    endloop
  endfacet
  facet normal 1 -0 0
    outer loop
      vertex -65.75 14 2.4
      vertex -65.75 26 1.2
      vertex -65.75 26 2.4
    endloop
  endfacet
  facet normal 1 0 0
    outer loop
      vertex -65.75 26 1.2
      vertex -65.75 14 2.4
      vertex -65.75 14 1.2
    endloop
  endfacet
  facet normal -1 0 0
    outer loop
      vertex -54.25 14 1.2
      vertex -54.25 26 2.4
      vertex -54.25 26 1.2
    endloop
  endfacet
  facet normal -1 -0 0
    outer loop
      vertex -54.25 26 2.4
      vertex -54.25 14 1.2
      vertex -54.25 14 2.4
    endloop
  endfacet
  facet normal 0 0 1
    outer loop
      vertex -57.75 26 1.2
      vertex -54.25 26 1.2
      vertex -54.2992 26.7505 1.2
    endloop
  endfacet
  facet normal 0 0 1
    outer loop
      vertex -57.7692 26.2937 1.2
      vertex -54.2992 26.7505 1.2
      vertex -54.4459 27.4882 1.2
    endloop
  endfacet
  facet normal 0 0 1
    outer loop
      vertex -57.8267 26.5823 1.2
      vertex -54.4459 27.4882 1.2
      vertex -54.6877 28.2004 1.2
    endloop
  endfacet
  facet normal 0 0 1
    outer loop
      vertex -57.9213 26.861 1.2
      vertex -54.6877 28.2004 1.2
      vertex -55.0204 28.875 1.2
    endloop
  endfacet
  facet normal 0 0 1
    outer loop
      vertex -58.0514 27.125 1.2
      vertex -55.0204 28.875 1.2
      vertex -55.4382 29.5004 1.2
    endloop
  endfacet
  facet normal 0 0 1
    outer loop
      vertex -54.25 26 1.2
      vertex -56.6283 16.5872 1.2
      vertex -56.3194 16.125 1.2
    endloop
  endfacet
  facet normal 0 0 1
    outer loop
      vertex -54.25 14 1.2
      vertex -55.7864 14.5547 1.2
      vertex -55.75 14 1.2
    endloop
  endfacet
  facet normal 0 0 1
    outer loop
      vertex -54.25 14 1.2
      vertex -55.8948 15.1 1.2
      vertex -55.7864 14.5547 1.2
    endloop
  endfacet
  facet normal 0 0 1
    outer loop
      vertex -58.215 27.3697 1.2
      vertex -55.4382 29.5004 1.2
      vertex -55.9341 30.0659 1.2
    endloop
  endfacet
  facet normal 0 0 1
    outer loop
      vertex -54.25 14 1.2
      vertex -56.0735 15.6264 1.2
      vertex -55.8948 15.1 1.2
    endloop
  endfacet
  facet normal 0 0 1
    outer loop
      vertex -54.25 14 1.2
      vertex -56.3194 16.125 1.2
      vertex -56.0735 15.6264 1.2
    endloop
  endfacet
  facet normal 0 0 1
    outer loop
      vertex -58.409 27.591 1.2
      vertex -55.9341 30.0659 1.2
      vertex -56.4996 30.5618 1.2
    endloop
  endfacet
  facet normal 0 0 1
    outer loop
      vertex -54.25 26 1.2
      vertex -57.75 26 1.2
      vertex -57.75 17.5971 1.2
    endloop
  endfacet
  facet normal 0 0 1
    outer loop
      vertex -54.25 26 1.2
      vertex -56.3194 16.125 1.2
      vertex -54.25 14 1.2
    endloop
  endfacet
  facet normal 0 0 1
    outer loop
      vertex -58.6303 27.785 1.2
      vertex -56.4996 30.5618 1.2
      vertex -57.125 30.9796 1.2
    endloop
  endfacet
  facet normal 0 0 1
    outer loop
      vertex -54.25 26 1.2
      vertex -56.9948 17.0052 1.2
      vertex -56.6283 16.5872 1.2
    endloop
  endfacet
  facet normal 0 0 1
    outer loop
      vertex -54.25 26 1.2
      vertex -57.4128 17.3718 1.2
      vertex -56.9948 17.0052 1.2
    endloop
  endfacet
  facet normal 0 0 1
    outer loop
      vertex -54.2992 26.7505 1.2
      vertex -57.7692 26.2937 1.2
      vertex -57.75 26 1.2
    endloop
  endfacet
  facet normal 0 0 1
    outer loop
      vertex -58.875 27.9486 1.2
      vertex -57.125 30.9796 1.2
      vertex -57.7996 31.3123 1.2
    endloop
  endfacet
  facet normal 0 0 1
    outer loop
      vertex -54.4459 27.4882 1.2
      vertex -57.8267 26.5823 1.2
      vertex -57.7692 26.2937 1.2
    endloop
  endfacet
  facet normal 0 0 1
    outer loop
      vertex -54.6877 28.2004 1.2
      vertex -57.9213 26.861 1.2
      vertex -57.8267 26.5823 1.2
    endloop
  endfacet
  facet normal 0 0 1
    outer loop
      vertex -55.0204 28.875 1.2
      vertex -58.0514 27.125 1.2
      vertex -57.9213 26.861 1.2
    endloop
  endfacet
  facet normal 0 0 1
    outer loop
      vertex -55.4382 29.5004 1.2
      vertex -58.215 27.3697 1.2
      vertex -58.0514 27.125 1.2
    endloop
  endfacet
  facet normal 0 0 1
    outer loop
      vertex -55.9341 30.0659 1.2
      vertex -58.409 27.591 1.2
      vertex -58.215 27.3697 1.2
    endloop
  endfacet
  facet normal 0 0 1
    outer loop
      vertex -59.139 28.0787 1.2
      vertex -57.7996 31.3123 1.2
      vertex -58.5118 31.5541 1.2
    endloop
  endfacet
  facet normal 0 0 1
    outer loop
      vertex -56.4996 30.5618 1.2
      vertex -58.6303 27.785 1.2
      vertex -58.409 27.591 1.2
    endloop
  endfacet
  facet normal 0 0 1
    outer loop
      vertex -57.125 30.9796 1.2
      vertex -58.875 27.9486 1.2
      vertex -58.6303 27.785 1.2
    endloop
  endfacet
  facet normal 0 0 1
    outer loop
      vertex -57.7996 31.3123 1.2
      vertex -59.139 28.0787 1.2
      vertex -58.875 27.9486 1.2
    endloop
  endfacet
  facet normal 0 0 1
    outer loop
      vertex -59.4177 28.1733 1.2
      vertex -58.5118 31.5541 1.2
      vertex -59.2495 31.7008 1.2
    endloop
  endfacet
  facet normal 0 0 1
    outer loop
      vertex -58.5118 31.5541 1.2
      vertex -59.4177 28.1733 1.2
      vertex -59.139 28.0787 1.2
    endloop
  endfacet
  facet normal 0 0 1
    outer loop
      vertex -59.2495 31.7008 1.2
      vertex -59.7063 28.2308 1.2
      vertex -59.4177 28.1733 1.2
    endloop
  endfacet
  facet normal 0 0 1
    outer loop
      vertex -60 31.75 1.2
      vertex -59.7063 28.2308 1.2
      vertex -59.2495 31.7008 1.2
    endloop
  endfacet
  facet normal 0 0 1
    outer loop
      vertex -60 31.75 1.2
      vertex -60 28.25 1.2
      vertex -59.7063 28.2308 1.2
    endloop
  endfacet
  facet normal 0 0 1
    outer loop
      vertex -60 31.75 1.2
      vertex -60.2937 28.2308 1.2
      vertex -60 28.25 1.2
    endloop
  endfacet
  facet normal -0 0 1
    outer loop
      vertex -60.7505 31.7008 1.2
      vertex -60.2937 28.2308 1.2
      vertex -60 31.75 1.2
    endloop
  endfacet
  facet normal 0 0 1
    outer loop
      vertex -60.2937 28.2308 1.2
      vertex -60.7505 31.7008 1.2
      vertex -60.5823 28.1733 1.2
    endloop
  endfacet
  facet normal -0 0 1
    outer loop
      vertex -61.4882 31.5541 1.2
      vertex -60.5823 28.1733 1.2
      vertex -60.7505 31.7008 1.2
    endloop
  endfacet
  facet normal 0 0 1
    outer loop
      vertex -60.5823 28.1733 1.2
      vertex -61.4882 31.5541 1.2
      vertex -60.861 28.0787 1.2
    endloop
  endfacet
  facet normal -0 0 1
    outer loop
      vertex -62.2004 31.3123 1.2
      vertex -60.861 28.0787 1.2
      vertex -61.4882 31.5541 1.2
    endloop
  endfacet
  facet normal 0 0 1
    outer loop
      vertex -60.861 28.0787 1.2
      vertex -62.2004 31.3123 1.2
      vertex -61.125 27.9486 1.2
    endloop
  endfacet
  facet normal -0 0 1
    outer loop
      vertex -62.875 30.9796 1.2
      vertex -61.125 27.9486 1.2
      vertex -62.2004 31.3123 1.2
    endloop
  endfacet
  facet normal 0 0 1
    outer loop
      vertex -61.125 27.9486 1.2
      vertex -62.875 30.9796 1.2
      vertex -61.3697 27.785 1.2
    endloop
  endfacet
  facet normal -0 0 1
    outer loop
      vertex -63.5004 30.5618 1.2
      vertex -61.3697 27.785 1.2
      vertex -62.875 30.9796 1.2
    endloop
  endfacet
  facet normal 0 0 1
    outer loop
      vertex -61.3697 27.785 1.2
      vertex -63.5004 30.5618 1.2
      vertex -61.591 27.591 1.2
    endloop
  endfacet
  facet normal -0 0 1
    outer loop
      vertex -64.0659 30.0659 1.2
      vertex -61.591 27.591 1.2
      vertex -63.5004 30.5618 1.2
    endloop
  endfacet
  facet normal 0 0 1
    outer loop
      vertex -61.591 27.591 1.2
      vertex -64.0659 30.0659 1.2
      vertex -61.785 27.3697 1.2
    endloop
  endfacet
  facet normal -0 0 1
    outer loop
      vertex -64.5618 29.5004 1.2
      vertex -61.785 27.3697 1.2
      vertex -64.0659 30.0659 1.2
    endloop
  endfacet
  facet normal 0 0 1
    outer loop
      vertex -61.785 27.3697 1.2
      vertex -64.5618 29.5004 1.2
      vertex -61.9486 27.125 1.2
    endloop
  endfacet
  facet normal -0 0 1
    outer loop
      vertex -65.75 26 1.2
      vertex -62.25 17.5971 1.2
      vertex -62.25 26 1.2
    endloop
  endfacet
  facet normal -0 0 1
    outer loop
      vertex -64.9796 28.875 1.2
      vertex -61.9486 27.125 1.2
      vertex -64.5618 29.5004 1.2
    endloop
  endfacet
  facet normal 0 0 1
    outer loop
      vertex -61.9486 27.125 1.2
      vertex -64.9796 28.875 1.2
      vertex -62.0787 26.861 1.2
    endloop
  endfacet
  facet normal 0 0 1
    outer loop
      vertex -62.25 17.5971 1.2
      vertex -65.75 26 1.2
      vertex -62.5872 17.3718 1.2
    endloop
  endfacet
  facet normal 0 0 1
    outer loop
      vertex -62.5872 17.3718 1.2
      vertex -65.75 26 1.2
      vertex -63.0052 17.0052 1.2
    endloop
  endfacet
  facet normal -0 0 1
    outer loop
      vertex -65.3123 28.2004 1.2
      vertex -62.0787 26.861 1.2
      vertex -64.9796 28.875 1.2
    endloop
  endfacet
  facet normal 0 0 1
    outer loop
      vertex -63.0052 17.0052 1.2
      vertex -65.75 26 1.2
      vertex -63.3717 16.5872 1.2
    endloop
  endfacet
  facet normal 0 0 1
    outer loop
      vertex -63.3717 16.5872 1.2
      vertex -65.75 26 1.2
      vertex -63.6806 16.125 1.2
    endloop
  endfacet
  facet normal 0 0 1
    outer loop
      vertex -62.0787 26.861 1.2
      vertex -65.3123 28.2004 1.2
      vertex -62.1733 26.5823 1.2
    endloop
  endfacet
  facet normal 0 0 1
    outer loop
      vertex -65.75 14 1.2
      vertex -63.6806 16.125 1.2
      vertex -65.75 26 1.2
    endloop
  endfacet
  facet normal 0 0 1
    outer loop
      vertex -63.6806 16.125 1.2
      vertex -65.75 14 1.2
      vertex -63.9265 15.6264 1.2
    endloop
  endfacet
  facet normal 0 0 1
    outer loop
      vertex -63.9265 15.6264 1.2
      vertex -65.75 14 1.2
      vertex -64.1052 15.1 1.2
    endloop
  endfacet
  facet normal -0 0 1
    outer loop
      vertex -65.5541 27.4882 1.2
      vertex -62.1733 26.5823 1.2
      vertex -65.3123 28.2004 1.2
    endloop
  endfacet
  facet normal 0 0 1
    outer loop
      vertex -62.1733 26.5823 1.2
      vertex -65.5541 27.4882 1.2
      vertex -62.2308 26.2937 1.2
    endloop
  endfacet
  facet normal -0 0 1
    outer loop
      vertex -65.7008 26.7505 1.2
      vertex -62.2308 26.2937 1.2
      vertex -65.5541 27.4882 1.2
    endloop
  endfacet
  facet normal 0 0 1
    outer loop
      vertex -62.2308 26.2937 1.2
      vertex -65.7008 26.7505 1.2
      vertex -62.25 26 1.2
    endloop
  endfacet
  facet normal 0 0 1
    outer loop
      vertex -62.25 26 1.2
      vertex -65.7008 26.7505 1.2
      vertex -65.75 26 1.2
    endloop
  endfacet
  facet normal 0 0 1
    outer loop
      vertex -64.1052 15.1 1.2
      vertex -65.75 14 1.2
      vertex -64.2136 14.5547 1.2
    endloop
  endfacet
  facet normal 0 0 1
    outer loop
      vertex -64.2136 14.5547 1.2
      vertex -65.75 14 1.2
      vertex -64.25 14 1.2
    endloop
  endfacet
  facet normal 0 0 1
    outer loop
      vertex -54.25 26 1.2
      vertex -57.75 17.5971 1.2
      vertex -57.4128 17.3718 1.2
    endloop
  endfacet
  facet normal -0.555498 -0.831518 0
    outer loop
      vertex -57.125 30.9796 1.2
      vertex -56.4996 30.5618 2.4
      vertex -57.125 30.9796 2.4
    endloop
  endfacet
  facet normal -0.555498 -0.831518 -0
    outer loop
      vertex -56.4996 30.5618 2.4
      vertex -57.125 30.9796 1.2
      vertex -56.4996 30.5618 1.2
    endloop
  endfacet
  facet normal 0.442314 -0.89686 0
    outer loop
      vertex -62.875 30.9796 1.2
      vertex -62.2004 31.3123 2.4
      vertex -62.875 30.9796 2.4
    endloop
  endfacet
  facet normal 0.442314 -0.89686 0
    outer loop
      vertex -62.2004 31.3123 2.4
      vertex -62.875 30.9796 1.2
      vertex -62.2004 31.3123 1.2
    endloop
  endfacet
  facet normal 0.946914 -0.321488 0
    outer loop
      vertex -65.5541 27.4882 2.4
      vertex -65.3123 28.2004 1.2
      vertex -65.3123 28.2004 2.4
    endloop
  endfacet
  facet normal 0.946914 -0.321488 0
    outer loop
      vertex -65.3123 28.2004 1.2
      vertex -65.5541 27.4882 2.4
      vertex -65.5541 27.4882 1.2
    endloop
  endfacet
  facet normal -0.89686 -0.442314 0
    outer loop
      vertex -54.6877 28.2004 1.2
      vertex -55.0204 28.875 2.4
      vertex -55.0204 28.875 1.2
    endloop
  endfacet
  facet normal -0.89686 -0.442314 0
    outer loop
      vertex -55.0204 28.875 2.4
      vertex -54.6877 28.2004 1.2
      vertex -54.6877 28.2004 2.4
    endloop
  endfacet
  facet normal -0.980795 -0.195042 0
    outer loop
      vertex -54.2992 26.7505 1.2
      vertex -54.4459 27.4882 2.4
      vertex -54.4459 27.4882 1.2
    endloop
  endfacet
  facet normal -0.980795 -0.195042 0
    outer loop
      vertex -54.4459 27.4882 2.4
      vertex -54.2992 26.7505 1.2
      vertex -54.2992 26.7505 2.4
    endloop
  endfacet
  facet normal -0.831518 -0.555498 0
    outer loop
      vertex -55.0204 28.875 1.2
      vertex -55.4382 29.5004 2.4
      vertex -55.4382 29.5004 1.2
    endloop
  endfacet
  facet normal -0.831518 -0.555498 0
    outer loop
      vertex -55.4382 29.5004 2.4
      vertex -55.0204 28.875 1.2
      vertex -55.0204 28.875 2.4
    endloop
  endfacet
  facet normal -0.659323 -0.75186 0
    outer loop
      vertex -56.4996 30.5618 1.2
      vertex -55.9341 30.0659 2.4
      vertex -56.4996 30.5618 2.4
    endloop
  endfacet
  facet normal -0.659323 -0.75186 -0
    outer loop
      vertex -55.9341 30.0659 2.4
      vertex -56.4996 30.5618 1.2
      vertex -55.9341 30.0659 1.2
    endloop
  endfacet
  facet normal -0.321488 -0.946914 0
    outer loop
      vertex -58.5118 31.5541 1.2
      vertex -57.7996 31.3123 2.4
      vertex -58.5118 31.5541 2.4
    endloop
  endfacet
  facet normal -0.321488 -0.946914 -0
    outer loop
      vertex -57.7996 31.3123 2.4
      vertex -58.5118 31.5541 1.2
      vertex -57.7996 31.3123 1.2
    endloop
  endfacet
  facet normal 0.0654159 -0.997858 0
    outer loop
      vertex -60.7505 31.7008 1.2
      vertex -60 31.75 2.4
      vertex -60.7505 31.7008 2.4
    endloop
  endfacet
  facet normal 0.0654159 -0.997858 0
    outer loop
      vertex -60 31.75 2.4
      vertex -60.7505 31.7008 1.2
      vertex -60 31.75 1.2
    endloop
  endfacet
  facet normal 0.831518 -0.555498 0
    outer loop
      vertex -64.9796 28.875 2.4
      vertex -64.5618 29.5004 1.2
      vertex -64.5618 29.5004 2.4
    endloop
  endfacet
  facet normal 0.831518 -0.555498 0
    outer loop
      vertex -64.5618 29.5004 1.2
      vertex -64.9796 28.875 2.4
      vertex -64.9796 28.875 1.2
    endloop
  endfacet
  facet normal 0.195042 -0.980795 0
    outer loop
      vertex -61.4882 31.5541 1.2
      vertex -60.7505 31.7008 2.4
      vertex -61.4882 31.5541 2.4
    endloop
  endfacet
  facet normal 0.195042 -0.980795 0
    outer loop
      vertex -60.7505 31.7008 2.4
      vertex -61.4882 31.5541 1.2
      vertex -60.7505 31.7008 1.2
    endloop
  endfacet
  facet normal 0.75186 -0.659323 0
    outer loop
      vertex -64.5618 29.5004 2.4
      vertex -64.0659 30.0659 1.2
      vertex -64.0659 30.0659 2.4
    endloop
  endfacet
  facet normal 0.75186 -0.659323 0
    outer loop
      vertex -64.0659 30.0659 1.2
      vertex -64.5618 29.5004 2.4
      vertex -64.5618 29.5004 1.2
    endloop
  endfacet
  facet normal -0.997858 -0.0654159 0
    outer loop
      vertex -54.25 26 1.2
      vertex -54.2992 26.7505 2.4
      vertex -54.2992 26.7505 1.2
    endloop
  endfacet
  facet normal -0.997858 -0.0654159 0
    outer loop
      vertex -54.2992 26.7505 2.4
      vertex -54.25 26 1.2
      vertex -54.25 26 2.4
    endloop
  endfacet
  facet normal -0.946914 -0.321488 0
    outer loop
      vertex -54.4459 27.4882 1.2
      vertex -54.6877 28.2004 2.4
      vertex -54.6877 28.2004 1.2
    endloop
  endfacet
  facet normal -0.946914 -0.321488 0
    outer loop
      vertex -54.6877 28.2004 2.4
      vertex -54.4459 27.4882 1.2
      vertex -54.4459 27.4882 2.4
    endloop
  endfacet
  facet normal -0.75186 -0.659323 0
    outer loop
      vertex -55.4382 29.5004 1.2
      vertex -55.9341 30.0659 2.4
      vertex -55.9341 30.0659 1.2
    endloop
  endfacet
  facet normal -0.75186 -0.659323 0
    outer loop
      vertex -55.9341 30.0659 2.4
      vertex -55.4382 29.5004 1.2
      vertex -55.4382 29.5004 2.4
    endloop
  endfacet
  facet normal -0.442314 -0.89686 0
    outer loop
      vertex -57.7996 31.3123 1.2
      vertex -57.125 30.9796 2.4
      vertex -57.7996 31.3123 2.4
    endloop
  endfacet
  facet normal -0.442314 -0.89686 -0
    outer loop
      vertex -57.125 30.9796 2.4
      vertex -57.7996 31.3123 1.2
      vertex -57.125 30.9796 1.2
    endloop
  endfacet
  facet normal -0.195042 -0.980795 0
    outer loop
      vertex -59.2495 31.7008 1.2
      vertex -58.5118 31.5541 2.4
      vertex -59.2495 31.7008 2.4
    endloop
  endfacet
  facet normal -0.195042 -0.980795 -0
    outer loop
      vertex -58.5118 31.5541 2.4
      vertex -59.2495 31.7008 1.2
      vertex -58.5118 31.5541 1.2
    endloop
  endfacet
  facet normal -0.0654159 -0.997858 0
    outer loop
      vertex -60 31.75 1.2
      vertex -59.2495 31.7008 2.4
      vertex -60 31.75 2.4
    endloop
  endfacet
  facet normal -0.0654159 -0.997858 -0
    outer loop
      vertex -59.2495 31.7008 2.4
      vertex -60 31.75 1.2
      vertex -59.2495 31.7008 1.2
    endloop
  endfacet
  facet normal 0.980795 -0.195042 0
    outer loop
      vertex -65.7008 26.7505 2.4
      vertex -65.5541 27.4882 1.2
      vertex -65.5541 27.4882 2.4
    endloop
  endfacet
  facet normal 0.980795 -0.195042 0
    outer loop
      vertex -65.5541 27.4882 1.2
      vertex -65.7008 26.7505 2.4
      vertex -65.7008 26.7505 1.2
    endloop
  endfacet
  facet normal 0.997858 -0.0654159 0
    outer loop
      vertex -65.75 26 2.4
      vertex -65.7008 26.7505 1.2
      vertex -65.7008 26.7505 2.4
    endloop
  endfacet
  facet normal 0.997858 -0.0654159 0
    outer loop
      vertex -65.7008 26.7505 1.2
      vertex -65.75 26 2.4
      vertex -65.75 26 1.2
    endloop
  endfacet
  facet normal 0.89686 -0.442314 0
    outer loop
      vertex -65.3123 28.2004 2.4
      vertex -64.9796 28.875 1.2
      vertex -64.9796 28.875 2.4
    endloop
  endfacet
  facet normal 0.89686 -0.442314 0
    outer loop
      vertex -64.9796 28.875 1.2
      vertex -65.3123 28.2004 2.4
      vertex -65.3123 28.2004 1.2
    endloop
  endfacet
  facet normal 0.321488 -0.946914 0
    outer loop
      vertex -62.2004 31.3123 1.2
      vertex -61.4882 31.5541 2.4
      vertex -62.2004 31.3123 2.4
    endloop
  endfacet
  facet normal 0.321488 -0.946914 0
    outer loop
      vertex -61.4882 31.5541 2.4
      vertex -62.2004 31.3123 1.2
      vertex -61.4882 31.5541 1.2
    endloop
  endfacet
  facet normal 0.659323 -0.75186 0
    outer loop
      vertex -64.0659 30.0659 1.2
      vertex -63.5004 30.5618 2.4
      vertex -64.0659 30.0659 2.4
    endloop
  endfacet
  facet normal 0.659323 -0.75186 0
    outer loop
      vertex -63.5004 30.5618 2.4
      vertex -64.0659 30.0659 1.2
      vertex -63.5004 30.5618 1.2
    endloop
  endfacet
  facet normal 0.555498 -0.831518 0
    outer loop
      vertex -63.5004 30.5618 1.2
      vertex -62.875 30.9796 2.4
      vertex -63.5004 30.5618 2.4
    endloop
  endfacet
  facet normal 0.555498 -0.831518 0
    outer loop
      vertex -62.875 30.9796 2.4
      vertex -63.5004 30.5618 1.2
      vertex -62.875 30.9796 1.2
    endloop
  endfacet
  facet normal -0.997854 -0.0654802 0
    outer loop
      vertex 64.25 14 0
      vertex 64.2136 14.5547 1.2
      vertex 64.2136 14.5547 0
    endloop
  endfacet
  facet normal -0.997854 -0.0654802 0
    outer loop
      vertex 64.2136 14.5547 1.2
      vertex 64.25 14 0
      vertex 64.25 14 1.2
    endloop
  endfacet
  facet normal 0.997854 -0.0654802 0
    outer loop
      vertex 55.75 14 1.2
      vertex 55.7864 14.5547 0
      vertex 55.7864 14.5547 1.2
    endloop
  endfacet
  facet normal 0.997854 -0.0654802 0
    outer loop
      vertex 55.7864 14.5547 0
      vertex 55.75 14 1.2
      vertex 55.75 14 0
    endloop
  endfacet
  facet normal -0.65937 -0.751819 0
    outer loop
      vertex 62.5872 17.3718 0
      vertex 63.0052 17.0052 1.2
      vertex 62.5872 17.3718 1.2
    endloop
  endfacet
  facet normal -0.65937 -0.751819 -0
    outer loop
      vertex 63.0052 17.0052 1.2
      vertex 62.5872 17.3718 0
      vertex 63.0052 17.0052 0
    endloop
  endfacet
  facet normal 0.65937 -0.751819 0
    outer loop
      vertex 56.9948 17.0052 0
      vertex 57.4128 17.3718 1.2
      vertex 56.9948 17.0052 1.2
    endloop
  endfacet
  facet normal 0.65937 -0.751819 0
    outer loop
      vertex 57.4128 17.3718 1.2
      vertex 56.9948 17.0052 0
      vertex 57.4128 17.3718 0
    endloop
  endfacet
  facet normal -0.89686 -0.442314 0
    outer loop
      vertex 63.9265 15.6264 0
      vertex 63.6806 16.125 1.2
      vertex 63.6806 16.125 0
    endloop
  endfacet
  facet normal -0.89686 -0.442314 0
    outer loop
      vertex 63.6806 16.125 1.2
      vertex 63.9265 15.6264 0
      vertex 63.9265 15.6264 1.2
    endloop
  endfacet
  facet normal -0.555553 -0.831481 0
    outer loop
      vertex 62.25 17.5971 0
      vertex 62.5872 17.3718 1.2
      vertex 62.25 17.5971 1.2
    endloop
  endfacet
  facet normal -0.555553 -0.831481 -0
    outer loop
      vertex 62.5872 17.3718 1.2
      vertex 62.25 17.5971 0
      vertex 62.5872 17.3718 0
    endloop
  endfacet
  facet normal 0.89686 -0.442314 0
    outer loop
      vertex 56.0735 15.6264 1.2
      vertex 56.3194 16.125 0
      vertex 56.3194 16.125 1.2
    endloop
  endfacet
  facet normal 0.89686 -0.442314 0
    outer loop
      vertex 56.3194 16.125 0
      vertex 56.0735 15.6264 1.2
      vertex 56.0735 15.6264 0
    endloop
  endfacet
  facet normal 0.946924 -0.321458 0
    outer loop
      vertex 55.8948 15.1 1.2
      vertex 56.0735 15.6264 0
      vertex 56.0735 15.6264 1.2
    endloop
  endfacet
  facet normal 0.946924 -0.321458 0
    outer loop
      vertex 56.0735 15.6264 0
      vertex 55.8948 15.1 1.2
      vertex 55.8948 15.1 0
    endloop
  endfacet
  facet normal 0.555553 -0.831481 0
    outer loop
      vertex 57.4128 17.3718 0
      vertex 57.75 17.5971 1.2
      vertex 57.4128 17.3718 1.2
    endloop
  endfacet
  facet normal 0.555553 -0.831481 0
    outer loop
      vertex 57.75 17.5971 1.2
      vertex 57.4128 17.3718 0
      vertex 57.75 17.5971 0
    endloop
  endfacet
  facet normal -0.442314 0.89686 0
    outer loop
      vertex 62.125 10.3194 0
      vertex 61.6264 10.0735 1.2
      vertex 62.125 10.3194 1.2
    endloop
  endfacet
  facet normal -0.442314 0.89686 0
    outer loop
      vertex 61.6264 10.0735 1.2
      vertex 62.125 10.3194 0
      vertex 61.6264 10.0735 0
    endloop
  endfacet
  facet normal 0.321425 0.946935 -0
    outer loop
      vertex 58.9 9.89482 0
      vertex 58.3736 10.0735 1.2
      vertex 58.9 9.89482 1.2
    endloop
  endfacet
  facet normal 0.321425 0.946935 0
    outer loop
      vertex 58.3736 10.0735 1.2
      vertex 58.9 9.89482 0
      vertex 58.3736 10.0735 0
    endloop
  endfacet
  facet normal 0.89686 0.442314 0
    outer loop
      vertex 56.3194 11.875 1.2
      vertex 56.0735 12.3736 0
      vertex 56.0735 12.3736 1.2
    endloop
  endfacet
  facet normal 0.89686 0.442314 0
    outer loop
      vertex 56.0735 12.3736 0
      vertex 56.3194 11.875 1.2
      vertex 56.3194 11.875 0
    endloop
  endfacet
  facet normal -0.946924 -0.321458 0
    outer loop
      vertex 64.1052 15.1 0
      vertex 63.9265 15.6264 1.2
      vertex 63.9265 15.6264 0
    endloop
  endfacet
  facet normal -0.946924 -0.321458 0
    outer loop
      vertex 63.9265 15.6264 1.2
      vertex 64.1052 15.1 0
      vertex 64.1052 15.1 1.2
    endloop
  endfacet
  facet normal -0.980808 -0.194975 0
    outer loop
      vertex 64.2136 14.5547 0
      vertex 64.1052 15.1 1.2
      vertex 64.1052 15.1 0
    endloop
  endfacet
  facet normal -0.980808 -0.194975 0
    outer loop
      vertex 64.1052 15.1 1.2
      vertex 64.2136 14.5547 0
      vertex 64.2136 14.5547 1.2
    endloop
  endfacet
  facet normal -0.751908 -0.659268 0
    outer loop
      vertex 63.3717 16.5872 0
      vertex 63.0052 17.0052 1.2
      vertex 63.0052 17.0052 0
    endloop
  endfacet
  facet normal -0.751908 -0.659268 0
    outer loop
      vertex 63.0052 17.0052 1.2
      vertex 63.3717 16.5872 0
      vertex 63.3717 16.5872 1.2
    endloop
  endfacet
  facet normal -0.831413 -0.555655 0
    outer loop
      vertex 63.6806 16.125 0
      vertex 63.3717 16.5872 1.2
      vertex 63.3717 16.5872 0
    endloop
  endfacet
  facet normal -0.831413 -0.555655 0
    outer loop
      vertex 63.3717 16.5872 1.2
      vertex 63.6806 16.125 0
      vertex 63.6806 16.125 1.2
    endloop
  endfacet
  facet normal 0.831413 -0.555655 0
    outer loop
      vertex 56.3194 16.125 1.2
      vertex 56.6283 16.5872 0
      vertex 56.6283 16.5872 1.2
    endloop
  endfacet
  facet normal 0.831413 -0.555655 0
    outer loop
      vertex 56.6283 16.5872 0
      vertex 56.3194 16.125 1.2
      vertex 56.3194 16.125 0
    endloop
  endfacet
  facet normal 0.751908 -0.659268 0
    outer loop
      vertex 56.6283 16.5872 1.2
      vertex 56.9948 17.0052 0
      vertex 56.9948 17.0052 1.2
    endloop
  endfacet
  facet normal 0.751908 -0.659268 0
    outer loop
      vertex 56.9948 17.0052 0
      vertex 56.6283 16.5872 1.2
      vertex 56.6283 16.5872 0
    endloop
  endfacet
  facet normal 0.980808 -0.194975 0
    outer loop
      vertex 55.7864 14.5547 1.2
      vertex 55.8948 15.1 0
      vertex 55.8948 15.1 1.2
    endloop
  endfacet
  facet normal 0.980808 -0.194975 0
    outer loop
      vertex 55.8948 15.1 0
      vertex 55.7864 14.5547 1.2
      vertex 55.7864 14.5547 0
    endloop
  endfacet
  facet normal -0.0654086 0.997859 0
    outer loop
      vertex 60.5547 9.78636 0
      vertex 60 9.75 1.2
      vertex 60.5547 9.78636 1.2
    endloop
  endfacet
  facet normal -0.0654086 0.997859 0
    outer loop
      vertex 60 9.75 1.2
      vertex 60.5547 9.78636 0
      vertex 60 9.75 0
    endloop
  endfacet
  facet normal -0.321425 0.946935 0
    outer loop
      vertex 61.6264 10.0735 0
      vertex 61.1 9.89482 1.2
      vertex 61.6264 10.0735 1.2
    endloop
  endfacet
  facet normal -0.321425 0.946935 0
    outer loop
      vertex 61.1 9.89482 1.2
      vertex 61.6264 10.0735 0
      vertex 61.1 9.89482 0
    endloop
  endfacet
  facet normal -0.55553 0.831496 0
    outer loop
      vertex 62.5872 10.6282 0
      vertex 62.125 10.3194 1.2
      vertex 62.5872 10.6282 1.2
    endloop
  endfacet
  facet normal -0.55553 0.831496 0
    outer loop
      vertex 62.125 10.3194 1.2
      vertex 62.5872 10.6282 0
      vertex 62.125 10.3194 0
    endloop
  endfacet
  facet normal -0.751908 0.659268 0
    outer loop
      vertex 63.0052 10.9948 0
      vertex 63.3717 11.4128 1.2
      vertex 63.3717 11.4128 0
    endloop
  endfacet
  facet normal -0.751908 0.659268 0
    outer loop
      vertex 63.3717 11.4128 1.2
      vertex 63.0052 10.9948 0
      vertex 63.0052 10.9948 1.2
    endloop
  endfacet
  facet normal -0.89686 0.442314 0
    outer loop
      vertex 63.6806 11.875 0
      vertex 63.9265 12.3736 1.2
      vertex 63.9265 12.3736 0
    endloop
  endfacet
  facet normal -0.89686 0.442314 0
    outer loop
      vertex 63.9265 12.3736 1.2
      vertex 63.6806 11.875 0
      vertex 63.6806 11.875 1.2
    endloop
  endfacet
  facet normal 0.65937 0.751819 -0
    outer loop
      vertex 57.4128 10.6282 0
      vertex 56.9948 10.9948 1.2
      vertex 57.4128 10.6282 1.2
    endloop
  endfacet
  facet normal 0.65937 0.751819 0
    outer loop
      vertex 56.9948 10.9948 1.2
      vertex 57.4128 10.6282 0
      vertex 56.9948 10.9948 0
    endloop
  endfacet
  facet normal 0.442314 0.89686 -0
    outer loop
      vertex 58.3736 10.0735 0
      vertex 57.875 10.3194 1.2
      vertex 58.3736 10.0735 1.2
    endloop
  endfacet
  facet normal 0.442314 0.89686 0
    outer loop
      vertex 57.875 10.3194 1.2
      vertex 58.3736 10.0735 0
      vertex 57.875 10.3194 0
    endloop
  endfacet
  facet normal 0.195078 0.980788 -0
    outer loop
      vertex 59.4453 9.78636 0
      vertex 58.9 9.89482 1.2
      vertex 59.4453 9.78636 1.2
    endloop
  endfacet
  facet normal 0.195078 0.980788 0
    outer loop
      vertex 58.9 9.89482 1.2
      vertex 59.4453 9.78636 0
      vertex 58.9 9.89482 0
    endloop
  endfacet
  facet normal 0.831413 0.555655 0
    outer loop
      vertex 56.6283 11.4128 1.2
      vertex 56.3194 11.875 0
      vertex 56.3194 11.875 1.2
    endloop
  endfacet
  facet normal 0.831413 0.555655 0
    outer loop
      vertex 56.3194 11.875 0
      vertex 56.6283 11.4128 1.2
      vertex 56.6283 11.4128 0
    endloop
  endfacet
  facet normal 0.946924 0.321458 0
    outer loop
      vertex 56.0735 12.3736 1.2
      vertex 55.8948 12.9 0
      vertex 55.8948 12.9 1.2
    endloop
  endfacet
  facet normal 0.946924 0.321458 0
    outer loop
      vertex 55.8948 12.9 0
      vertex 56.0735 12.3736 1.2
      vertex 56.0735 12.3736 0
    endloop
  endfacet
  facet normal 0.997854 0.0654802 0
    outer loop
      vertex 55.7864 13.4453 1.2
      vertex 55.75 14 0
      vertex 55.75 14 1.2
    endloop
  endfacet
  facet normal 0.997854 0.0654802 0
    outer loop
      vertex 55.75 14 0
      vertex 55.7864 13.4453 1.2
      vertex 55.7864 13.4453 0
    endloop
  endfacet
  facet normal -0.195078 0.980788 0
    outer loop
      vertex 61.1 9.89482 0
      vertex 60.5547 9.78636 1.2
      vertex 61.1 9.89482 1.2
    endloop
  endfacet
  facet normal -0.195078 0.980788 0
    outer loop
      vertex 60.5547 9.78636 1.2
      vertex 61.1 9.89482 0
      vertex 60.5547 9.78636 0
    endloop
  endfacet
  facet normal -0.65937 0.751819 0
    outer loop
      vertex 63.0052 10.9948 0
      vertex 62.5872 10.6282 1.2
      vertex 63.0052 10.9948 1.2
    endloop
  endfacet
  facet normal -0.65937 0.751819 0
    outer loop
      vertex 62.5872 10.6282 1.2
      vertex 63.0052 10.9948 0
      vertex 62.5872 10.6282 0
    endloop
  endfacet
  facet normal -0.831413 0.555655 0
    outer loop
      vertex 63.3717 11.4128 0
      vertex 63.6806 11.875 1.2
      vertex 63.6806 11.875 0
    endloop
  endfacet
  facet normal -0.831413 0.555655 0
    outer loop
      vertex 63.6806 11.875 1.2
      vertex 63.3717 11.4128 0
      vertex 63.3717 11.4128 1.2
    endloop
  endfacet
  facet normal -0.980808 0.194975 0
    outer loop
      vertex 64.1052 12.9 0
      vertex 64.2136 13.4453 1.2
      vertex 64.2136 13.4453 0
    endloop
  endfacet
  facet normal -0.980808 0.194975 0
    outer loop
      vertex 64.2136 13.4453 1.2
      vertex 64.1052 12.9 0
      vertex 64.1052 12.9 1.2
    endloop
  endfacet
  facet normal -0.946924 0.321458 0
    outer loop
      vertex 63.9265 12.3736 0
      vertex 64.1052 12.9 1.2
      vertex 64.1052 12.9 0
    endloop
  endfacet
  facet normal -0.946924 0.321458 0
    outer loop
      vertex 64.1052 12.9 1.2
      vertex 63.9265 12.3736 0
      vertex 63.9265 12.3736 1.2
    endloop
  endfacet
  facet normal -0.997854 0.0654802 0
    outer loop
      vertex 64.2136 13.4453 0
      vertex 64.25 14 1.2
      vertex 64.25 14 0
    endloop
  endfacet
  facet normal -0.997854 0.0654802 0
    outer loop
      vertex 64.25 14 1.2
      vertex 64.2136 13.4453 0
      vertex 64.2136 13.4453 1.2
    endloop
  endfacet
  facet normal 0.55553 0.831496 -0
    outer loop
      vertex 57.875 10.3194 0
      vertex 57.4128 10.6282 1.2
      vertex 57.875 10.3194 1.2
    endloop
  endfacet
  facet normal 0.55553 0.831496 0
    outer loop
      vertex 57.4128 10.6282 1.2
      vertex 57.875 10.3194 0
      vertex 57.4128 10.6282 0
    endloop
  endfacet
  facet normal 0.0654086 0.997859 -0
    outer loop
      vertex 60 9.75 0
      vertex 59.4453 9.78636 1.2
      vertex 60 9.75 1.2
    endloop
  endfacet
  facet normal 0.0654086 0.997859 0
    outer loop
      vertex 59.4453 9.78636 1.2
      vertex 60 9.75 0
      vertex 59.4453 9.78636 0
    endloop
  endfacet
  facet normal 0.751908 0.659268 0
    outer loop
      vertex 56.9948 10.9948 1.2
      vertex 56.6283 11.4128 0
      vertex 56.6283 11.4128 1.2
    endloop
  endfacet
  facet normal 0.751908 0.659268 0
    outer loop
      vertex 56.6283 11.4128 0
      vertex 56.9948 10.9948 1.2
      vertex 56.9948 10.9948 0
    endloop
  endfacet
  facet normal 0.980808 0.194975 0
    outer loop
      vertex 55.8948 12.9 1.2
      vertex 55.7864 13.4453 0
      vertex 55.7864 13.4453 1.2
    endloop
  endfacet
  facet normal 0.980808 0.194975 0
    outer loop
      vertex 55.7864 13.4453 0
      vertex 55.8948 12.9 1.2
      vertex 55.8948 12.9 0
    endloop
  endfacet
  facet normal 1 -0 0
    outer loop
      vertex 57.75 17.5971 1.2
      vertex 57.75 26 0
      vertex 57.75 26 1.2
    endloop
  endfacet
  facet normal 1 0 0
    outer loop
      vertex 57.75 26 0
      vertex 57.75 17.5971 1.2
      vertex 57.75 17.5971 0
    endloop
  endfacet
  facet normal -1 0 0
    outer loop
      vertex 62.25 17.5971 0
      vertex 62.25 26 1.2
      vertex 62.25 26 0
    endloop
  endfacet
  facet normal -1 -0 0
    outer loop
      vertex 62.25 26 1.2
      vertex 62.25 17.5971 0
      vertex 62.25 17.5971 1.2
    endloop
  endfacet
  facet normal 0 1 -0
    outer loop
      vertex 65.75 14 1.2
      vertex 65.15 14 2.4
      vertex 65.75 14 2.4
    endloop
  endfacet
  facet normal 0 1 0
    outer loop
      vertex 65.15 14 2.4
      vertex 65.75 14 1.2
      vertex 64.25 14 1.2
    endloop
  endfacet
  facet normal 0 1 0
    outer loop
      vertex 54.25 14 1.2
      vertex 54.85 14 2.4
      vertex 55.75 14 1.2
    endloop
  endfacet
  facet normal 0 1 0
    outer loop
      vertex 54.85 14 2.4
      vertex 54.25 14 1.2
      vertex 54.25 14 2.4
    endloop
  endfacet
  facet normal -0.99787 -0.0652336 0
    outer loop
      vertex 62.25 26 0
      vertex 62.2308 26.2937 1.2
      vertex 62.2308 26.2937 0
    endloop
  endfacet
  facet normal -0.99787 -0.0652336 0
    outer loop
      vertex 62.2308 26.2937 1.2
      vertex 62.25 26 0
      vertex 62.25 26 1.2
    endloop
  endfacet
  facet normal 0.0652336 -0.99787 0
    outer loop
      vertex 59.7063 28.2308 0
      vertex 60 28.25 1.2
      vertex 59.7063 28.2308 1.2
    endloop
  endfacet
  facet normal 0.0652336 -0.99787 0
    outer loop
      vertex 60 28.25 1.2
      vertex 59.7063 28.2308 0
      vertex 60 28.25 0
    endloop
  endfacet
  facet normal -0.659202 -0.751966 0
    outer loop
      vertex 61.3697 27.785 0
      vertex 61.591 27.591 1.2
      vertex 61.3697 27.785 1.2
    endloop
  endfacet
  facet normal -0.659202 -0.751966 -0
    outer loop
      vertex 61.591 27.591 1.2
      vertex 61.3697 27.785 0
      vertex 61.591 27.591 0
    endloop
  endfacet
  facet normal 0.751966 -0.659202 0
    outer loop
      vertex 58.215 27.3697 1.2
      vertex 58.409 27.591 0
      vertex 58.409 27.591 1.2
    endloop
  endfacet
  facet normal 0.751966 -0.659202 0
    outer loop
      vertex 58.409 27.591 0
      vertex 58.215 27.3697 1.2
      vertex 58.215 27.3697 0
    endloop
  endfacet
  facet normal 0.442042 -0.896995 0
    outer loop
      vertex 58.875 27.9486 0
      vertex 59.139 28.0787 1.2
      vertex 58.875 27.9486 1.2
    endloop
  endfacet
  facet normal 0.442042 -0.896995 0
    outer loop
      vertex 59.139 28.0787 1.2
      vertex 58.875 27.9486 0
      vertex 59.139 28.0787 0
    endloop
  endfacet
  facet normal -0.896995 -0.442042 0
    outer loop
      vertex 62.0787 26.861 0
      vertex 61.9486 27.125 1.2
      vertex 61.9486 27.125 0
    endloop
  endfacet
  facet normal -0.896995 -0.442042 0
    outer loop
      vertex 61.9486 27.125 1.2
      vertex 62.0787 26.861 0
      vertex 62.0787 26.861 1.2
    endloop
  endfacet
  facet normal -0.321421 -0.946936 0
    outer loop
      vertex 60.5823 28.1733 0
      vertex 60.861 28.0787 1.2
      vertex 60.5823 28.1733 1.2
    endloop
  endfacet
  facet normal -0.321421 -0.946936 -0
    outer loop
      vertex 60.861 28.0787 1.2
      vertex 60.5823 28.1733 0
      vertex 60.861 28.0787 0
    endloop
  endfacet
  facet normal -0.555797 -0.831318 0
    outer loop
      vertex 61.125 27.9486 0
      vertex 61.3697 27.785 1.2
      vertex 61.125 27.9486 1.2
    endloop
  endfacet
  facet normal -0.555797 -0.831318 -0
    outer loop
      vertex 61.3697 27.785 1.2
      vertex 61.125 27.9486 0
      vertex 61.3697 27.785 0
    endloop
  endfacet
  facet normal 0.946936 -0.321421 0
    outer loop
      vertex 57.8267 26.5823 1.2
      vertex 57.9213 26.861 0
      vertex 57.9213 26.861 1.2
    endloop
  endfacet
  facet normal 0.946936 -0.321421 0
    outer loop
      vertex 57.9213 26.861 0
      vertex 57.8267 26.5823 1.2
      vertex 57.8267 26.5823 0
    endloop
  endfacet
  facet normal 0.831318 -0.555797 0
    outer loop
      vertex 58.0514 27.125 1.2
      vertex 58.215 27.3697 0
      vertex 58.215 27.3697 1.2
    endloop
  endfacet
  facet normal 0.831318 -0.555797 0
    outer loop
      vertex 58.215 27.3697 0
      vertex 58.0514 27.125 1.2
      vertex 58.0514 27.125 0
    endloop
  endfacet
  facet normal 0.321421 -0.946936 0
    outer loop
      vertex 59.139 28.0787 0
      vertex 59.4177 28.1733 1.2
      vertex 59.139 28.0787 1.2
    endloop
  endfacet
  facet normal 0.321421 -0.946936 0
    outer loop
      vertex 59.4177 28.1733 1.2
      vertex 59.139 28.0787 0
      vertex 59.4177 28.1733 0
    endloop
  endfacet
  facet normal -0.946936 -0.321421 0
    outer loop
      vertex 62.1733 26.5823 0
      vertex 62.0787 26.861 1.2
      vertex 62.0787 26.861 0
    endloop
  endfacet
  facet normal -0.946936 -0.321421 0
    outer loop
      vertex 62.0787 26.861 1.2
      vertex 62.1733 26.5823 0
      vertex 62.1733 26.5823 1.2
    endloop
  endfacet
  facet normal -0.980724 -0.195397 0
    outer loop
      vertex 62.2308 26.2937 0
      vertex 62.1733 26.5823 1.2
      vertex 62.1733 26.5823 0
    endloop
  endfacet
  facet normal -0.980724 -0.195397 0
    outer loop
      vertex 62.1733 26.5823 1.2
      vertex 62.2308 26.2937 0
      vertex 62.2308 26.2937 1.2
    endloop
  endfacet
  facet normal -0.751966 -0.659202 0
    outer loop
      vertex 61.785 27.3697 0
      vertex 61.591 27.591 1.2
      vertex 61.591 27.591 0
    endloop
  endfacet
  facet normal -0.751966 -0.659202 0
    outer loop
      vertex 61.591 27.591 1.2
      vertex 61.785 27.3697 0
      vertex 61.785 27.3697 1.2
    endloop
  endfacet
  facet normal -0.831318 -0.555797 0
    outer loop
      vertex 61.9486 27.125 0
      vertex 61.785 27.3697 1.2
      vertex 61.785 27.3697 0
    endloop
  endfacet
  facet normal -0.831318 -0.555797 0
    outer loop
      vertex 61.785 27.3697 1.2
      vertex 61.9486 27.125 0
      vertex 61.9486 27.125 1.2
    endloop
  endfacet
  facet normal -0.195397 -0.980724 0
    outer loop
      vertex 60.2937 28.2308 0
      vertex 60.5823 28.1733 1.2
      vertex 60.2937 28.2308 1.2
    endloop
  endfacet
  facet normal -0.195397 -0.980724 -0
    outer loop
      vertex 60.5823 28.1733 1.2
      vertex 60.2937 28.2308 0
      vertex 60.5823 28.1733 0
    endloop
  endfacet
  facet normal -0.0652336 -0.99787 0
    outer loop
      vertex 60 28.25 0
      vertex 60.2937 28.2308 1.2
      vertex 60 28.25 1.2
    endloop
  endfacet
  facet normal -0.0652336 -0.99787 -0
    outer loop
      vertex 60.2937 28.2308 1.2
      vertex 60 28.25 0
      vertex 60.2937 28.2308 0
    endloop
  endfacet
  facet normal -0.442042 -0.896995 0
    outer loop
      vertex 60.861 28.0787 0
      vertex 61.125 27.9486 1.2
      vertex 60.861 28.0787 1.2
    endloop
  endfacet
  facet normal -0.442042 -0.896995 -0
    outer loop
      vertex 61.125 27.9486 1.2
      vertex 60.861 28.0787 0
      vertex 61.125 27.9486 0
    endloop
  endfacet
  facet normal 0.896995 -0.442042 0
    outer loop
      vertex 57.9213 26.861 1.2
      vertex 58.0514 27.125 0
      vertex 58.0514 27.125 1.2
    endloop
  endfacet
  facet normal 0.896995 -0.442042 0
    outer loop
      vertex 58.0514 27.125 0
      vertex 57.9213 26.861 1.2
      vertex 57.9213 26.861 0
    endloop
  endfacet
  facet normal 0.980724 -0.195397 0
    outer loop
      vertex 57.7692 26.2937 1.2
      vertex 57.8267 26.5823 0
      vertex 57.8267 26.5823 1.2
    endloop
  endfacet
  facet normal 0.980724 -0.195397 0
    outer loop
      vertex 57.8267 26.5823 0
      vertex 57.7692 26.2937 1.2
      vertex 57.7692 26.2937 0
    endloop
  endfacet
  facet normal 0.99787 -0.0652336 0
    outer loop
      vertex 57.75 26 1.2
      vertex 57.7692 26.2937 0
      vertex 57.7692 26.2937 1.2
    endloop
  endfacet
  facet normal 0.99787 -0.0652336 0
    outer loop
      vertex 57.7692 26.2937 0
      vertex 57.75 26 1.2
      vertex 57.75 26 0
    endloop
  endfacet
  facet normal 0.555797 -0.831318 0
    outer loop
      vertex 58.6303 27.785 0
      vertex 58.875 27.9486 1.2
      vertex 58.6303 27.785 1.2
    endloop
  endfacet
  facet normal 0.555797 -0.831318 0
    outer loop
      vertex 58.875 27.9486 1.2
      vertex 58.6303 27.785 0
      vertex 58.875 27.9486 0
    endloop
  endfacet
  facet normal 0.659202 -0.751966 0
    outer loop
      vertex 58.409 27.591 0
      vertex 58.6303 27.785 1.2
      vertex 58.409 27.591 1.2
    endloop
  endfacet
  facet normal 0.659202 -0.751966 0
    outer loop
      vertex 58.6303 27.785 1.2
      vertex 58.409 27.591 0
      vertex 58.6303 27.785 0
    endloop
  endfacet
  facet normal 0.195397 -0.980724 0
    outer loop
      vertex 59.4177 28.1733 0
      vertex 59.7063 28.2308 1.2
      vertex 59.4177 28.1733 1.2
    endloop
  endfacet
  facet normal 0.195397 -0.980724 0
    outer loop
      vertex 59.7063 28.2308 1.2
      vertex 59.4177 28.1733 0
      vertex 59.7063 28.2308 0
    endloop
  endfacet
  facet normal -0.0523731 0.798902 0.599177
    outer loop
      vertex 60.4503 8.87952 2.4
      vertex 60 9.75 1.2
      vertex 60 8.85 2.4
    endloop
  endfacet
  facet normal -0.798884 0.0524236 0.599196
    outer loop
      vertex 64.2136 13.4453 1.2
      vertex 65.1205 13.5497 2.4
      vertex 64.25 14 1.2
    endloop
  endfacet
  facet normal -0.798884 0.0525629 0.599184
    outer loop
      vertex 65.1205 13.5497 2.4
      vertex 64.2136 13.4453 1.2
      vertex 65.1059 13.3278 2.4
    endloop
  endfacet
  facet normal 0.798884 0.0524236 0.599196
    outer loop
      vertex 54.8795 13.5497 2.4
      vertex 55.7864 13.4453 1.2
      vertex 55.75 14 1.2
    endloop
  endfacet
  facet normal 0.798884 0.0525629 0.599184
    outer loop
      vertex 55.7864 13.4453 1.2
      vertex 54.8795 13.5497 2.4
      vertex 54.8941 13.3278 2.4
    endloop
  endfacet
  facet normal -0.758155 0.257272 0.599176
    outer loop
      vertex 64.758 12.0292 2.4
      vertex 64.903 12.4565 2.4
      vertex 63.9265 12.3736 1.2
    endloop
  endfacet
  facet normal -0.60199 0.527821 0.599177
    outer loop
      vertex 63.0052 10.9948 1.2
      vertex 63.7882 10.5256 2.4
      vertex 63.3717 11.4128 1.2
    endloop
  endfacet
  facet normal -0.60199 0.527821 0.599177
    outer loop
      vertex 63.7882 10.5256 2.4
      vertex 63.0052 10.9948 1.2
      vertex 63.6416 10.3584 2.4
    endloop
  endfacet
  facet normal -0.718031 0.354119 0.599192
    outer loop
      vertex 63.6806 11.875 1.2
      vertex 64.5584 11.6244 2.4
      vertex 63.9265 12.3736 1.2
    endloop
  endfacet
  facet normal -0.717957 0.354298 0.599175
    outer loop
      vertex 64.5584 11.6244 2.4
      vertex 63.6806 11.875 1.2
      vertex 64.46 11.425 2.4
    endloop
  endfacet
  facet normal -0.354151 0.718024 0.599181
    outer loop
      vertex 62.125 10.3194 1.2
      vertex 62.3756 9.44162 2.4
      vertex 62.575 9.53997 2.4
    endloop
  endfacet
  facet normal -0.354122 0.718036 0.599184
    outer loop
      vertex 62.3756 9.44162 2.4
      vertex 62.125 10.3194 1.2
      vertex 61.6264 10.0735 1.2
    endloop
  endfacet
  facet normal 0.0523673 0.798903 0.599175
    outer loop
      vertex 59.4453 9.78636 1.2
      vertex 59.5497 8.87952 2.4
      vertex 60 9.75 1.2
    endloop
  endfacet
  facet normal 0.0523482 0.798903 0.599177
    outer loop
      vertex 59.5497 8.87952 2.4
      vertex 59.4453 9.78636 1.2
      vertex 59.3278 8.89406 2.4
    endloop
  endfacet
  facet normal 0.785222 0.156299 0.599163
    outer loop
      vertex 55.0255 12.6671 2.4
      vertex 55.8948 12.9 1.2
      vertex 54.9374 13.1097 2.4
    endloop
  endfacet
  facet normal 0.527907 0.601924 0.599167
    outer loop
      vertex 56.9948 10.9948 1.2
      vertex 56.5256 10.2118 2.4
      vertex 57.4128 10.6282 1.2
    endloop
  endfacet
  facet normal 0.527821 0.60199 0.599177
    outer loop
      vertex 56.5256 10.2118 2.4
      vertex 56.9948 10.9948 1.2
      vertex 56.3584 10.3584 2.4
    endloop
  endfacet
  facet normal -0.785222 0.156299 0.599163
    outer loop
      vertex 64.9745 12.6671 2.4
      vertex 65.0626 13.1097 2.4
      vertex 64.1052 12.9 1.2
    endloop
  endfacet
  facet normal -0.798904 0.0523377 0.599178
    outer loop
      vertex 65.1205 13.5497 2.4
      vertex 65.15 14 2.4
      vertex 64.25 14 1.2
    endloop
  endfacet
  facet normal -0.758137 0.257369 0.599158
    outer loop
      vertex 63.9265 12.3736 1.2
      vertex 64.9745 12.6671 2.4
      vertex 64.1052 12.9 1.2
    endloop
  endfacet
  facet normal -0.758135 0.257391 0.599151
    outer loop
      vertex 64.9745 12.6671 2.4
      vertex 63.9265 12.3736 1.2
      vertex 64.903 12.4565 2.4
    endloop
  endfacet
  facet normal -0.718068 0.354067 0.599179
    outer loop
      vertex 64.5584 11.6244 2.4
      vertex 64.758 12.0292 2.4
      vertex 63.9265 12.3736 1.2
    endloop
  endfacet
  facet normal -0.35407 0.718073 0.599171
    outer loop
      vertex 61.9708 9.24202 2.4
      vertex 62.3756 9.44162 2.4
      vertex 61.6264 10.0735 1.2
    endloop
  endfacet
  facet normal -0.444822 0.665672 0.599179
    outer loop
      vertex 62.575 9.53997 2.4
      vertex 62.9502 9.79069 2.4
      vertex 62.125 10.3194 1.2
    endloop
  endfacet
  facet normal -0.257369 0.758126 0.599171
    outer loop
      vertex 61.9708 9.24202 2.4
      vertex 61.6264 10.0735 1.2
      vertex 61.5435 9.09696 2.4
    endloop
  endfacet
  facet normal -0.156195 0.785233 0.599177
    outer loop
      vertex 61.3329 9.02548 2.4
      vertex 61.1 9.89482 1.2
      vertex 60.8903 8.93744 2.4
    endloop
  endfacet
  facet normal -0.527821 0.60199 0.599177
    outer loop
      vertex 63.0052 10.9948 1.2
      vertex 63.4744 10.2118 2.4
      vertex 63.6416 10.3584 2.4
    endloop
  endfacet
  facet normal -0.527907 0.601924 0.599167
    outer loop
      vertex 63.4744 10.2118 2.4
      vertex 63.0052 10.9948 1.2
      vertex 62.5872 10.6282 1.2
    endloop
  endfacet
  facet normal 0.718031 0.354119 0.599192
    outer loop
      vertex 55.4416 11.6244 2.4
      vertex 56.3194 11.875 1.2
      vertex 56.0735 12.3736 1.2
    endloop
  endfacet
  facet normal 0.717957 0.354298 0.599175
    outer loop
      vertex 56.3194 11.875 1.2
      vertex 55.4416 11.6244 2.4
      vertex 55.54 11.425 2.4
    endloop
  endfacet
  facet normal 0.601882 0.527911 0.599206
    outer loop
      vertex 56.2118 10.5256 2.4
      vertex 56.6283 11.4128 1.2
      vertex 55.9142 10.8649 2.4
    endloop
  endfacet
  facet normal 0.257369 0.758126 0.599171
    outer loop
      vertex 58.4565 9.09696 2.4
      vertex 58.3736 10.0735 1.2
      vertex 58.0292 9.24202 2.4
    endloop
  endfacet
  facet normal 0.798904 0.0523377 0.599178
    outer loop
      vertex 54.8795 13.5497 2.4
      vertex 55.75 14 1.2
      vertex 54.85 14 2.4
    endloop
  endfacet
  facet normal -0.785282 0.155904 0.599188
    outer loop
      vertex 64.2136 13.4453 1.2
      vertex 65.0626 13.1097 2.4
      vertex 65.1059 13.3278 2.4
    endloop
  endfacet
  facet normal -0.785231 0.156096 0.599205
    outer loop
      vertex 65.0626 13.1097 2.4
      vertex 64.2136 13.4453 1.2
      vertex 64.1052 12.9 1.2
    endloop
  endfacet
  facet normal -0.156183 0.785233 0.599179
    outer loop
      vertex 60.5547 9.78636 1.2
      vertex 60.8903 8.93744 2.4
      vertex 61.1 9.89482 1.2
    endloop
  endfacet
  facet normal -0.156183 0.785233 0.599179
    outer loop
      vertex 60.8903 8.93744 2.4
      vertex 60.5547 9.78636 1.2
      vertex 60.6722 8.89406 2.4
    endloop
  endfacet
  facet normal -0.0523482 0.798903 0.599177
    outer loop
      vertex 60.5547 9.78636 1.2
      vertex 60.4503 8.87952 2.4
      vertex 60.6722 8.89406 2.4
    endloop
  endfacet
  facet normal -0.0523673 0.798903 0.599175
    outer loop
      vertex 60.4503 8.87952 2.4
      vertex 60.5547 9.78636 1.2
      vertex 60 9.75 1.2
    endloop
  endfacet
  facet normal -0.444789 0.665708 0.599163
    outer loop
      vertex 62.5872 10.6282 1.2
      vertex 62.9502 9.79069 2.4
      vertex 63.1351 9.91423 2.4
    endloop
  endfacet
  facet normal -0.444772 0.665718 0.599164
    outer loop
      vertex 62.9502 9.79069 2.4
      vertex 62.5872 10.6282 1.2
      vertex 62.125 10.3194 1.2
    endloop
  endfacet
  facet normal -0.527901 0.601932 0.599165
    outer loop
      vertex 63.1351 9.91423 2.4
      vertex 63.4744 10.2118 2.4
      vertex 62.5872 10.6282 1.2
    endloop
  endfacet
  facet normal 0.785282 0.155904 0.599188
    outer loop
      vertex 54.9374 13.1097 2.4
      vertex 55.7864 13.4453 1.2
      vertex 54.8941 13.3278 2.4
    endloop
  endfacet
  facet normal 0.785231 0.156096 0.599205
    outer loop
      vertex 55.7864 13.4453 1.2
      vertex 54.9374 13.1097 2.4
      vertex 55.8948 12.9 1.2
    endloop
  endfacet
  facet normal 0.665694 0.444801 0.599169
    outer loop
      vertex 55.7907 11.0498 2.4
      vertex 56.3194 11.875 1.2
      vertex 55.54 11.425 2.4
    endloop
  endfacet
  facet normal 0.665638 0.444863 0.599186
    outer loop
      vertex 55.7907 11.0498 2.4
      vertex 56.6283 11.4128 1.2
      vertex 56.3194 11.875 1.2
    endloop
  endfacet
  facet normal 0.665748 0.444672 0.599205
    outer loop
      vertex 56.6283 11.4128 1.2
      vertex 55.7907 11.0498 2.4
      vertex 55.9142 10.8649 2.4
    endloop
  endfacet
  facet normal 0.35407 0.718073 0.599171
    outer loop
      vertex 58.0292 9.24202 2.4
      vertex 58.3736 10.0735 1.2
      vertex 57.6244 9.44162 2.4
    endloop
  endfacet
  facet normal 0.354122 0.718036 0.599184
    outer loop
      vertex 57.875 10.3194 1.2
      vertex 57.6244 9.44162 2.4
      vertex 58.3736 10.0735 1.2
    endloop
  endfacet
  facet normal 0.354151 0.718024 0.599181
    outer loop
      vertex 57.6244 9.44162 2.4
      vertex 57.875 10.3194 1.2
      vertex 57.425 9.53997 2.4
    endloop
  endfacet
  facet normal 0.156195 0.785233 0.599177
    outer loop
      vertex 59.1097 8.93744 2.4
      vertex 58.9 9.89482 1.2
      vertex 58.6671 9.02548 2.4
    endloop
  endfacet
  facet normal 0.0523731 0.798902 0.599177
    outer loop
      vertex 60 8.85 2.4
      vertex 60 9.75 1.2
      vertex 59.5497 8.87952 2.4
    endloop
  endfacet
  facet normal -0.665694 0.444801 0.599169
    outer loop
      vertex 64.2093 11.0498 2.4
      vertex 64.46 11.425 2.4
      vertex 63.6806 11.875 1.2
    endloop
  endfacet
  facet normal -0.601882 0.527911 0.599206
    outer loop
      vertex 63.7882 10.5256 2.4
      vertex 64.0858 10.8649 2.4
      vertex 63.3717 11.4128 1.2
    endloop
  endfacet
  facet normal -0.25732 0.758135 0.599181
    outer loop
      vertex 61.6264 10.0735 1.2
      vertex 61.3329 9.02548 2.4
      vertex 61.5435 9.09696 2.4
    endloop
  endfacet
  facet normal -0.257339 0.758133 0.599175
    outer loop
      vertex 61.3329 9.02548 2.4
      vertex 61.6264 10.0735 1.2
      vertex 61.1 9.89482 1.2
    endloop
  endfacet
  facet normal 0.758155 0.257272 0.599176
    outer loop
      vertex 55.242 12.0292 2.4
      vertex 56.0735 12.3736 1.2
      vertex 55.097 12.4565 2.4
    endloop
  endfacet
  facet normal 0.718068 0.354067 0.599179
    outer loop
      vertex 55.4416 11.6244 2.4
      vertex 56.0735 12.3736 1.2
      vertex 55.242 12.0292 2.4
    endloop
  endfacet
  facet normal 0.444822 0.665672 0.599179
    outer loop
      vertex 57.425 9.53997 2.4
      vertex 57.875 10.3194 1.2
      vertex 57.0498 9.79069 2.4
    endloop
  endfacet
  facet normal 0.60199 0.527821 0.599177
    outer loop
      vertex 56.2118 10.5256 2.4
      vertex 56.9948 10.9948 1.2
      vertex 56.6283 11.4128 1.2
    endloop
  endfacet
  facet normal 0.60199 0.527821 0.599177
    outer loop
      vertex 56.9948 10.9948 1.2
      vertex 56.2118 10.5256 2.4
      vertex 56.3584 10.3584 2.4
    endloop
  endfacet
  facet normal 0.257339 0.758133 0.599175
    outer loop
      vertex 58.3736 10.0735 1.2
      vertex 58.6671 9.02548 2.4
      vertex 58.9 9.89482 1.2
    endloop
  endfacet
  facet normal 0.25732 0.758135 0.599181
    outer loop
      vertex 58.6671 9.02548 2.4
      vertex 58.3736 10.0735 1.2
      vertex 58.4565 9.09696 2.4
    endloop
  endfacet
  facet normal -0.665638 0.444863 0.599186
    outer loop
      vertex 63.3717 11.4128 1.2
      vertex 64.2093 11.0498 2.4
      vertex 63.6806 11.875 1.2
    endloop
  endfacet
  facet normal -0.665748 0.444672 0.599205
    outer loop
      vertex 64.2093 11.0498 2.4
      vertex 63.3717 11.4128 1.2
      vertex 64.0858 10.8649 2.4
    endloop
  endfacet
  facet normal 0.758135 0.257391 0.599151
    outer loop
      vertex 56.0735 12.3736 1.2
      vertex 55.0255 12.6671 2.4
      vertex 55.097 12.4565 2.4
    endloop
  endfacet
  facet normal 0.758137 0.257369 0.599158
    outer loop
      vertex 55.0255 12.6671 2.4
      vertex 56.0735 12.3736 1.2
      vertex 55.8948 12.9 1.2
    endloop
  endfacet
  facet normal 0.444772 0.665718 0.599164
    outer loop
      vertex 57.4128 10.6282 1.2
      vertex 57.0498 9.79069 2.4
      vertex 57.875 10.3194 1.2
    endloop
  endfacet
  facet normal 0.444789 0.665708 0.599163
    outer loop
      vertex 57.0498 9.79069 2.4
      vertex 57.4128 10.6282 1.2
      vertex 56.8649 9.91423 2.4
    endloop
  endfacet
  facet normal 0.527901 0.601932 0.599165
    outer loop
      vertex 56.8649 9.91423 2.4
      vertex 57.4128 10.6282 1.2
      vertex 56.5256 10.2118 2.4
    endloop
  endfacet
  facet normal 0.156183 0.785233 0.599179
    outer loop
      vertex 59.4453 9.78636 1.2
      vertex 59.1097 8.93744 2.4
      vertex 59.3278 8.89406 2.4
    endloop
  endfacet
  facet normal 0.156183 0.785233 0.599179
    outer loop
      vertex 59.1097 8.93744 2.4
      vertex 59.4453 9.78636 1.2
      vertex 58.9 9.89482 1.2
    endloop
  endfacet
  facet normal 1 -0 0
    outer loop
      vertex 54.25 14 2.4
      vertex 54.25 26 1.2
      vertex 54.25 26 2.4
    endloop
  endfacet
  facet normal 1 0 0
    outer loop
      vertex 54.25 26 1.2
      vertex 54.25 14 2.4
      vertex 54.25 14 1.2
    endloop
  endfacet
  facet normal -1 0 0
    outer loop
      vertex 65.75 14 1.2
      vertex 65.75 26 2.4
      vertex 65.75 26 1.2
    endloop
  endfacet
  facet normal -1 -0 0
    outer loop
      vertex 65.75 26 2.4
      vertex 65.75 14 1.2
      vertex 65.75 14 2.4
    endloop
  endfacet
  facet normal 0 0 1
    outer loop
      vertex 62.25 26 1.2
      vertex 65.75 26 1.2
      vertex 65.7008 26.7505 1.2
    endloop
  endfacet
  facet normal 0 0 1
    outer loop
      vertex 62.2308 26.2937 1.2
      vertex 65.7008 26.7505 1.2
      vertex 65.5541 27.4882 1.2
    endloop
  endfacet
  facet normal 0 0 1
    outer loop
      vertex 62.1733 26.5823 1.2
      vertex 65.5541 27.4882 1.2
      vertex 65.3123 28.2004 1.2
    endloop
  endfacet
  facet normal 0 0 1
    outer loop
      vertex 62.0787 26.861 1.2
      vertex 65.3123 28.2004 1.2
      vertex 64.9796 28.875 1.2
    endloop
  endfacet
  facet normal 0 0 1
    outer loop
      vertex 61.9486 27.125 1.2
      vertex 64.9796 28.875 1.2
      vertex 64.5618 29.5004 1.2
    endloop
  endfacet
  facet normal 0 0 1
    outer loop
      vertex 65.75 26 1.2
      vertex 63.3717 16.5872 1.2
      vertex 63.6806 16.125 1.2
    endloop
  endfacet
  facet normal 0 0 1
    outer loop
      vertex 65.75 14 1.2
      vertex 64.2136 14.5547 1.2
      vertex 64.25 14 1.2
    endloop
  endfacet
  facet normal 0 0 1
    outer loop
      vertex 65.75 14 1.2
      vertex 64.1052 15.1 1.2
      vertex 64.2136 14.5547 1.2
    endloop
  endfacet
  facet normal 0 0 1
    outer loop
      vertex 61.785 27.3697 1.2
      vertex 64.5618 29.5004 1.2
      vertex 64.0659 30.0659 1.2
    endloop
  endfacet
  facet normal 0 0 1
    outer loop
      vertex 65.75 14 1.2
      vertex 63.9265 15.6264 1.2
      vertex 64.1052 15.1 1.2
    endloop
  endfacet
  facet normal 0 0 1
    outer loop
      vertex 65.75 14 1.2
      vertex 63.6806 16.125 1.2
      vertex 63.9265 15.6264 1.2
    endloop
  endfacet
  facet normal 0 0 1
    outer loop
      vertex 61.591 27.591 1.2
      vertex 64.0659 30.0659 1.2
      vertex 63.5004 30.5618 1.2
    endloop
  endfacet
  facet normal 0 0 1
    outer loop
      vertex 65.75 26 1.2
      vertex 62.25 26 1.2
      vertex 62.25 17.5971 1.2
    endloop
  endfacet
  facet normal 0 0 1
    outer loop
      vertex 65.75 26 1.2
      vertex 63.6806 16.125 1.2
      vertex 65.75 14 1.2
    endloop
  endfacet
  facet normal 0 0 1
    outer loop
      vertex 61.3697 27.785 1.2
      vertex 63.5004 30.5618 1.2
      vertex 62.875 30.9796 1.2
    endloop
  endfacet
  facet normal 0 0 1
    outer loop
      vertex 65.75 26 1.2
      vertex 63.0052 17.0052 1.2
      vertex 63.3717 16.5872 1.2
    endloop
  endfacet
  facet normal 0 0 1
    outer loop
      vertex 65.75 26 1.2
      vertex 62.5872 17.3718 1.2
      vertex 63.0052 17.0052 1.2
    endloop
  endfacet
  facet normal 0 0 1
    outer loop
      vertex 65.7008 26.7505 1.2
      vertex 62.2308 26.2937 1.2
      vertex 62.25 26 1.2
    endloop
  endfacet
  facet normal 0 0 1
    outer loop
      vertex 61.125 27.9486 1.2
      vertex 62.875 30.9796 1.2
      vertex 62.2004 31.3123 1.2
    endloop
  endfacet
  facet normal 0 0 1
    outer loop
      vertex 65.5541 27.4882 1.2
      vertex 62.1733 26.5823 1.2
      vertex 62.2308 26.2937 1.2
    endloop
  endfacet
  facet normal 0 0 1
    outer loop
      vertex 65.3123 28.2004 1.2
      vertex 62.0787 26.861 1.2
      vertex 62.1733 26.5823 1.2
    endloop
  endfacet
  facet normal 0 0 1
    outer loop
      vertex 64.9796 28.875 1.2
      vertex 61.9486 27.125 1.2
      vertex 62.0787 26.861 1.2
    endloop
  endfacet
  facet normal 0 0 1
    outer loop
      vertex 64.5618 29.5004 1.2
      vertex 61.785 27.3697 1.2
      vertex 61.9486 27.125 1.2
    endloop
  endfacet
  facet normal 0 0 1
    outer loop
      vertex 64.0659 30.0659 1.2
      vertex 61.591 27.591 1.2
      vertex 61.785 27.3697 1.2
    endloop
  endfacet
  facet normal 0 0 1
    outer loop
      vertex 60.861 28.0787 1.2
      vertex 62.2004 31.3123 1.2
      vertex 61.4882 31.5541 1.2
    endloop
  endfacet
  facet normal 0 0 1
    outer loop
      vertex 63.5004 30.5618 1.2
      vertex 61.3697 27.785 1.2
      vertex 61.591 27.591 1.2
    endloop
  endfacet
  facet normal 0 0 1
    outer loop
      vertex 62.875 30.9796 1.2
      vertex 61.125 27.9486 1.2
      vertex 61.3697 27.785 1.2
    endloop
  endfacet
  facet normal 0 0 1
    outer loop
      vertex 62.2004 31.3123 1.2
      vertex 60.861 28.0787 1.2
      vertex 61.125 27.9486 1.2
    endloop
  endfacet
  facet normal 0 0 1
    outer loop
      vertex 60.5823 28.1733 1.2
      vertex 61.4882 31.5541 1.2
      vertex 60.7505 31.7008 1.2
    endloop
  endfacet
  facet normal 0 0 1
    outer loop
      vertex 61.4882 31.5541 1.2
      vertex 60.5823 28.1733 1.2
      vertex 60.861 28.0787 1.2
    endloop
  endfacet
  facet normal 0 0 1
    outer loop
      vertex 60.7505 31.7008 1.2
      vertex 60.2937 28.2308 1.2
      vertex 60.5823 28.1733 1.2
    endloop
  endfacet
  facet normal 0 0 1
    outer loop
      vertex 60 31.75 1.2
      vertex 60.2937 28.2308 1.2
      vertex 60.7505 31.7008 1.2
    endloop
  endfacet
  facet normal 0 0 1
    outer loop
      vertex 60 31.75 1.2
      vertex 60 28.25 1.2
      vertex 60.2937 28.2308 1.2
    endloop
  endfacet
  facet normal 0 0 1
    outer loop
      vertex 60 31.75 1.2
      vertex 59.7063 28.2308 1.2
      vertex 60 28.25 1.2
    endloop
  endfacet
  facet normal -0 0 1
    outer loop
      vertex 59.2495 31.7008 1.2
      vertex 59.7063 28.2308 1.2
      vertex 60 31.75 1.2
    endloop
  endfacet
  facet normal 0 0 1
    outer loop
      vertex 59.7063 28.2308 1.2
      vertex 59.2495 31.7008 1.2
      vertex 59.4177 28.1733 1.2
    endloop
  endfacet
  facet normal -0 0 1
    outer loop
      vertex 58.5118 31.5541 1.2
      vertex 59.4177 28.1733 1.2
      vertex 59.2495 31.7008 1.2
    endloop
  endfacet
  facet normal 0 0 1
    outer loop
      vertex 59.4177 28.1733 1.2
      vertex 58.5118 31.5541 1.2
      vertex 59.139 28.0787 1.2
    endloop
  endfacet
  facet normal -0 0 1
    outer loop
      vertex 57.7996 31.3123 1.2
      vertex 59.139 28.0787 1.2
      vertex 58.5118 31.5541 1.2
    endloop
  endfacet
  facet normal 0 0 1
    outer loop
      vertex 59.139 28.0787 1.2
      vertex 57.7996 31.3123 1.2
      vertex 58.875 27.9486 1.2
    endloop
  endfacet
  facet normal -0 0 1
    outer loop
      vertex 57.125 30.9796 1.2
      vertex 58.875 27.9486 1.2
      vertex 57.7996 31.3123 1.2
    endloop
  endfacet
  facet normal 0 0 1
    outer loop
      vertex 58.875 27.9486 1.2
      vertex 57.125 30.9796 1.2
      vertex 58.6303 27.785 1.2
    endloop
  endfacet
  facet normal -0 0 1
    outer loop
      vertex 56.4996 30.5618 1.2
      vertex 58.6303 27.785 1.2
      vertex 57.125 30.9796 1.2
    endloop
  endfacet
  facet normal 0 0 1
    outer loop
      vertex 58.6303 27.785 1.2
      vertex 56.4996 30.5618 1.2
      vertex 58.409 27.591 1.2
    endloop
  endfacet
  facet normal -0 0 1
    outer loop
      vertex 55.9341 30.0659 1.2
      vertex 58.409 27.591 1.2
      vertex 56.4996 30.5618 1.2
    endloop
  endfacet
  facet normal 0 0 1
    outer loop
      vertex 58.409 27.591 1.2
      vertex 55.9341 30.0659 1.2
      vertex 58.215 27.3697 1.2
    endloop
  endfacet
  facet normal -0 0 1
    outer loop
      vertex 55.4382 29.5004 1.2
      vertex 58.215 27.3697 1.2
      vertex 55.9341 30.0659 1.2
    endloop
  endfacet
  facet normal 0 0 1
    outer loop
      vertex 58.215 27.3697 1.2
      vertex 55.4382 29.5004 1.2
      vertex 58.0514 27.125 1.2
    endloop
  endfacet
  facet normal -0 0 1
    outer loop
      vertex 54.25 26 1.2
      vertex 57.75 17.5971 1.2
      vertex 57.75 26 1.2
    endloop
  endfacet
  facet normal -0 0 1
    outer loop
      vertex 55.0204 28.875 1.2
      vertex 58.0514 27.125 1.2
      vertex 55.4382 29.5004 1.2
    endloop
  endfacet
  facet normal 0 0 1
    outer loop
      vertex 58.0514 27.125 1.2
      vertex 55.0204 28.875 1.2
      vertex 57.9213 26.861 1.2
    endloop
  endfacet
  facet normal 0 0 1
    outer loop
      vertex 57.75 17.5971 1.2
      vertex 54.25 26 1.2
      vertex 57.4128 17.3718 1.2
    endloop
  endfacet
  facet normal 0 0 1
    outer loop
      vertex 57.4128 17.3718 1.2
      vertex 54.25 26 1.2
      vertex 56.9948 17.0052 1.2
    endloop
  endfacet
  facet normal -0 0 1
    outer loop
      vertex 54.6877 28.2004 1.2
      vertex 57.9213 26.861 1.2
      vertex 55.0204 28.875 1.2
    endloop
  endfacet
  facet normal 0 0 1
    outer loop
      vertex 56.9948 17.0052 1.2
      vertex 54.25 26 1.2
      vertex 56.6283 16.5872 1.2
    endloop
  endfacet
  facet normal 0 0 1
    outer loop
      vertex 56.6283 16.5872 1.2
      vertex 54.25 26 1.2
      vertex 56.3194 16.125 1.2
    endloop
  endfacet
  facet normal 0 0 1
    outer loop
      vertex 57.9213 26.861 1.2
      vertex 54.6877 28.2004 1.2
      vertex 57.8267 26.5823 1.2
    endloop
  endfacet
  facet normal 0 0 1
    outer loop
      vertex 54.25 14 1.2
      vertex 56.3194 16.125 1.2
      vertex 54.25 26 1.2
    endloop
  endfacet
  facet normal 0 0 1
    outer loop
      vertex 56.3194 16.125 1.2
      vertex 54.25 14 1.2
      vertex 56.0735 15.6264 1.2
    endloop
  endfacet
  facet normal 0 0 1
    outer loop
      vertex 56.0735 15.6264 1.2
      vertex 54.25 14 1.2
      vertex 55.8948 15.1 1.2
    endloop
  endfacet
  facet normal -0 0 1
    outer loop
      vertex 54.4459 27.4882 1.2
      vertex 57.8267 26.5823 1.2
      vertex 54.6877 28.2004 1.2
    endloop
  endfacet
  facet normal 0 0 1
    outer loop
      vertex 57.8267 26.5823 1.2
      vertex 54.4459 27.4882 1.2
      vertex 57.7692 26.2937 1.2
    endloop
  endfacet
  facet normal -0 0 1
    outer loop
      vertex 54.2992 26.7505 1.2
      vertex 57.7692 26.2937 1.2
      vertex 54.4459 27.4882 1.2
    endloop
  endfacet
  facet normal 0 0 1
    outer loop
      vertex 57.7692 26.2937 1.2
      vertex 54.2992 26.7505 1.2
      vertex 57.75 26 1.2
    endloop
  endfacet
  facet normal 0 0 1
    outer loop
      vertex 57.75 26 1.2
      vertex 54.2992 26.7505 1.2
      vertex 54.25 26 1.2
    endloop
  endfacet
  facet normal 0 0 1
    outer loop
      vertex 55.8948 15.1 1.2
      vertex 54.25 14 1.2
      vertex 55.7864 14.5547 1.2
    endloop
  endfacet
  facet normal 0 0 1
    outer loop
      vertex 55.7864 14.5547 1.2
      vertex 54.25 14 1.2
      vertex 55.75 14 1.2
    endloop
  endfacet
  facet normal 0 0 1
    outer loop
      vertex 65.75 26 1.2
      vertex 62.25 17.5971 1.2
      vertex 62.5872 17.3718 1.2
    endloop
  endfacet
  facet normal -0.555498 -0.831518 0
    outer loop
      vertex 62.875 30.9796 1.2
      vertex 63.5004 30.5618 2.4
      vertex 62.875 30.9796 2.4
    endloop
  endfacet
  facet normal -0.555498 -0.831518 -0
    outer loop
      vertex 63.5004 30.5618 2.4
      vertex 62.875 30.9796 1.2
      vertex 63.5004 30.5618 1.2
    endloop
  endfacet
  facet normal 0.442314 -0.89686 0
    outer loop
      vertex 57.125 30.9796 1.2
      vertex 57.7996 31.3123 2.4
      vertex 57.125 30.9796 2.4
    endloop
  endfacet
  facet normal 0.442314 -0.89686 0
    outer loop
      vertex 57.7996 31.3123 2.4
      vertex 57.125 30.9796 1.2
      vertex 57.7996 31.3123 1.2
    endloop
  endfacet
  facet normal 0.946914 -0.321488 0
    outer loop
      vertex 54.4459 27.4882 2.4
      vertex 54.6877 28.2004 1.2
      vertex 54.6877 28.2004 2.4
    endloop
  endfacet
  facet normal 0.946914 -0.321488 0
    outer loop
      vertex 54.6877 28.2004 1.2
      vertex 54.4459 27.4882 2.4
      vertex 54.4459 27.4882 1.2
    endloop
  endfacet
  facet normal -0.89686 -0.442314 0
    outer loop
      vertex 65.3123 28.2004 1.2
      vertex 64.9796 28.875 2.4
      vertex 64.9796 28.875 1.2
    endloop
  endfacet
  facet normal -0.89686 -0.442314 0
    outer loop
      vertex 64.9796 28.875 2.4
      vertex 65.3123 28.2004 1.2
      vertex 65.3123 28.2004 2.4
    endloop
  endfacet
  facet normal -0.980795 -0.195042 0
    outer loop
      vertex 65.7008 26.7505 1.2
      vertex 65.5541 27.4882 2.4
      vertex 65.5541 27.4882 1.2
    endloop
  endfacet
  facet normal -0.980795 -0.195042 0
    outer loop
      vertex 65.5541 27.4882 2.4
      vertex 65.7008 26.7505 1.2
      vertex 65.7008 26.7505 2.4
    endloop
  endfacet
  facet normal -0.831518 -0.555498 0
    outer loop
      vertex 64.9796 28.875 1.2
      vertex 64.5618 29.5004 2.4
      vertex 64.5618 29.5004 1.2
    endloop
  endfacet
  facet normal -0.831518 -0.555498 0
    outer loop
      vertex 64.5618 29.5004 2.4
      vertex 64.9796 28.875 1.2
      vertex 64.9796 28.875 2.4
    endloop
  endfacet
  facet normal -0.659323 -0.75186 0
    outer loop
      vertex 63.5004 30.5618 1.2
      vertex 64.0659 30.0659 2.4
      vertex 63.5004 30.5618 2.4
    endloop
  endfacet
  facet normal -0.659323 -0.75186 -0
    outer loop
      vertex 64.0659 30.0659 2.4
      vertex 63.5004 30.5618 1.2
      vertex 64.0659 30.0659 1.2
    endloop
  endfacet
  facet normal -0.321488 -0.946914 0
    outer loop
      vertex 61.4882 31.5541 1.2
      vertex 62.2004 31.3123 2.4
      vertex 61.4882 31.5541 2.4
    endloop
  endfacet
  facet normal -0.321488 -0.946914 -0
    outer loop
      vertex 62.2004 31.3123 2.4
      vertex 61.4882 31.5541 1.2
      vertex 62.2004 31.3123 1.2
    endloop
  endfacet
  facet normal 0.0654159 -0.997858 0
    outer loop
      vertex 59.2495 31.7008 1.2
      vertex 60 31.75 2.4
      vertex 59.2495 31.7008 2.4
    endloop
  endfacet
  facet normal 0.0654159 -0.997858 0
    outer loop
      vertex 60 31.75 2.4
      vertex 59.2495 31.7008 1.2
      vertex 60 31.75 1.2
    endloop
  endfacet
  facet normal 0.831518 -0.555498 0
    outer loop
      vertex 55.0204 28.875 2.4
      vertex 55.4382 29.5004 1.2
      vertex 55.4382 29.5004 2.4
    endloop
  endfacet
  facet normal 0.831518 -0.555498 0
    outer loop
      vertex 55.4382 29.5004 1.2
      vertex 55.0204 28.875 2.4
      vertex 55.0204 28.875 1.2
    endloop
  endfacet
  facet normal 0.195042 -0.980795 0
    outer loop
      vertex 58.5118 31.5541 1.2
      vertex 59.2495 31.7008 2.4
      vertex 58.5118 31.5541 2.4
    endloop
  endfacet
  facet normal 0.195042 -0.980795 0
    outer loop
      vertex 59.2495 31.7008 2.4
      vertex 58.5118 31.5541 1.2
      vertex 59.2495 31.7008 1.2
    endloop
  endfacet
  facet normal 0.75186 -0.659323 0
    outer loop
      vertex 55.4382 29.5004 2.4
      vertex 55.9341 30.0659 1.2
      vertex 55.9341 30.0659 2.4
    endloop
  endfacet
  facet normal 0.75186 -0.659323 0
    outer loop
      vertex 55.9341 30.0659 1.2
      vertex 55.4382 29.5004 2.4
      vertex 55.4382 29.5004 1.2
    endloop
  endfacet
  facet normal -0.997858 -0.0654159 0
    outer loop
      vertex 65.75 26 1.2
      vertex 65.7008 26.7505 2.4
      vertex 65.7008 26.7505 1.2
    endloop
  endfacet
  facet normal -0.997858 -0.0654159 0
    outer loop
      vertex 65.7008 26.7505 2.4
      vertex 65.75 26 1.2
      vertex 65.75 26 2.4
    endloop
  endfacet
  facet normal -0.946914 -0.321488 0
    outer loop
      vertex 65.5541 27.4882 1.2
      vertex 65.3123 28.2004 2.4
      vertex 65.3123 28.2004 1.2
    endloop
  endfacet
  facet normal -0.946914 -0.321488 0
    outer loop
      vertex 65.3123 28.2004 2.4
      vertex 65.5541 27.4882 1.2
      vertex 65.5541 27.4882 2.4
    endloop
  endfacet
  facet normal -0.75186 -0.659323 0
    outer loop
      vertex 64.5618 29.5004 1.2
      vertex 64.0659 30.0659 2.4
      vertex 64.0659 30.0659 1.2
    endloop
  endfacet
  facet normal -0.75186 -0.659323 0
    outer loop
      vertex 64.0659 30.0659 2.4
      vertex 64.5618 29.5004 1.2
      vertex 64.5618 29.5004 2.4
    endloop
  endfacet
  facet normal -0.442314 -0.89686 0
    outer loop
      vertex 62.2004 31.3123 1.2
      vertex 62.875 30.9796 2.4
      vertex 62.2004 31.3123 2.4
    endloop
  endfacet
  facet normal -0.442314 -0.89686 -0
    outer loop
      vertex 62.875 30.9796 2.4
      vertex 62.2004 31.3123 1.2
      vertex 62.875 30.9796 1.2
    endloop
  endfacet
  facet normal -0.195042 -0.980795 0
    outer loop
      vertex 60.7505 31.7008 1.2
      vertex 61.4882 31.5541 2.4
      vertex 60.7505 31.7008 2.4
    endloop
  endfacet
  facet normal -0.195042 -0.980795 -0
    outer loop
      vertex 61.4882 31.5541 2.4
      vertex 60.7505 31.7008 1.2
      vertex 61.4882 31.5541 1.2
    endloop
  endfacet
  facet normal -0.0654159 -0.997858 0
    outer loop
      vertex 60 31.75 1.2
      vertex 60.7505 31.7008 2.4
      vertex 60 31.75 2.4
    endloop
  endfacet
  facet normal -0.0654159 -0.997858 -0
    outer loop
      vertex 60.7505 31.7008 2.4
      vertex 60 31.75 1.2
      vertex 60.7505 31.7008 1.2
    endloop
  endfacet
  facet normal 0.980795 -0.195042 0
    outer loop
      vertex 54.2992 26.7505 2.4
      vertex 54.4459 27.4882 1.2
      vertex 54.4459 27.4882 2.4
    endloop
  endfacet
  facet normal 0.980795 -0.195042 0
    outer loop
      vertex 54.4459 27.4882 1.2
      vertex 54.2992 26.7505 2.4
      vertex 54.2992 26.7505 1.2
    endloop
  endfacet
  facet normal 0.997858 -0.0654159 0
    outer loop
      vertex 54.25 26 2.4
      vertex 54.2992 26.7505 1.2
      vertex 54.2992 26.7505 2.4
    endloop
  endfacet
  facet normal 0.997858 -0.0654159 0
    outer loop
      vertex 54.2992 26.7505 1.2
      vertex 54.25 26 2.4
      vertex 54.25 26 1.2
    endloop
  endfacet
  facet normal 0.89686 -0.442314 0
    outer loop
      vertex 54.6877 28.2004 2.4
      vertex 55.0204 28.875 1.2
      vertex 55.0204 28.875 2.4
    endloop
  endfacet
  facet normal 0.89686 -0.442314 0
    outer loop
      vertex 55.0204 28.875 1.2
      vertex 54.6877 28.2004 2.4
      vertex 54.6877 28.2004 1.2
    endloop
  endfacet
  facet normal 0.321488 -0.946914 0
    outer loop
      vertex 57.7996 31.3123 1.2
      vertex 58.5118 31.5541 2.4
      vertex 57.7996 31.3123 2.4
    endloop
  endfacet
  facet normal 0.321488 -0.946914 0
    outer loop
      vertex 58.5118 31.5541 2.4
      vertex 57.7996 31.3123 1.2
      vertex 58.5118 31.5541 1.2
    endloop
  endfacet
  facet normal 0.659323 -0.75186 0
    outer loop
      vertex 55.9341 30.0659 1.2
      vertex 56.4996 30.5618 2.4
      vertex 55.9341 30.0659 2.4
    endloop
  endfacet
  facet normal 0.659323 -0.75186 0
    outer loop
      vertex 56.4996 30.5618 2.4
      vertex 55.9341 30.0659 1.2
      vertex 56.4996 30.5618 1.2
    endloop
  endfacet
  facet normal 0.555498 -0.831518 0
    outer loop
      vertex 56.4996 30.5618 1.2
      vertex 57.125 30.9796 2.4
      vertex 56.4996 30.5618 2.4
    endloop
  endfacet
  facet normal 0.555498 -0.831518 0
    outer loop
      vertex 57.125 30.9796 2.4
      vertex 56.4996 30.5618 1.2
      vertex 57.125 30.9796 1.2
    endloop
  endfacet
  facet normal 0.980768 0.195175 0
    outer loop
      vertex -27.2074 28.9265 2.4
      vertex -27.2393 29.0868 0
      vertex -27.2393 29.0868 2.4
    endloop
  endfacet
  facet normal 0.980768 0.195175 0
    outer loop
      vertex -27.2393 29.0868 0
      vertex -27.2074 28.9265 2.4
      vertex -27.2074 28.9265 0
    endloop
  endfacet
  facet normal 0.947082 0.320993 0
    outer loop
      vertex -27.1549 28.7716 2.4
      vertex -27.2074 28.9265 0
      vertex -27.2074 28.9265 2.4
    endloop
  endfacet
  facet normal 0.947082 0.320993 0
    outer loop
      vertex -27.2074 28.9265 0
      vertex -27.1549 28.7716 2.4
      vertex -27.1549 28.7716 0
    endloop
  endfacet
  facet normal 0.195175 0.980768 -0
    outer loop
      vertex -26.1632 28.0107 0
      vertex -26.3235 28.0426 2.4
      vertex -26.1632 28.0107 2.4
    endloop
  endfacet
  facet normal 0.195175 0.980768 0
    outer loop
      vertex -26.3235 28.0426 2.4
      vertex -26.1632 28.0107 0
      vertex -26.3235 28.0426 0
    endloop
  endfacet
  facet normal -0.980768 -0.195175 0
    outer loop
      vertex -24.7607 46.9132 0
      vertex -24.7926 47.0735 2.4
      vertex -24.7926 47.0735 0
    endloop
  endfacet
  facet normal -0.980768 -0.195175 0
    outer loop
      vertex -24.7926 47.0735 2.4
      vertex -24.7607 46.9132 0
      vertex -24.7607 46.9132 2.4
    endloop
  endfacet
  facet normal -0.997858 -0.0654233 0
    outer loop
      vertex -24.75 46.75 0
      vertex -24.7607 46.9132 2.4
      vertex -24.7607 46.9132 0
    endloop
  endfacet
  facet normal -0.997858 -0.0654233 0
    outer loop
      vertex -24.7607 46.9132 2.4
      vertex -24.75 46.75 0
      vertex -24.75 46.75 2.4
    endloop
  endfacet
  facet normal -0.997858 0.0654233 0
    outer loop
      vertex -24.7607 29.0868 0
      vertex -24.75 29.25 2.4
      vertex -24.75 29.25 0
    endloop
  endfacet
  facet normal -0.997858 0.0654233 0
    outer loop
      vertex -24.75 29.25 2.4
      vertex -24.7607 29.0868 0
      vertex -24.7607 29.0868 2.4
    endloop
  endfacet
  facet normal 0.997858 0.0654233 0
    outer loop
      vertex -27.2393 29.0868 2.4
      vertex -27.25 29.25 0
      vertex -27.25 29.25 2.4
    endloop
  endfacet
  facet normal 0.997858 0.0654233 0
    outer loop
      vertex -27.25 29.25 0
      vertex -27.2393 29.0868 2.4
      vertex -27.2393 29.0868 0
    endloop
  endfacet
  facet normal 1 -0 0
    outer loop
      vertex -27.25 29.25 2.4
      vertex -27.25 46.75 0
      vertex -27.25 46.75 2.4
    endloop
  endfacet
  facet normal 1 0 0
    outer loop
      vertex -27.25 46.75 0
      vertex -27.25 29.25 2.4
      vertex -27.25 29.25 0
    endloop
  endfacet
  facet normal 0.997858 -0.0654233 0
    outer loop
      vertex -27.25 46.75 2.4
      vertex -27.2393 46.9132 0
      vertex -27.2393 46.9132 2.4
    endloop
  endfacet
  facet normal 0.997858 -0.0654233 0
    outer loop
      vertex -27.2393 46.9132 0
      vertex -27.25 46.75 2.4
      vertex -27.25 46.75 0
    endloop
  endfacet
  facet normal 0.831674 -0.555265 0
    outer loop
      vertex -27.0825 47.375 2.4
      vertex -26.9917 47.511 0
      vertex -26.9917 47.511 2.4
    endloop
  endfacet
  facet normal 0.831674 -0.555265 0
    outer loop
      vertex -26.9917 47.511 0
      vertex -27.0825 47.375 2.4
      vertex -27.0825 47.375 0
    endloop
  endfacet
  facet normal -0.75178 0.659414 0
    outer loop
      vertex -25.1161 28.3661 0
      vertex -25.0083 28.489 2.4
      vertex -25.0083 28.489 0
    endloop
  endfacet
  facet normal -0.75178 0.659414 0
    outer loop
      vertex -25.0083 28.489 2.4
      vertex -25.1161 28.3661 0
      vertex -25.1161 28.3661 2.4
    endloop
  endfacet
  facet normal -0.659414 -0.75178 0
    outer loop
      vertex -25.239 47.7417 0
      vertex -25.1161 47.6339 2.4
      vertex -25.239 47.7417 2.4
    endloop
  endfacet
  facet normal -0.659414 -0.75178 -0
    outer loop
      vertex -25.1161 47.6339 2.4
      vertex -25.239 47.7417 0
      vertex -25.1161 47.6339 0
    endloop
  endfacet
  facet normal -0.320993 -0.947082 0
    outer loop
      vertex -25.6765 47.9574 0
      vertex -25.5216 47.9049 2.4
      vertex -25.6765 47.9574 2.4
    endloop
  endfacet
  facet normal -0.320993 -0.947082 -0
    outer loop
      vertex -25.5216 47.9049 2.4
      vertex -25.6765 47.9574 0
      vertex -25.5216 47.9049 0
    endloop
  endfacet
  facet normal 0.896618 -0.442805 0
    outer loop
      vertex -27.1549 47.2284 2.4
      vertex -27.0825 47.375 0
      vertex -27.0825 47.375 2.4
    endloop
  endfacet
  facet normal 0.896618 -0.442805 0
    outer loop
      vertex -27.0825 47.375 0
      vertex -27.1549 47.2284 2.4
      vertex -27.1549 47.2284 0
    endloop
  endfacet
  facet normal 0.320993 -0.947082 0
    outer loop
      vertex -26.4784 47.9049 0
      vertex -26.3235 47.9574 2.4
      vertex -26.4784 47.9049 2.4
    endloop
  endfacet
  facet normal 0.320993 -0.947082 0
    outer loop
      vertex -26.3235 47.9574 2.4
      vertex -26.4784 47.9049 0
      vertex -26.3235 47.9574 0
    endloop
  endfacet
  facet normal -1 0 0
    outer loop
      vertex -24.75 29.25 0
      vertex -24.75 46.75 2.4
      vertex -24.75 46.75 0
    endloop
  endfacet
  facet normal -1 -0 0
    outer loop
      vertex -24.75 46.75 2.4
      vertex -24.75 29.25 0
      vertex -24.75 29.25 2.4
    endloop
  endfacet
  facet normal -0.442805 0.896618 0
    outer loop
      vertex -25.375 28.1675 0
      vertex -25.5216 28.0951 2.4
      vertex -25.375 28.1675 2.4
    endloop
  endfacet
  facet normal -0.442805 0.896618 0
    outer loop
      vertex -25.5216 28.0951 2.4
      vertex -25.375 28.1675 0
      vertex -25.5216 28.0951 0
    endloop
  endfacet
  facet normal 0.320993 0.947082 -0
    outer loop
      vertex -26.3235 28.0426 0
      vertex -26.4784 28.0951 2.4
      vertex -26.3235 28.0426 2.4
    endloop
  endfacet
  facet normal 0.320993 0.947082 0
    outer loop
      vertex -26.4784 28.0951 2.4
      vertex -26.3235 28.0426 0
      vertex -26.4784 28.0951 0
    endloop
  endfacet
  facet normal 0.896618 0.442805 0
    outer loop
      vertex -27.0825 28.625 2.4
      vertex -27.1549 28.7716 0
      vertex -27.1549 28.7716 2.4
    endloop
  endfacet
  facet normal 0.896618 0.442805 0
    outer loop
      vertex -27.1549 28.7716 0
      vertex -27.0825 28.625 2.4
      vertex -27.0825 28.625 0
    endloop
  endfacet
  facet normal 0.659414 0.75178 -0
    outer loop
      vertex -26.761 28.2583 0
      vertex -26.8839 28.3661 2.4
      vertex -26.761 28.2583 2.4
    endloop
  endfacet
  facet normal 0.659414 0.75178 0
    outer loop
      vertex -26.8839 28.3661 2.4
      vertex -26.761 28.2583 0
      vertex -26.8839 28.3661 0
    endloop
  endfacet
  facet normal -0.947082 -0.320993 0
    outer loop
      vertex -24.7926 47.0735 0
      vertex -24.8451 47.2284 2.4
      vertex -24.8451 47.2284 0
    endloop
  endfacet
  facet normal -0.947082 -0.320993 0
    outer loop
      vertex -24.8451 47.2284 2.4
      vertex -24.7926 47.0735 0
      vertex -24.7926 47.0735 2.4
    endloop
  endfacet
  facet normal -0.831674 -0.555265 0
    outer loop
      vertex -24.9175 47.375 0
      vertex -25.0083 47.511 2.4
      vertex -25.0083 47.511 0
    endloop
  endfacet
  facet normal -0.831674 -0.555265 0
    outer loop
      vertex -25.0083 47.511 2.4
      vertex -24.9175 47.375 0
      vertex -24.9175 47.375 2.4
    endloop
  endfacet
  facet normal -0.896618 -0.442805 0
    outer loop
      vertex -24.8451 47.2284 0
      vertex -24.9175 47.375 2.4
      vertex -24.9175 47.375 0
    endloop
  endfacet
  facet normal -0.896618 -0.442805 0
    outer loop
      vertex -24.9175 47.375 2.4
      vertex -24.8451 47.2284 0
      vertex -24.8451 47.2284 2.4
    endloop
  endfacet
  facet normal -0.75178 -0.659414 0
    outer loop
      vertex -25.0083 47.511 0
      vertex -25.1161 47.6339 2.4
      vertex -25.1161 47.6339 0
    endloop
  endfacet
  facet normal -0.75178 -0.659414 0
    outer loop
      vertex -25.1161 47.6339 2.4
      vertex -25.0083 47.511 0
      vertex -25.0083 47.511 2.4
    endloop
  endfacet
  facet normal -0.442805 -0.896618 0
    outer loop
      vertex -25.5216 47.9049 0
      vertex -25.375 47.8325 2.4
      vertex -25.5216 47.9049 2.4
    endloop
  endfacet
  facet normal -0.442805 -0.896618 -0
    outer loop
      vertex -25.375 47.8325 2.4
      vertex -25.5216 47.9049 0
      vertex -25.375 47.8325 0
    endloop
  endfacet
  facet normal -0.555265 -0.831674 0
    outer loop
      vertex -25.375 47.8325 0
      vertex -25.239 47.7417 2.4
      vertex -25.375 47.8325 2.4
    endloop
  endfacet
  facet normal -0.555265 -0.831674 -0
    outer loop
      vertex -25.239 47.7417 2.4
      vertex -25.375 47.8325 0
      vertex -25.239 47.7417 0
    endloop
  endfacet
  facet normal -0.0654233 -0.997858 0
    outer loop
      vertex -26 48 0
      vertex -25.8368 47.9893 2.4
      vertex -26 48 2.4
    endloop
  endfacet
  facet normal -0.0654233 -0.997858 -0
    outer loop
      vertex -25.8368 47.9893 2.4
      vertex -26 48 0
      vertex -25.8368 47.9893 0
    endloop
  endfacet
  facet normal -0.195175 -0.980768 0
    outer loop
      vertex -25.8368 47.9893 0
      vertex -25.6765 47.9574 2.4
      vertex -25.8368 47.9893 2.4
    endloop
  endfacet
  facet normal -0.195175 -0.980768 -0
    outer loop
      vertex -25.6765 47.9574 2.4
      vertex -25.8368 47.9893 0
      vertex -25.6765 47.9574 0
    endloop
  endfacet
  facet normal 0.75178 -0.659414 0
    outer loop
      vertex -26.9917 47.511 2.4
      vertex -26.8839 47.6339 0
      vertex -26.8839 47.6339 2.4
    endloop
  endfacet
  facet normal 0.75178 -0.659414 0
    outer loop
      vertex -26.8839 47.6339 0
      vertex -26.9917 47.511 2.4
      vertex -26.9917 47.511 0
    endloop
  endfacet
  facet normal 0.980768 -0.195175 0
    outer loop
      vertex -27.2393 46.9132 2.4
      vertex -27.2074 47.0735 0
      vertex -27.2074 47.0735 2.4
    endloop
  endfacet
  facet normal 0.980768 -0.195175 0
    outer loop
      vertex -27.2074 47.0735 0
      vertex -27.2393 46.9132 2.4
      vertex -27.2393 46.9132 0
    endloop
  endfacet
  facet normal 0.947082 -0.320993 0
    outer loop
      vertex -27.2074 47.0735 2.4
      vertex -27.1549 47.2284 0
      vertex -27.1549 47.2284 2.4
    endloop
  endfacet
  facet normal 0.947082 -0.320993 0
    outer loop
      vertex -27.1549 47.2284 0
      vertex -27.2074 47.0735 2.4
      vertex -27.2074 47.0735 0
    endloop
  endfacet
  facet normal 0.442805 -0.896618 0
    outer loop
      vertex -26.625 47.8325 0
      vertex -26.4784 47.9049 2.4
      vertex -26.625 47.8325 2.4
    endloop
  endfacet
  facet normal 0.442805 -0.896618 0
    outer loop
      vertex -26.4784 47.9049 2.4
      vertex -26.625 47.8325 0
      vertex -26.4784 47.9049 0
    endloop
  endfacet
  facet normal 0.195175 -0.980768 0
    outer loop
      vertex -26.3235 47.9574 0
      vertex -26.1632 47.9893 2.4
      vertex -26.3235 47.9574 2.4
    endloop
  endfacet
  facet normal 0.195175 -0.980768 0
    outer loop
      vertex -26.1632 47.9893 2.4
      vertex -26.3235 47.9574 0
      vertex -26.1632 47.9893 0
    endloop
  endfacet
  facet normal 0.0654233 -0.997858 0
    outer loop
      vertex -26.1632 47.9893 0
      vertex -26 48 2.4
      vertex -26.1632 47.9893 2.4
    endloop
  endfacet
  facet normal 0.0654233 -0.997858 0
    outer loop
      vertex -26 48 2.4
      vertex -26.1632 47.9893 0
      vertex -26 48 0
    endloop
  endfacet
  facet normal -0.659414 0.75178 0
    outer loop
      vertex -25.1161 28.3661 0
      vertex -25.239 28.2583 2.4
      vertex -25.1161 28.3661 2.4
    endloop
  endfacet
  facet normal -0.659414 0.75178 0
    outer loop
      vertex -25.239 28.2583 2.4
      vertex -25.1161 28.3661 0
      vertex -25.239 28.2583 0
    endloop
  endfacet
  facet normal -0.195175 0.980768 0
    outer loop
      vertex -25.6765 28.0426 0
      vertex -25.8368 28.0107 2.4
      vertex -25.6765 28.0426 2.4
    endloop
  endfacet
  facet normal -0.195175 0.980768 0
    outer loop
      vertex -25.8368 28.0107 2.4
      vertex -25.6765 28.0426 0
      vertex -25.8368 28.0107 0
    endloop
  endfacet
  facet normal -0.947082 0.320993 0
    outer loop
      vertex -24.8451 28.7716 0
      vertex -24.7926 28.9265 2.4
      vertex -24.7926 28.9265 0
    endloop
  endfacet
  facet normal -0.947082 0.320993 0
    outer loop
      vertex -24.7926 28.9265 2.4
      vertex -24.8451 28.7716 0
      vertex -24.8451 28.7716 2.4
    endloop
  endfacet
  facet normal 0.659414 -0.75178 0
    outer loop
      vertex -26.8839 47.6339 0
      vertex -26.761 47.7417 2.4
      vertex -26.8839 47.6339 2.4
    endloop
  endfacet
  facet normal 0.659414 -0.75178 0
    outer loop
      vertex -26.761 47.7417 2.4
      vertex -26.8839 47.6339 0
      vertex -26.761 47.7417 0
    endloop
  endfacet
  facet normal 0.555265 -0.831674 0
    outer loop
      vertex -26.761 47.7417 0
      vertex -26.625 47.8325 2.4
      vertex -26.761 47.7417 2.4
    endloop
  endfacet
  facet normal 0.555265 -0.831674 0
    outer loop
      vertex -26.625 47.8325 2.4
      vertex -26.761 47.7417 0
      vertex -26.625 47.8325 0
    endloop
  endfacet
  facet normal 0.555265 0.831674 -0
    outer loop
      vertex -26.625 28.1675 0
      vertex -26.761 28.2583 2.4
      vertex -26.625 28.1675 2.4
    endloop
  endfacet
  facet normal 0.555265 0.831674 0
    outer loop
      vertex -26.761 28.2583 2.4
      vertex -26.625 28.1675 0
      vertex -26.761 28.2583 0
    endloop
  endfacet
  facet normal 0.75178 0.659414 0
    outer loop
      vertex -26.8839 28.3661 2.4
      vertex -26.9917 28.489 0
      vertex -26.9917 28.489 2.4
    endloop
  endfacet
  facet normal 0.75178 0.659414 0
    outer loop
      vertex -26.9917 28.489 0
      vertex -26.8839 28.3661 2.4
      vertex -26.8839 28.3661 0
    endloop
  endfacet
  facet normal -0.320993 0.947082 0
    outer loop
      vertex -25.5216 28.0951 0
      vertex -25.6765 28.0426 2.4
      vertex -25.5216 28.0951 2.4
    endloop
  endfacet
  facet normal -0.320993 0.947082 0
    outer loop
      vertex -25.6765 28.0426 2.4
      vertex -25.5216 28.0951 0
      vertex -25.6765 28.0426 0
    endloop
  endfacet
  facet normal 0.0654233 0.997858 -0
    outer loop
      vertex -26 28 0
      vertex -26.1632 28.0107 2.4
      vertex -26 28 2.4
    endloop
  endfacet
  facet normal 0.0654233 0.997858 0
    outer loop
      vertex -26.1632 28.0107 2.4
      vertex -26 28 0
      vertex -26.1632 28.0107 0
    endloop
  endfacet
  facet normal -0.980768 0.195175 0
    outer loop
      vertex -24.7926 28.9265 0
      vertex -24.7607 29.0868 2.4
      vertex -24.7607 29.0868 0
    endloop
  endfacet
  facet normal -0.980768 0.195175 0
    outer loop
      vertex -24.7607 29.0868 2.4
      vertex -24.7926 28.9265 0
      vertex -24.7926 28.9265 2.4
    endloop
  endfacet
  facet normal -0.896618 0.442805 0
    outer loop
      vertex -24.9175 28.625 0
      vertex -24.8451 28.7716 2.4
      vertex -24.8451 28.7716 0
    endloop
  endfacet
  facet normal -0.896618 0.442805 0
    outer loop
      vertex -24.8451 28.7716 2.4
      vertex -24.9175 28.625 0
      vertex -24.9175 28.625 2.4
    endloop
  endfacet
  facet normal -0.831674 0.555265 0
    outer loop
      vertex -25.0083 28.489 0
      vertex -24.9175 28.625 2.4
      vertex -24.9175 28.625 0
    endloop
  endfacet
  facet normal -0.831674 0.555265 0
    outer loop
      vertex -24.9175 28.625 2.4
      vertex -25.0083 28.489 0
      vertex -25.0083 28.489 2.4
    endloop
  endfacet
  facet normal -0.555265 0.831674 0
    outer loop
      vertex -25.239 28.2583 0
      vertex -25.375 28.1675 2.4
      vertex -25.239 28.2583 2.4
    endloop
  endfacet
  facet normal -0.555265 0.831674 0
    outer loop
      vertex -25.375 28.1675 2.4
      vertex -25.239 28.2583 0
      vertex -25.375 28.1675 0
    endloop
  endfacet
  facet normal 0.442805 0.896618 -0
    outer loop
      vertex -26.4784 28.0951 0
      vertex -26.625 28.1675 2.4
      vertex -26.4784 28.0951 2.4
    endloop
  endfacet
  facet normal 0.442805 0.896618 0
    outer loop
      vertex -26.625 28.1675 2.4
      vertex -26.4784 28.0951 0
      vertex -26.625 28.1675 0
    endloop
  endfacet
  facet normal 0.831674 0.555265 0
    outer loop
      vertex -26.9917 28.489 2.4
      vertex -27.0825 28.625 0
      vertex -27.0825 28.625 2.4
    endloop
  endfacet
  facet normal 0.831674 0.555265 0
    outer loop
      vertex -27.0825 28.625 0
      vertex -26.9917 28.489 2.4
      vertex -26.9917 28.489 0
    endloop
  endfacet
  facet normal -0.0654233 0.997858 0
    outer loop
      vertex -25.8368 28.0107 0
      vertex -26 28 2.4
      vertex -25.8368 28.0107 2.4
    endloop
  endfacet
  facet normal -0.0654233 0.997858 0
    outer loop
      vertex -26 28 2.4
      vertex -25.8368 28.0107 0
      vertex -26 28 0
    endloop
  endfacet
  facet normal 0.980768 0.195175 0
    outer loop
      vertex -20.7074 28.9265 2.4
      vertex -20.7393 29.0868 0
      vertex -20.7393 29.0868 2.4
    endloop
  endfacet
  facet normal 0.980768 0.195175 0
    outer loop
      vertex -20.7393 29.0868 0
      vertex -20.7074 28.9265 2.4
      vertex -20.7074 28.9265 0
    endloop
  endfacet
  facet normal 0.947082 0.320993 0
    outer loop
      vertex -20.6549 28.7716 2.4
      vertex -20.7074 28.9265 0
      vertex -20.7074 28.9265 2.4
    endloop
  endfacet
  facet normal 0.947082 0.320993 0
    outer loop
      vertex -20.7074 28.9265 0
      vertex -20.6549 28.7716 2.4
      vertex -20.6549 28.7716 0
    endloop
  endfacet
  facet normal -0.980768 -0.195175 0
    outer loop
      vertex -18.2607 46.9132 0
      vertex -18.2926 47.0735 2.4
      vertex -18.2926 47.0735 0
    endloop
  endfacet
  facet normal -0.980768 -0.195175 0
    outer loop
      vertex -18.2926 47.0735 2.4
      vertex -18.2607 46.9132 0
      vertex -18.2607 46.9132 2.4
    endloop
  endfacet
  facet normal -0.997858 -0.0654233 0
    outer loop
      vertex -18.25 46.75 0
      vertex -18.2607 46.9132 2.4
      vertex -18.2607 46.9132 0
    endloop
  endfacet
  facet normal -0.997858 -0.0654233 0
    outer loop
      vertex -18.2607 46.9132 2.4
      vertex -18.25 46.75 0
      vertex -18.25 46.75 2.4
    endloop
  endfacet
  facet normal -0.997858 0.0654233 0
    outer loop
      vertex -18.2607 29.0868 0
      vertex -18.25 29.25 2.4
      vertex -18.25 29.25 0
    endloop
  endfacet
  facet normal -0.997858 0.0654233 0
    outer loop
      vertex -18.25 29.25 2.4
      vertex -18.2607 29.0868 0
      vertex -18.2607 29.0868 2.4
    endloop
  endfacet
  facet normal -0.320993 0.947082 0
    outer loop
      vertex -19.0216 28.0951 0
      vertex -19.1765 28.0426 2.4
      vertex -19.0216 28.0951 2.4
    endloop
  endfacet
  facet normal -0.320993 0.947082 0
    outer loop
      vertex -19.1765 28.0426 2.4
      vertex -19.0216 28.0951 0
      vertex -19.1765 28.0426 0
    endloop
  endfacet
  facet normal 0.997858 0.0654233 0
    outer loop
      vertex -20.7393 29.0868 2.4
      vertex -20.75 29.25 0
      vertex -20.75 29.25 2.4
    endloop
  endfacet
  facet normal 0.997858 0.0654233 0
    outer loop
      vertex -20.75 29.25 0
      vertex -20.7393 29.0868 2.4
      vertex -20.7393 29.0868 0
    endloop
  endfacet
  facet normal 1 -0 0
    outer loop
      vertex -20.75 29.25 2.4
      vertex -20.75 46.75 0
      vertex -20.75 46.75 2.4
    endloop
  endfacet
  facet normal 1 0 0
    outer loop
      vertex -20.75 46.75 0
      vertex -20.75 29.25 2.4
      vertex -20.75 29.25 0
    endloop
  endfacet
  facet normal 0.997858 -0.0654233 0
    outer loop
      vertex -20.75 46.75 2.4
      vertex -20.7393 46.9132 0
      vertex -20.7393 46.9132 2.4
    endloop
  endfacet
  facet normal 0.997858 -0.0654233 0
    outer loop
      vertex -20.7393 46.9132 0
      vertex -20.75 46.75 2.4
      vertex -20.75 46.75 0
    endloop
  endfacet
  facet normal -0.947082 -0.320993 0
    outer loop
      vertex -18.2926 47.0735 0
      vertex -18.3451 47.2284 2.4
      vertex -18.3451 47.2284 0
    endloop
  endfacet
  facet normal -0.947082 -0.320993 0
    outer loop
      vertex -18.3451 47.2284 2.4
      vertex -18.2926 47.0735 0
      vertex -18.2926 47.0735 2.4
    endloop
  endfacet
  facet normal -0.659414 -0.75178 0
    outer loop
      vertex -18.739 47.7417 0
      vertex -18.6161 47.6339 2.4
      vertex -18.739 47.7417 2.4
    endloop
  endfacet
  facet normal -0.659414 -0.75178 -0
    outer loop
      vertex -18.6161 47.6339 2.4
      vertex -18.739 47.7417 0
      vertex -18.6161 47.6339 0
    endloop
  endfacet
  facet normal -0.0654233 -0.997858 0
    outer loop
      vertex -19.5 48 0
      vertex -19.3368 47.9893 2.4
      vertex -19.5 48 2.4
    endloop
  endfacet
  facet normal -0.0654233 -0.997858 -0
    outer loop
      vertex -19.3368 47.9893 2.4
      vertex -19.5 48 0
      vertex -19.3368 47.9893 0
    endloop
  endfacet
  facet normal -1 0 0
    outer loop
      vertex -18.25 29.25 0
      vertex -18.25 46.75 2.4
      vertex -18.25 46.75 0
    endloop
  endfacet
  facet normal -1 -0 0
    outer loop
      vertex -18.25 46.75 2.4
      vertex -18.25 29.25 0
      vertex -18.25 29.25 2.4
    endloop
  endfacet
  facet normal -0.980768 0.195175 0
    outer loop
      vertex -18.2926 28.9265 0
      vertex -18.2607 29.0868 2.4
      vertex -18.2607 29.0868 0
    endloop
  endfacet
  facet normal -0.980768 0.195175 0
    outer loop
      vertex -18.2607 29.0868 2.4
      vertex -18.2926 28.9265 0
      vertex -18.2926 28.9265 2.4
    endloop
  endfacet
  facet normal -0.947082 0.320993 0
    outer loop
      vertex -18.3451 28.7716 0
      vertex -18.2926 28.9265 2.4
      vertex -18.2926 28.9265 0
    endloop
  endfacet
  facet normal -0.947082 0.320993 0
    outer loop
      vertex -18.2926 28.9265 2.4
      vertex -18.3451 28.7716 0
      vertex -18.3451 28.7716 2.4
    endloop
  endfacet
  facet normal 0.896618 0.442805 0
    outer loop
      vertex -20.5825 28.625 2.4
      vertex -20.6549 28.7716 0
      vertex -20.6549 28.7716 2.4
    endloop
  endfacet
  facet normal 0.896618 0.442805 0
    outer loop
      vertex -20.6549 28.7716 0
      vertex -20.5825 28.625 2.4
      vertex -20.5825 28.625 0
    endloop
  endfacet
  facet normal -0.831674 -0.555265 0
    outer loop
      vertex -18.4175 47.375 0
      vertex -18.5083 47.511 2.4
      vertex -18.5083 47.511 0
    endloop
  endfacet
  facet normal -0.831674 -0.555265 0
    outer loop
      vertex -18.5083 47.511 2.4
      vertex -18.4175 47.375 0
      vertex -18.4175 47.375 2.4
    endloop
  endfacet
  facet normal -0.75178 -0.659414 0
    outer loop
      vertex -18.5083 47.511 0
      vertex -18.6161 47.6339 2.4
      vertex -18.6161 47.6339 0
    endloop
  endfacet
  facet normal -0.75178 -0.659414 0
    outer loop
      vertex -18.6161 47.6339 2.4
      vertex -18.5083 47.511 0
      vertex -18.5083 47.511 2.4
    endloop
  endfacet
  facet normal -0.320993 -0.947082 0
    outer loop
      vertex -19.1765 47.9574 0
      vertex -19.0216 47.9049 2.4
      vertex -19.1765 47.9574 2.4
    endloop
  endfacet
  facet normal -0.320993 -0.947082 -0
    outer loop
      vertex -19.0216 47.9049 2.4
      vertex -19.1765 47.9574 0
      vertex -19.0216 47.9049 0
    endloop
  endfacet
  facet normal -0.195175 -0.980768 0
    outer loop
      vertex -19.3368 47.9893 0
      vertex -19.1765 47.9574 2.4
      vertex -19.3368 47.9893 2.4
    endloop
  endfacet
  facet normal -0.195175 -0.980768 -0
    outer loop
      vertex -19.1765 47.9574 2.4
      vertex -19.3368 47.9893 0
      vertex -19.1765 47.9574 0
    endloop
  endfacet
  facet normal 0.896618 -0.442805 0
    outer loop
      vertex -20.6549 47.2284 2.4
      vertex -20.5825 47.375 0
      vertex -20.5825 47.375 2.4
    endloop
  endfacet
  facet normal 0.896618 -0.442805 0
    outer loop
      vertex -20.5825 47.375 0
      vertex -20.6549 47.2284 2.4
      vertex -20.6549 47.2284 0
    endloop
  endfacet
  facet normal 0.980768 -0.195175 0
    outer loop
      vertex -20.7393 46.9132 2.4
      vertex -20.7074 47.0735 0
      vertex -20.7074 47.0735 2.4
    endloop
  endfacet
  facet normal 0.980768 -0.195175 0
    outer loop
      vertex -20.7074 47.0735 0
      vertex -20.7393 46.9132 2.4
      vertex -20.7393 46.9132 0
    endloop
  endfacet
  facet normal 0.947082 -0.320993 0
    outer loop
      vertex -20.7074 47.0735 2.4
      vertex -20.6549 47.2284 0
      vertex -20.6549 47.2284 2.4
    endloop
  endfacet
  facet normal 0.947082 -0.320993 0
    outer loop
      vertex -20.6549 47.2284 0
      vertex -20.7074 47.0735 2.4
      vertex -20.7074 47.0735 0
    endloop
  endfacet
  facet normal 0.442805 -0.896618 0
    outer loop
      vertex -20.125 47.8325 0
      vertex -19.9784 47.9049 2.4
      vertex -20.125 47.8325 2.4
    endloop
  endfacet
  facet normal 0.442805 -0.896618 0
    outer loop
      vertex -19.9784 47.9049 2.4
      vertex -20.125 47.8325 0
      vertex -19.9784 47.9049 0
    endloop
  endfacet
  facet normal 0.659414 -0.75178 0
    outer loop
      vertex -20.3839 47.6339 0
      vertex -20.261 47.7417 2.4
      vertex -20.3839 47.6339 2.4
    endloop
  endfacet
  facet normal 0.659414 -0.75178 0
    outer loop
      vertex -20.261 47.7417 2.4
      vertex -20.3839 47.6339 0
      vertex -20.261 47.7417 0
    endloop
  endfacet
  facet normal 0.320993 -0.947082 0
    outer loop
      vertex -19.9784 47.9049 0
      vertex -19.8235 47.9574 2.4
      vertex -19.9784 47.9049 2.4
    endloop
  endfacet
  facet normal 0.320993 -0.947082 0
    outer loop
      vertex -19.8235 47.9574 2.4
      vertex -19.9784 47.9049 0
      vertex -19.8235 47.9574 0
    endloop
  endfacet
  facet normal -0.195175 0.980768 0
    outer loop
      vertex -19.1765 28.0426 0
      vertex -19.3368 28.0107 2.4
      vertex -19.1765 28.0426 2.4
    endloop
  endfacet
  facet normal -0.195175 0.980768 0
    outer loop
      vertex -19.3368 28.0107 2.4
      vertex -19.1765 28.0426 0
      vertex -19.3368 28.0107 0
    endloop
  endfacet
  facet normal -0.659414 0.75178 0
    outer loop
      vertex -18.6161 28.3661 0
      vertex -18.739 28.2583 2.4
      vertex -18.6161 28.3661 2.4
    endloop
  endfacet
  facet normal -0.659414 0.75178 0
    outer loop
      vertex -18.739 28.2583 2.4
      vertex -18.6161 28.3661 0
      vertex -18.739 28.2583 0
    endloop
  endfacet
  facet normal 0.320993 0.947082 -0
    outer loop
      vertex -19.8235 28.0426 0
      vertex -19.9784 28.0951 2.4
      vertex -19.8235 28.0426 2.4
    endloop
  endfacet
  facet normal 0.320993 0.947082 0
    outer loop
      vertex -19.9784 28.0951 2.4
      vertex -19.8235 28.0426 0
      vertex -19.9784 28.0951 0
    endloop
  endfacet
  facet normal 0.555265 0.831674 -0
    outer loop
      vertex -20.125 28.1675 0
      vertex -20.261 28.2583 2.4
      vertex -20.125 28.1675 2.4
    endloop
  endfacet
  facet normal 0.555265 0.831674 0
    outer loop
      vertex -20.261 28.2583 2.4
      vertex -20.125 28.1675 0
      vertex -20.261 28.2583 0
    endloop
  endfacet
  facet normal -0.831674 0.555265 0
    outer loop
      vertex -18.5083 28.489 0
      vertex -18.4175 28.625 2.4
      vertex -18.4175 28.625 0
    endloop
  endfacet
  facet normal -0.831674 0.555265 0
    outer loop
      vertex -18.4175 28.625 2.4
      vertex -18.5083 28.489 0
      vertex -18.5083 28.489 2.4
    endloop
  endfacet
  facet normal -0.896618 -0.442805 0
    outer loop
      vertex -18.3451 47.2284 0
      vertex -18.4175 47.375 2.4
      vertex -18.4175 47.375 0
    endloop
  endfacet
  facet normal -0.896618 -0.442805 0
    outer loop
      vertex -18.4175 47.375 2.4
      vertex -18.3451 47.2284 0
      vertex -18.3451 47.2284 2.4
    endloop
  endfacet
  facet normal -0.442805 -0.896618 0
    outer loop
      vertex -19.0216 47.9049 0
      vertex -18.875 47.8325 2.4
      vertex -19.0216 47.9049 2.4
    endloop
  endfacet
  facet normal -0.442805 -0.896618 -0
    outer loop
      vertex -18.875 47.8325 2.4
      vertex -19.0216 47.9049 0
      vertex -18.875 47.8325 0
    endloop
  endfacet
  facet normal -0.555265 -0.831674 0
    outer loop
      vertex -18.875 47.8325 0
      vertex -18.739 47.7417 2.4
      vertex -18.875 47.8325 2.4
    endloop
  endfacet
  facet normal -0.555265 -0.831674 -0
    outer loop
      vertex -18.739 47.7417 2.4
      vertex -18.875 47.8325 0
      vertex -18.739 47.7417 0
    endloop
  endfacet
  facet normal 0.831674 -0.555265 0
    outer loop
      vertex -20.5825 47.375 2.4
      vertex -20.4917 47.511 0
      vertex -20.4917 47.511 2.4
    endloop
  endfacet
  facet normal 0.831674 -0.555265 0
    outer loop
      vertex -20.4917 47.511 0
      vertex -20.5825 47.375 2.4
      vertex -20.5825 47.375 0
    endloop
  endfacet
  facet normal 0.75178 -0.659414 0
    outer loop
      vertex -20.4917 47.511 2.4
      vertex -20.3839 47.6339 0
      vertex -20.3839 47.6339 2.4
    endloop
  endfacet
  facet normal 0.75178 -0.659414 0
    outer loop
      vertex -20.3839 47.6339 0
      vertex -20.4917 47.511 2.4
      vertex -20.4917 47.511 0
    endloop
  endfacet
  facet normal 0.555265 -0.831674 0
    outer loop
      vertex -20.261 47.7417 0
      vertex -20.125 47.8325 2.4
      vertex -20.261 47.7417 2.4
    endloop
  endfacet
  facet normal 0.555265 -0.831674 0
    outer loop
      vertex -20.125 47.8325 2.4
      vertex -20.261 47.7417 0
      vertex -20.125 47.8325 0
    endloop
  endfacet
  facet normal 0.195175 -0.980768 0
    outer loop
      vertex -19.8235 47.9574 0
      vertex -19.6632 47.9893 2.4
      vertex -19.8235 47.9574 2.4
    endloop
  endfacet
  facet normal 0.195175 -0.980768 0
    outer loop
      vertex -19.6632 47.9893 2.4
      vertex -19.8235 47.9574 0
      vertex -19.6632 47.9893 0
    endloop
  endfacet
  facet normal 0.0654233 -0.997858 0
    outer loop
      vertex -19.6632 47.9893 0
      vertex -19.5 48 2.4
      vertex -19.6632 47.9893 2.4
    endloop
  endfacet
  facet normal 0.0654233 -0.997858 0
    outer loop
      vertex -19.5 48 2.4
      vertex -19.6632 47.9893 0
      vertex -19.5 48 0
    endloop
  endfacet
  facet normal 0.75178 0.659414 0
    outer loop
      vertex -20.3839 28.3661 2.4
      vertex -20.4917 28.489 0
      vertex -20.4917 28.489 2.4
    endloop
  endfacet
  facet normal 0.75178 0.659414 0
    outer loop
      vertex -20.4917 28.489 0
      vertex -20.3839 28.3661 2.4
      vertex -20.3839 28.3661 0
    endloop
  endfacet
  facet normal 0.0654233 0.997858 -0
    outer loop
      vertex -19.5 28 0
      vertex -19.6632 28.0107 2.4
      vertex -19.5 28 2.4
    endloop
  endfacet
  facet normal 0.0654233 0.997858 0
    outer loop
      vertex -19.6632 28.0107 2.4
      vertex -19.5 28 0
      vertex -19.6632 28.0107 0
    endloop
  endfacet
  facet normal -0.555265 0.831674 0
    outer loop
      vertex -18.739 28.2583 0
      vertex -18.875 28.1675 2.4
      vertex -18.739 28.2583 2.4
    endloop
  endfacet
  facet normal -0.555265 0.831674 0
    outer loop
      vertex -18.875 28.1675 2.4
      vertex -18.739 28.2583 0
      vertex -18.875 28.1675 0
    endloop
  endfacet
  facet normal -0.442805 0.896618 0
    outer loop
      vertex -18.875 28.1675 0
      vertex -19.0216 28.0951 2.4
      vertex -18.875 28.1675 2.4
    endloop
  endfacet
  facet normal -0.442805 0.896618 0
    outer loop
      vertex -19.0216 28.0951 2.4
      vertex -18.875 28.1675 0
      vertex -19.0216 28.0951 0
    endloop
  endfacet
  facet normal -0.75178 0.659414 0
    outer loop
      vertex -18.6161 28.3661 0
      vertex -18.5083 28.489 2.4
      vertex -18.5083 28.489 0
    endloop
  endfacet
  facet normal -0.75178 0.659414 0
    outer loop
      vertex -18.5083 28.489 2.4
      vertex -18.6161 28.3661 0
      vertex -18.6161 28.3661 2.4
    endloop
  endfacet
  facet normal 0.831674 0.555265 0
    outer loop
      vertex -20.4917 28.489 2.4
      vertex -20.5825 28.625 0
      vertex -20.5825 28.625 2.4
    endloop
  endfacet
  facet normal 0.831674 0.555265 0
    outer loop
      vertex -20.5825 28.625 0
      vertex -20.4917 28.489 2.4
      vertex -20.4917 28.489 0
    endloop
  endfacet
  facet normal 0.659414 0.75178 -0
    outer loop
      vertex -20.261 28.2583 0
      vertex -20.3839 28.3661 2.4
      vertex -20.261 28.2583 2.4
    endloop
  endfacet
  facet normal 0.659414 0.75178 0
    outer loop
      vertex -20.3839 28.3661 2.4
      vertex -20.261 28.2583 0
      vertex -20.3839 28.3661 0
    endloop
  endfacet
  facet normal 0.195175 0.980768 -0
    outer loop
      vertex -19.6632 28.0107 0
      vertex -19.8235 28.0426 2.4
      vertex -19.6632 28.0107 2.4
    endloop
  endfacet
  facet normal 0.195175 0.980768 0
    outer loop
      vertex -19.8235 28.0426 2.4
      vertex -19.6632 28.0107 0
      vertex -19.8235 28.0426 0
    endloop
  endfacet
  facet normal 0.442805 0.896618 -0
    outer loop
      vertex -19.9784 28.0951 0
      vertex -20.125 28.1675 2.4
      vertex -19.9784 28.0951 2.4
    endloop
  endfacet
  facet normal 0.442805 0.896618 0
    outer loop
      vertex -20.125 28.1675 2.4
      vertex -19.9784 28.0951 0
      vertex -20.125 28.1675 0
    endloop
  endfacet
  facet normal -0.0654233 0.997858 0
    outer loop
      vertex -19.3368 28.0107 0
      vertex -19.5 28 2.4
      vertex -19.3368 28.0107 2.4
    endloop
  endfacet
  facet normal -0.0654233 0.997858 0
    outer loop
      vertex -19.5 28 2.4
      vertex -19.3368 28.0107 0
      vertex -19.5 28 0
    endloop
  endfacet
  facet normal -0.896618 0.442805 0
    outer loop
      vertex -18.4175 28.625 0
      vertex -18.3451 28.7716 2.4
      vertex -18.3451 28.7716 0
    endloop
  endfacet
  facet normal -0.896618 0.442805 0
    outer loop
      vertex -18.3451 28.7716 2.4
      vertex -18.4175 28.625 0
      vertex -18.4175 28.625 2.4
    endloop
  endfacet
  facet normal 0.980768 0.195175 0
    outer loop
      vertex -14.2074 28.9265 2.4
      vertex -14.2393 29.0868 0
      vertex -14.2393 29.0868 2.4
    endloop
  endfacet
  facet normal 0.980768 0.195175 0
    outer loop
      vertex -14.2393 29.0868 0
      vertex -14.2074 28.9265 2.4
      vertex -14.2074 28.9265 0
    endloop
  endfacet
  facet normal 0.946896 0.321541 0
    outer loop
      vertex -14.1548 28.7716 2.4
      vertex -14.2074 28.9265 0
      vertex -14.2074 28.9265 2.4
    endloop
  endfacet
  facet normal 0.946896 0.321541 0
    outer loop
      vertex -14.2074 28.9265 0
      vertex -14.1548 28.7716 2.4
      vertex -14.1548 28.7716 0
    endloop
  endfacet
  facet normal 0.195175 0.980768 -0
    outer loop
      vertex -13.1632 28.0107 0
      vertex -13.3235 28.0426 2.4
      vertex -13.1632 28.0107 2.4
    endloop
  endfacet
  facet normal 0.195175 0.980768 0
    outer loop
      vertex -13.3235 28.0426 2.4
      vertex -13.1632 28.0107 0
      vertex -13.3235 28.0426 0
    endloop
  endfacet
  facet normal -0.980768 -0.195175 0
    outer loop
      vertex -11.7607 46.9132 0
      vertex -11.7926 47.0735 2.4
      vertex -11.7926 47.0735 0
    endloop
  endfacet
  facet normal -0.980768 -0.195175 0
    outer loop
      vertex -11.7926 47.0735 2.4
      vertex -11.7607 46.9132 0
      vertex -11.7607 46.9132 2.4
    endloop
  endfacet
  facet normal -0.997858 0.0654233 0
    outer loop
      vertex -11.7607 29.0868 0
      vertex -11.75 29.25 2.4
      vertex -11.75 29.25 0
    endloop
  endfacet
  facet normal -0.997858 0.0654233 0
    outer loop
      vertex -11.75 29.25 2.4
      vertex -11.7607 29.0868 0
      vertex -11.7607 29.0868 2.4
    endloop
  endfacet
  facet normal 0.997858 0.0654233 0
    outer loop
      vertex -14.2393 29.0868 2.4
      vertex -14.25 29.25 0
      vertex -14.25 29.25 2.4
    endloop
  endfacet
  facet normal 0.997858 0.0654233 0
    outer loop
      vertex -14.25 29.25 0
      vertex -14.2393 29.0868 2.4
      vertex -14.2393 29.0868 0
    endloop
  endfacet
  facet normal 1 -0 0
    outer loop
      vertex -14.25 29.25 2.4
      vertex -14.25 46.75 0
      vertex -14.25 46.75 2.4
    endloop
  endfacet
  facet normal 1 0 0
    outer loop
      vertex -14.25 46.75 0
      vertex -14.25 29.25 2.4
      vertex -14.25 29.25 0
    endloop
  endfacet
  facet normal 0.997858 -0.0654233 0
    outer loop
      vertex -14.25 46.75 2.4
      vertex -14.2393 46.9132 0
      vertex -14.2393 46.9132 2.4
    endloop
  endfacet
  facet normal 0.997858 -0.0654233 0
    outer loop
      vertex -14.2393 46.9132 0
      vertex -14.25 46.75 2.4
      vertex -14.25 46.75 0
    endloop
  endfacet
  facet normal 0.831674 -0.555265 0
    outer loop
      vertex -14.0825 47.375 2.4
      vertex -13.9917 47.511 0
      vertex -13.9917 47.511 2.4
    endloop
  endfacet
  facet normal 0.831674 -0.555265 0
    outer loop
      vertex -13.9917 47.511 0
      vertex -14.0825 47.375 2.4
      vertex -14.0825 47.375 0
    endloop
  endfacet
  facet normal -0.997858 -0.0654233 0
    outer loop
      vertex -11.75 46.75 0
      vertex -11.7607 46.9132 2.4
      vertex -11.7607 46.9132 0
    endloop
  endfacet
  facet normal -0.997858 -0.0654233 0
    outer loop
      vertex -11.7607 46.9132 2.4
      vertex -11.75 46.75 0
      vertex -11.75 46.75 2.4
    endloop
  endfacet
  facet normal -0.75178 0.659414 0
    outer loop
      vertex -12.1161 28.3661 0
      vertex -12.0083 28.489 2.4
      vertex -12.0083 28.489 0
    endloop
  endfacet
  facet normal -0.75178 0.659414 0
    outer loop
      vertex -12.0083 28.489 2.4
      vertex -12.1161 28.3661 0
      vertex -12.1161 28.3661 2.4
    endloop
  endfacet
  facet normal -0.659414 -0.75178 0
    outer loop
      vertex -12.239 47.7417 0
      vertex -12.1161 47.6339 2.4
      vertex -12.239 47.7417 2.4
    endloop
  endfacet
  facet normal -0.659414 -0.75178 -0
    outer loop
      vertex -12.1161 47.6339 2.4
      vertex -12.239 47.7417 0
      vertex -12.1161 47.6339 0
    endloop
  endfacet
  facet normal -0.320993 -0.947082 0
    outer loop
      vertex -12.6765 47.9574 0
      vertex -12.5216 47.9049 2.4
      vertex -12.6765 47.9574 2.4
    endloop
  endfacet
  facet normal -0.320993 -0.947082 -0
    outer loop
      vertex -12.5216 47.9049 2.4
      vertex -12.6765 47.9574 0
      vertex -12.5216 47.9049 0
    endloop
  endfacet
  facet normal 0.896861 -0.442313 0
    outer loop
      vertex -14.1548 47.2284 2.4
      vertex -14.0825 47.375 0
      vertex -14.0825 47.375 2.4
    endloop
  endfacet
  facet normal 0.896861 -0.442313 0
    outer loop
      vertex -14.0825 47.375 0
      vertex -14.1548 47.2284 2.4
      vertex -14.1548 47.2284 0
    endloop
  endfacet
  facet normal 0.320993 -0.947082 0
    outer loop
      vertex -13.4784 47.9049 0
      vertex -13.3235 47.9574 2.4
      vertex -13.4784 47.9049 2.4
    endloop
  endfacet
  facet normal 0.320993 -0.947082 0
    outer loop
      vertex -13.3235 47.9574 2.4
      vertex -13.4784 47.9049 0
      vertex -13.3235 47.9574 0
    endloop
  endfacet
  facet normal -1 0 0
    outer loop
      vertex -11.75 29.25 0
      vertex -11.75 46.75 2.4
      vertex -11.75 46.75 0
    endloop
  endfacet
  facet normal -1 -0 0
    outer loop
      vertex -11.75 46.75 2.4
      vertex -11.75 29.25 0
      vertex -11.75 29.25 2.4
    endloop
  endfacet
  facet normal -0.442805 0.896618 0
    outer loop
      vertex -12.375 28.1675 0
      vertex -12.5216 28.0951 2.4
      vertex -12.375 28.1675 2.4
    endloop
  endfacet
  facet normal -0.442805 0.896618 0
    outer loop
      vertex -12.5216 28.0951 2.4
      vertex -12.375 28.1675 0
      vertex -12.5216 28.0951 0
    endloop
  endfacet
  facet normal 0.320993 0.947082 -0
    outer loop
      vertex -13.3235 28.0426 0
      vertex -13.4784 28.0951 2.4
      vertex -13.3235 28.0426 2.4
    endloop
  endfacet
  facet normal 0.320993 0.947082 0
    outer loop
      vertex -13.4784 28.0951 2.4
      vertex -13.3235 28.0426 0
      vertex -13.4784 28.0951 0
    endloop
  endfacet
  facet normal 0.896861 0.442313 0
    outer loop
      vertex -14.0825 28.625 2.4
      vertex -14.1548 28.7716 0
      vertex -14.1548 28.7716 2.4
    endloop
  endfacet
  facet normal 0.896861 0.442313 0
    outer loop
      vertex -14.1548 28.7716 0
      vertex -14.0825 28.625 2.4
      vertex -14.0825 28.625 0
    endloop
  endfacet
  facet normal 0.659414 0.75178 -0
    outer loop
      vertex -13.761 28.2583 0
      vertex -13.8839 28.3661 2.4
      vertex -13.761 28.2583 2.4
    endloop
  endfacet
  facet normal 0.659414 0.75178 0
    outer loop
      vertex -13.8839 28.3661 2.4
      vertex -13.761 28.2583 0
      vertex -13.8839 28.3661 0
    endloop
  endfacet
  facet normal -0.947082 -0.320993 0
    outer loop
      vertex -11.7926 47.0735 0
      vertex -11.8451 47.2284 2.4
      vertex -11.8451 47.2284 0
    endloop
  endfacet
  facet normal -0.947082 -0.320993 0
    outer loop
      vertex -11.8451 47.2284 2.4
      vertex -11.7926 47.0735 0
      vertex -11.7926 47.0735 2.4
    endloop
  endfacet
  facet normal -0.831674 -0.555265 0
    outer loop
      vertex -11.9175 47.375 0
      vertex -12.0083 47.511 2.4
      vertex -12.0083 47.511 0
    endloop
  endfacet
  facet normal -0.831674 -0.555265 0
    outer loop
      vertex -12.0083 47.511 2.4
      vertex -11.9175 47.375 0
      vertex -11.9175 47.375 2.4
    endloop
  endfacet
  facet normal -0.896618 -0.442805 0
    outer loop
      vertex -11.8451 47.2284 0
      vertex -11.9175 47.375 2.4
      vertex -11.9175 47.375 0
    endloop
  endfacet
  facet normal -0.896618 -0.442805 0
    outer loop
      vertex -11.9175 47.375 2.4
      vertex -11.8451 47.2284 0
      vertex -11.8451 47.2284 2.4
    endloop
  endfacet
  facet normal -0.75178 -0.659414 0
    outer loop
      vertex -12.0083 47.511 0
      vertex -12.1161 47.6339 2.4
      vertex -12.1161 47.6339 0
    endloop
  endfacet
  facet normal -0.75178 -0.659414 0
    outer loop
      vertex -12.1161 47.6339 2.4
      vertex -12.0083 47.511 0
      vertex -12.0083 47.511 2.4
    endloop
  endfacet
  facet normal -0.442805 -0.896618 0
    outer loop
      vertex -12.5216 47.9049 0
      vertex -12.375 47.8325 2.4
      vertex -12.5216 47.9049 2.4
    endloop
  endfacet
  facet normal -0.442805 -0.896618 -0
    outer loop
      vertex -12.375 47.8325 2.4
      vertex -12.5216 47.9049 0
      vertex -12.375 47.8325 0
    endloop
  endfacet
  facet normal -0.555265 -0.831674 0
    outer loop
      vertex -12.375 47.8325 0
      vertex -12.239 47.7417 2.4
      vertex -12.375 47.8325 2.4
    endloop
  endfacet
  facet normal -0.555265 -0.831674 -0
    outer loop
      vertex -12.239 47.7417 2.4
      vertex -12.375 47.8325 0
      vertex -12.239 47.7417 0
    endloop
  endfacet
  facet normal -0.0654233 -0.997858 0
    outer loop
      vertex -13 48 0
      vertex -12.8368 47.9893 2.4
      vertex -13 48 2.4
    endloop
  endfacet
  facet normal -0.0654233 -0.997858 -0
    outer loop
      vertex -12.8368 47.9893 2.4
      vertex -13 48 0
      vertex -12.8368 47.9893 0
    endloop
  endfacet
  facet normal -0.195175 -0.980768 0
    outer loop
      vertex -12.8368 47.9893 0
      vertex -12.6765 47.9574 2.4
      vertex -12.8368 47.9893 2.4
    endloop
  endfacet
  facet normal -0.195175 -0.980768 -0
    outer loop
      vertex -12.6765 47.9574 2.4
      vertex -12.8368 47.9893 0
      vertex -12.6765 47.9574 0
    endloop
  endfacet
  facet normal 0.75178 -0.659414 0
    outer loop
      vertex -13.9917 47.511 2.4
      vertex -13.8839 47.6339 0
      vertex -13.8839 47.6339 2.4
    endloop
  endfacet
  facet normal 0.75178 -0.659414 0
    outer loop
      vertex -13.8839 47.6339 0
      vertex -13.9917 47.511 2.4
      vertex -13.9917 47.511 0
    endloop
  endfacet
  facet normal 0.980768 -0.195175 0
    outer loop
      vertex -14.2393 46.9132 2.4
      vertex -14.2074 47.0735 0
      vertex -14.2074 47.0735 2.4
    endloop
  endfacet
  facet normal 0.980768 -0.195175 0
    outer loop
      vertex -14.2074 47.0735 0
      vertex -14.2393 46.9132 2.4
      vertex -14.2393 46.9132 0
    endloop
  endfacet
  facet normal 0.946896 -0.321541 0
    outer loop
      vertex -14.2074 47.0735 2.4
      vertex -14.1548 47.2284 0
      vertex -14.1548 47.2284 2.4
    endloop
  endfacet
  facet normal 0.946896 -0.321541 0
    outer loop
      vertex -14.1548 47.2284 0
      vertex -14.2074 47.0735 2.4
      vertex -14.2074 47.0735 0
    endloop
  endfacet
  facet normal 0.442805 -0.896618 0
    outer loop
      vertex -13.625 47.8325 0
      vertex -13.4784 47.9049 2.4
      vertex -13.625 47.8325 2.4
    endloop
  endfacet
  facet normal 0.442805 -0.896618 0
    outer loop
      vertex -13.4784 47.9049 2.4
      vertex -13.625 47.8325 0
      vertex -13.4784 47.9049 0
    endloop
  endfacet
  facet normal 0.195175 -0.980768 0
    outer loop
      vertex -13.3235 47.9574 0
      vertex -13.1632 47.9893 2.4
      vertex -13.3235 47.9574 2.4
    endloop
  endfacet
  facet normal 0.195175 -0.980768 0
    outer loop
      vertex -13.1632 47.9893 2.4
      vertex -13.3235 47.9574 0
      vertex -13.1632 47.9893 0
    endloop
  endfacet
  facet normal 0.0654233 -0.997858 0
    outer loop
      vertex -13.1632 47.9893 0
      vertex -13 48 2.4
      vertex -13.1632 47.9893 2.4
    endloop
  endfacet
  facet normal 0.0654233 -0.997858 0
    outer loop
      vertex -13 48 2.4
      vertex -13.1632 47.9893 0
      vertex -13 48 0
    endloop
  endfacet
  facet normal -0.659414 0.75178 0
    outer loop
      vertex -12.1161 28.3661 0
      vertex -12.239 28.2583 2.4
      vertex -12.1161 28.3661 2.4
    endloop
  endfacet
  facet normal -0.659414 0.75178 0
    outer loop
      vertex -12.239 28.2583 2.4
      vertex -12.1161 28.3661 0
      vertex -12.239 28.2583 0
    endloop
  endfacet
  facet normal -0.195175 0.980768 0
    outer loop
      vertex -12.6765 28.0426 0
      vertex -12.8368 28.0107 2.4
      vertex -12.6765 28.0426 2.4
    endloop
  endfacet
  facet normal -0.195175 0.980768 0
    outer loop
      vertex -12.8368 28.0107 2.4
      vertex -12.6765 28.0426 0
      vertex -12.8368 28.0107 0
    endloop
  endfacet
  facet normal -0.947082 0.320993 0
    outer loop
      vertex -11.8451 28.7716 0
      vertex -11.7926 28.9265 2.4
      vertex -11.7926 28.9265 0
    endloop
  endfacet
  facet normal -0.947082 0.320993 0
    outer loop
      vertex -11.7926 28.9265 2.4
      vertex -11.8451 28.7716 0
      vertex -11.8451 28.7716 2.4
    endloop
  endfacet
  facet normal 0.659414 -0.75178 0
    outer loop
      vertex -13.8839 47.6339 0
      vertex -13.761 47.7417 2.4
      vertex -13.8839 47.6339 2.4
    endloop
  endfacet
  facet normal 0.659414 -0.75178 0
    outer loop
      vertex -13.761 47.7417 2.4
      vertex -13.8839 47.6339 0
      vertex -13.761 47.7417 0
    endloop
  endfacet
  facet normal 0.555265 -0.831674 0
    outer loop
      vertex -13.761 47.7417 0
      vertex -13.625 47.8325 2.4
      vertex -13.761 47.7417 2.4
    endloop
  endfacet
  facet normal 0.555265 -0.831674 0
    outer loop
      vertex -13.625 47.8325 2.4
      vertex -13.761 47.7417 0
      vertex -13.625 47.8325 0
    endloop
  endfacet
  facet normal 0.555265 0.831674 -0
    outer loop
      vertex -13.625 28.1675 0
      vertex -13.761 28.2583 2.4
      vertex -13.625 28.1675 2.4
    endloop
  endfacet
  facet normal 0.555265 0.831674 0
    outer loop
      vertex -13.761 28.2583 2.4
      vertex -13.625 28.1675 0
      vertex -13.761 28.2583 0
    endloop
  endfacet
  facet normal 0.75178 0.659414 0
    outer loop
      vertex -13.8839 28.3661 2.4
      vertex -13.9917 28.489 0
      vertex -13.9917 28.489 2.4
    endloop
  endfacet
  facet normal 0.75178 0.659414 0
    outer loop
      vertex -13.9917 28.489 0
      vertex -13.8839 28.3661 2.4
      vertex -13.8839 28.3661 0
    endloop
  endfacet
  facet normal -0.320993 0.947082 0
    outer loop
      vertex -12.5216 28.0951 0
      vertex -12.6765 28.0426 2.4
      vertex -12.5216 28.0951 2.4
    endloop
  endfacet
  facet normal -0.320993 0.947082 0
    outer loop
      vertex -12.6765 28.0426 2.4
      vertex -12.5216 28.0951 0
      vertex -12.6765 28.0426 0
    endloop
  endfacet
  facet normal 0.0654233 0.997858 -0
    outer loop
      vertex -13 28 0
      vertex -13.1632 28.0107 2.4
      vertex -13 28 2.4
    endloop
  endfacet
  facet normal 0.0654233 0.997858 0
    outer loop
      vertex -13.1632 28.0107 2.4
      vertex -13 28 0
      vertex -13.1632 28.0107 0
    endloop
  endfacet
  facet normal -0.980768 0.195175 0
    outer loop
      vertex -11.7926 28.9265 0
      vertex -11.7607 29.0868 2.4
      vertex -11.7607 29.0868 0
    endloop
  endfacet
  facet normal -0.980768 0.195175 0
    outer loop
      vertex -11.7607 29.0868 2.4
      vertex -11.7926 28.9265 0
      vertex -11.7926 28.9265 2.4
    endloop
  endfacet
  facet normal -0.896618 0.442805 0
    outer loop
      vertex -11.9175 28.625 0
      vertex -11.8451 28.7716 2.4
      vertex -11.8451 28.7716 0
    endloop
  endfacet
  facet normal -0.896618 0.442805 0
    outer loop
      vertex -11.8451 28.7716 2.4
      vertex -11.9175 28.625 0
      vertex -11.9175 28.625 2.4
    endloop
  endfacet
  facet normal -0.831674 0.555265 0
    outer loop
      vertex -12.0083 28.489 0
      vertex -11.9175 28.625 2.4
      vertex -11.9175 28.625 0
    endloop
  endfacet
  facet normal -0.831674 0.555265 0
    outer loop
      vertex -11.9175 28.625 2.4
      vertex -12.0083 28.489 0
      vertex -12.0083 28.489 2.4
    endloop
  endfacet
  facet normal -0.555265 0.831674 0
    outer loop
      vertex -12.239 28.2583 0
      vertex -12.375 28.1675 2.4
      vertex -12.239 28.2583 2.4
    endloop
  endfacet
  facet normal -0.555265 0.831674 0
    outer loop
      vertex -12.375 28.1675 2.4
      vertex -12.239 28.2583 0
      vertex -12.375 28.1675 0
    endloop
  endfacet
  facet normal 0.442805 0.896618 -0
    outer loop
      vertex -13.4784 28.0951 0
      vertex -13.625 28.1675 2.4
      vertex -13.4784 28.0951 2.4
    endloop
  endfacet
  facet normal 0.442805 0.896618 0
    outer loop
      vertex -13.625 28.1675 2.4
      vertex -13.4784 28.0951 0
      vertex -13.625 28.1675 0
    endloop
  endfacet
  facet normal 0.831674 0.555265 0
    outer loop
      vertex -13.9917 28.489 2.4
      vertex -14.0825 28.625 0
      vertex -14.0825 28.625 2.4
    endloop
  endfacet
  facet normal 0.831674 0.555265 0
    outer loop
      vertex -14.0825 28.625 0
      vertex -13.9917 28.489 2.4
      vertex -13.9917 28.489 0
    endloop
  endfacet
  facet normal -0.0654233 0.997858 0
    outer loop
      vertex -12.8368 28.0107 0
      vertex -13 28 2.4
      vertex -12.8368 28.0107 2.4
    endloop
  endfacet
  facet normal -0.0654233 0.997858 0
    outer loop
      vertex -13 28 2.4
      vertex -12.8368 28.0107 0
      vertex -13 28 0
    endloop
  endfacet
  facet normal 0.980768 0.195175 0
    outer loop
      vertex -7.70741 28.9265 2.4
      vertex -7.73931 29.0868 0
      vertex -7.73931 29.0868 2.4
    endloop
  endfacet
  facet normal 0.980768 0.195175 0
    outer loop
      vertex -7.73931 29.0868 0
      vertex -7.70741 28.9265 2.4
      vertex -7.70741 28.9265 0
    endloop
  endfacet
  facet normal 0.94697 0.321322 0
    outer loop
      vertex -7.65485 28.7716 2.4
      vertex -7.70741 28.9265 0
      vertex -7.70741 28.9265 2.4
    endloop
  endfacet
  facet normal 0.94697 0.321322 0
    outer loop
      vertex -7.70741 28.9265 0
      vertex -7.65485 28.7716 2.4
      vertex -7.65485 28.7716 0
    endloop
  endfacet
  facet normal 0.195105 0.980782 -0
    outer loop
      vertex -6.66316 28.0107 0
      vertex -6.82352 28.0426 2.4
      vertex -6.66316 28.0107 2.4
    endloop
  endfacet
  facet normal 0.195105 0.980782 0
    outer loop
      vertex -6.82352 28.0426 2.4
      vertex -6.66316 28.0107 0
      vertex -6.82352 28.0426 0
    endloop
  endfacet
  facet normal -0.980768 -0.195175 0
    outer loop
      vertex -5.26069 46.9132 0
      vertex -5.29259 47.0735 2.4
      vertex -5.29259 47.0735 0
    endloop
  endfacet
  facet normal -0.980768 -0.195175 0
    outer loop
      vertex -5.29259 47.0735 2.4
      vertex -5.26069 46.9132 0
      vertex -5.26069 46.9132 2.4
    endloop
  endfacet
  facet normal -0.997862 0.0653624 0
    outer loop
      vertex -5.26069 29.0868 0
      vertex -5.25 29.25 2.4
      vertex -5.25 29.25 0
    endloop
  endfacet
  facet normal -0.997862 0.0653624 0
    outer loop
      vertex -5.25 29.25 2.4
      vertex -5.26069 29.0868 0
      vertex -5.26069 29.0868 2.4
    endloop
  endfacet
  facet normal 0.997862 0.0653624 0
    outer loop
      vertex -7.73931 29.0868 2.4
      vertex -7.75 29.25 0
      vertex -7.75 29.25 2.4
    endloop
  endfacet
  facet normal 0.997862 0.0653624 0
    outer loop
      vertex -7.75 29.25 0
      vertex -7.73931 29.0868 2.4
      vertex -7.73931 29.0868 0
    endloop
  endfacet
  facet normal 1 -0 0
    outer loop
      vertex -7.75 29.25 2.4
      vertex -7.75 46.75 0
      vertex -7.75 46.75 2.4
    endloop
  endfacet
  facet normal 1 0 0
    outer loop
      vertex -7.75 46.75 0
      vertex -7.75 29.25 2.4
      vertex -7.75 29.25 0
    endloop
  endfacet
  facet normal 0.997862 -0.0653624 0
    outer loop
      vertex -7.75 46.75 2.4
      vertex -7.73931 46.9132 0
      vertex -7.73931 46.9132 2.4
    endloop
  endfacet
  facet normal 0.997862 -0.0653624 0
    outer loop
      vertex -7.73931 46.9132 0
      vertex -7.75 46.75 2.4
      vertex -7.75 46.75 0
    endloop
  endfacet
  facet normal 0.831561 -0.555434 0
    outer loop
      vertex -7.58253 47.375 2.4
      vertex -7.49169 47.511 0
      vertex -7.49169 47.511 2.4
    endloop
  endfacet
  facet normal 0.831561 -0.555434 0
    outer loop
      vertex -7.49169 47.511 0
      vertex -7.58253 47.375 2.4
      vertex -7.58253 47.375 0
    endloop
  endfacet
  facet normal -0.997862 -0.0653624 0
    outer loop
      vertex -5.25 46.75 0
      vertex -5.26069 46.9132 2.4
      vertex -5.26069 46.9132 0
    endloop
  endfacet
  facet normal -0.997862 -0.0653624 0
    outer loop
      vertex -5.26069 46.9132 2.4
      vertex -5.25 46.75 0
      vertex -5.25 46.75 2.4
    endloop
  endfacet
  facet normal -0.75175 0.659448 0
    outer loop
      vertex -5.61612 28.3661 0
      vertex -5.50831 28.489 2.4
      vertex -5.50831 28.489 0
    endloop
  endfacet
  facet normal -0.75175 0.659448 0
    outer loop
      vertex -5.50831 28.489 2.4
      vertex -5.61612 28.3661 0
      vertex -5.61612 28.3661 2.4
    endloop
  endfacet
  facet normal -0.659323 -0.75186 0
    outer loop
      vertex -5.73905 47.7417 0
      vertex -5.61612 47.6339 2.4
      vertex -5.73905 47.7417 2.4
    endloop
  endfacet
  facet normal -0.659323 -0.75186 -0
    outer loop
      vertex -5.61612 47.6339 2.4
      vertex -5.73905 47.7417 0
      vertex -5.61612 47.6339 0
    endloop
  endfacet
  facet normal -0.321123 -0.947038 0
    outer loop
      vertex -6.17648 47.9574 0
      vertex -6.02165 47.9049 2.4
      vertex -6.17648 47.9574 2.4
    endloop
  endfacet
  facet normal -0.321123 -0.947038 -0
    outer loop
      vertex -6.02165 47.9049 2.4
      vertex -6.17648 47.9574 0
      vertex -6.02165 47.9049 0
    endloop
  endfacet
  facet normal 0.896812 -0.442411 0
    outer loop
      vertex -7.65485 47.2284 2.4
      vertex -7.58253 47.375 0
      vertex -7.58253 47.375 2.4
    endloop
  endfacet
  facet normal 0.896812 -0.442411 0
    outer loop
      vertex -7.58253 47.375 0
      vertex -7.65485 47.2284 2.4
      vertex -7.65485 47.2284 0
    endloop
  endfacet
  facet normal 0.321123 -0.947038 0
    outer loop
      vertex -6.97835 47.9049 0
      vertex -6.82352 47.9574 2.4
      vertex -6.97835 47.9049 2.4
    endloop
  endfacet
  facet normal 0.321123 -0.947038 0
    outer loop
      vertex -6.82352 47.9574 2.4
      vertex -6.97835 47.9049 0
      vertex -6.82352 47.9574 0
    endloop
  endfacet
  facet normal -1 0 0
    outer loop
      vertex -5.25 29.25 0
      vertex -5.25 46.75 2.4
      vertex -5.25 46.75 0
    endloop
  endfacet
  facet normal -1 -0 0
    outer loop
      vertex -5.25 46.75 2.4
      vertex -5.25 29.25 0
      vertex -5.25 29.25 2.4
    endloop
  endfacet
  facet normal -0.442683 0.896678 0
    outer loop
      vertex -5.875 28.1675 0
      vertex -6.02165 28.0951 2.4
      vertex -5.875 28.1675 2.4
    endloop
  endfacet
  facet normal -0.442683 0.896678 0
    outer loop
      vertex -6.02165 28.0951 2.4
      vertex -5.875 28.1675 0
      vertex -6.02165 28.0951 0
    endloop
  endfacet
  facet normal 0.321123 0.947038 -0
    outer loop
      vertex -6.82352 28.0426 0
      vertex -6.97835 28.0951 2.4
      vertex -6.82352 28.0426 2.4
    endloop
  endfacet
  facet normal 0.321123 0.947038 0
    outer loop
      vertex -6.97835 28.0951 2.4
      vertex -6.82352 28.0426 0
      vertex -6.97835 28.0951 0
    endloop
  endfacet
  facet normal 0.896812 0.442411 0
    outer loop
      vertex -7.58253 28.625 2.4
      vertex -7.65485 28.7716 0
      vertex -7.65485 28.7716 2.4
    endloop
  endfacet
  facet normal 0.896812 0.442411 0
    outer loop
      vertex -7.65485 28.7716 0
      vertex -7.58253 28.625 2.4
      vertex -7.58253 28.625 0
    endloop
  endfacet
  facet normal 0.659323 0.75186 -0
    outer loop
      vertex -7.26095 28.2583 0
      vertex -7.38388 28.3661 2.4
      vertex -7.26095 28.2583 2.4
    endloop
  endfacet
  facet normal 0.659323 0.75186 0
    outer loop
      vertex -7.38388 28.3661 2.4
      vertex -7.26095 28.2583 0
      vertex -7.38388 28.3661 0
    endloop
  endfacet
  facet normal -0.94697 -0.321322 0
    outer loop
      vertex -5.29259 47.0735 0
      vertex -5.34515 47.2284 2.4
      vertex -5.34515 47.2284 0
    endloop
  endfacet
  facet normal -0.94697 -0.321322 0
    outer loop
      vertex -5.34515 47.2284 2.4
      vertex -5.29259 47.0735 0
      vertex -5.29259 47.0735 2.4
    endloop
  endfacet
  facet normal -0.831561 -0.555434 0
    outer loop
      vertex -5.41747 47.375 0
      vertex -5.50831 47.511 2.4
      vertex -5.50831 47.511 0
    endloop
  endfacet
  facet normal -0.831561 -0.555434 0
    outer loop
      vertex -5.50831 47.511 2.4
      vertex -5.41747 47.375 0
      vertex -5.41747 47.375 2.4
    endloop
  endfacet
  facet normal -0.896812 -0.442411 0
    outer loop
      vertex -5.34515 47.2284 0
      vertex -5.41747 47.375 2.4
      vertex -5.41747 47.375 0
    endloop
  endfacet
  facet normal -0.896812 -0.442411 0
    outer loop
      vertex -5.41747 47.375 2.4
      vertex -5.34515 47.2284 0
      vertex -5.34515 47.2284 2.4
    endloop
  endfacet
  facet normal -0.75175 -0.659448 0
    outer loop
      vertex -5.50831 47.511 0
      vertex -5.61612 47.6339 2.4
      vertex -5.61612 47.6339 0
    endloop
  endfacet
  facet normal -0.75175 -0.659448 0
    outer loop
      vertex -5.61612 47.6339 2.4
      vertex -5.50831 47.511 0
      vertex -5.50831 47.511 2.4
    endloop
  endfacet
  facet normal -0.442683 -0.896678 0
    outer loop
      vertex -6.02165 47.9049 0
      vertex -5.875 47.8325 2.4
      vertex -6.02165 47.9049 2.4
    endloop
  endfacet
  facet normal -0.442683 -0.896678 -0
    outer loop
      vertex -5.875 47.8325 2.4
      vertex -6.02165 47.9049 0
      vertex -5.875 47.8325 0
    endloop
  endfacet
  facet normal -0.555406 -0.831579 0
    outer loop
      vertex -5.875 47.8325 0
      vertex -5.73905 47.7417 2.4
      vertex -5.875 47.8325 2.4
    endloop
  endfacet
  facet normal -0.555406 -0.831579 -0
    outer loop
      vertex -5.73905 47.7417 2.4
      vertex -5.875 47.8325 0
      vertex -5.73905 47.7417 0
    endloop
  endfacet
  facet normal -0.0654392 -0.997857 0
    outer loop
      vertex -6.5 48 0
      vertex -6.33684 47.9893 2.4
      vertex -6.5 48 2.4
    endloop
  endfacet
  facet normal -0.0654392 -0.997857 -0
    outer loop
      vertex -6.33684 47.9893 2.4
      vertex -6.5 48 0
      vertex -6.33684 47.9893 0
    endloop
  endfacet
  facet normal -0.195105 -0.980782 0
    outer loop
      vertex -6.33684 47.9893 0
      vertex -6.17648 47.9574 2.4
      vertex -6.33684 47.9893 2.4
    endloop
  endfacet
  facet normal -0.195105 -0.980782 -0
    outer loop
      vertex -6.17648 47.9574 2.4
      vertex -6.33684 47.9893 0
      vertex -6.17648 47.9574 0
    endloop
  endfacet
  facet normal 0.75175 -0.659448 0
    outer loop
      vertex -7.49169 47.511 2.4
      vertex -7.38388 47.6339 0
      vertex -7.38388 47.6339 2.4
    endloop
  endfacet
  facet normal 0.75175 -0.659448 0
    outer loop
      vertex -7.38388 47.6339 0
      vertex -7.49169 47.511 2.4
      vertex -7.49169 47.511 0
    endloop
  endfacet
  facet normal 0.980768 -0.195175 0
    outer loop
      vertex -7.73931 46.9132 2.4
      vertex -7.70741 47.0735 0
      vertex -7.70741 47.0735 2.4
    endloop
  endfacet
  facet normal 0.980768 -0.195175 0
    outer loop
      vertex -7.70741 47.0735 0
      vertex -7.73931 46.9132 2.4
      vertex -7.73931 46.9132 0
    endloop
  endfacet
  facet normal 0.94697 -0.321322 0
    outer loop
      vertex -7.70741 47.0735 2.4
      vertex -7.65485 47.2284 0
      vertex -7.65485 47.2284 2.4
    endloop
  endfacet
  facet normal 0.94697 -0.321322 0
    outer loop
      vertex -7.65485 47.2284 0
      vertex -7.70741 47.0735 2.4
      vertex -7.70741 47.0735 0
    endloop
  endfacet
  facet normal 0.442683 -0.896678 0
    outer loop
      vertex -7.125 47.8325 0
      vertex -6.97835 47.9049 2.4
      vertex -7.125 47.8325 2.4
    endloop
  endfacet
  facet normal 0.442683 -0.896678 0
    outer loop
      vertex -6.97835 47.9049 2.4
      vertex -7.125 47.8325 0
      vertex -6.97835 47.9049 0
    endloop
  endfacet
  facet normal 0.195105 -0.980782 0
    outer loop
      vertex -6.82352 47.9574 0
      vertex -6.66316 47.9893 2.4
      vertex -6.82352 47.9574 2.4
    endloop
  endfacet
  facet normal 0.195105 -0.980782 0
    outer loop
      vertex -6.66316 47.9893 2.4
      vertex -6.82352 47.9574 0
      vertex -6.66316 47.9893 0
    endloop
  endfacet
  facet normal 0.0654392 -0.997857 0
    outer loop
      vertex -6.66316 47.9893 0
      vertex -6.5 48 2.4
      vertex -6.66316 47.9893 2.4
    endloop
  endfacet
  facet normal 0.0654392 -0.997857 0
    outer loop
      vertex -6.5 48 2.4
      vertex -6.66316 47.9893 0
      vertex -6.5 48 0
    endloop
  endfacet
  facet normal -0.659323 0.75186 0
    outer loop
      vertex -5.61612 28.3661 0
      vertex -5.73905 28.2583 2.4
      vertex -5.61612 28.3661 2.4
    endloop
  endfacet
  facet normal -0.659323 0.75186 0
    outer loop
      vertex -5.73905 28.2583 2.4
      vertex -5.61612 28.3661 0
      vertex -5.73905 28.2583 0
    endloop
  endfacet
  facet normal -0.195105 0.980782 0
    outer loop
      vertex -6.17648 28.0426 0
      vertex -6.33684 28.0107 2.4
      vertex -6.17648 28.0426 2.4
    endloop
  endfacet
  facet normal -0.195105 0.980782 0
    outer loop
      vertex -6.33684 28.0107 2.4
      vertex -6.17648 28.0426 0
      vertex -6.33684 28.0107 0
    endloop
  endfacet
  facet normal -0.94697 0.321322 0
    outer loop
      vertex -5.34515 28.7716 0
      vertex -5.29259 28.9265 2.4
      vertex -5.29259 28.9265 0
    endloop
  endfacet
  facet normal -0.94697 0.321322 0
    outer loop
      vertex -5.29259 28.9265 2.4
      vertex -5.34515 28.7716 0
      vertex -5.34515 28.7716 2.4
    endloop
  endfacet
  facet normal 0.659323 -0.75186 0
    outer loop
      vertex -7.38388 47.6339 0
      vertex -7.26095 47.7417 2.4
      vertex -7.38388 47.6339 2.4
    endloop
  endfacet
  facet normal 0.659323 -0.75186 0
    outer loop
      vertex -7.26095 47.7417 2.4
      vertex -7.38388 47.6339 0
      vertex -7.26095 47.7417 0
    endloop
  endfacet
  facet normal 0.555406 -0.831579 0
    outer loop
      vertex -7.26095 47.7417 0
      vertex -7.125 47.8325 2.4
      vertex -7.26095 47.7417 2.4
    endloop
  endfacet
  facet normal 0.555406 -0.831579 0
    outer loop
      vertex -7.125 47.8325 2.4
      vertex -7.26095 47.7417 0
      vertex -7.125 47.8325 0
    endloop
  endfacet
  facet normal 0.555406 0.831579 -0
    outer loop
      vertex -7.125 28.1675 0
      vertex -7.26095 28.2583 2.4
      vertex -7.125 28.1675 2.4
    endloop
  endfacet
  facet normal 0.555406 0.831579 0
    outer loop
      vertex -7.26095 28.2583 2.4
      vertex -7.125 28.1675 0
      vertex -7.26095 28.2583 0
    endloop
  endfacet
  facet normal 0.75175 0.659448 0
    outer loop
      vertex -7.38388 28.3661 2.4
      vertex -7.49169 28.489 0
      vertex -7.49169 28.489 2.4
    endloop
  endfacet
  facet normal 0.75175 0.659448 0
    outer loop
      vertex -7.49169 28.489 0
      vertex -7.38388 28.3661 2.4
      vertex -7.38388 28.3661 0
    endloop
  endfacet
  facet normal -0.321123 0.947038 0
    outer loop
      vertex -6.02165 28.0951 0
      vertex -6.17648 28.0426 2.4
      vertex -6.02165 28.0951 2.4
    endloop
  endfacet
  facet normal -0.321123 0.947038 0
    outer loop
      vertex -6.17648 28.0426 2.4
      vertex -6.02165 28.0951 0
      vertex -6.17648 28.0426 0
    endloop
  endfacet
  facet normal 0.0654392 0.997857 -0
    outer loop
      vertex -6.5 28 0
      vertex -6.66316 28.0107 2.4
      vertex -6.5 28 2.4
    endloop
  endfacet
  facet normal 0.0654392 0.997857 0
    outer loop
      vertex -6.66316 28.0107 2.4
      vertex -6.5 28 0
      vertex -6.66316 28.0107 0
    endloop
  endfacet
  facet normal -0.980768 0.195175 0
    outer loop
      vertex -5.29259 28.9265 0
      vertex -5.26069 29.0868 2.4
      vertex -5.26069 29.0868 0
    endloop
  endfacet
  facet normal -0.980768 0.195175 0
    outer loop
      vertex -5.26069 29.0868 2.4
      vertex -5.29259 28.9265 0
      vertex -5.29259 28.9265 2.4
    endloop
  endfacet
  facet normal -0.896812 0.442411 0
    outer loop
      vertex -5.41747 28.625 0
      vertex -5.34515 28.7716 2.4
      vertex -5.34515 28.7716 0
    endloop
  endfacet
  facet normal -0.896812 0.442411 0
    outer loop
      vertex -5.34515 28.7716 2.4
      vertex -5.41747 28.625 0
      vertex -5.41747 28.625 2.4
    endloop
  endfacet
  facet normal -0.831561 0.555434 0
    outer loop
      vertex -5.50831 28.489 0
      vertex -5.41747 28.625 2.4
      vertex -5.41747 28.625 0
    endloop
  endfacet
  facet normal -0.831561 0.555434 0
    outer loop
      vertex -5.41747 28.625 2.4
      vertex -5.50831 28.489 0
      vertex -5.50831 28.489 2.4
    endloop
  endfacet
  facet normal -0.555406 0.831579 0
    outer loop
      vertex -5.73905 28.2583 0
      vertex -5.875 28.1675 2.4
      vertex -5.73905 28.2583 2.4
    endloop
  endfacet
  facet normal -0.555406 0.831579 0
    outer loop
      vertex -5.875 28.1675 2.4
      vertex -5.73905 28.2583 0
      vertex -5.875 28.1675 0
    endloop
  endfacet
  facet normal 0.442683 0.896678 -0
    outer loop
      vertex -6.97835 28.0951 0
      vertex -7.125 28.1675 2.4
      vertex -6.97835 28.0951 2.4
    endloop
  endfacet
  facet normal 0.442683 0.896678 0
    outer loop
      vertex -7.125 28.1675 2.4
      vertex -6.97835 28.0951 0
      vertex -7.125 28.1675 0
    endloop
  endfacet
  facet normal 0.831561 0.555434 0
    outer loop
      vertex -7.49169 28.489 2.4
      vertex -7.58253 28.625 0
      vertex -7.58253 28.625 2.4
    endloop
  endfacet
  facet normal 0.831561 0.555434 0
    outer loop
      vertex -7.58253 28.625 0
      vertex -7.49169 28.489 2.4
      vertex -7.49169 28.489 0
    endloop
  endfacet
  facet normal -0.0654392 0.997857 0
    outer loop
      vertex -6.33684 28.0107 0
      vertex -6.5 28 2.4
      vertex -6.33684 28.0107 2.4
    endloop
  endfacet
  facet normal -0.0654392 0.997857 0
    outer loop
      vertex -6.5 28 2.4
      vertex -6.33684 28.0107 0
      vertex -6.5 28 0
    endloop
  endfacet
  facet normal 0.980768 0.195175 0
    outer loop
      vertex -1.20741 28.9265 2.4
      vertex -1.23931 29.0868 0
      vertex -1.23931 29.0868 2.4
    endloop
  endfacet
  facet normal 0.980768 0.195175 0
    outer loop
      vertex -1.23931 29.0868 0
      vertex -1.20741 28.9265 2.4
      vertex -1.20741 28.9265 0
    endloop
  endfacet
  facet normal 0.94697 0.321322 0
    outer loop
      vertex -1.15485 28.7716 2.4
      vertex -1.20741 28.9265 0
      vertex -1.20741 28.9265 2.4
    endloop
  endfacet
  facet normal 0.94697 0.321322 0
    outer loop
      vertex -1.20741 28.9265 0
      vertex -1.15485 28.7716 2.4
      vertex -1.15485 28.7716 0
    endloop
  endfacet
  facet normal 0.195096 0.980784 -0
    outer loop
      vertex -0.163157 28.0107 0
      vertex -0.323524 28.0426 2.4
      vertex -0.163157 28.0107 2.4
    endloop
  endfacet
  facet normal 0.195096 0.980784 0
    outer loop
      vertex -0.323524 28.0426 2.4
      vertex -0.163157 28.0107 0
      vertex -0.323524 28.0426 0
    endloop
  endfacet
  facet normal -0.980768 -0.195175 0
    outer loop
      vertex 1.23931 46.9132 0
      vertex 1.20741 47.0735 2.4
      vertex 1.20741 47.0735 0
    endloop
  endfacet
  facet normal -0.980768 -0.195175 0
    outer loop
      vertex 1.20741 47.0735 2.4
      vertex 1.23931 46.9132 0
      vertex 1.23931 46.9132 2.4
    endloop
  endfacet
  facet normal -0.997862 0.0653624 0
    outer loop
      vertex 1.23931 29.0868 0
      vertex 1.25 29.25 2.4
      vertex 1.25 29.25 0
    endloop
  endfacet
  facet normal -0.997862 0.0653624 0
    outer loop
      vertex 1.25 29.25 2.4
      vertex 1.23931 29.0868 0
      vertex 1.23931 29.0868 2.4
    endloop
  endfacet
  facet normal 0.997862 0.0653624 0
    outer loop
      vertex -1.23931 29.0868 2.4
      vertex -1.25 29.25 0
      vertex -1.25 29.25 2.4
    endloop
  endfacet
  facet normal 0.997862 0.0653624 0
    outer loop
      vertex -1.25 29.25 0
      vertex -1.23931 29.0868 2.4
      vertex -1.23931 29.0868 0
    endloop
  endfacet
  facet normal 1 -0 0
    outer loop
      vertex -1.25 29.25 2.4
      vertex -1.25 46.75 0
      vertex -1.25 46.75 2.4
    endloop
  endfacet
  facet normal 1 0 0
    outer loop
      vertex -1.25 46.75 0
      vertex -1.25 29.25 2.4
      vertex -1.25 29.25 0
    endloop
  endfacet
  facet normal 0.997862 -0.0653624 0
    outer loop
      vertex -1.25 46.75 2.4
      vertex -1.23931 46.9132 0
      vertex -1.23931 46.9132 2.4
    endloop
  endfacet
  facet normal 0.997862 -0.0653624 0
    outer loop
      vertex -1.23931 46.9132 0
      vertex -1.25 46.75 2.4
      vertex -1.25 46.75 0
    endloop
  endfacet
  facet normal -0.997862 -0.0653624 0
    outer loop
      vertex 1.25 46.75 0
      vertex 1.23931 46.9132 2.4
      vertex 1.23931 46.9132 0
    endloop
  endfacet
  facet normal -0.997862 -0.0653624 0
    outer loop
      vertex 1.23931 46.9132 2.4
      vertex 1.25 46.75 0
      vertex 1.25 46.75 2.4
    endloop
  endfacet
  facet normal -0.751753 0.659445 0
    outer loop
      vertex 0.883883 28.3661 0
      vertex 0.991692 28.489 2.4
      vertex 0.991692 28.489 0
    endloop
  endfacet
  facet normal -0.751753 0.659445 0
    outer loop
      vertex 0.991692 28.489 2.4
      vertex 0.883883 28.3661 0
      vertex 0.883883 28.3661 2.4
    endloop
  endfacet
  facet normal -0.659317 -0.751865 0
    outer loop
      vertex 0.760951 47.7417 0
      vertex 0.883883 47.6339 2.4
      vertex 0.760951 47.7417 2.4
    endloop
  endfacet
  facet normal -0.659317 -0.751865 -0
    outer loop
      vertex 0.883883 47.6339 2.4
      vertex 0.760951 47.7417 0
      vertex 0.883883 47.6339 0
    endloop
  endfacet
  facet normal -0.321123 -0.947038 0
    outer loop
      vertex 0.323524 47.9574 0
      vertex 0.478354 47.9049 2.4
      vertex 0.323524 47.9574 2.4
    endloop
  endfacet
  facet normal -0.321123 -0.947038 -0
    outer loop
      vertex 0.478354 47.9049 2.4
      vertex 0.323524 47.9574 0
      vertex 0.478354 47.9049 0
    endloop
  endfacet
  facet normal 0.896812 -0.442411 0
    outer loop
      vertex -1.15485 47.2284 2.4
      vertex -1.08253 47.375 0
      vertex -1.08253 47.375 2.4
    endloop
  endfacet
  facet normal 0.896812 -0.442411 0
    outer loop
      vertex -1.08253 47.375 0
      vertex -1.15485 47.2284 2.4
      vertex -1.15485 47.2284 0
    endloop
  endfacet
  facet normal 0.321123 -0.947038 0
    outer loop
      vertex -0.478354 47.9049 0
      vertex -0.323524 47.9574 2.4
      vertex -0.478354 47.9049 2.4
    endloop
  endfacet
  facet normal 0.321123 -0.947038 0
    outer loop
      vertex -0.323524 47.9574 2.4
      vertex -0.478354 47.9049 0
      vertex -0.323524 47.9574 0
    endloop
  endfacet
  facet normal -1 0 0
    outer loop
      vertex 1.25 29.25 0
      vertex 1.25 46.75 2.4
      vertex 1.25 46.75 0
    endloop
  endfacet
  facet normal -1 -0 0
    outer loop
      vertex 1.25 46.75 2.4
      vertex 1.25 29.25 0
      vertex 1.25 29.25 2.4
    endloop
  endfacet
  facet normal -0.442693 0.896673 0
    outer loop
      vertex 0.625 28.1675 0
      vertex 0.478354 28.0951 2.4
      vertex 0.625 28.1675 2.4
    endloop
  endfacet
  facet normal -0.442693 0.896673 0
    outer loop
      vertex 0.478354 28.0951 2.4
      vertex 0.625 28.1675 0
      vertex 0.478354 28.0951 0
    endloop
  endfacet
  facet normal 0.321123 0.947038 -0
    outer loop
      vertex -0.323524 28.0426 0
      vertex -0.478354 28.0951 2.4
      vertex -0.323524 28.0426 2.4
    endloop
  endfacet
  facet normal 0.321123 0.947038 0
    outer loop
      vertex -0.478354 28.0951 2.4
      vertex -0.323524 28.0426 0
      vertex -0.478354 28.0951 0
    endloop
  endfacet
  facet normal 0.896812 0.442411 0
    outer loop
      vertex -1.08253 28.625 2.4
      vertex -1.15485 28.7716 0
      vertex -1.15485 28.7716 2.4
    endloop
  endfacet
  facet normal 0.896812 0.442411 0
    outer loop
      vertex -1.15485 28.7716 0
      vertex -1.08253 28.625 2.4
      vertex -1.08253 28.625 0
    endloop
  endfacet
  facet normal 0.659317 0.751865 -0
    outer loop
      vertex -0.760951 28.2583 0
      vertex -0.883883 28.3661 2.4
      vertex -0.760951 28.2583 2.4
    endloop
  endfacet
  facet normal 0.659317 0.751865 0
    outer loop
      vertex -0.883883 28.3661 2.4
      vertex -0.760951 28.2583 0
      vertex -0.883883 28.3661 0
    endloop
  endfacet
  facet normal -0.94697 -0.321322 0
    outer loop
      vertex 1.20741 47.0735 0
      vertex 1.15485 47.2284 2.4
      vertex 1.15485 47.2284 0
    endloop
  endfacet
  facet normal -0.94697 -0.321322 0
    outer loop
      vertex 1.15485 47.2284 2.4
      vertex 1.20741 47.0735 0
      vertex 1.20741 47.0735 2.4
    endloop
  endfacet
  facet normal -0.831566 -0.555425 0
    outer loop
      vertex 1.08253 47.375 0
      vertex 0.991692 47.511 2.4
      vertex 0.991692 47.511 0
    endloop
  endfacet
  facet normal -0.831566 -0.555425 0
    outer loop
      vertex 0.991692 47.511 2.4
      vertex 1.08253 47.375 0
      vertex 1.08253 47.375 2.4
    endloop
  endfacet
  facet normal -0.896812 -0.442411 0
    outer loop
      vertex 1.15485 47.2284 0
      vertex 1.08253 47.375 2.4
      vertex 1.08253 47.375 0
    endloop
  endfacet
  facet normal -0.896812 -0.442411 0
    outer loop
      vertex 1.08253 47.375 2.4
      vertex 1.15485 47.2284 0
      vertex 1.15485 47.2284 2.4
    endloop
  endfacet
  facet normal -0.751753 -0.659445 0
    outer loop
      vertex 0.991692 47.511 0
      vertex 0.883883 47.6339 2.4
      vertex 0.883883 47.6339 0
    endloop
  endfacet
  facet normal -0.751753 -0.659445 0
    outer loop
      vertex 0.883883 47.6339 2.4
      vertex 0.991692 47.511 0
      vertex 0.991692 47.511 2.4
    endloop
  endfacet
  facet normal -0.442693 -0.896673 0
    outer loop
      vertex 0.478354 47.9049 0
      vertex 0.625 47.8325 2.4
      vertex 0.478354 47.9049 2.4
    endloop
  endfacet
  facet normal -0.442693 -0.896673 -0
    outer loop
      vertex 0.625 47.8325 2.4
      vertex 0.478354 47.9049 0
      vertex 0.625 47.8325 0
    endloop
  endfacet
  facet normal -0.555403 -0.831581 0
    outer loop
      vertex 0.625 47.8325 0
      vertex 0.760951 47.7417 2.4
      vertex 0.625 47.8325 2.4
    endloop
  endfacet
  facet normal -0.555403 -0.831581 -0
    outer loop
      vertex 0.760951 47.7417 2.4
      vertex 0.625 47.8325 0
      vertex 0.760951 47.7417 0
    endloop
  endfacet
  facet normal -0.0654404 -0.997856 0
    outer loop
      vertex 0 48 0
      vertex 0.163157 47.9893 2.4
      vertex 0 48 2.4
    endloop
  endfacet
  facet normal -0.0654404 -0.997856 -0
    outer loop
      vertex 0.163157 47.9893 2.4
      vertex 0 48 0
      vertex 0.163157 47.9893 0
    endloop
  endfacet
  facet normal -0.195096 -0.980784 0
    outer loop
      vertex 0.163157 47.9893 0
      vertex 0.323524 47.9574 2.4
      vertex 0.163157 47.9893 2.4
    endloop
  endfacet
  facet normal -0.195096 -0.980784 -0
    outer loop
      vertex 0.323524 47.9574 2.4
      vertex 0.163157 47.9893 0
      vertex 0.323524 47.9574 0
    endloop
  endfacet
  facet normal 0.751753 -0.659445 0
    outer loop
      vertex -0.991692 47.511 2.4
      vertex -0.883883 47.6339 0
      vertex -0.883883 47.6339 2.4
    endloop
  endfacet
  facet normal 0.751753 -0.659445 0
    outer loop
      vertex -0.883883 47.6339 0
      vertex -0.991692 47.511 2.4
      vertex -0.991692 47.511 0
    endloop
  endfacet
  facet normal 0.980768 -0.195175 0
    outer loop
      vertex -1.23931 46.9132 2.4
      vertex -1.20741 47.0735 0
      vertex -1.20741 47.0735 2.4
    endloop
  endfacet
  facet normal 0.980768 -0.195175 0
    outer loop
      vertex -1.20741 47.0735 0
      vertex -1.23931 46.9132 2.4
      vertex -1.23931 46.9132 0
    endloop
  endfacet
  facet normal 0.94697 -0.321322 0
    outer loop
      vertex -1.20741 47.0735 2.4
      vertex -1.15485 47.2284 0
      vertex -1.15485 47.2284 2.4
    endloop
  endfacet
  facet normal 0.94697 -0.321322 0
    outer loop
      vertex -1.15485 47.2284 0
      vertex -1.20741 47.0735 2.4
      vertex -1.20741 47.0735 0
    endloop
  endfacet
  facet normal 0.442693 -0.896673 0
    outer loop
      vertex -0.625 47.8325 0
      vertex -0.478354 47.9049 2.4
      vertex -0.625 47.8325 2.4
    endloop
  endfacet
  facet normal 0.442693 -0.896673 0
    outer loop
      vertex -0.478354 47.9049 2.4
      vertex -0.625 47.8325 0
      vertex -0.478354 47.9049 0
    endloop
  endfacet
  facet normal 0.0654404 -0.997856 0
    outer loop
      vertex -0.163157 47.9893 0
      vertex 0 48 2.4
      vertex -0.163157 47.9893 2.4
    endloop
  endfacet
  facet normal 0.0654404 -0.997856 0
    outer loop
      vertex 0 48 2.4
      vertex -0.163157 47.9893 0
      vertex 0 48 0
    endloop
  endfacet
  facet normal -0.195096 0.980784 0
    outer loop
      vertex 0.323524 28.0426 0
      vertex 0.163157 28.0107 2.4
      vertex 0.323524 28.0426 2.4
    endloop
  endfacet
  facet normal -0.195096 0.980784 0
    outer loop
      vertex 0.163157 28.0107 2.4
      vertex 0.323524 28.0426 0
      vertex 0.163157 28.0107 0
    endloop
  endfacet
  facet normal -0.94697 0.321322 0
    outer loop
      vertex 1.15485 28.7716 0
      vertex 1.20741 28.9265 2.4
      vertex 1.20741 28.9265 0
    endloop
  endfacet
  facet normal -0.94697 0.321322 0
    outer loop
      vertex 1.20741 28.9265 2.4
      vertex 1.15485 28.7716 0
      vertex 1.15485 28.7716 2.4
    endloop
  endfacet
  facet normal 0.831566 -0.555425 0
    outer loop
      vertex -1.08253 47.375 2.4
      vertex -0.991692 47.511 0
      vertex -0.991692 47.511 2.4
    endloop
  endfacet
  facet normal 0.831566 -0.555425 0
    outer loop
      vertex -0.991692 47.511 0
      vertex -1.08253 47.375 2.4
      vertex -1.08253 47.375 0
    endloop
  endfacet
  facet normal 0.659317 -0.751865 0
    outer loop
      vertex -0.883883 47.6339 0
      vertex -0.760951 47.7417 2.4
      vertex -0.883883 47.6339 2.4
    endloop
  endfacet
  facet normal 0.659317 -0.751865 0
    outer loop
      vertex -0.760951 47.7417 2.4
      vertex -0.883883 47.6339 0
      vertex -0.760951 47.7417 0
    endloop
  endfacet
  facet normal 0.555403 -0.831581 0
    outer loop
      vertex -0.760951 47.7417 0
      vertex -0.625 47.8325 2.4
      vertex -0.760951 47.7417 2.4
    endloop
  endfacet
  facet normal 0.555403 -0.831581 0
    outer loop
      vertex -0.625 47.8325 2.4
      vertex -0.760951 47.7417 0
      vertex -0.625 47.8325 0
    endloop
  endfacet
  facet normal 0.195096 -0.980784 0
    outer loop
      vertex -0.323524 47.9574 0
      vertex -0.163157 47.9893 2.4
      vertex -0.323524 47.9574 2.4
    endloop
  endfacet
  facet normal 0.195096 -0.980784 0
    outer loop
      vertex -0.163157 47.9893 2.4
      vertex -0.323524 47.9574 0
      vertex -0.163157 47.9893 0
    endloop
  endfacet
  facet normal 0.555403 0.831581 -0
    outer loop
      vertex -0.625 28.1675 0
      vertex -0.760951 28.2583 2.4
      vertex -0.625 28.1675 2.4
    endloop
  endfacet
  facet normal 0.555403 0.831581 0
    outer loop
      vertex -0.760951 28.2583 2.4
      vertex -0.625 28.1675 0
      vertex -0.760951 28.2583 0
    endloop
  endfacet
  facet normal 0.751753 0.659445 0
    outer loop
      vertex -0.883883 28.3661 2.4
      vertex -0.991692 28.489 0
      vertex -0.991692 28.489 2.4
    endloop
  endfacet
  facet normal 0.751753 0.659445 0
    outer loop
      vertex -0.991692 28.489 0
      vertex -0.883883 28.3661 2.4
      vertex -0.883883 28.3661 0
    endloop
  endfacet
  facet normal -0.321123 0.947038 0
    outer loop
      vertex 0.478354 28.0951 0
      vertex 0.323524 28.0426 2.4
      vertex 0.478354 28.0951 2.4
    endloop
  endfacet
  facet normal -0.321123 0.947038 0
    outer loop
      vertex 0.323524 28.0426 2.4
      vertex 0.478354 28.0951 0
      vertex 0.323524 28.0426 0
    endloop
  endfacet
  facet normal 0.0654404 0.997856 -0
    outer loop
      vertex 0 28 0
      vertex -0.163157 28.0107 2.4
      vertex 0 28 2.4
    endloop
  endfacet
  facet normal 0.0654404 0.997856 0
    outer loop
      vertex -0.163157 28.0107 2.4
      vertex 0 28 0
      vertex -0.163157 28.0107 0
    endloop
  endfacet
  facet normal -0.659317 0.751865 0
    outer loop
      vertex 0.883883 28.3661 0
      vertex 0.760951 28.2583 2.4
      vertex 0.883883 28.3661 2.4
    endloop
  endfacet
  facet normal -0.659317 0.751865 0
    outer loop
      vertex 0.760951 28.2583 2.4
      vertex 0.883883 28.3661 0
      vertex 0.760951 28.2583 0
    endloop
  endfacet
  facet normal -0.555403 0.831581 0
    outer loop
      vertex 0.760951 28.2583 0
      vertex 0.625 28.1675 2.4
      vertex 0.760951 28.2583 2.4
    endloop
  endfacet
  facet normal -0.555403 0.831581 0
    outer loop
      vertex 0.625 28.1675 2.4
      vertex 0.760951 28.2583 0
      vertex 0.625 28.1675 0
    endloop
  endfacet
  facet normal -0.980768 0.195175 0
    outer loop
      vertex 1.20741 28.9265 0
      vertex 1.23931 29.0868 2.4
      vertex 1.23931 29.0868 0
    endloop
  endfacet
  facet normal -0.980768 0.195175 0
    outer loop
      vertex 1.23931 29.0868 2.4
      vertex 1.20741 28.9265 0
      vertex 1.20741 28.9265 2.4
    endloop
  endfacet
  facet normal -0.896812 0.442411 0
    outer loop
      vertex 1.08253 28.625 0
      vertex 1.15485 28.7716 2.4
      vertex 1.15485 28.7716 0
    endloop
  endfacet
  facet normal -0.896812 0.442411 0
    outer loop
      vertex 1.15485 28.7716 2.4
      vertex 1.08253 28.625 0
      vertex 1.08253 28.625 2.4
    endloop
  endfacet
  facet normal -0.831566 0.555425 0
    outer loop
      vertex 0.991692 28.489 0
      vertex 1.08253 28.625 2.4
      vertex 1.08253 28.625 0
    endloop
  endfacet
  facet normal -0.831566 0.555425 0
    outer loop
      vertex 1.08253 28.625 2.4
      vertex 0.991692 28.489 0
      vertex 0.991692 28.489 2.4
    endloop
  endfacet
  facet normal 0.442693 0.896673 -0
    outer loop
      vertex -0.478354 28.0951 0
      vertex -0.625 28.1675 2.4
      vertex -0.478354 28.0951 2.4
    endloop
  endfacet
  facet normal 0.442693 0.896673 0
    outer loop
      vertex -0.625 28.1675 2.4
      vertex -0.478354 28.0951 0
      vertex -0.625 28.1675 0
    endloop
  endfacet
  facet normal 0.831566 0.555425 0
    outer loop
      vertex -0.991692 28.489 2.4
      vertex -1.08253 28.625 0
      vertex -1.08253 28.625 2.4
    endloop
  endfacet
  facet normal 0.831566 0.555425 0
    outer loop
      vertex -1.08253 28.625 0
      vertex -0.991692 28.489 2.4
      vertex -0.991692 28.489 0
    endloop
  endfacet
  facet normal -0.0654404 0.997856 0
    outer loop
      vertex 0.163157 28.0107 0
      vertex 0 28 2.4
      vertex 0.163157 28.0107 2.4
    endloop
  endfacet
  facet normal -0.0654404 0.997856 0
    outer loop
      vertex 0 28 2.4
      vertex 0.163157 28.0107 0
      vertex 0 28 0
    endloop
  endfacet
  facet normal 0.980768 0.195175 0
    outer loop
      vertex 5.29259 28.9265 2.4
      vertex 5.26069 29.0868 0
      vertex 5.26069 29.0868 2.4
    endloop
  endfacet
  facet normal 0.980768 0.195175 0
    outer loop
      vertex 5.26069 29.0868 0
      vertex 5.29259 28.9265 2.4
      vertex 5.29259 28.9265 0
    endloop
  endfacet
  facet normal 0.94697 0.321322 0
    outer loop
      vertex 5.34515 28.7716 2.4
      vertex 5.29259 28.9265 0
      vertex 5.29259 28.9265 2.4
    endloop
  endfacet
  facet normal 0.94697 0.321322 0
    outer loop
      vertex 5.29259 28.9265 0
      vertex 5.34515 28.7716 2.4
      vertex 5.34515 28.7716 0
    endloop
  endfacet
  facet normal 0.195105 0.980782 -0
    outer loop
      vertex 6.33684 28.0107 0
      vertex 6.17648 28.0426 2.4
      vertex 6.33684 28.0107 2.4
    endloop
  endfacet
  facet normal 0.195105 0.980782 0
    outer loop
      vertex 6.17648 28.0426 2.4
      vertex 6.33684 28.0107 0
      vertex 6.17648 28.0426 0
    endloop
  endfacet
  facet normal -0.980768 -0.195175 0
    outer loop
      vertex 7.73931 46.9132 0
      vertex 7.70741 47.0735 2.4
      vertex 7.70741 47.0735 0
    endloop
  endfacet
  facet normal -0.980768 -0.195175 0
    outer loop
      vertex 7.70741 47.0735 2.4
      vertex 7.73931 46.9132 0
      vertex 7.73931 46.9132 2.4
    endloop
  endfacet
  facet normal -0.997862 -0.0653624 0
    outer loop
      vertex 7.75 46.75 0
      vertex 7.73931 46.9132 2.4
      vertex 7.73931 46.9132 0
    endloop
  endfacet
  facet normal -0.997862 -0.0653624 0
    outer loop
      vertex 7.73931 46.9132 2.4
      vertex 7.75 46.75 0
      vertex 7.75 46.75 2.4
    endloop
  endfacet
  facet normal -0.997862 0.0653624 0
    outer loop
      vertex 7.73931 29.0868 0
      vertex 7.75 29.25 2.4
      vertex 7.75 29.25 0
    endloop
  endfacet
  facet normal -0.997862 0.0653624 0
    outer loop
      vertex 7.75 29.25 2.4
      vertex 7.73931 29.0868 0
      vertex 7.73931 29.0868 2.4
    endloop
  endfacet
  facet normal 0.997862 0.0653624 0
    outer loop
      vertex 5.26069 29.0868 2.4
      vertex 5.25 29.25 0
      vertex 5.25 29.25 2.4
    endloop
  endfacet
  facet normal 0.997862 0.0653624 0
    outer loop
      vertex 5.25 29.25 0
      vertex 5.26069 29.0868 2.4
      vertex 5.26069 29.0868 0
    endloop
  endfacet
  facet normal 1 -0 0
    outer loop
      vertex 5.25 29.25 2.4
      vertex 5.25 46.75 0
      vertex 5.25 46.75 2.4
    endloop
  endfacet
  facet normal 1 0 0
    outer loop
      vertex 5.25 46.75 0
      vertex 5.25 29.25 2.4
      vertex 5.25 29.25 0
    endloop
  endfacet
  facet normal 0.997862 -0.0653624 0
    outer loop
      vertex 5.25 46.75 2.4
      vertex 5.26069 46.9132 0
      vertex 5.26069 46.9132 2.4
    endloop
  endfacet
  facet normal 0.997862 -0.0653624 0
    outer loop
      vertex 5.26069 46.9132 0
      vertex 5.25 46.75 2.4
      vertex 5.25 46.75 0
    endloop
  endfacet
  facet normal 0.831561 -0.555434 0
    outer loop
      vertex 5.41747 47.375 2.4
      vertex 5.50831 47.511 0
      vertex 5.50831 47.511 2.4
    endloop
  endfacet
  facet normal 0.831561 -0.555434 0
    outer loop
      vertex 5.50831 47.511 0
      vertex 5.41747 47.375 2.4
      vertex 5.41747 47.375 0
    endloop
  endfacet
  facet normal -0.75175 0.659448 0
    outer loop
      vertex 7.38388 28.3661 0
      vertex 7.49169 28.489 2.4
      vertex 7.49169 28.489 0
    endloop
  endfacet
  facet normal -0.75175 0.659448 0
    outer loop
      vertex 7.49169 28.489 2.4
      vertex 7.38388 28.3661 0
      vertex 7.38388 28.3661 2.4
    endloop
  endfacet
  facet normal -0.659323 -0.75186 0
    outer loop
      vertex 7.26095 47.7417 0
      vertex 7.38388 47.6339 2.4
      vertex 7.26095 47.7417 2.4
    endloop
  endfacet
  facet normal -0.659323 -0.75186 -0
    outer loop
      vertex 7.38388 47.6339 2.4
      vertex 7.26095 47.7417 0
      vertex 7.38388 47.6339 0
    endloop
  endfacet
  facet normal -0.321123 -0.947038 0
    outer loop
      vertex 6.82352 47.9574 0
      vertex 6.97835 47.9049 2.4
      vertex 6.82352 47.9574 2.4
    endloop
  endfacet
  facet normal -0.321123 -0.947038 -0
    outer loop
      vertex 6.97835 47.9049 2.4
      vertex 6.82352 47.9574 0
      vertex 6.97835 47.9049 0
    endloop
  endfacet
  facet normal 0.896812 -0.442411 0
    outer loop
      vertex 5.34515 47.2284 2.4
      vertex 5.41747 47.375 0
      vertex 5.41747 47.375 2.4
    endloop
  endfacet
  facet normal 0.896812 -0.442411 0
    outer loop
      vertex 5.41747 47.375 0
      vertex 5.34515 47.2284 2.4
      vertex 5.34515 47.2284 0
    endloop
  endfacet
  facet normal 0.321123 -0.947038 0
    outer loop
      vertex 6.02165 47.9049 0
      vertex 6.17648 47.9574 2.4
      vertex 6.02165 47.9049 2.4
    endloop
  endfacet
  facet normal 0.321123 -0.947038 0
    outer loop
      vertex 6.17648 47.9574 2.4
      vertex 6.02165 47.9049 0
      vertex 6.17648 47.9574 0
    endloop
  endfacet
  facet normal -1 0 0
    outer loop
      vertex 7.75 29.25 0
      vertex 7.75 46.75 2.4
      vertex 7.75 46.75 0
    endloop
  endfacet
  facet normal -1 -0 0
    outer loop
      vertex 7.75 46.75 2.4
      vertex 7.75 29.25 0
      vertex 7.75 29.25 2.4
    endloop
  endfacet
  facet normal -0.442683 0.896678 0
    outer loop
      vertex 7.125 28.1675 0
      vertex 6.97835 28.0951 2.4
      vertex 7.125 28.1675 2.4
    endloop
  endfacet
  facet normal -0.442683 0.896678 0
    outer loop
      vertex 6.97835 28.0951 2.4
      vertex 7.125 28.1675 0
      vertex 6.97835 28.0951 0
    endloop
  endfacet
  facet normal 0.321123 0.947038 -0
    outer loop
      vertex 6.17648 28.0426 0
      vertex 6.02165 28.0951 2.4
      vertex 6.17648 28.0426 2.4
    endloop
  endfacet
  facet normal 0.321123 0.947038 0
    outer loop
      vertex 6.02165 28.0951 2.4
      vertex 6.17648 28.0426 0
      vertex 6.02165 28.0951 0
    endloop
  endfacet
  facet normal 0.896812 0.442411 0
    outer loop
      vertex 5.41747 28.625 2.4
      vertex 5.34515 28.7716 0
      vertex 5.34515 28.7716 2.4
    endloop
  endfacet
  facet normal 0.896812 0.442411 0
    outer loop
      vertex 5.34515 28.7716 0
      vertex 5.41747 28.625 2.4
      vertex 5.41747 28.625 0
    endloop
  endfacet
  facet normal 0.659323 0.75186 -0
    outer loop
      vertex 5.73905 28.2583 0
      vertex 5.61612 28.3661 2.4
      vertex 5.73905 28.2583 2.4
    endloop
  endfacet
  facet normal 0.659323 0.75186 0
    outer loop
      vertex 5.61612 28.3661 2.4
      vertex 5.73905 28.2583 0
      vertex 5.61612 28.3661 0
    endloop
  endfacet
  facet normal -0.94697 -0.321322 0
    outer loop
      vertex 7.70741 47.0735 0
      vertex 7.65485 47.2284 2.4
      vertex 7.65485 47.2284 0
    endloop
  endfacet
  facet normal -0.94697 -0.321322 0
    outer loop
      vertex 7.65485 47.2284 2.4
      vertex 7.70741 47.0735 0
      vertex 7.70741 47.0735 2.4
    endloop
  endfacet
  facet normal -0.896812 -0.442411 0
    outer loop
      vertex 7.65485 47.2284 0
      vertex 7.58253 47.375 2.4
      vertex 7.58253 47.375 0
    endloop
  endfacet
  facet normal -0.896812 -0.442411 0
    outer loop
      vertex 7.58253 47.375 2.4
      vertex 7.65485 47.2284 0
      vertex 7.65485 47.2284 2.4
    endloop
  endfacet
  facet normal -0.75175 -0.659448 0
    outer loop
      vertex 7.49169 47.511 0
      vertex 7.38388 47.6339 2.4
      vertex 7.38388 47.6339 0
    endloop
  endfacet
  facet normal -0.75175 -0.659448 0
    outer loop
      vertex 7.38388 47.6339 2.4
      vertex 7.49169 47.511 0
      vertex 7.49169 47.511 2.4
    endloop
  endfacet
  facet normal -0.555406 -0.831579 0
    outer loop
      vertex 7.125 47.8325 0
      vertex 7.26095 47.7417 2.4
      vertex 7.125 47.8325 2.4
    endloop
  endfacet
  facet normal -0.555406 -0.831579 -0
    outer loop
      vertex 7.26095 47.7417 2.4
      vertex 7.125 47.8325 0
      vertex 7.26095 47.7417 0
    endloop
  endfacet
  facet normal -0.0654392 -0.997857 0
    outer loop
      vertex 6.5 48 0
      vertex 6.66316 47.9893 2.4
      vertex 6.5 48 2.4
    endloop
  endfacet
  facet normal -0.0654392 -0.997857 -0
    outer loop
      vertex 6.66316 47.9893 2.4
      vertex 6.5 48 0
      vertex 6.66316 47.9893 0
    endloop
  endfacet
  facet normal -0.195105 -0.980782 0
    outer loop
      vertex 6.66316 47.9893 0
      vertex 6.82352 47.9574 2.4
      vertex 6.66316 47.9893 2.4
    endloop
  endfacet
  facet normal -0.195105 -0.980782 -0
    outer loop
      vertex 6.82352 47.9574 2.4
      vertex 6.66316 47.9893 0
      vertex 6.82352 47.9574 0
    endloop
  endfacet
  facet normal 0.75175 -0.659448 0
    outer loop
      vertex 5.50831 47.511 2.4
      vertex 5.61612 47.6339 0
      vertex 5.61612 47.6339 2.4
    endloop
  endfacet
  facet normal 0.75175 -0.659448 0
    outer loop
      vertex 5.61612 47.6339 0
      vertex 5.50831 47.511 2.4
      vertex 5.50831 47.511 0
    endloop
  endfacet
  facet normal 0.980768 -0.195175 0
    outer loop
      vertex 5.26069 46.9132 2.4
      vertex 5.29259 47.0735 0
      vertex 5.29259 47.0735 2.4
    endloop
  endfacet
  facet normal 0.980768 -0.195175 0
    outer loop
      vertex 5.29259 47.0735 0
      vertex 5.26069 46.9132 2.4
      vertex 5.26069 46.9132 0
    endloop
  endfacet
  facet normal 0.94697 -0.321322 0
    outer loop
      vertex 5.29259 47.0735 2.4
      vertex 5.34515 47.2284 0
      vertex 5.34515 47.2284 2.4
    endloop
  endfacet
  facet normal 0.94697 -0.321322 0
    outer loop
      vertex 5.34515 47.2284 0
      vertex 5.29259 47.0735 2.4
      vertex 5.29259 47.0735 0
    endloop
  endfacet
  facet normal 0.659323 -0.75186 0
    outer loop
      vertex 5.61612 47.6339 0
      vertex 5.73905 47.7417 2.4
      vertex 5.61612 47.6339 2.4
    endloop
  endfacet
  facet normal 0.659323 -0.75186 0
    outer loop
      vertex 5.73905 47.7417 2.4
      vertex 5.61612 47.6339 0
      vertex 5.73905 47.7417 0
    endloop
  endfacet
  facet normal 0.195105 -0.980782 0
    outer loop
      vertex 6.17648 47.9574 0
      vertex 6.33684 47.9893 2.4
      vertex 6.17648 47.9574 2.4
    endloop
  endfacet
  facet normal 0.195105 -0.980782 0
    outer loop
      vertex 6.33684 47.9893 2.4
      vertex 6.17648 47.9574 0
      vertex 6.33684 47.9893 0
    endloop
  endfacet
  facet normal 0.0654392 -0.997857 0
    outer loop
      vertex 6.33684 47.9893 0
      vertex 6.5 48 2.4
      vertex 6.33684 47.9893 2.4
    endloop
  endfacet
  facet normal 0.0654392 -0.997857 0
    outer loop
      vertex 6.5 48 2.4
      vertex 6.33684 47.9893 0
      vertex 6.5 48 0
    endloop
  endfacet
  facet normal -0.195105 0.980782 0
    outer loop
      vertex 6.82352 28.0426 0
      vertex 6.66316 28.0107 2.4
      vertex 6.82352 28.0426 2.4
    endloop
  endfacet
  facet normal -0.195105 0.980782 0
    outer loop
      vertex 6.66316 28.0107 2.4
      vertex 6.82352 28.0426 0
      vertex 6.66316 28.0107 0
    endloop
  endfacet
  facet normal -0.94697 0.321322 0
    outer loop
      vertex 7.65485 28.7716 0
      vertex 7.70741 28.9265 2.4
      vertex 7.70741 28.9265 0
    endloop
  endfacet
  facet normal -0.94697 0.321322 0
    outer loop
      vertex 7.70741 28.9265 2.4
      vertex 7.65485 28.7716 0
      vertex 7.65485 28.7716 2.4
    endloop
  endfacet
  facet normal -0.831561 -0.555434 0
    outer loop
      vertex 7.58253 47.375 0
      vertex 7.49169 47.511 2.4
      vertex 7.49169 47.511 0
    endloop
  endfacet
  facet normal -0.831561 -0.555434 0
    outer loop
      vertex 7.49169 47.511 2.4
      vertex 7.58253 47.375 0
      vertex 7.58253 47.375 2.4
    endloop
  endfacet
  facet normal -0.442683 -0.896678 0
    outer loop
      vertex 6.97835 47.9049 0
      vertex 7.125 47.8325 2.4
      vertex 6.97835 47.9049 2.4
    endloop
  endfacet
  facet normal -0.442683 -0.896678 -0
    outer loop
      vertex 7.125 47.8325 2.4
      vertex 6.97835 47.9049 0
      vertex 7.125 47.8325 0
    endloop
  endfacet
  facet normal 0.555406 -0.831579 0
    outer loop
      vertex 5.73905 47.7417 0
      vertex 5.875 47.8325 2.4
      vertex 5.73905 47.7417 2.4
    endloop
  endfacet
  facet normal 0.555406 -0.831579 0
    outer loop
      vertex 5.875 47.8325 2.4
      vertex 5.73905 47.7417 0
      vertex 5.875 47.8325 0
    endloop
  endfacet
  facet normal 0.442683 -0.896678 0
    outer loop
      vertex 5.875 47.8325 0
      vertex 6.02165 47.9049 2.4
      vertex 5.875 47.8325 2.4
    endloop
  endfacet
  facet normal 0.442683 -0.896678 0
    outer loop
      vertex 6.02165 47.9049 2.4
      vertex 5.875 47.8325 0
      vertex 6.02165 47.9049 0
    endloop
  endfacet
  facet normal 0.555406 0.831579 -0
    outer loop
      vertex 5.875 28.1675 0
      vertex 5.73905 28.2583 2.4
      vertex 5.875 28.1675 2.4
    endloop
  endfacet
  facet normal 0.555406 0.831579 0
    outer loop
      vertex 5.73905 28.2583 2.4
      vertex 5.875 28.1675 0
      vertex 5.73905 28.2583 0
    endloop
  endfacet
  facet normal 0.75175 0.659448 0
    outer loop
      vertex 5.61612 28.3661 2.4
      vertex 5.50831 28.489 0
      vertex 5.50831 28.489 2.4
    endloop
  endfacet
  facet normal 0.75175 0.659448 0
    outer loop
      vertex 5.50831 28.489 0
      vertex 5.61612 28.3661 2.4
      vertex 5.61612 28.3661 0
    endloop
  endfacet
  facet normal -0.321123 0.947038 0
    outer loop
      vertex 6.97835 28.0951 0
      vertex 6.82352 28.0426 2.4
      vertex 6.97835 28.0951 2.4
    endloop
  endfacet
  facet normal -0.321123 0.947038 0
    outer loop
      vertex 6.82352 28.0426 2.4
      vertex 6.97835 28.0951 0
      vertex 6.82352 28.0426 0
    endloop
  endfacet
  facet normal 0.0654392 0.997857 -0
    outer loop
      vertex 6.5 28 0
      vertex 6.33684 28.0107 2.4
      vertex 6.5 28 2.4
    endloop
  endfacet
  facet normal 0.0654392 0.997857 0
    outer loop
      vertex 6.33684 28.0107 2.4
      vertex 6.5 28 0
      vertex 6.33684 28.0107 0
    endloop
  endfacet
  facet normal -0.659323 0.75186 0
    outer loop
      vertex 7.38388 28.3661 0
      vertex 7.26095 28.2583 2.4
      vertex 7.38388 28.3661 2.4
    endloop
  endfacet
  facet normal -0.659323 0.75186 0
    outer loop
      vertex 7.26095 28.2583 2.4
      vertex 7.38388 28.3661 0
      vertex 7.26095 28.2583 0
    endloop
  endfacet
  facet normal -0.555406 0.831579 0
    outer loop
      vertex 7.26095 28.2583 0
      vertex 7.125 28.1675 2.4
      vertex 7.26095 28.2583 2.4
    endloop
  endfacet
  facet normal -0.555406 0.831579 0
    outer loop
      vertex 7.125 28.1675 2.4
      vertex 7.26095 28.2583 0
      vertex 7.125 28.1675 0
    endloop
  endfacet
  facet normal -0.980768 0.195175 0
    outer loop
      vertex 7.70741 28.9265 0
      vertex 7.73931 29.0868 2.4
      vertex 7.73931 29.0868 0
    endloop
  endfacet
  facet normal -0.980768 0.195175 0
    outer loop
      vertex 7.73931 29.0868 2.4
      vertex 7.70741 28.9265 0
      vertex 7.70741 28.9265 2.4
    endloop
  endfacet
  facet normal -0.896812 0.442411 0
    outer loop
      vertex 7.58253 28.625 0
      vertex 7.65485 28.7716 2.4
      vertex 7.65485 28.7716 0
    endloop
  endfacet
  facet normal -0.896812 0.442411 0
    outer loop
      vertex 7.65485 28.7716 2.4
      vertex 7.58253 28.625 0
      vertex 7.58253 28.625 2.4
    endloop
  endfacet
  facet normal -0.831561 0.555434 0
    outer loop
      vertex 7.49169 28.489 0
      vertex 7.58253 28.625 2.4
      vertex 7.58253 28.625 0
    endloop
  endfacet
  facet normal -0.831561 0.555434 0
    outer loop
      vertex 7.58253 28.625 2.4
      vertex 7.49169 28.489 0
      vertex 7.49169 28.489 2.4
    endloop
  endfacet
  facet normal 0.442683 0.896678 -0
    outer loop
      vertex 6.02165 28.0951 0
      vertex 5.875 28.1675 2.4
      vertex 6.02165 28.0951 2.4
    endloop
  endfacet
  facet normal 0.442683 0.896678 0
    outer loop
      vertex 5.875 28.1675 2.4
      vertex 6.02165 28.0951 0
      vertex 5.875 28.1675 0
    endloop
  endfacet
  facet normal 0.831561 0.555434 0
    outer loop
      vertex 5.50831 28.489 2.4
      vertex 5.41747 28.625 0
      vertex 5.41747 28.625 2.4
    endloop
  endfacet
  facet normal 0.831561 0.555434 0
    outer loop
      vertex 5.41747 28.625 0
      vertex 5.50831 28.489 2.4
      vertex 5.50831 28.489 0
    endloop
  endfacet
  facet normal -0.0654392 0.997857 0
    outer loop
      vertex 6.66316 28.0107 0
      vertex 6.5 28 2.4
      vertex 6.66316 28.0107 2.4
    endloop
  endfacet
  facet normal -0.0654392 0.997857 0
    outer loop
      vertex 6.5 28 2.4
      vertex 6.66316 28.0107 0
      vertex 6.5 28 0
    endloop
  endfacet
  facet normal 0.980768 0.195175 0
    outer loop
      vertex 11.7926 28.9265 2.4
      vertex 11.7607 29.0868 0
      vertex 11.7607 29.0868 2.4
    endloop
  endfacet
  facet normal 0.980768 0.195175 0
    outer loop
      vertex 11.7607 29.0868 0
      vertex 11.7926 28.9265 2.4
      vertex 11.7926 28.9265 0
    endloop
  endfacet
  facet normal 0.947082 0.320993 0
    outer loop
      vertex 11.8451 28.7716 2.4
      vertex 11.7926 28.9265 0
      vertex 11.7926 28.9265 2.4
    endloop
  endfacet
  facet normal 0.947082 0.320993 0
    outer loop
      vertex 11.7926 28.9265 0
      vertex 11.8451 28.7716 2.4
      vertex 11.8451 28.7716 0
    endloop
  endfacet
  facet normal 0.997858 -0.0654233 0
    outer loop
      vertex 11.75 46.75 2.4
      vertex 11.7607 46.9132 0
      vertex 11.7607 46.9132 2.4
    endloop
  endfacet
  facet normal 0.997858 -0.0654233 0
    outer loop
      vertex 11.7607 46.9132 0
      vertex 11.75 46.75 2.4
      vertex 11.75 46.75 0
    endloop
  endfacet
  facet normal -0.980768 -0.195175 0
    outer loop
      vertex 14.2393 46.9132 0
      vertex 14.2074 47.0735 2.4
      vertex 14.2074 47.0735 0
    endloop
  endfacet
  facet normal -0.980768 -0.195175 0
    outer loop
      vertex 14.2074 47.0735 2.4
      vertex 14.2393 46.9132 0
      vertex 14.2393 46.9132 2.4
    endloop
  endfacet
  facet normal -0.997858 0.0654233 0
    outer loop
      vertex 14.2393 29.0868 0
      vertex 14.25 29.25 2.4
      vertex 14.25 29.25 0
    endloop
  endfacet
  facet normal -0.997858 0.0654233 0
    outer loop
      vertex 14.25 29.25 2.4
      vertex 14.2393 29.0868 0
      vertex 14.2393 29.0868 2.4
    endloop
  endfacet
  facet normal -0.320993 0.947082 0
    outer loop
      vertex 13.4784 28.0951 0
      vertex 13.3235 28.0426 2.4
      vertex 13.4784 28.0951 2.4
    endloop
  endfacet
  facet normal -0.320993 0.947082 0
    outer loop
      vertex 13.3235 28.0426 2.4
      vertex 13.4784 28.0951 0
      vertex 13.3235 28.0426 0
    endloop
  endfacet
  facet normal 0.997858 0.0654233 0
    outer loop
      vertex 11.7607 29.0868 2.4
      vertex 11.75 29.25 0
      vertex 11.75 29.25 2.4
    endloop
  endfacet
  facet normal 0.997858 0.0654233 0
    outer loop
      vertex 11.75 29.25 0
      vertex 11.7607 29.0868 2.4
      vertex 11.7607 29.0868 0
    endloop
  endfacet
  facet normal 1 -0 0
    outer loop
      vertex 11.75 29.25 2.4
      vertex 11.75 46.75 0
      vertex 11.75 46.75 2.4
    endloop
  endfacet
  facet normal 1 0 0
    outer loop
      vertex 11.75 46.75 0
      vertex 11.75 29.25 2.4
      vertex 11.75 29.25 0
    endloop
  endfacet
  facet normal -0.997858 -0.0654233 0
    outer loop
      vertex 14.25 46.75 0
      vertex 14.2393 46.9132 2.4
      vertex 14.2393 46.9132 0
    endloop
  endfacet
  facet normal -0.997858 -0.0654233 0
    outer loop
      vertex 14.2393 46.9132 2.4
      vertex 14.25 46.75 0
      vertex 14.25 46.75 2.4
    endloop
  endfacet
  facet normal -0.946896 -0.321541 0
    outer loop
      vertex 14.2074 47.0735 0
      vertex 14.1548 47.2284 2.4
      vertex 14.1548 47.2284 0
    endloop
  endfacet
  facet normal -0.946896 -0.321541 0
    outer loop
      vertex 14.1548 47.2284 2.4
      vertex 14.2074 47.0735 0
      vertex 14.2074 47.0735 2.4
    endloop
  endfacet
  facet normal -0.659414 -0.75178 0
    outer loop
      vertex 13.761 47.7417 0
      vertex 13.8839 47.6339 2.4
      vertex 13.761 47.7417 2.4
    endloop
  endfacet
  facet normal -0.659414 -0.75178 -0
    outer loop
      vertex 13.8839 47.6339 2.4
      vertex 13.761 47.7417 0
      vertex 13.8839 47.6339 0
    endloop
  endfacet
  facet normal -0.0654233 -0.997858 0
    outer loop
      vertex 13 48 0
      vertex 13.1632 47.9893 2.4
      vertex 13 48 2.4
    endloop
  endfacet
  facet normal -0.0654233 -0.997858 -0
    outer loop
      vertex 13.1632 47.9893 2.4
      vertex 13 48 0
      vertex 13.1632 47.9893 0
    endloop
  endfacet
  facet normal 0.659414 -0.75178 0
    outer loop
      vertex 12.1161 47.6339 0
      vertex 12.239 47.7417 2.4
      vertex 12.1161 47.6339 2.4
    endloop
  endfacet
  facet normal 0.659414 -0.75178 0
    outer loop
      vertex 12.239 47.7417 2.4
      vertex 12.1161 47.6339 0
      vertex 12.239 47.7417 0
    endloop
  endfacet
  facet normal -1 0 0
    outer loop
      vertex 14.25 29.25 0
      vertex 14.25 46.75 2.4
      vertex 14.25 46.75 0
    endloop
  endfacet
  facet normal -1 -0 0
    outer loop
      vertex 14.25 46.75 2.4
      vertex 14.25 29.25 0
      vertex 14.25 29.25 2.4
    endloop
  endfacet
  facet normal -0.980768 0.195175 0
    outer loop
      vertex 14.2074 28.9265 0
      vertex 14.2393 29.0868 2.4
      vertex 14.2393 29.0868 0
    endloop
  endfacet
  facet normal -0.980768 0.195175 0
    outer loop
      vertex 14.2393 29.0868 2.4
      vertex 14.2074 28.9265 0
      vertex 14.2074 28.9265 2.4
    endloop
  endfacet
  facet normal -0.946896 0.321541 0
    outer loop
      vertex 14.1548 28.7716 0
      vertex 14.2074 28.9265 2.4
      vertex 14.2074 28.9265 0
    endloop
  endfacet
  facet normal -0.946896 0.321541 0
    outer loop
      vertex 14.2074 28.9265 2.4
      vertex 14.1548 28.7716 0
      vertex 14.1548 28.7716 2.4
    endloop
  endfacet
  facet normal 0.896618 0.442805 0
    outer loop
      vertex 11.9175 28.625 2.4
      vertex 11.8451 28.7716 0
      vertex 11.8451 28.7716 2.4
    endloop
  endfacet
  facet normal 0.896618 0.442805 0
    outer loop
      vertex 11.8451 28.7716 0
      vertex 11.9175 28.625 2.4
      vertex 11.9175 28.625 0
    endloop
  endfacet
  facet normal -0.831674 -0.555265 0
    outer loop
      vertex 14.0825 47.375 0
      vertex 13.9917 47.511 2.4
      vertex 13.9917 47.511 0
    endloop
  endfacet
  facet normal -0.831674 -0.555265 0
    outer loop
      vertex 13.9917 47.511 2.4
      vertex 14.0825 47.375 0
      vertex 14.0825 47.375 2.4
    endloop
  endfacet
  facet normal -0.75178 -0.659414 0
    outer loop
      vertex 13.9917 47.511 0
      vertex 13.8839 47.6339 2.4
      vertex 13.8839 47.6339 0
    endloop
  endfacet
  facet normal -0.75178 -0.659414 0
    outer loop
      vertex 13.8839 47.6339 2.4
      vertex 13.9917 47.511 0
      vertex 13.9917 47.511 2.4
    endloop
  endfacet
  facet normal -0.320993 -0.947082 0
    outer loop
      vertex 13.3235 47.9574 0
      vertex 13.4784 47.9049 2.4
      vertex 13.3235 47.9574 2.4
    endloop
  endfacet
  facet normal -0.320993 -0.947082 -0
    outer loop
      vertex 13.4784 47.9049 2.4
      vertex 13.3235 47.9574 0
      vertex 13.4784 47.9049 0
    endloop
  endfacet
  facet normal -0.195175 -0.980768 0
    outer loop
      vertex 13.1632 47.9893 0
      vertex 13.3235 47.9574 2.4
      vertex 13.1632 47.9893 2.4
    endloop
  endfacet
  facet normal -0.195175 -0.980768 -0
    outer loop
      vertex 13.3235 47.9574 2.4
      vertex 13.1632 47.9893 0
      vertex 13.3235 47.9574 0
    endloop
  endfacet
  facet normal 0.896618 -0.442805 0
    outer loop
      vertex 11.8451 47.2284 2.4
      vertex 11.9175 47.375 0
      vertex 11.9175 47.375 2.4
    endloop
  endfacet
  facet normal 0.896618 -0.442805 0
    outer loop
      vertex 11.9175 47.375 0
      vertex 11.8451 47.2284 2.4
      vertex 11.8451 47.2284 0
    endloop
  endfacet
  facet normal 0.980768 -0.195175 0
    outer loop
      vertex 11.7607 46.9132 2.4
      vertex 11.7926 47.0735 0
      vertex 11.7926 47.0735 2.4
    endloop
  endfacet
  facet normal 0.980768 -0.195175 0
    outer loop
      vertex 11.7926 47.0735 0
      vertex 11.7607 46.9132 2.4
      vertex 11.7607 46.9132 0
    endloop
  endfacet
  facet normal 0.947082 -0.320993 0
    outer loop
      vertex 11.7926 47.0735 2.4
      vertex 11.8451 47.2284 0
      vertex 11.8451 47.2284 2.4
    endloop
  endfacet
  facet normal 0.947082 -0.320993 0
    outer loop
      vertex 11.8451 47.2284 0
      vertex 11.7926 47.0735 2.4
      vertex 11.7926 47.0735 0
    endloop
  endfacet
  facet normal 0.320993 -0.947082 0
    outer loop
      vertex 12.5216 47.9049 0
      vertex 12.6765 47.9574 2.4
      vertex 12.5216 47.9049 2.4
    endloop
  endfacet
  facet normal 0.320993 -0.947082 0
    outer loop
      vertex 12.6765 47.9574 2.4
      vertex 12.5216 47.9049 0
      vertex 12.6765 47.9574 0
    endloop
  endfacet
  facet normal -0.195175 0.980768 0
    outer loop
      vertex 13.3235 28.0426 0
      vertex 13.1632 28.0107 2.4
      vertex 13.3235 28.0426 2.4
    endloop
  endfacet
  facet normal -0.195175 0.980768 0
    outer loop
      vertex 13.1632 28.0107 2.4
      vertex 13.3235 28.0426 0
      vertex 13.1632 28.0107 0
    endloop
  endfacet
  facet normal -0.442805 0.896618 0
    outer loop
      vertex 13.625 28.1675 0
      vertex 13.4784 28.0951 2.4
      vertex 13.625 28.1675 2.4
    endloop
  endfacet
  facet normal -0.442805 0.896618 0
    outer loop
      vertex 13.4784 28.0951 2.4
      vertex 13.625 28.1675 0
      vertex 13.4784 28.0951 0
    endloop
  endfacet
  facet normal 0.320993 0.947082 -0
    outer loop
      vertex 12.6765 28.0426 0
      vertex 12.5216 28.0951 2.4
      vertex 12.6765 28.0426 2.4
    endloop
  endfacet
  facet normal 0.320993 0.947082 0
    outer loop
      vertex 12.5216 28.0951 2.4
      vertex 12.6765 28.0426 0
      vertex 12.5216 28.0951 0
    endloop
  endfacet
  facet normal 0.555265 0.831674 -0
    outer loop
      vertex 12.375 28.1675 0
      vertex 12.239 28.2583 2.4
      vertex 12.375 28.1675 2.4
    endloop
  endfacet
  facet normal 0.555265 0.831674 0
    outer loop
      vertex 12.239 28.2583 2.4
      vertex 12.375 28.1675 0
      vertex 12.239 28.2583 0
    endloop
  endfacet
  facet normal -0.896861 0.442313 0
    outer loop
      vertex 14.0825 28.625 0
      vertex 14.1548 28.7716 2.4
      vertex 14.1548 28.7716 0
    endloop
  endfacet
  facet normal -0.896861 0.442313 0
    outer loop
      vertex 14.1548 28.7716 2.4
      vertex 14.0825 28.625 0
      vertex 14.0825 28.625 2.4
    endloop
  endfacet
  facet normal -0.831674 0.555265 0
    outer loop
      vertex 13.9917 28.489 0
      vertex 14.0825 28.625 2.4
      vertex 14.0825 28.625 0
    endloop
  endfacet
  facet normal -0.831674 0.555265 0
    outer loop
      vertex 14.0825 28.625 2.4
      vertex 13.9917 28.489 0
      vertex 13.9917 28.489 2.4
    endloop
  endfacet
  facet normal -0.896861 -0.442313 0
    outer loop
      vertex 14.1548 47.2284 0
      vertex 14.0825 47.375 2.4
      vertex 14.0825 47.375 0
    endloop
  endfacet
  facet normal -0.896861 -0.442313 0
    outer loop
      vertex 14.0825 47.375 2.4
      vertex 14.1548 47.2284 0
      vertex 14.1548 47.2284 2.4
    endloop
  endfacet
  facet normal -0.442805 -0.896618 0
    outer loop
      vertex 13.4784 47.9049 0
      vertex 13.625 47.8325 2.4
      vertex 13.4784 47.9049 2.4
    endloop
  endfacet
  facet normal -0.442805 -0.896618 -0
    outer loop
      vertex 13.625 47.8325 2.4
      vertex 13.4784 47.9049 0
      vertex 13.625 47.8325 0
    endloop
  endfacet
  facet normal -0.555265 -0.831674 0
    outer loop
      vertex 13.625 47.8325 0
      vertex 13.761 47.7417 2.4
      vertex 13.625 47.8325 2.4
    endloop
  endfacet
  facet normal -0.555265 -0.831674 -0
    outer loop
      vertex 13.761 47.7417 2.4
      vertex 13.625 47.8325 0
      vertex 13.761 47.7417 0
    endloop
  endfacet
  facet normal 0.831674 -0.555265 0
    outer loop
      vertex 11.9175 47.375 2.4
      vertex 12.0083 47.511 0
      vertex 12.0083 47.511 2.4
    endloop
  endfacet
  facet normal 0.831674 -0.555265 0
    outer loop
      vertex 12.0083 47.511 0
      vertex 11.9175 47.375 2.4
      vertex 11.9175 47.375 0
    endloop
  endfacet
  facet normal 0.75178 -0.659414 0
    outer loop
      vertex 12.0083 47.511 2.4
      vertex 12.1161 47.6339 0
      vertex 12.1161 47.6339 2.4
    endloop
  endfacet
  facet normal 0.75178 -0.659414 0
    outer loop
      vertex 12.1161 47.6339 0
      vertex 12.0083 47.511 2.4
      vertex 12.0083 47.511 0
    endloop
  endfacet
  facet normal 0.555265 -0.831674 0
    outer loop
      vertex 12.239 47.7417 0
      vertex 12.375 47.8325 2.4
      vertex 12.239 47.7417 2.4
    endloop
  endfacet
  facet normal 0.555265 -0.831674 0
    outer loop
      vertex 12.375 47.8325 2.4
      vertex 12.239 47.7417 0
      vertex 12.375 47.8325 0
    endloop
  endfacet
  facet normal 0.442805 -0.896618 0
    outer loop
      vertex 12.375 47.8325 0
      vertex 12.5216 47.9049 2.4
      vertex 12.375 47.8325 2.4
    endloop
  endfacet
  facet normal 0.442805 -0.896618 0
    outer loop
      vertex 12.5216 47.9049 2.4
      vertex 12.375 47.8325 0
      vertex 12.5216 47.9049 0
    endloop
  endfacet
  facet normal 0.195175 -0.980768 0
    outer loop
      vertex 12.6765 47.9574 0
      vertex 12.8368 47.9893 2.4
      vertex 12.6765 47.9574 2.4
    endloop
  endfacet
  facet normal 0.195175 -0.980768 0
    outer loop
      vertex 12.8368 47.9893 2.4
      vertex 12.6765 47.9574 0
      vertex 12.8368 47.9893 0
    endloop
  endfacet
  facet normal 0.0654233 -0.997858 0
    outer loop
      vertex 12.8368 47.9893 0
      vertex 13 48 2.4
      vertex 12.8368 47.9893 2.4
    endloop
  endfacet
  facet normal 0.0654233 -0.997858 0
    outer loop
      vertex 13 48 2.4
      vertex 12.8368 47.9893 0
      vertex 13 48 0
    endloop
  endfacet
  facet normal 0.75178 0.659414 0
    outer loop
      vertex 12.1161 28.3661 2.4
      vertex 12.0083 28.489 0
      vertex 12.0083 28.489 2.4
    endloop
  endfacet
  facet normal 0.75178 0.659414 0
    outer loop
      vertex 12.0083 28.489 0
      vertex 12.1161 28.3661 2.4
      vertex 12.1161 28.3661 0
    endloop
  endfacet
  facet normal 0.0654233 0.997858 -0
    outer loop
      vertex 13 28 0
      vertex 12.8368 28.0107 2.4
      vertex 13 28 2.4
    endloop
  endfacet
  facet normal 0.0654233 0.997858 0
    outer loop
      vertex 12.8368 28.0107 2.4
      vertex 13 28 0
      vertex 12.8368 28.0107 0
    endloop
  endfacet
  facet normal -0.659414 0.75178 0
    outer loop
      vertex 13.8839 28.3661 0
      vertex 13.761 28.2583 2.4
      vertex 13.8839 28.3661 2.4
    endloop
  endfacet
  facet normal -0.659414 0.75178 0
    outer loop
      vertex 13.761 28.2583 2.4
      vertex 13.8839 28.3661 0
      vertex 13.761 28.2583 0
    endloop
  endfacet
  facet normal -0.555265 0.831674 0
    outer loop
      vertex 13.761 28.2583 0
      vertex 13.625 28.1675 2.4
      vertex 13.761 28.2583 2.4
    endloop
  endfacet
  facet normal -0.555265 0.831674 0
    outer loop
      vertex 13.625 28.1675 2.4
      vertex 13.761 28.2583 0
      vertex 13.625 28.1675 0
    endloop
  endfacet
  facet normal -0.75178 0.659414 0
    outer loop
      vertex 13.8839 28.3661 0
      vertex 13.9917 28.489 2.4
      vertex 13.9917 28.489 0
    endloop
  endfacet
  facet normal -0.75178 0.659414 0
    outer loop
      vertex 13.9917 28.489 2.4
      vertex 13.8839 28.3661 0
      vertex 13.8839 28.3661 2.4
    endloop
  endfacet
  facet normal 0.831674 0.555265 0
    outer loop
      vertex 12.0083 28.489 2.4
      vertex 11.9175 28.625 0
      vertex 11.9175 28.625 2.4
    endloop
  endfacet
  facet normal 0.831674 0.555265 0
    outer loop
      vertex 11.9175 28.625 0
      vertex 12.0083 28.489 2.4
      vertex 12.0083 28.489 0
    endloop
  endfacet
  facet normal 0.659414 0.75178 -0
    outer loop
      vertex 12.239 28.2583 0
      vertex 12.1161 28.3661 2.4
      vertex 12.239 28.2583 2.4
    endloop
  endfacet
  facet normal 0.659414 0.75178 0
    outer loop
      vertex 12.1161 28.3661 2.4
      vertex 12.239 28.2583 0
      vertex 12.1161 28.3661 0
    endloop
  endfacet
  facet normal 0.195175 0.980768 -0
    outer loop
      vertex 12.8368 28.0107 0
      vertex 12.6765 28.0426 2.4
      vertex 12.8368 28.0107 2.4
    endloop
  endfacet
  facet normal 0.195175 0.980768 0
    outer loop
      vertex 12.6765 28.0426 2.4
      vertex 12.8368 28.0107 0
      vertex 12.6765 28.0426 0
    endloop
  endfacet
  facet normal 0.442805 0.896618 -0
    outer loop
      vertex 12.5216 28.0951 0
      vertex 12.375 28.1675 2.4
      vertex 12.5216 28.0951 2.4
    endloop
  endfacet
  facet normal 0.442805 0.896618 0
    outer loop
      vertex 12.375 28.1675 2.4
      vertex 12.5216 28.0951 0
      vertex 12.375 28.1675 0
    endloop
  endfacet
  facet normal -0.0654233 0.997858 0
    outer loop
      vertex 13.1632 28.0107 0
      vertex 13 28 2.4
      vertex 13.1632 28.0107 2.4
    endloop
  endfacet
  facet normal -0.0654233 0.997858 0
    outer loop
      vertex 13 28 2.4
      vertex 13.1632 28.0107 0
      vertex 13 28 0
    endloop
  endfacet
  facet normal 0.980768 0.195175 0
    outer loop
      vertex 18.2926 28.9265 2.4
      vertex 18.2607 29.0868 0
      vertex 18.2607 29.0868 2.4
    endloop
  endfacet
  facet normal 0.980768 0.195175 0
    outer loop
      vertex 18.2607 29.0868 0
      vertex 18.2926 28.9265 2.4
      vertex 18.2926 28.9265 0
    endloop
  endfacet
  facet normal 0.947082 0.320993 0
    outer loop
      vertex 18.3451 28.7716 2.4
      vertex 18.2926 28.9265 0
      vertex 18.2926 28.9265 2.4
    endloop
  endfacet
  facet normal 0.947082 0.320993 0
    outer loop
      vertex 18.2926 28.9265 0
      vertex 18.3451 28.7716 2.4
      vertex 18.3451 28.7716 0
    endloop
  endfacet
  facet normal -0.980768 -0.195175 0
    outer loop
      vertex 20.7393 46.9132 0
      vertex 20.7074 47.0735 2.4
      vertex 20.7074 47.0735 0
    endloop
  endfacet
  facet normal -0.980768 -0.195175 0
    outer loop
      vertex 20.7074 47.0735 2.4
      vertex 20.7393 46.9132 0
      vertex 20.7393 46.9132 2.4
    endloop
  endfacet
  facet normal -0.997858 -0.0654233 0
    outer loop
      vertex 20.75 46.75 0
      vertex 20.7393 46.9132 2.4
      vertex 20.7393 46.9132 0
    endloop
  endfacet
  facet normal -0.997858 -0.0654233 0
    outer loop
      vertex 20.7393 46.9132 2.4
      vertex 20.75 46.75 0
      vertex 20.75 46.75 2.4
    endloop
  endfacet
  facet normal -0.997858 0.0654233 0
    outer loop
      vertex 20.7393 29.0868 0
      vertex 20.75 29.25 2.4
      vertex 20.75 29.25 0
    endloop
  endfacet
  facet normal -0.997858 0.0654233 0
    outer loop
      vertex 20.75 29.25 2.4
      vertex 20.7393 29.0868 0
      vertex 20.7393 29.0868 2.4
    endloop
  endfacet
  facet normal -0.320993 0.947082 0
    outer loop
      vertex 19.9784 28.0951 0
      vertex 19.8235 28.0426 2.4
      vertex 19.9784 28.0951 2.4
    endloop
  endfacet
  facet normal -0.320993 0.947082 0
    outer loop
      vertex 19.8235 28.0426 2.4
      vertex 19.9784 28.0951 0
      vertex 19.8235 28.0426 0
    endloop
  endfacet
  facet normal 0.997858 0.0654233 0
    outer loop
      vertex 18.2607 29.0868 2.4
      vertex 18.25 29.25 0
      vertex 18.25 29.25 2.4
    endloop
  endfacet
  facet normal 0.997858 0.0654233 0
    outer loop
      vertex 18.25 29.25 0
      vertex 18.2607 29.0868 2.4
      vertex 18.2607 29.0868 0
    endloop
  endfacet
  facet normal 1 -0 0
    outer loop
      vertex 18.25 29.25 2.4
      vertex 18.25 46.75 0
      vertex 18.25 46.75 2.4
    endloop
  endfacet
  facet normal 1 0 0
    outer loop
      vertex 18.25 46.75 0
      vertex 18.25 29.25 2.4
      vertex 18.25 29.25 0
    endloop
  endfacet
  facet normal 0.997858 -0.0654233 0
    outer loop
      vertex 18.25 46.75 2.4
      vertex 18.2607 46.9132 0
      vertex 18.2607 46.9132 2.4
    endloop
  endfacet
  facet normal 0.997858 -0.0654233 0
    outer loop
      vertex 18.2607 46.9132 0
      vertex 18.25 46.75 2.4
      vertex 18.25 46.75 0
    endloop
  endfacet
  facet normal -0.947082 -0.320993 0
    outer loop
      vertex 20.7074 47.0735 0
      vertex 20.6549 47.2284 2.4
      vertex 20.6549 47.2284 0
    endloop
  endfacet
  facet normal -0.947082 -0.320993 0
    outer loop
      vertex 20.6549 47.2284 2.4
      vertex 20.7074 47.0735 0
      vertex 20.7074 47.0735 2.4
    endloop
  endfacet
  facet normal -0.659414 -0.75178 0
    outer loop
      vertex 20.261 47.7417 0
      vertex 20.3839 47.6339 2.4
      vertex 20.261 47.7417 2.4
    endloop
  endfacet
  facet normal -0.659414 -0.75178 -0
    outer loop
      vertex 20.3839 47.6339 2.4
      vertex 20.261 47.7417 0
      vertex 20.3839 47.6339 0
    endloop
  endfacet
  facet normal -0.0654233 -0.997858 0
    outer loop
      vertex 19.5 48 0
      vertex 19.6632 47.9893 2.4
      vertex 19.5 48 2.4
    endloop
  endfacet
  facet normal -0.0654233 -0.997858 -0
    outer loop
      vertex 19.6632 47.9893 2.4
      vertex 19.5 48 0
      vertex 19.6632 47.9893 0
    endloop
  endfacet
  facet normal 0.659414 -0.75178 0
    outer loop
      vertex 18.6161 47.6339 0
      vertex 18.739 47.7417 2.4
      vertex 18.6161 47.6339 2.4
    endloop
  endfacet
  facet normal 0.659414 -0.75178 0
    outer loop
      vertex 18.739 47.7417 2.4
      vertex 18.6161 47.6339 0
      vertex 18.739 47.7417 0
    endloop
  endfacet
  facet normal -1 0 0
    outer loop
      vertex 20.75 29.25 0
      vertex 20.75 46.75 2.4
      vertex 20.75 46.75 0
    endloop
  endfacet
  facet normal -1 -0 0
    outer loop
      vertex 20.75 46.75 2.4
      vertex 20.75 29.25 0
      vertex 20.75 29.25 2.4
    endloop
  endfacet
  facet normal -0.980768 0.195175 0
    outer loop
      vertex 20.7074 28.9265 0
      vertex 20.7393 29.0868 2.4
      vertex 20.7393 29.0868 0
    endloop
  endfacet
  facet normal -0.980768 0.195175 0
    outer loop
      vertex 20.7393 29.0868 2.4
      vertex 20.7074 28.9265 0
      vertex 20.7074 28.9265 2.4
    endloop
  endfacet
  facet normal -0.947082 0.320993 0
    outer loop
      vertex 20.6549 28.7716 0
      vertex 20.7074 28.9265 2.4
      vertex 20.7074 28.9265 0
    endloop
  endfacet
  facet normal -0.947082 0.320993 0
    outer loop
      vertex 20.7074 28.9265 2.4
      vertex 20.6549 28.7716 0
      vertex 20.6549 28.7716 2.4
    endloop
  endfacet
  facet normal 0.896618 0.442805 0
    outer loop
      vertex 18.4175 28.625 2.4
      vertex 18.3451 28.7716 0
      vertex 18.3451 28.7716 2.4
    endloop
  endfacet
  facet normal 0.896618 0.442805 0
    outer loop
      vertex 18.3451 28.7716 0
      vertex 18.4175 28.625 2.4
      vertex 18.4175 28.625 0
    endloop
  endfacet
  facet normal -0.831674 -0.555265 0
    outer loop
      vertex 20.5825 47.375 0
      vertex 20.4917 47.511 2.4
      vertex 20.4917 47.511 0
    endloop
  endfacet
  facet normal -0.831674 -0.555265 0
    outer loop
      vertex 20.4917 47.511 2.4
      vertex 20.5825 47.375 0
      vertex 20.5825 47.375 2.4
    endloop
  endfacet
  facet normal -0.75178 -0.659414 0
    outer loop
      vertex 20.4917 47.511 0
      vertex 20.3839 47.6339 2.4
      vertex 20.3839 47.6339 0
    endloop
  endfacet
  facet normal -0.75178 -0.659414 0
    outer loop
      vertex 20.3839 47.6339 2.4
      vertex 20.4917 47.511 0
      vertex 20.4917 47.511 2.4
    endloop
  endfacet
  facet normal -0.320993 -0.947082 0
    outer loop
      vertex 19.8235 47.9574 0
      vertex 19.9784 47.9049 2.4
      vertex 19.8235 47.9574 2.4
    endloop
  endfacet
  facet normal -0.320993 -0.947082 -0
    outer loop
      vertex 19.9784 47.9049 2.4
      vertex 19.8235 47.9574 0
      vertex 19.9784 47.9049 0
    endloop
  endfacet
  facet normal -0.195175 -0.980768 0
    outer loop
      vertex 19.6632 47.9893 0
      vertex 19.8235 47.9574 2.4
      vertex 19.6632 47.9893 2.4
    endloop
  endfacet
  facet normal -0.195175 -0.980768 -0
    outer loop
      vertex 19.8235 47.9574 2.4
      vertex 19.6632 47.9893 0
      vertex 19.8235 47.9574 0
    endloop
  endfacet
  facet normal 0.896618 -0.442805 0
    outer loop
      vertex 18.3451 47.2284 2.4
      vertex 18.4175 47.375 0
      vertex 18.4175 47.375 2.4
    endloop
  endfacet
  facet normal 0.896618 -0.442805 0
    outer loop
      vertex 18.4175 47.375 0
      vertex 18.3451 47.2284 2.4
      vertex 18.3451 47.2284 0
    endloop
  endfacet
  facet normal 0.980768 -0.195175 0
    outer loop
      vertex 18.2607 46.9132 2.4
      vertex 18.2926 47.0735 0
      vertex 18.2926 47.0735 2.4
    endloop
  endfacet
  facet normal 0.980768 -0.195175 0
    outer loop
      vertex 18.2926 47.0735 0
      vertex 18.2607 46.9132 2.4
      vertex 18.2607 46.9132 0
    endloop
  endfacet
  facet normal 0.947082 -0.320993 0
    outer loop
      vertex 18.2926 47.0735 2.4
      vertex 18.3451 47.2284 0
      vertex 18.3451 47.2284 2.4
    endloop
  endfacet
  facet normal 0.947082 -0.320993 0
    outer loop
      vertex 18.3451 47.2284 0
      vertex 18.2926 47.0735 2.4
      vertex 18.2926 47.0735 0
    endloop
  endfacet
  facet normal 0.320993 -0.947082 0
    outer loop
      vertex 19.0216 47.9049 0
      vertex 19.1765 47.9574 2.4
      vertex 19.0216 47.9049 2.4
    endloop
  endfacet
  facet normal 0.320993 -0.947082 0
    outer loop
      vertex 19.1765 47.9574 2.4
      vertex 19.0216 47.9049 0
      vertex 19.1765 47.9574 0
    endloop
  endfacet
  facet normal -0.195175 0.980768 0
    outer loop
      vertex 19.8235 28.0426 0
      vertex 19.6632 28.0107 2.4
      vertex 19.8235 28.0426 2.4
    endloop
  endfacet
  facet normal -0.195175 0.980768 0
    outer loop
      vertex 19.6632 28.0107 2.4
      vertex 19.8235 28.0426 0
      vertex 19.6632 28.0107 0
    endloop
  endfacet
  facet normal -0.442805 0.896618 0
    outer loop
      vertex 20.125 28.1675 0
      vertex 19.9784 28.0951 2.4
      vertex 20.125 28.1675 2.4
    endloop
  endfacet
  facet normal -0.442805 0.896618 0
    outer loop
      vertex 19.9784 28.0951 2.4
      vertex 20.125 28.1675 0
      vertex 19.9784 28.0951 0
    endloop
  endfacet
  facet normal 0.320993 0.947082 -0
    outer loop
      vertex 19.1765 28.0426 0
      vertex 19.0216 28.0951 2.4
      vertex 19.1765 28.0426 2.4
    endloop
  endfacet
  facet normal 0.320993 0.947082 0
    outer loop
      vertex 19.0216 28.0951 2.4
      vertex 19.1765 28.0426 0
      vertex 19.0216 28.0951 0
    endloop
  endfacet
  facet normal -0.896618 0.442805 0
    outer loop
      vertex 20.5825 28.625 0
      vertex 20.6549 28.7716 2.4
      vertex 20.6549 28.7716 0
    endloop
  endfacet
  facet normal -0.896618 0.442805 0
    outer loop
      vertex 20.6549 28.7716 2.4
      vertex 20.5825 28.625 0
      vertex 20.5825 28.625 2.4
    endloop
  endfacet
  facet normal -0.831674 0.555265 0
    outer loop
      vertex 20.4917 28.489 0
      vertex 20.5825 28.625 2.4
      vertex 20.5825 28.625 0
    endloop
  endfacet
  facet normal -0.831674 0.555265 0
    outer loop
      vertex 20.5825 28.625 2.4
      vertex 20.4917 28.489 0
      vertex 20.4917 28.489 2.4
    endloop
  endfacet
  facet normal -0.896618 -0.442805 0
    outer loop
      vertex 20.6549 47.2284 0
      vertex 20.5825 47.375 2.4
      vertex 20.5825 47.375 0
    endloop
  endfacet
  facet normal -0.896618 -0.442805 0
    outer loop
      vertex 20.5825 47.375 2.4
      vertex 20.6549 47.2284 0
      vertex 20.6549 47.2284 2.4
    endloop
  endfacet
  facet normal -0.442805 -0.896618 0
    outer loop
      vertex 19.9784 47.9049 0
      vertex 20.125 47.8325 2.4
      vertex 19.9784 47.9049 2.4
    endloop
  endfacet
  facet normal -0.442805 -0.896618 -0
    outer loop
      vertex 20.125 47.8325 2.4
      vertex 19.9784 47.9049 0
      vertex 20.125 47.8325 0
    endloop
  endfacet
  facet normal -0.555265 -0.831674 0
    outer loop
      vertex 20.125 47.8325 0
      vertex 20.261 47.7417 2.4
      vertex 20.125 47.8325 2.4
    endloop
  endfacet
  facet normal -0.555265 -0.831674 -0
    outer loop
      vertex 20.261 47.7417 2.4
      vertex 20.125 47.8325 0
      vertex 20.261 47.7417 0
    endloop
  endfacet
  facet normal 0.831674 -0.555265 0
    outer loop
      vertex 18.4175 47.375 2.4
      vertex 18.5083 47.511 0
      vertex 18.5083 47.511 2.4
    endloop
  endfacet
  facet normal 0.831674 -0.555265 0
    outer loop
      vertex 18.5083 47.511 0
      vertex 18.4175 47.375 2.4
      vertex 18.4175 47.375 0
    endloop
  endfacet
  facet normal 0.75178 -0.659414 0
    outer loop
      vertex 18.5083 47.511 2.4
      vertex 18.6161 47.6339 0
      vertex 18.6161 47.6339 2.4
    endloop
  endfacet
  facet normal 0.75178 -0.659414 0
    outer loop
      vertex 18.6161 47.6339 0
      vertex 18.5083 47.511 2.4
      vertex 18.5083 47.511 0
    endloop
  endfacet
  facet normal 0.555265 -0.831674 0
    outer loop
      vertex 18.739 47.7417 0
      vertex 18.875 47.8325 2.4
      vertex 18.739 47.7417 2.4
    endloop
  endfacet
  facet normal 0.555265 -0.831674 0
    outer loop
      vertex 18.875 47.8325 2.4
      vertex 18.739 47.7417 0
      vertex 18.875 47.8325 0
    endloop
  endfacet
  facet normal 0.442805 -0.896618 0
    outer loop
      vertex 18.875 47.8325 0
      vertex 19.0216 47.9049 2.4
      vertex 18.875 47.8325 2.4
    endloop
  endfacet
  facet normal 0.442805 -0.896618 0
    outer loop
      vertex 19.0216 47.9049 2.4
      vertex 18.875 47.8325 0
      vertex 19.0216 47.9049 0
    endloop
  endfacet
  facet normal 0.195175 -0.980768 0
    outer loop
      vertex 19.1765 47.9574 0
      vertex 19.3368 47.9893 2.4
      vertex 19.1765 47.9574 2.4
    endloop
  endfacet
  facet normal 0.195175 -0.980768 0
    outer loop
      vertex 19.3368 47.9893 2.4
      vertex 19.1765 47.9574 0
      vertex 19.3368 47.9893 0
    endloop
  endfacet
  facet normal 0.0654233 -0.997858 0
    outer loop
      vertex 19.3368 47.9893 0
      vertex 19.5 48 2.4
      vertex 19.3368 47.9893 2.4
    endloop
  endfacet
  facet normal 0.0654233 -0.997858 0
    outer loop
      vertex 19.5 48 2.4
      vertex 19.3368 47.9893 0
      vertex 19.5 48 0
    endloop
  endfacet
  facet normal 0.75178 0.659414 0
    outer loop
      vertex 18.6161 28.3661 2.4
      vertex 18.5083 28.489 0
      vertex 18.5083 28.489 2.4
    endloop
  endfacet
  facet normal 0.75178 0.659414 0
    outer loop
      vertex 18.5083 28.489 0
      vertex 18.6161 28.3661 2.4
      vertex 18.6161 28.3661 0
    endloop
  endfacet
  facet normal 0.0654233 0.997858 -0
    outer loop
      vertex 19.5 28 0
      vertex 19.3368 28.0107 2.4
      vertex 19.5 28 2.4
    endloop
  endfacet
  facet normal 0.0654233 0.997858 0
    outer loop
      vertex 19.3368 28.0107 2.4
      vertex 19.5 28 0
      vertex 19.3368 28.0107 0
    endloop
  endfacet
  facet normal -0.659414 0.75178 0
    outer loop
      vertex 20.3839 28.3661 0
      vertex 20.261 28.2583 2.4
      vertex 20.3839 28.3661 2.4
    endloop
  endfacet
  facet normal -0.659414 0.75178 0
    outer loop
      vertex 20.261 28.2583 2.4
      vertex 20.3839 28.3661 0
      vertex 20.261 28.2583 0
    endloop
  endfacet
  facet normal -0.555265 0.831674 0
    outer loop
      vertex 20.261 28.2583 0
      vertex 20.125 28.1675 2.4
      vertex 20.261 28.2583 2.4
    endloop
  endfacet
  facet normal -0.555265 0.831674 0
    outer loop
      vertex 20.125 28.1675 2.4
      vertex 20.261 28.2583 0
      vertex 20.125 28.1675 0
    endloop
  endfacet
  facet normal -0.75178 0.659414 0
    outer loop
      vertex 20.3839 28.3661 0
      vertex 20.4917 28.489 2.4
      vertex 20.4917 28.489 0
    endloop
  endfacet
  facet normal -0.75178 0.659414 0
    outer loop
      vertex 20.4917 28.489 2.4
      vertex 20.3839 28.3661 0
      vertex 20.3839 28.3661 2.4
    endloop
  endfacet
  facet normal 0.831674 0.555265 0
    outer loop
      vertex 18.5083 28.489 2.4
      vertex 18.4175 28.625 0
      vertex 18.4175 28.625 2.4
    endloop
  endfacet
  facet normal 0.831674 0.555265 0
    outer loop
      vertex 18.4175 28.625 0
      vertex 18.5083 28.489 2.4
      vertex 18.5083 28.489 0
    endloop
  endfacet
  facet normal 0.659414 0.75178 -0
    outer loop
      vertex 18.739 28.2583 0
      vertex 18.6161 28.3661 2.4
      vertex 18.739 28.2583 2.4
    endloop
  endfacet
  facet normal 0.659414 0.75178 0
    outer loop
      vertex 18.6161 28.3661 2.4
      vertex 18.739 28.2583 0
      vertex 18.6161 28.3661 0
    endloop
  endfacet
  facet normal 0.195175 0.980768 -0
    outer loop
      vertex 19.3368 28.0107 0
      vertex 19.1765 28.0426 2.4
      vertex 19.3368 28.0107 2.4
    endloop
  endfacet
  facet normal 0.195175 0.980768 0
    outer loop
      vertex 19.1765 28.0426 2.4
      vertex 19.3368 28.0107 0
      vertex 19.1765 28.0426 0
    endloop
  endfacet
  facet normal 0.442805 0.896618 -0
    outer loop
      vertex 19.0216 28.0951 0
      vertex 18.875 28.1675 2.4
      vertex 19.0216 28.0951 2.4
    endloop
  endfacet
  facet normal 0.442805 0.896618 0
    outer loop
      vertex 18.875 28.1675 2.4
      vertex 19.0216 28.0951 0
      vertex 18.875 28.1675 0
    endloop
  endfacet
  facet normal 0.555265 0.831674 -0
    outer loop
      vertex 18.875 28.1675 0
      vertex 18.739 28.2583 2.4
      vertex 18.875 28.1675 2.4
    endloop
  endfacet
  facet normal 0.555265 0.831674 0
    outer loop
      vertex 18.739 28.2583 2.4
      vertex 18.875 28.1675 0
      vertex 18.739 28.2583 0
    endloop
  endfacet
  facet normal -0.0654233 0.997858 0
    outer loop
      vertex 19.6632 28.0107 0
      vertex 19.5 28 2.4
      vertex 19.6632 28.0107 2.4
    endloop
  endfacet
  facet normal -0.0654233 0.997858 0
    outer loop
      vertex 19.5 28 2.4
      vertex 19.6632 28.0107 0
      vertex 19.5 28 0
    endloop
  endfacet
  facet normal 0.980768 0.195175 0
    outer loop
      vertex 24.7926 28.9265 2.4
      vertex 24.7607 29.0868 0
      vertex 24.7607 29.0868 2.4
    endloop
  endfacet
  facet normal 0.980768 0.195175 0
    outer loop
      vertex 24.7607 29.0868 0
      vertex 24.7926 28.9265 2.4
      vertex 24.7926 28.9265 0
    endloop
  endfacet
  facet normal 0.947082 0.320993 0
    outer loop
      vertex 24.8451 28.7716 2.4
      vertex 24.7926 28.9265 0
      vertex 24.7926 28.9265 2.4
    endloop
  endfacet
  facet normal 0.947082 0.320993 0
    outer loop
      vertex 24.7926 28.9265 0
      vertex 24.8451 28.7716 2.4
      vertex 24.8451 28.7716 0
    endloop
  endfacet
  facet normal -0.980768 -0.195175 0
    outer loop
      vertex 27.2393 46.9132 0
      vertex 27.2074 47.0735 2.4
      vertex 27.2074 47.0735 0
    endloop
  endfacet
  facet normal -0.980768 -0.195175 0
    outer loop
      vertex 27.2074 47.0735 2.4
      vertex 27.2393 46.9132 0
      vertex 27.2393 46.9132 2.4
    endloop
  endfacet
  facet normal -0.997858 0.0654233 0
    outer loop
      vertex 27.2393 29.0868 0
      vertex 27.25 29.25 2.4
      vertex 27.25 29.25 0
    endloop
  endfacet
  facet normal -0.997858 0.0654233 0
    outer loop
      vertex 27.25 29.25 2.4
      vertex 27.2393 29.0868 0
      vertex 27.2393 29.0868 2.4
    endloop
  endfacet
  facet normal -0.320993 0.947082 0
    outer loop
      vertex 26.4784 28.0951 0
      vertex 26.3235 28.0426 2.4
      vertex 26.4784 28.0951 2.4
    endloop
  endfacet
  facet normal -0.320993 0.947082 0
    outer loop
      vertex 26.3235 28.0426 2.4
      vertex 26.4784 28.0951 0
      vertex 26.3235 28.0426 0
    endloop
  endfacet
  facet normal 0.997858 0.0654233 0
    outer loop
      vertex 24.7607 29.0868 2.4
      vertex 24.75 29.25 0
      vertex 24.75 29.25 2.4
    endloop
  endfacet
  facet normal 0.997858 0.0654233 0
    outer loop
      vertex 24.75 29.25 0
      vertex 24.7607 29.0868 2.4
      vertex 24.7607 29.0868 0
    endloop
  endfacet
  facet normal 1 -0 0
    outer loop
      vertex 24.75 29.25 2.4
      vertex 24.75 46.75 0
      vertex 24.75 46.75 2.4
    endloop
  endfacet
  facet normal 1 0 0
    outer loop
      vertex 24.75 46.75 0
      vertex 24.75 29.25 2.4
      vertex 24.75 29.25 0
    endloop
  endfacet
  facet normal 0.997858 -0.0654233 0
    outer loop
      vertex 24.75 46.75 2.4
      vertex 24.7607 46.9132 0
      vertex 24.7607 46.9132 2.4
    endloop
  endfacet
  facet normal 0.997858 -0.0654233 0
    outer loop
      vertex 24.7607 46.9132 0
      vertex 24.75 46.75 2.4
      vertex 24.75 46.75 0
    endloop
  endfacet
  facet normal -0.997858 -0.0654233 0
    outer loop
      vertex 27.25 46.75 0
      vertex 27.2393 46.9132 2.4
      vertex 27.2393 46.9132 0
    endloop
  endfacet
  facet normal -0.997858 -0.0654233 0
    outer loop
      vertex 27.2393 46.9132 2.4
      vertex 27.25 46.75 0
      vertex 27.25 46.75 2.4
    endloop
  endfacet
  facet normal -0.947082 -0.320993 0
    outer loop
      vertex 27.2074 47.0735 0
      vertex 27.1549 47.2284 2.4
      vertex 27.1549 47.2284 0
    endloop
  endfacet
  facet normal -0.947082 -0.320993 0
    outer loop
      vertex 27.1549 47.2284 2.4
      vertex 27.2074 47.0735 0
      vertex 27.2074 47.0735 2.4
    endloop
  endfacet
  facet normal -0.659414 -0.75178 0
    outer loop
      vertex 26.761 47.7417 0
      vertex 26.8839 47.6339 2.4
      vertex 26.761 47.7417 2.4
    endloop
  endfacet
  facet normal -0.659414 -0.75178 -0
    outer loop
      vertex 26.8839 47.6339 2.4
      vertex 26.761 47.7417 0
      vertex 26.8839 47.6339 0
    endloop
  endfacet
  facet normal -0.0654233 -0.997858 0
    outer loop
      vertex 26 48 0
      vertex 26.1632 47.9893 2.4
      vertex 26 48 2.4
    endloop
  endfacet
  facet normal -0.0654233 -0.997858 -0
    outer loop
      vertex 26.1632 47.9893 2.4
      vertex 26 48 0
      vertex 26.1632 47.9893 0
    endloop
  endfacet
  facet normal 0.659414 -0.75178 0
    outer loop
      vertex 25.1161 47.6339 0
      vertex 25.239 47.7417 2.4
      vertex 25.1161 47.6339 2.4
    endloop
  endfacet
  facet normal 0.659414 -0.75178 0
    outer loop
      vertex 25.239 47.7417 2.4
      vertex 25.1161 47.6339 0
      vertex 25.239 47.7417 0
    endloop
  endfacet
  facet normal -1 0 0
    outer loop
      vertex 27.25 29.25 0
      vertex 27.25 46.75 2.4
      vertex 27.25 46.75 0
    endloop
  endfacet
  facet normal -1 -0 0
    outer loop
      vertex 27.25 46.75 2.4
      vertex 27.25 29.25 0
      vertex 27.25 29.25 2.4
    endloop
  endfacet
  facet normal -0.980768 0.195175 0
    outer loop
      vertex 27.2074 28.9265 0
      vertex 27.2393 29.0868 2.4
      vertex 27.2393 29.0868 0
    endloop
  endfacet
  facet normal -0.980768 0.195175 0
    outer loop
      vertex 27.2393 29.0868 2.4
      vertex 27.2074 28.9265 0
      vertex 27.2074 28.9265 2.4
    endloop
  endfacet
  facet normal -0.947082 0.320993 0
    outer loop
      vertex 27.1549 28.7716 0
      vertex 27.2074 28.9265 2.4
      vertex 27.2074 28.9265 0
    endloop
  endfacet
  facet normal -0.947082 0.320993 0
    outer loop
      vertex 27.2074 28.9265 2.4
      vertex 27.1549 28.7716 0
      vertex 27.1549 28.7716 2.4
    endloop
  endfacet
  facet normal 0.896618 0.442805 0
    outer loop
      vertex 24.9175 28.625 2.4
      vertex 24.8451 28.7716 0
      vertex 24.8451 28.7716 2.4
    endloop
  endfacet
  facet normal 0.896618 0.442805 0
    outer loop
      vertex 24.8451 28.7716 0
      vertex 24.9175 28.625 2.4
      vertex 24.9175 28.625 0
    endloop
  endfacet
  facet normal -0.831674 -0.555265 0
    outer loop
      vertex 27.0825 47.375 0
      vertex 26.9917 47.511 2.4
      vertex 26.9917 47.511 0
    endloop
  endfacet
  facet normal -0.831674 -0.555265 0
    outer loop
      vertex 26.9917 47.511 2.4
      vertex 27.0825 47.375 0
      vertex 27.0825 47.375 2.4
    endloop
  endfacet
  facet normal -0.75178 -0.659414 0
    outer loop
      vertex 26.9917 47.511 0
      vertex 26.8839 47.6339 2.4
      vertex 26.8839 47.6339 0
    endloop
  endfacet
  facet normal -0.75178 -0.659414 0
    outer loop
      vertex 26.8839 47.6339 2.4
      vertex 26.9917 47.511 0
      vertex 26.9917 47.511 2.4
    endloop
  endfacet
  facet normal -0.320993 -0.947082 0
    outer loop
      vertex 26.3235 47.9574 0
      vertex 26.4784 47.9049 2.4
      vertex 26.3235 47.9574 2.4
    endloop
  endfacet
  facet normal -0.320993 -0.947082 -0
    outer loop
      vertex 26.4784 47.9049 2.4
      vertex 26.3235 47.9574 0
      vertex 26.4784 47.9049 0
    endloop
  endfacet
  facet normal -0.195175 -0.980768 0
    outer loop
      vertex 26.1632 47.9893 0
      vertex 26.3235 47.9574 2.4
      vertex 26.1632 47.9893 2.4
    endloop
  endfacet
  facet normal -0.195175 -0.980768 -0
    outer loop
      vertex 26.3235 47.9574 2.4
      vertex 26.1632 47.9893 0
      vertex 26.3235 47.9574 0
    endloop
  endfacet
  facet normal 0.896618 -0.442805 0
    outer loop
      vertex 24.8451 47.2284 2.4
      vertex 24.9175 47.375 0
      vertex 24.9175 47.375 2.4
    endloop
  endfacet
  facet normal 0.896618 -0.442805 0
    outer loop
      vertex 24.9175 47.375 0
      vertex 24.8451 47.2284 2.4
      vertex 24.8451 47.2284 0
    endloop
  endfacet
  facet normal 0.980768 -0.195175 0
    outer loop
      vertex 24.7607 46.9132 2.4
      vertex 24.7926 47.0735 0
      vertex 24.7926 47.0735 2.4
    endloop
  endfacet
  facet normal 0.980768 -0.195175 0
    outer loop
      vertex 24.7926 47.0735 0
      vertex 24.7607 46.9132 2.4
      vertex 24.7607 46.9132 0
    endloop
  endfacet
  facet normal 0.947082 -0.320993 0
    outer loop
      vertex 24.7926 47.0735 2.4
      vertex 24.8451 47.2284 0
      vertex 24.8451 47.2284 2.4
    endloop
  endfacet
  facet normal 0.947082 -0.320993 0
    outer loop
      vertex 24.8451 47.2284 0
      vertex 24.7926 47.0735 2.4
      vertex 24.7926 47.0735 0
    endloop
  endfacet
  facet normal 0.320993 -0.947082 0
    outer loop
      vertex 25.5216 47.9049 0
      vertex 25.6765 47.9574 2.4
      vertex 25.5216 47.9049 2.4
    endloop
  endfacet
  facet normal 0.320993 -0.947082 0
    outer loop
      vertex 25.6765 47.9574 2.4
      vertex 25.5216 47.9049 0
      vertex 25.6765 47.9574 0
    endloop
  endfacet
  facet normal -0.195175 0.980768 0
    outer loop
      vertex 26.3235 28.0426 0
      vertex 26.1632 28.0107 2.4
      vertex 26.3235 28.0426 2.4
    endloop
  endfacet
  facet normal -0.195175 0.980768 0
    outer loop
      vertex 26.1632 28.0107 2.4
      vertex 26.3235 28.0426 0
      vertex 26.1632 28.0107 0
    endloop
  endfacet
  facet normal 0.320993 0.947082 -0
    outer loop
      vertex 25.6765 28.0426 0
      vertex 25.5216 28.0951 2.4
      vertex 25.6765 28.0426 2.4
    endloop
  endfacet
  facet normal 0.320993 0.947082 0
    outer loop
      vertex 25.5216 28.0951 2.4
      vertex 25.6765 28.0426 0
      vertex 25.5216 28.0951 0
    endloop
  endfacet
  facet normal -0.896618 0.442805 0
    outer loop
      vertex 27.0825 28.625 0
      vertex 27.1549 28.7716 2.4
      vertex 27.1549 28.7716 0
    endloop
  endfacet
  facet normal -0.896618 0.442805 0
    outer loop
      vertex 27.1549 28.7716 2.4
      vertex 27.0825 28.625 0
      vertex 27.0825 28.625 2.4
    endloop
  endfacet
  facet normal -0.831674 0.555265 0
    outer loop
      vertex 26.9917 28.489 0
      vertex 27.0825 28.625 2.4
      vertex 27.0825 28.625 0
    endloop
  endfacet
  facet normal -0.831674 0.555265 0
    outer loop
      vertex 27.0825 28.625 2.4
      vertex 26.9917 28.489 0
      vertex 26.9917 28.489 2.4
    endloop
  endfacet
  facet normal -0.896618 -0.442805 0
    outer loop
      vertex 27.1549 47.2284 0
      vertex 27.0825 47.375 2.4
      vertex 27.0825 47.375 0
    endloop
  endfacet
  facet normal -0.896618 -0.442805 0
    outer loop
      vertex 27.0825 47.375 2.4
      vertex 27.1549 47.2284 0
      vertex 27.1549 47.2284 2.4
    endloop
  endfacet
  facet normal -0.442805 -0.896618 0
    outer loop
      vertex 26.4784 47.9049 0
      vertex 26.625 47.8325 2.4
      vertex 26.4784 47.9049 2.4
    endloop
  endfacet
  facet normal -0.442805 -0.896618 -0
    outer loop
      vertex 26.625 47.8325 2.4
      vertex 26.4784 47.9049 0
      vertex 26.625 47.8325 0
    endloop
  endfacet
  facet normal -0.555265 -0.831674 0
    outer loop
      vertex 26.625 47.8325 0
      vertex 26.761 47.7417 2.4
      vertex 26.625 47.8325 2.4
    endloop
  endfacet
  facet normal -0.555265 -0.831674 -0
    outer loop
      vertex 26.761 47.7417 2.4
      vertex 26.625 47.8325 0
      vertex 26.761 47.7417 0
    endloop
  endfacet
  facet normal 0.831674 -0.555265 0
    outer loop
      vertex 24.9175 47.375 2.4
      vertex 25.0083 47.511 0
      vertex 25.0083 47.511 2.4
    endloop
  endfacet
  facet normal 0.831674 -0.555265 0
    outer loop
      vertex 25.0083 47.511 0
      vertex 24.9175 47.375 2.4
      vertex 24.9175 47.375 0
    endloop
  endfacet
  facet normal 0.75178 -0.659414 0
    outer loop
      vertex 25.0083 47.511 2.4
      vertex 25.1161 47.6339 0
      vertex 25.1161 47.6339 2.4
    endloop
  endfacet
  facet normal 0.75178 -0.659414 0
    outer loop
      vertex 25.1161 47.6339 0
      vertex 25.0083 47.511 2.4
      vertex 25.0083 47.511 0
    endloop
  endfacet
  facet normal 0.555265 -0.831674 0
    outer loop
      vertex 25.239 47.7417 0
      vertex 25.375 47.8325 2.4
      vertex 25.239 47.7417 2.4
    endloop
  endfacet
  facet normal 0.555265 -0.831674 0
    outer loop
      vertex 25.375 47.8325 2.4
      vertex 25.239 47.7417 0
      vertex 25.375 47.8325 0
    endloop
  endfacet
  facet normal 0.442805 -0.896618 0
    outer loop
      vertex 25.375 47.8325 0
      vertex 25.5216 47.9049 2.4
      vertex 25.375 47.8325 2.4
    endloop
  endfacet
  facet normal 0.442805 -0.896618 0
    outer loop
      vertex 25.5216 47.9049 2.4
      vertex 25.375 47.8325 0
      vertex 25.5216 47.9049 0
    endloop
  endfacet
  facet normal 0.195175 -0.980768 0
    outer loop
      vertex 25.6765 47.9574 0
      vertex 25.8368 47.9893 2.4
      vertex 25.6765 47.9574 2.4
    endloop
  endfacet
  facet normal 0.195175 -0.980768 0
    outer loop
      vertex 25.8368 47.9893 2.4
      vertex 25.6765 47.9574 0
      vertex 25.8368 47.9893 0
    endloop
  endfacet
  facet normal 0.0654233 -0.997858 0
    outer loop
      vertex 25.8368 47.9893 0
      vertex 26 48 2.4
      vertex 25.8368 47.9893 2.4
    endloop
  endfacet
  facet normal 0.0654233 -0.997858 0
    outer loop
      vertex 26 48 2.4
      vertex 25.8368 47.9893 0
      vertex 26 48 0
    endloop
  endfacet
  facet normal 0.75178 0.659414 0
    outer loop
      vertex 25.1161 28.3661 2.4
      vertex 25.0083 28.489 0
      vertex 25.0083 28.489 2.4
    endloop
  endfacet
  facet normal 0.75178 0.659414 0
    outer loop
      vertex 25.0083 28.489 0
      vertex 25.1161 28.3661 2.4
      vertex 25.1161 28.3661 0
    endloop
  endfacet
  facet normal 0.0654233 0.997858 -0
    outer loop
      vertex 26 28 0
      vertex 25.8368 28.0107 2.4
      vertex 26 28 2.4
    endloop
  endfacet
  facet normal 0.0654233 0.997858 0
    outer loop
      vertex 25.8368 28.0107 2.4
      vertex 26 28 0
      vertex 25.8368 28.0107 0
    endloop
  endfacet
  facet normal -0.659414 0.75178 0
    outer loop
      vertex 26.8839 28.3661 0
      vertex 26.761 28.2583 2.4
      vertex 26.8839 28.3661 2.4
    endloop
  endfacet
  facet normal -0.659414 0.75178 0
    outer loop
      vertex 26.761 28.2583 2.4
      vertex 26.8839 28.3661 0
      vertex 26.761 28.2583 0
    endloop
  endfacet
  facet normal -0.555265 0.831674 0
    outer loop
      vertex 26.761 28.2583 0
      vertex 26.625 28.1675 2.4
      vertex 26.761 28.2583 2.4
    endloop
  endfacet
  facet normal -0.555265 0.831674 0
    outer loop
      vertex 26.625 28.1675 2.4
      vertex 26.761 28.2583 0
      vertex 26.625 28.1675 0
    endloop
  endfacet
  facet normal -0.442805 0.896618 0
    outer loop
      vertex 26.625 28.1675 0
      vertex 26.4784 28.0951 2.4
      vertex 26.625 28.1675 2.4
    endloop
  endfacet
  facet normal -0.442805 0.896618 0
    outer loop
      vertex 26.4784 28.0951 2.4
      vertex 26.625 28.1675 0
      vertex 26.4784 28.0951 0
    endloop
  endfacet
  facet normal -0.75178 0.659414 0
    outer loop
      vertex 26.8839 28.3661 0
      vertex 26.9917 28.489 2.4
      vertex 26.9917 28.489 0
    endloop
  endfacet
  facet normal -0.75178 0.659414 0
    outer loop
      vertex 26.9917 28.489 2.4
      vertex 26.8839 28.3661 0
      vertex 26.8839 28.3661 2.4
    endloop
  endfacet
  facet normal 0.831674 0.555265 0
    outer loop
      vertex 25.0083 28.489 2.4
      vertex 24.9175 28.625 0
      vertex 24.9175 28.625 2.4
    endloop
  endfacet
  facet normal 0.831674 0.555265 0
    outer loop
      vertex 24.9175 28.625 0
      vertex 25.0083 28.489 2.4
      vertex 25.0083 28.489 0
    endloop
  endfacet
  facet normal 0.659414 0.75178 -0
    outer loop
      vertex 25.239 28.2583 0
      vertex 25.1161 28.3661 2.4
      vertex 25.239 28.2583 2.4
    endloop
  endfacet
  facet normal 0.659414 0.75178 0
    outer loop
      vertex 25.1161 28.3661 2.4
      vertex 25.239 28.2583 0
      vertex 25.1161 28.3661 0
    endloop
  endfacet
  facet normal 0.195175 0.980768 -0
    outer loop
      vertex 25.8368 28.0107 0
      vertex 25.6765 28.0426 2.4
      vertex 25.8368 28.0107 2.4
    endloop
  endfacet
  facet normal 0.195175 0.980768 0
    outer loop
      vertex 25.6765 28.0426 2.4
      vertex 25.8368 28.0107 0
      vertex 25.6765 28.0426 0
    endloop
  endfacet
  facet normal 0.442805 0.896618 -0
    outer loop
      vertex 25.5216 28.0951 0
      vertex 25.375 28.1675 2.4
      vertex 25.5216 28.0951 2.4
    endloop
  endfacet
  facet normal 0.442805 0.896618 0
    outer loop
      vertex 25.375 28.1675 2.4
      vertex 25.5216 28.0951 0
      vertex 25.375 28.1675 0
    endloop
  endfacet
  facet normal 0.555265 0.831674 -0
    outer loop
      vertex 25.375 28.1675 0
      vertex 25.239 28.2583 2.4
      vertex 25.375 28.1675 2.4
    endloop
  endfacet
  facet normal 0.555265 0.831674 0
    outer loop
      vertex 25.239 28.2583 2.4
      vertex 25.375 28.1675 0
      vertex 25.239 28.2583 0
    endloop
  endfacet
  facet normal -0.0654233 0.997858 0
    outer loop
      vertex 26.1632 28.0107 0
      vertex 26 28 2.4
      vertex 26.1632 28.0107 2.4
    endloop
  endfacet
  facet normal -0.0654233 0.997858 0
    outer loop
      vertex 26 28 2.4
      vertex 26.1632 28.0107 0
      vertex 26 28 0
    endloop
  endfacet
  facet normal 0.980824 0.194894 0
    outer loop
      vertex -101.358 -55.3376 22.5
      vertex -101.539 -54.4267 2.4
      vertex -101.539 -54.4267 22.5
    endloop
  endfacet
  facet normal 0.980824 0.194894 0
    outer loop
      vertex -101.539 -54.4267 2.4
      vertex -101.358 -55.3376 22.5
      vertex -101.358 -55.3376 2.4
    endloop
  endfacet
  facet normal 0.94711 0.320908 0
    outer loop
      vertex -101.06 -56.2171 22.5
      vertex -101.358 -55.3376 2.4
      vertex -101.358 -55.3376 22.5
    endloop
  endfacet
  facet normal 0.94711 0.320908 0
    outer loop
      vertex -101.358 -55.3376 2.4
      vertex -101.06 -56.2171 22.5
      vertex -101.06 -56.2171 2.4
    endloop
  endfacet
  facet normal 0 0 1
    outer loop
      vertex 15 -30 2.4
      vertex -10 -59.4 2.4
      vertex 10 -59.4 2.4
    endloop
  endfacet
  facet normal -0 0 1
    outer loop
      vertex -15 -30 2.4
      vertex -10 -59.4 2.4
      vertex 15 -30 2.4
    endloop
  endfacet
  facet normal 0 0 1
    outer loop
      vertex -15.5221 -29.9658 2.4
      vertex -10 -59.4 2.4
      vertex -15 -30 2.4
    endloop
  endfacet
  facet normal 0 0 1
    outer loop
      vertex -16.0353 -29.8637 2.4
      vertex -10 -59.4 2.4
      vertex -15.5221 -29.9658 2.4
    endloop
  endfacet
  facet normal 0 0 1
    outer loop
      vertex -16.5307 -29.6955 2.4
      vertex -10 -59.4 2.4
      vertex -16.0353 -29.8637 2.4
    endloop
  endfacet
  facet normal 0 0 1
    outer loop
      vertex -17 -29.4641 2.4
      vertex -10 -59.4 2.4
      vertex -16.5307 -29.6955 2.4
    endloop
  endfacet
  facet normal 0 0 1
    outer loop
      vertex -17.435 -29.1734 2.4
      vertex -10 -59.4 2.4
      vertex -17 -29.4641 2.4
    endloop
  endfacet
  facet normal 0 0 1
    outer loop
      vertex -17.8284 -28.8284 2.4
      vertex -10 -59.4 2.4
      vertex -17.435 -29.1734 2.4
    endloop
  endfacet
  facet normal 0 0 1
    outer loop
      vertex -18.1734 -28.435 2.4
      vertex -10 -59.4 2.4
      vertex -17.8284 -28.8284 2.4
    endloop
  endfacet
  facet normal 0 0 1
    outer loop
      vertex -94.5 -60.6 2.4
      vertex -10 -59.4 2.4
      vertex -18.1734 -28.435 2.4
    endloop
  endfacet
  facet normal 0 0 1
    outer loop
      vertex -94.5 -60.6 2.4
      vertex -18.1734 -28.435 2.4
      vertex -18.4641 -28 2.4
    endloop
  endfacet
  facet normal 0 0 1
    outer loop
      vertex -94.5 -60.6 2.4
      vertex -18.4641 -28 2.4
      vertex -18.6955 -27.5307 2.4
    endloop
  endfacet
  facet normal 0 0 1
    outer loop
      vertex -94.5 -60.6 2.4
      vertex -18.6955 -27.5307 2.4
      vertex -18.8637 -27.0353 2.4
    endloop
  endfacet
  facet normal 0 0 1
    outer loop
      vertex -17.435 -6.82659 2.4
      vertex -26.3235 28.0426 2.4
      vertex -17.8284 -7.17157 2.4
    endloop
  endfacet
  facet normal 0 0 1
    outer loop
      vertex -26.4784 28.0951 2.4
      vertex -17.8284 -7.17157 2.4
      vertex -26.3235 28.0426 2.4
    endloop
  endfacet
  facet normal -0 0 1
    outer loop
      vertex -54.25 14 2.4
      vertex -17.8284 -7.17157 2.4
      vertex -26.4784 28.0951 2.4
    endloop
  endfacet
  facet normal 0 0 1
    outer loop
      vertex -18.1734 -7.56495 2.4
      vertex -54.25 14 2.4
      vertex -18.4641 -8 2.4
    endloop
  endfacet
  facet normal 0 0 1
    outer loop
      vertex -25.8368 28.0107 2.4
      vertex -19.6632 28.0107 2.4
      vertex -19.8235 28.0426 2.4
    endloop
  endfacet
  facet normal 0 0 1
    outer loop
      vertex -25.6765 28.0426 2.4
      vertex -19.8235 28.0426 2.4
      vertex -19.9784 28.0951 2.4
    endloop
  endfacet
  facet normal 0 0 1
    outer loop
      vertex -25.5216 28.0951 2.4
      vertex -19.9784 28.0951 2.4
      vertex -20.125 28.1675 2.4
    endloop
  endfacet
  facet normal 0 0 1
    outer loop
      vertex -25.375 28.1675 2.4
      vertex -20.125 28.1675 2.4
      vertex -20.261 28.2583 2.4
    endloop
  endfacet
  facet normal 0 0 1
    outer loop
      vertex -25.239 28.2583 2.4
      vertex -20.261 28.2583 2.4
      vertex -20.3839 28.3661 2.4
    endloop
  endfacet
  facet normal 0 0 1
    outer loop
      vertex -25.1161 28.3661 2.4
      vertex -20.3839 28.3661 2.4
      vertex -20.4917 28.489 2.4
    endloop
  endfacet
  facet normal 0 0 1
    outer loop
      vertex -25.0083 28.489 2.4
      vertex -20.4917 28.489 2.4
      vertex -20.5825 28.625 2.4
    endloop
  endfacet
  facet normal 0 0 1
    outer loop
      vertex -24.9175 28.625 2.4
      vertex -20.5825 28.625 2.4
      vertex -20.6549 28.7716 2.4
    endloop
  endfacet
  facet normal 0 0 1
    outer loop
      vertex -24.8451 28.7716 2.4
      vertex -20.6549 28.7716 2.4
      vertex -20.7074 28.9265 2.4
    endloop
  endfacet
  facet normal 0 0 1
    outer loop
      vertex -24.7926 28.9265 2.4
      vertex -20.7074 28.9265 2.4
      vertex -20.7393 29.0868 2.4
    endloop
  endfacet
  facet normal 0 0 1
    outer loop
      vertex -24.7607 29.0868 2.4
      vertex -20.7393 29.0868 2.4
      vertex -20.75 29.25 2.4
    endloop
  endfacet
  facet normal 0 0 1
    outer loop
      vertex -24.75 29.25 2.4
      vertex -20.75 29.25 2.4
      vertex -24.75 46.75 2.4
    endloop
  endfacet
  facet normal 0 0 1
    outer loop
      vertex -24.7607 29.0868 2.4
      vertex -20.75 29.25 2.4
      vertex -24.75 29.25 2.4
    endloop
  endfacet
  facet normal 0 0 1
    outer loop
      vertex -20.7393 29.0868 2.4
      vertex -24.7607 29.0868 2.4
      vertex -24.7926 28.9265 2.4
    endloop
  endfacet
  facet normal 0 0 1
    outer loop
      vertex -20.7074 28.9265 2.4
      vertex -24.7926 28.9265 2.4
      vertex -24.8451 28.7716 2.4
    endloop
  endfacet
  facet normal 0 0 1
    outer loop
      vertex -20.6549 28.7716 2.4
      vertex -24.8451 28.7716 2.4
      vertex -24.9175 28.625 2.4
    endloop
  endfacet
  facet normal 0 0 1
    outer loop
      vertex -20.5825 28.625 2.4
      vertex -24.9175 28.625 2.4
      vertex -25.0083 28.489 2.4
    endloop
  endfacet
  facet normal 0 0 1
    outer loop
      vertex -20.4917 28.489 2.4
      vertex -25.0083 28.489 2.4
      vertex -25.1161 28.3661 2.4
    endloop
  endfacet
  facet normal 0 0 1
    outer loop
      vertex -20.3839 28.3661 2.4
      vertex -25.1161 28.3661 2.4
      vertex -25.239 28.2583 2.4
    endloop
  endfacet
  facet normal 0 0 1
    outer loop
      vertex -20.261 28.2583 2.4
      vertex -25.239 28.2583 2.4
      vertex -25.375 28.1675 2.4
    endloop
  endfacet
  facet normal 0 0 1
    outer loop
      vertex -20.125 28.1675 2.4
      vertex -25.375 28.1675 2.4
      vertex -25.5216 28.0951 2.4
    endloop
  endfacet
  facet normal 0 0 1
    outer loop
      vertex -19.9784 28.0951 2.4
      vertex -25.5216 28.0951 2.4
      vertex -25.6765 28.0426 2.4
    endloop
  endfacet
  facet normal 0 0 1
    outer loop
      vertex -19.8235 28.0426 2.4
      vertex -25.6765 28.0426 2.4
      vertex -25.8368 28.0107 2.4
    endloop
  endfacet
  facet normal -0 0 1
    outer loop
      vertex -55.242 12.0292 2.4
      vertex -18.4641 -8 2.4
      vertex -54.25 14 2.4
    endloop
  endfacet
  facet normal -0 0 1
    outer loop
      vertex -55.4416 11.6244 2.4
      vertex -18.4641 -8 2.4
      vertex -55.242 12.0292 2.4
    endloop
  endfacet
  facet normal -0 0 1
    outer loop
      vertex -55.54 11.425 2.4
      vertex -18.4641 -8 2.4
      vertex -55.4416 11.6244 2.4
    endloop
  endfacet
  facet normal -0 0 1
    outer loop
      vertex -55.9142 10.8649 2.4
      vertex -18.6955 -8.46927 2.4
      vertex -55.7907 11.0498 2.4
    endloop
  endfacet
  facet normal 0 0 1
    outer loop
      vertex -18.4641 -8 2.4
      vertex -55.54 11.425 2.4
      vertex -18.6955 -8.46927 2.4
    endloop
  endfacet
  facet normal 0 0 1
    outer loop
      vertex -17.8284 -7.17157 2.4
      vertex -54.25 14 2.4
      vertex -18.1734 -7.56495 2.4
    endloop
  endfacet
  facet normal 0 0 1
    outer loop
      vertex -54.25 14 2.4
      vertex -26.4784 28.0951 2.4
      vertex -26.625 28.1675 2.4
    endloop
  endfacet
  facet normal 0 0 1
    outer loop
      vertex -54.25 14 2.4
      vertex -26.625 28.1675 2.4
      vertex -26.761 28.2583 2.4
    endloop
  endfacet
  facet normal 0 0 1
    outer loop
      vertex -54.25 14 2.4
      vertex -26.761 28.2583 2.4
      vertex -26.8839 28.3661 2.4
    endloop
  endfacet
  facet normal 0 0 1
    outer loop
      vertex -54.25 14 2.4
      vertex -26.8839 28.3661 2.4
      vertex -26.9917 28.489 2.4
    endloop
  endfacet
  facet normal 0 0 1
    outer loop
      vertex -54.25 14 2.4
      vertex -26.9917 28.489 2.4
      vertex -27.0825 28.625 2.4
    endloop
  endfacet
  facet normal 0 0 1
    outer loop
      vertex -54.25 26 2.4
      vertex -27.0825 28.625 2.4
      vertex -27.1549 28.7716 2.4
    endloop
  endfacet
  facet normal 0 0 1
    outer loop
      vertex -54.25 26 2.4
      vertex -27.1549 28.7716 2.4
      vertex -27.2074 28.9265 2.4
    endloop
  endfacet
  facet normal 0 0 1
    outer loop
      vertex -54.25 26 2.4
      vertex -27.2074 28.9265 2.4
      vertex -27.2393 29.0868 2.4
    endloop
  endfacet
  facet normal 0 0 1
    outer loop
      vertex -54.2992 26.7505 2.4
      vertex -27.2393 29.0868 2.4
      vertex -27.25 29.25 2.4
    endloop
  endfacet
  facet normal 0 0 1
    outer loop
      vertex -27.0825 28.625 2.4
      vertex -54.25 26 2.4
      vertex -54.25 14 2.4
    endloop
  endfacet
  facet normal -0 0 1
    outer loop
      vertex -55.7907 11.0498 2.4
      vertex -18.6955 -8.46927 2.4
      vertex -55.54 11.425 2.4
    endloop
  endfacet
  facet normal 0 0 1
    outer loop
      vertex -18.6955 -8.46927 2.4
      vertex -55.9142 10.8649 2.4
      vertex -18.8637 -8.96472 2.4
    endloop
  endfacet
  facet normal -0 0 1
    outer loop
      vertex -56.2118 10.5256 2.4
      vertex -18.8637 -8.96472 2.4
      vertex -55.9142 10.8649 2.4
    endloop
  endfacet
  facet normal 0 0 1
    outer loop
      vertex -54.8795 13.5497 2.4
      vertex -54.25 14 2.4
      vertex -54.85 14 2.4
    endloop
  endfacet
  facet normal 0 0 1
    outer loop
      vertex -54.8941 13.3278 2.4
      vertex -54.25 14 2.4
      vertex -54.8795 13.5497 2.4
    endloop
  endfacet
  facet normal 0 0 1
    outer loop
      vertex -54.9374 13.1097 2.4
      vertex -54.25 14 2.4
      vertex -54.8941 13.3278 2.4
    endloop
  endfacet
  facet normal 0 0 1
    outer loop
      vertex -55.0255 12.6671 2.4
      vertex -54.25 14 2.4
      vertex -54.9374 13.1097 2.4
    endloop
  endfacet
  facet normal 0 0 1
    outer loop
      vertex -55.097 12.4565 2.4
      vertex -54.25 14 2.4
      vertex -55.0255 12.6671 2.4
    endloop
  endfacet
  facet normal 0 0 1
    outer loop
      vertex -55.242 12.0292 2.4
      vertex -54.25 14 2.4
      vertex -55.097 12.4565 2.4
    endloop
  endfacet
  facet normal -0 0 1
    outer loop
      vertex -56.3584 10.3584 2.4
      vertex -18.8637 -8.96472 2.4
      vertex -56.2118 10.5256 2.4
    endloop
  endfacet
  facet normal 0 0 1
    outer loop
      vertex -18.8637 -8.96472 2.4
      vertex -56.3584 10.3584 2.4
      vertex -18.9658 -9.47789 2.4
    endloop
  endfacet
  facet normal -0 0 1
    outer loop
      vertex -56.5256 10.2118 2.4
      vertex -18.9658 -9.47789 2.4
      vertex -56.3584 10.3584 2.4
    endloop
  endfacet
  facet normal -0 0 1
    outer loop
      vertex -56.8649 9.91423 2.4
      vertex -18.9658 -9.47789 2.4
      vertex -56.5256 10.2118 2.4
    endloop
  endfacet
  facet normal 0 0 1
    outer loop
      vertex -18.9658 -9.47789 2.4
      vertex -56.8649 9.91423 2.4
      vertex -19 -10 2.4
    endloop
  endfacet
  facet normal -0 0 1
    outer loop
      vertex -57.0498 9.79069 2.4
      vertex -19 -10 2.4
      vertex -56.8649 9.91423 2.4
    endloop
  endfacet
  facet normal -0 0 1
    outer loop
      vertex -57.425 9.53997 2.4
      vertex -19 -10 2.4
      vertex -57.0498 9.79069 2.4
    endloop
  endfacet
  facet normal -0 0 1
    outer loop
      vertex -57.6244 9.44162 2.4
      vertex -19 -10 2.4
      vertex -57.425 9.53997 2.4
    endloop
  endfacet
  facet normal -0 0 1
    outer loop
      vertex -58.0292 9.24202 2.4
      vertex -19 -10 2.4
      vertex -57.6244 9.44162 2.4
    endloop
  endfacet
  facet normal 0 0 1
    outer loop
      vertex -19 -10 2.4
      vertex -58.0292 9.24202 2.4
      vertex -19 -26 2.4
    endloop
  endfacet
  facet normal -0 0 1
    outer loop
      vertex -58.4565 9.09696 2.4
      vertex -19 -26 2.4
      vertex -58.0292 9.24202 2.4
    endloop
  endfacet
  facet normal -0 0 1
    outer loop
      vertex -58.6671 9.02548 2.4
      vertex -19 -26 2.4
      vertex -58.4565 9.09696 2.4
    endloop
  endfacet
  facet normal -0 0 1
    outer loop
      vertex -59.1097 8.93744 2.4
      vertex -19 -26 2.4
      vertex -58.6671 9.02548 2.4
    endloop
  endfacet
  facet normal -0 0 1
    outer loop
      vertex -59.3278 8.89406 2.4
      vertex -19 -26 2.4
      vertex -59.1097 8.93744 2.4
    endloop
  endfacet
  facet normal 0 0 1
    outer loop
      vertex -19 -26 2.4
      vertex -59.3278 8.89406 2.4
      vertex -18.9658 -26.5221 2.4
    endloop
  endfacet
  facet normal -0 0 1
    outer loop
      vertex -59.5497 8.87952 2.4
      vertex -18.9658 -26.5221 2.4
      vertex -59.3278 8.89406 2.4
    endloop
  endfacet
  facet normal -0 0 1
    outer loop
      vertex -60 8.85 2.4
      vertex -18.9658 -26.5221 2.4
      vertex -59.5497 8.87952 2.4
    endloop
  endfacet
  facet normal 0 0 1
    outer loop
      vertex -94.5 -60.6 2.4
      vertex -18.9658 -26.5221 2.4
      vertex -60 8.85 2.4
    endloop
  endfacet
  facet normal 0 0 1
    outer loop
      vertex -18.9658 -26.5221 2.4
      vertex -94.5 -60.6 2.4
      vertex -18.8637 -27.0353 2.4
    endloop
  endfacet
  facet normal 0 0 1
    outer loop
      vertex -94.5 -60.6 2.4
      vertex -60 8.85 2.4
      vertex -60.4503 8.87952 2.4
    endloop
  endfacet
  facet normal 0 0 1
    outer loop
      vertex -94.5 -60.6 2.4
      vertex -60.4503 8.87952 2.4
      vertex -60.6722 8.89406 2.4
    endloop
  endfacet
  facet normal 0 0 1
    outer loop
      vertex -94.5 -60.6 2.4
      vertex -60.6722 8.89406 2.4
      vertex -60.8903 8.93744 2.4
    endloop
  endfacet
  facet normal 0 0 1
    outer loop
      vertex -94.5 -60.6 2.4
      vertex -60.8903 8.93744 2.4
      vertex -61.3329 9.02548 2.4
    endloop
  endfacet
  facet normal 0 0 1
    outer loop
      vertex -101.6 -53.5 2.4
      vertex -61.3329 9.02548 2.4
      vertex -61.5435 9.09696 2.4
    endloop
  endfacet
  facet normal 0 0 1
    outer loop
      vertex -101.6 -53.5 2.4
      vertex -61.5435 9.09696 2.4
      vertex -61.9708 9.24202 2.4
    endloop
  endfacet
  facet normal 0 0 1
    outer loop
      vertex -101.6 -53.5 2.4
      vertex -61.9708 9.24202 2.4
      vertex -62.3756 9.44162 2.4
    endloop
  endfacet
  facet normal 0 0 1
    outer loop
      vertex -101.6 -53.5 2.4
      vertex -62.3756 9.44162 2.4
      vertex -62.575 9.53997 2.4
    endloop
  endfacet
  facet normal 0 0 1
    outer loop
      vertex -101.6 -53.5 2.4
      vertex -62.575 9.53997 2.4
      vertex -62.9502 9.79069 2.4
    endloop
  endfacet
  facet normal 0 0 1
    outer loop
      vertex -101.6 -53.5 2.4
      vertex -62.9502 9.79069 2.4
      vertex -63.1351 9.91423 2.4
    endloop
  endfacet
  facet normal 0 0 1
    outer loop
      vertex -101.6 -53.5 2.4
      vertex -63.1351 9.91423 2.4
      vertex -63.4744 10.2118 2.4
    endloop
  endfacet
  facet normal 0 0 1
    outer loop
      vertex -101.6 -53.5 2.4
      vertex -63.4744 10.2118 2.4
      vertex -63.6416 10.3584 2.4
    endloop
  endfacet
  facet normal 0 0 1
    outer loop
      vertex -101.6 -53.5 2.4
      vertex -63.6416 10.3584 2.4
      vertex -63.7882 10.5256 2.4
    endloop
  endfacet
  facet normal 0 0 1
    outer loop
      vertex -101.6 -53.5 2.4
      vertex -63.7882 10.5256 2.4
      vertex -64.0858 10.8649 2.4
    endloop
  endfacet
  facet normal 0 0 -1
    outer loop
      vertex -64.758 12.0292 2.4
      vertex -64.46 11.425 2.4
      vertex -64.5584 11.6244 2.4
    endloop
  endfacet
  facet normal 0 0 1
    outer loop
      vertex -65.75 14 2.4
      vertex -64.903 12.4565 2.4
      vertex -64.9745 12.6671 2.4
    endloop
  endfacet
  facet normal -0 0 1
    outer loop
      vertex -65.75 14 2.4
      vertex -65.1205 13.5497 2.4
      vertex -65.15 14 2.4
    endloop
  endfacet
  facet normal 0 0 1
    outer loop
      vertex -65.1205 13.5497 2.4
      vertex -65.75 14 2.4
      vertex -65.1059 13.3278 2.4
    endloop
  endfacet
  facet normal 0 0 1
    outer loop
      vertex -65.75 14 2.4
      vertex -65.0626 13.1097 2.4
      vertex -65.1059 13.3278 2.4
    endloop
  endfacet
  facet normal 0 0 1
    outer loop
      vertex -65.75 14 2.4
      vertex -64.9745 12.6671 2.4
      vertex -65.0626 13.1097 2.4
    endloop
  endfacet
  facet normal 0 0 1
    outer loop
      vertex -64.903 12.4565 2.4
      vertex -65.75 14 2.4
      vertex -64.758 12.0292 2.4
    endloop
  endfacet
  facet normal 0 0 1
    outer loop
      vertex -101.6 -53.5 2.4
      vertex -64.758 12.0292 2.4
      vertex -65.75 14 2.4
    endloop
  endfacet
  facet normal 0 0 1
    outer loop
      vertex -65.75 26 2.4
      vertex -101.6 53.5 2.4
      vertex -65.75 14 2.4
    endloop
  endfacet
  facet normal 0 0 1
    outer loop
      vertex -10 -59.4 2.4
      vertex -94.5 -60.6 2.4
      vertex -10 -60.6 2.4
    endloop
  endfacet
  facet normal 0 0 1
    outer loop
      vertex -101.6 -53.5 2.4
      vertex -64.0858 10.8649 2.4
      vertex -64.2093 11.0498 2.4
    endloop
  endfacet
  facet normal 0 0 1
    outer loop
      vertex -101.6 -53.5 2.4
      vertex -64.2093 11.0498 2.4
      vertex -64.46 11.425 2.4
    endloop
  endfacet
  facet normal 0 0 1
    outer loop
      vertex -101.6 -53.5 2.4
      vertex -65.75 14 2.4
      vertex -101.6 53.5 2.4
    endloop
  endfacet
  facet normal 0 0 1
    outer loop
      vertex -101.6 53.5 2.4
      vertex -94.5 60.6 2.4
      vertex -95.4267 60.5393 2.4
    endloop
  endfacet
  facet normal 0 0 1
    outer loop
      vertex -64.758 12.0292 2.4
      vertex -101.6 -53.5 2.4
      vertex -64.46 11.425 2.4
    endloop
  endfacet
  facet normal 0 0 1
    outer loop
      vertex -101.6 53.5 2.4
      vertex -95.4267 60.5393 2.4
      vertex -96.3376 60.3581 2.4
    endloop
  endfacet
  facet normal 0 0 1
    outer loop
      vertex -61.3329 9.02548 2.4
      vertex -101.6 -53.5 2.4
      vertex -94.5 -60.6 2.4
    endloop
  endfacet
  facet normal 0 0 1
    outer loop
      vertex -101.6 53.5 2.4
      vertex -96.3376 60.3581 2.4
      vertex -97.217 60.0595 2.4
    endloop
  endfacet
  facet normal 0 0 1
    outer loop
      vertex -94.5 -60.6 2.4
      vertex -101.6 -53.5 2.4
      vertex -95.4267 -60.5393 2.4
    endloop
  endfacet
  facet normal 0 0 1
    outer loop
      vertex -101.6 53.5 2.4
      vertex -97.217 60.0595 2.4
      vertex -98.05 59.6488 2.4
    endloop
  endfacet
  facet normal 0 0 1
    outer loop
      vertex -95.4267 -60.5393 2.4
      vertex -101.6 -53.5 2.4
      vertex -96.3376 -60.3581 2.4
    endloop
  endfacet
  facet normal 0 0 1
    outer loop
      vertex -101.6 53.5 2.4
      vertex -98.05 59.6488 2.4
      vertex -98.8222 59.1328 2.4
    endloop
  endfacet
  facet normal 0 0 1
    outer loop
      vertex -96.3376 -60.3581 2.4
      vertex -101.6 -53.5 2.4
      vertex -97.217 -60.0595 2.4
    endloop
  endfacet
  facet normal 0 0 1
    outer loop
      vertex -101.6 53.5 2.4
      vertex -98.8222 59.1328 2.4
      vertex -99.5205 58.5205 2.4
    endloop
  endfacet
  facet normal 0 0 1
    outer loop
      vertex -97.217 -60.0595 2.4
      vertex -101.6 -53.5 2.4
      vertex -98.05 -59.6488 2.4
    endloop
  endfacet
  facet normal 0 0 1
    outer loop
      vertex -101.6 53.5 2.4
      vertex -99.5205 58.5205 2.4
      vertex -100.133 57.8222 2.4
    endloop
  endfacet
  facet normal 0 0 1
    outer loop
      vertex -98.05 -59.6488 2.4
      vertex -101.6 -53.5 2.4
      vertex -98.8222 -59.1328 2.4
    endloop
  endfacet
  facet normal 0 0 1
    outer loop
      vertex -101.6 53.5 2.4
      vertex -100.133 57.8222 2.4
      vertex -100.649 57.05 2.4
    endloop
  endfacet
  facet normal 0 0 1
    outer loop
      vertex -98.8222 -59.1328 2.4
      vertex -101.6 -53.5 2.4
      vertex -99.5205 -58.5205 2.4
    endloop
  endfacet
  facet normal 0 0 1
    outer loop
      vertex -101.6 53.5 2.4
      vertex -100.649 57.05 2.4
      vertex -101.06 56.2171 2.4
    endloop
  endfacet
  facet normal 0 0 1
    outer loop
      vertex -99.5205 -58.5205 2.4
      vertex -101.6 -53.5 2.4
      vertex -100.133 -57.8222 2.4
    endloop
  endfacet
  facet normal 0 0 1
    outer loop
      vertex -101.6 53.5 2.4
      vertex -101.06 56.2171 2.4
      vertex -101.358 55.3376 2.4
    endloop
  endfacet
  facet normal 0 0 1
    outer loop
      vertex -100.133 -57.8222 2.4
      vertex -101.6 -53.5 2.4
      vertex -100.649 -57.05 2.4
    endloop
  endfacet
  facet normal 0 0 1
    outer loop
      vertex -101.6 53.5 2.4
      vertex -101.358 55.3376 2.4
      vertex -101.539 54.4267 2.4
    endloop
  endfacet
  facet normal 0 0 1
    outer loop
      vertex -100.649 -57.05 2.4
      vertex -101.6 -53.5 2.4
      vertex -101.06 -56.2171 2.4
    endloop
  endfacet
  facet normal 0 0 1
    outer loop
      vertex -101.06 -56.2171 2.4
      vertex -101.6 -53.5 2.4
      vertex -101.358 -55.3376 2.4
    endloop
  endfacet
  facet normal 0 0 1
    outer loop
      vertex -101.358 -55.3376 2.4
      vertex -101.6 -53.5 2.4
      vertex -101.539 -54.4267 2.4
    endloop
  endfacet
  facet normal 0 0 1
    outer loop
      vertex 56.8649 9.91423 2.4
      vertex 18.9658 -9.47789 2.4
      vertex 19 -10 2.4
    endloop
  endfacet
  facet normal 0 0 1
    outer loop
      vertex 13.4784 28.0951 2.4
      vertex 19.0216 28.0951 2.4
      vertex 18.875 28.1675 2.4
    endloop
  endfacet
  facet normal 0 0 1
    outer loop
      vertex 19.1765 28.0426 2.4
      vertex 18.8637 -8.96472 2.4
      vertex 18.9658 -9.47789 2.4
    endloop
  endfacet
  facet normal 0 0 1
    outer loop
      vertex 13.625 28.1675 2.4
      vertex 18.875 28.1675 2.4
      vertex 18.739 28.2583 2.4
    endloop
  endfacet
  facet normal 0 0 1
    outer loop
      vertex 19.1765 28.0426 2.4
      vertex 18.6955 -8.46927 2.4
      vertex 18.8637 -8.96472 2.4
    endloop
  endfacet
  facet normal 0 0 1
    outer loop
      vertex 13.761 28.2583 2.4
      vertex 18.739 28.2583 2.4
      vertex 18.6161 28.3661 2.4
    endloop
  endfacet
  facet normal 0 0 1
    outer loop
      vertex 13.8839 28.3661 2.4
      vertex 18.6161 28.3661 2.4
      vertex 18.5083 28.489 2.4
    endloop
  endfacet
  facet normal 0 0 1
    outer loop
      vertex 19.1765 28.0426 2.4
      vertex 18.4641 -8 2.4
      vertex 18.6955 -8.46927 2.4
    endloop
  endfacet
  facet normal 0 0 1
    outer loop
      vertex 13.9917 28.489 2.4
      vertex 18.5083 28.489 2.4
      vertex 18.4175 28.625 2.4
    endloop
  endfacet
  facet normal 0 0 1
    outer loop
      vertex 14.0825 28.625 2.4
      vertex 18.4175 28.625 2.4
      vertex 18.3451 28.7716 2.4
    endloop
  endfacet
  facet normal 0 0 1
    outer loop
      vertex 14.1548 28.7716 2.4
      vertex 18.3451 28.7716 2.4
      vertex 18.2926 28.9265 2.4
    endloop
  endfacet
  facet normal 0 0 1
    outer loop
      vertex 14.2074 28.9265 2.4
      vertex 18.2926 28.9265 2.4
      vertex 18.2607 29.0868 2.4
    endloop
  endfacet
  facet normal 0 0 1
    outer loop
      vertex 14.2393 29.0868 2.4
      vertex 18.2607 29.0868 2.4
      vertex 18.25 29.25 2.4
    endloop
  endfacet
  facet normal 0 0 1
    outer loop
      vertex 19.1765 28.0426 2.4
      vertex 18.1734 -7.56495 2.4
      vertex 18.4641 -8 2.4
    endloop
  endfacet
  facet normal 0 0 1
    outer loop
      vertex 94.5 60.6 2.4
      vertex 101.6 53.5 2.4
      vertex 101.539 54.4267 2.4
    endloop
  endfacet
  facet normal 0 0 1
    outer loop
      vertex 101.6 53.5 2.4
      vertex 65.75 14 2.4
      vertex 101.6 -53.5 2.4
    endloop
  endfacet
  facet normal 0 0 1
    outer loop
      vertex 94.5 60.6 2.4
      vertex 101.539 54.4267 2.4
      vertex 101.358 55.3376 2.4
    endloop
  endfacet
  facet normal -0 0 1
    outer loop
      vertex 64.758 12.0292 2.4
      vertex 101.6 -53.5 2.4
      vertex 65.75 14 2.4
    endloop
  endfacet
  facet normal 0 0 1
    outer loop
      vertex 94.5 60.6 2.4
      vertex 101.358 55.3376 2.4
      vertex 101.06 56.2171 2.4
    endloop
  endfacet
  facet normal -0 0 1
    outer loop
      vertex 64.5584 11.6244 2.4
      vertex 101.6 -53.5 2.4
      vertex 64.758 12.0292 2.4
    endloop
  endfacet
  facet normal 0 0 1
    outer loop
      vertex 94.5 60.6 2.4
      vertex 101.06 56.2171 2.4
      vertex 100.649 57.05 2.4
    endloop
  endfacet
  facet normal -0 0 1
    outer loop
      vertex 64.46 11.425 2.4
      vertex 101.6 -53.5 2.4
      vertex 64.5584 11.6244 2.4
    endloop
  endfacet
  facet normal 0 0 1
    outer loop
      vertex 94.5 60.6 2.4
      vertex 100.649 57.05 2.4
      vertex 100.133 57.8222 2.4
    endloop
  endfacet
  facet normal -0 0 1
    outer loop
      vertex 64.2093 11.0498 2.4
      vertex 101.6 -53.5 2.4
      vertex 64.46 11.425 2.4
    endloop
  endfacet
  facet normal 0 0 1
    outer loop
      vertex 94.5 60.6 2.4
      vertex 100.133 57.8222 2.4
      vertex 99.5205 58.5205 2.4
    endloop
  endfacet
  facet normal -0 0 1
    outer loop
      vertex 64.0858 10.8649 2.4
      vertex 101.6 -53.5 2.4
      vertex 64.2093 11.0498 2.4
    endloop
  endfacet
  facet normal 0 0 1
    outer loop
      vertex 94.5 60.6 2.4
      vertex 99.5205 58.5205 2.4
      vertex 98.8222 59.1328 2.4
    endloop
  endfacet
  facet normal -0 0 1
    outer loop
      vertex 63.7882 10.5256 2.4
      vertex 101.6 -53.5 2.4
      vertex 64.0858 10.8649 2.4
    endloop
  endfacet
  facet normal 0 0 1
    outer loop
      vertex 94.5 60.6 2.4
      vertex 98.8222 59.1328 2.4
      vertex 98.05 59.6488 2.4
    endloop
  endfacet
  facet normal -0 0 1
    outer loop
      vertex 63.6416 10.3584 2.4
      vertex 101.6 -53.5 2.4
      vertex 63.7882 10.5256 2.4
    endloop
  endfacet
  facet normal 0 0 1
    outer loop
      vertex 94.5 60.6 2.4
      vertex 98.05 59.6488 2.4
      vertex 97.217 60.0595 2.4
    endloop
  endfacet
  facet normal -0 0 1
    outer loop
      vertex 63.4744 10.2118 2.4
      vertex 101.6 -53.5 2.4
      vertex 63.6416 10.3584 2.4
    endloop
  endfacet
  facet normal 0 0 1
    outer loop
      vertex 94.5 60.6 2.4
      vertex 97.217 60.0595 2.4
      vertex 96.3376 60.3581 2.4
    endloop
  endfacet
  facet normal -0 0 1
    outer loop
      vertex 63.1351 9.91423 2.4
      vertex 101.6 -53.5 2.4
      vertex 63.4744 10.2118 2.4
    endloop
  endfacet
  facet normal 0 0 1
    outer loop
      vertex 94.5 60.6 2.4
      vertex 96.3376 60.3581 2.4
      vertex 95.4267 60.5393 2.4
    endloop
  endfacet
  facet normal -0 0 1
    outer loop
      vertex 62.9502 9.79069 2.4
      vertex 101.6 -53.5 2.4
      vertex 63.1351 9.91423 2.4
    endloop
  endfacet
  facet normal 0 0 1
    outer loop
      vertex 64.5618 29.5004 2.4
      vertex 101.6 53.5 2.4
      vertex 94.5 60.6 2.4
    endloop
  endfacet
  facet normal -0 0 1
    outer loop
      vertex 62.575 9.53997 2.4
      vertex 101.6 -53.5 2.4
      vertex 62.9502 9.79069 2.4
    endloop
  endfacet
  facet normal 0 0 1
    outer loop
      vertex 101.6 53.5 2.4
      vertex 65.75 26 2.4
      vertex 65.75 14 2.4
    endloop
  endfacet
  facet normal 0 0 1
    outer loop
      vertex 101.6 53.5 2.4
      vertex 65.7008 26.7505 2.4
      vertex 65.75 26 2.4
    endloop
  endfacet
  facet normal 0 0 1
    outer loop
      vertex 101.6 53.5 2.4
      vertex 65.5541 27.4882 2.4
      vertex 65.7008 26.7505 2.4
    endloop
  endfacet
  facet normal 0 0 1
    outer loop
      vertex 101.6 53.5 2.4
      vertex 65.3123 28.2004 2.4
      vertex 65.5541 27.4882 2.4
    endloop
  endfacet
  facet normal 0 0 1
    outer loop
      vertex 101.6 53.5 2.4
      vertex 64.9796 28.875 2.4
      vertex 65.3123 28.2004 2.4
    endloop
  endfacet
  facet normal 0 0 1
    outer loop
      vertex 101.6 53.5 2.4
      vertex 64.5618 29.5004 2.4
      vertex 64.9796 28.875 2.4
    endloop
  endfacet
  facet normal 0 0 1
    outer loop
      vertex 94.5 60.6 2.4
      vertex 64.0659 30.0659 2.4
      vertex 64.5618 29.5004 2.4
    endloop
  endfacet
  facet normal 0 0 1
    outer loop
      vertex 94.5 60.6 2.4
      vertex 63.5004 30.5618 2.4
      vertex 64.0659 30.0659 2.4
    endloop
  endfacet
  facet normal 0 0 1
    outer loop
      vertex 94.5 60.6 2.4
      vertex 62.875 30.9796 2.4
      vertex 63.5004 30.5618 2.4
    endloop
  endfacet
  facet normal 0 0 1
    outer loop
      vertex 94.5 60.6 2.4
      vertex 62.2004 31.3123 2.4
      vertex 62.875 30.9796 2.4
    endloop
  endfacet
  facet normal 0 0 1
    outer loop
      vertex 94.5 60.6 2.4
      vertex 61.4882 31.5541 2.4
      vertex 62.2004 31.3123 2.4
    endloop
  endfacet
  facet normal 0 0 1
    outer loop
      vertex 94.5 60.6 2.4
      vertex 60.7505 31.7008 2.4
      vertex 61.4882 31.5541 2.4
    endloop
  endfacet
  facet normal 0 0 1
    outer loop
      vertex 94.5 60.6 2.4
      vertex 60 31.75 2.4
      vertex 60.7505 31.7008 2.4
    endloop
  endfacet
  facet normal -0 0 1
    outer loop
      vertex 26.9917 47.511 2.4
      vertex 60 31.75 2.4
      vertex 94.5 60.6 2.4
    endloop
  endfacet
  facet normal 0 0 1
    outer loop
      vertex 60 31.75 2.4
      vertex 26.9917 47.511 2.4
      vertex 59.2495 31.7008 2.4
    endloop
  endfacet
  facet normal -0 -0 1
    outer loop
      vertex 27.0825 47.375 2.4
      vertex 59.2495 31.7008 2.4
      vertex 26.9917 47.511 2.4
    endloop
  endfacet
  facet normal 0 0 1
    outer loop
      vertex 59.2495 31.7008 2.4
      vertex 27.0825 47.375 2.4
      vertex 58.5118 31.5541 2.4
    endloop
  endfacet
  facet normal -0 -0 1
    outer loop
      vertex 27.2074 47.0735 2.4
      vertex 58.5118 31.5541 2.4
      vertex 27.1549 47.2284 2.4
    endloop
  endfacet
  facet normal -0 0 1
    outer loop
      vertex 27.2393 29.0868 2.4
      vertex 54.2992 26.7505 2.4
      vertex 27.25 29.25 2.4
    endloop
  endfacet
  facet normal 0 0 1
    outer loop
      vertex 54.4459 27.4882 2.4
      vertex 27.25 29.25 2.4
      vertex 54.2992 26.7505 2.4
    endloop
  endfacet
  facet normal 0 0 1
    outer loop
      vertex 54.6877 28.2004 2.4
      vertex 27.25 29.25 2.4
      vertex 54.4459 27.4882 2.4
    endloop
  endfacet
  facet normal 0 0 1
    outer loop
      vertex 55.0204 28.875 2.4
      vertex 27.25 29.25 2.4
      vertex 54.6877 28.2004 2.4
    endloop
  endfacet
  facet normal -0 0 1
    outer loop
      vertex 27.25 29.25 2.4
      vertex 55.0204 28.875 2.4
      vertex 27.25 46.75 2.4
    endloop
  endfacet
  facet normal 0 0 1
    outer loop
      vertex 55.4382 29.5004 2.4
      vertex 27.25 46.75 2.4
      vertex 55.0204 28.875 2.4
    endloop
  endfacet
  facet normal 0 0 1
    outer loop
      vertex 55.9341 30.0659 2.4
      vertex 27.25 46.75 2.4
      vertex 55.4382 29.5004 2.4
    endloop
  endfacet
  facet normal 0 0 1
    outer loop
      vertex 56.4996 30.5618 2.4
      vertex 27.25 46.75 2.4
      vertex 55.9341 30.0659 2.4
    endloop
  endfacet
  facet normal 0 0 1
    outer loop
      vertex 58.5118 31.5541 2.4
      vertex 27.2074 47.0735 2.4
      vertex 57.7996 31.3123 2.4
    endloop
  endfacet
  facet normal 0 0 1
    outer loop
      vertex 57.125 30.9796 2.4
      vertex 27.25 46.75 2.4
      vertex 56.4996 30.5618 2.4
    endloop
  endfacet
  facet normal -0 -0 1
    outer loop
      vertex 27.25 46.75 2.4
      vertex 57.125 30.9796 2.4
      vertex 27.2393 46.9132 2.4
    endloop
  endfacet
  facet normal 0 0 1
    outer loop
      vertex 57.7996 31.3123 2.4
      vertex 27.2393 46.9132 2.4
      vertex 57.125 30.9796 2.4
    endloop
  endfacet
  facet normal -0 -0 1
    outer loop
      vertex 27.2393 46.9132 2.4
      vertex 57.7996 31.3123 2.4
      vertex 27.2074 47.0735 2.4
    endloop
  endfacet
  facet normal -0 -0 1
    outer loop
      vertex 27.1549 47.2284 2.4
      vertex 58.5118 31.5541 2.4
      vertex 27.0825 47.375 2.4
    endloop
  endfacet
  facet normal 0 0 1
    outer loop
      vertex 94.5 60.6 2.4
      vertex 26.8839 47.6339 2.4
      vertex 26.9917 47.511 2.4
    endloop
  endfacet
  facet normal 0 0 1
    outer loop
      vertex 94.5 60.6 2.4
      vertex 26.761 47.7417 2.4
      vertex 26.8839 47.6339 2.4
    endloop
  endfacet
  facet normal 0 0 1
    outer loop
      vertex 94.5 60.6 2.4
      vertex 26.625 47.8325 2.4
      vertex 26.761 47.7417 2.4
    endloop
  endfacet
  facet normal 0 0 1
    outer loop
      vertex 94.5 60.6 2.4
      vertex 26.4784 47.9049 2.4
      vertex 26.625 47.8325 2.4
    endloop
  endfacet
  facet normal 0 0 1
    outer loop
      vertex 94.5 60.6 2.4
      vertex 26.3235 47.9574 2.4
      vertex 26.4784 47.9049 2.4
    endloop
  endfacet
  facet normal 0 0 1
    outer loop
      vertex 94.5 60.6 2.4
      vertex 26.1632 47.9893 2.4
      vertex 26.3235 47.9574 2.4
    endloop
  endfacet
  facet normal 0 0 1
    outer loop
      vertex 94.5 60.6 2.4
      vertex 26 48 2.4
      vertex 26.1632 47.9893 2.4
    endloop
  endfacet
  facet normal 0 0 1
    outer loop
      vertex 19.5 48 2.4
      vertex 26 48 2.4
      vertex 94.5 60.6 2.4
    endloop
  endfacet
  facet normal 0 0 1
    outer loop
      vertex 24.75 46.75 2.4
      vertex 20.75 46.75 2.4
      vertex 24.75 29.25 2.4
    endloop
  endfacet
  facet normal 0 0 1
    outer loop
      vertex 24.7607 46.9132 2.4
      vertex 20.75 46.75 2.4
      vertex 24.75 46.75 2.4
    endloop
  endfacet
  facet normal 0 0 1
    outer loop
      vertex 20.7393 46.9132 2.4
      vertex 24.7607 46.9132 2.4
      vertex 24.7926 47.0735 2.4
    endloop
  endfacet
  facet normal 0 0 1
    outer loop
      vertex 20.7074 47.0735 2.4
      vertex 24.7926 47.0735 2.4
      vertex 24.8451 47.2284 2.4
    endloop
  endfacet
  facet normal 0 0 1
    outer loop
      vertex 20.6549 47.2284 2.4
      vertex 24.8451 47.2284 2.4
      vertex 24.9175 47.375 2.4
    endloop
  endfacet
  facet normal 0 0 1
    outer loop
      vertex 20.5825 47.375 2.4
      vertex 24.9175 47.375 2.4
      vertex 25.0083 47.511 2.4
    endloop
  endfacet
  facet normal 0 0 1
    outer loop
      vertex 20.4917 47.511 2.4
      vertex 25.0083 47.511 2.4
      vertex 25.1161 47.6339 2.4
    endloop
  endfacet
  facet normal 0 0 1
    outer loop
      vertex 20.3839 47.6339 2.4
      vertex 25.1161 47.6339 2.4
      vertex 25.239 47.7417 2.4
    endloop
  endfacet
  facet normal 0 0 1
    outer loop
      vertex 20.261 47.7417 2.4
      vertex 25.239 47.7417 2.4
      vertex 25.375 47.8325 2.4
    endloop
  endfacet
  facet normal 0 0 1
    outer loop
      vertex 20.125 47.8325 2.4
      vertex 25.375 47.8325 2.4
      vertex 25.5216 47.9049 2.4
    endloop
  endfacet
  facet normal 0 0 1
    outer loop
      vertex 19.9784 47.9049 2.4
      vertex 25.5216 47.9049 2.4
      vertex 25.6765 47.9574 2.4
    endloop
  endfacet
  facet normal 0 0 1
    outer loop
      vertex 24.7607 46.9132 2.4
      vertex 20.7393 46.9132 2.4
      vertex 20.75 46.75 2.4
    endloop
  endfacet
  facet normal 0 0 1
    outer loop
      vertex 24.7926 47.0735 2.4
      vertex 20.7074 47.0735 2.4
      vertex 20.7393 46.9132 2.4
    endloop
  endfacet
  facet normal 0 0 1
    outer loop
      vertex 19.8235 47.9574 2.4
      vertex 25.6765 47.9574 2.4
      vertex 25.8368 47.9893 2.4
    endloop
  endfacet
  facet normal 0 0 1
    outer loop
      vertex 26 48 2.4
      vertex 19.5 48 2.4
      vertex 25.8368 47.9893 2.4
    endloop
  endfacet
  facet normal 0 0 1
    outer loop
      vertex 24.8451 47.2284 2.4
      vertex 20.6549 47.2284 2.4
      vertex 20.7074 47.0735 2.4
    endloop
  endfacet
  facet normal 0 0 1
    outer loop
      vertex 24.9175 47.375 2.4
      vertex 20.5825 47.375 2.4
      vertex 20.6549 47.2284 2.4
    endloop
  endfacet
  facet normal 0 0 1
    outer loop
      vertex 25.0083 47.511 2.4
      vertex 20.4917 47.511 2.4
      vertex 20.5825 47.375 2.4
    endloop
  endfacet
  facet normal 0 0 1
    outer loop
      vertex 25.1161 47.6339 2.4
      vertex 20.3839 47.6339 2.4
      vertex 20.4917 47.511 2.4
    endloop
  endfacet
  facet normal 0 0 1
    outer loop
      vertex 25.239 47.7417 2.4
      vertex 20.261 47.7417 2.4
      vertex 20.3839 47.6339 2.4
    endloop
  endfacet
  facet normal 0 0 1
    outer loop
      vertex 25.375 47.8325 2.4
      vertex 20.125 47.8325 2.4
      vertex 20.261 47.7417 2.4
    endloop
  endfacet
  facet normal 0 0 1
    outer loop
      vertex 25.5216 47.9049 2.4
      vertex 19.9784 47.9049 2.4
      vertex 20.125 47.8325 2.4
    endloop
  endfacet
  facet normal 0 0 1
    outer loop
      vertex 25.6765 47.9574 2.4
      vertex 19.8235 47.9574 2.4
      vertex 19.9784 47.9049 2.4
    endloop
  endfacet
  facet normal 0 0 1
    outer loop
      vertex 25.8368 47.9893 2.4
      vertex 19.6632 47.9893 2.4
      vertex 19.8235 47.9574 2.4
    endloop
  endfacet
  facet normal 0 0 1
    outer loop
      vertex 25.8368 47.9893 2.4
      vertex 19.5 48 2.4
      vertex 19.6632 47.9893 2.4
    endloop
  endfacet
  facet normal 0 0 1
    outer loop
      vertex 13 48 2.4
      vertex 19.5 48 2.4
      vertex 94.5 60.6 2.4
    endloop
  endfacet
  facet normal 0 0 1
    outer loop
      vertex 14.25 29.25 2.4
      vertex 18.25 29.25 2.4
      vertex 18.25 46.75 2.4
    endloop
  endfacet
  facet normal 0 0 1
    outer loop
      vertex 18.2607 29.0868 2.4
      vertex 14.2393 29.0868 2.4
      vertex 14.2074 28.9265 2.4
    endloop
  endfacet
  facet normal 0 0 1
    outer loop
      vertex 18.2926 28.9265 2.4
      vertex 14.2074 28.9265 2.4
      vertex 14.1548 28.7716 2.4
    endloop
  endfacet
  facet normal 0 0 1
    outer loop
      vertex 18.3451 28.7716 2.4
      vertex 14.1548 28.7716 2.4
      vertex 14.0825 28.625 2.4
    endloop
  endfacet
  facet normal 0 0 1
    outer loop
      vertex 18.4175 28.625 2.4
      vertex 14.0825 28.625 2.4
      vertex 13.9917 28.489 2.4
    endloop
  endfacet
  facet normal 0 0 1
    outer loop
      vertex 19.1765 28.0426 2.4
      vertex 17.8284 -7.17157 2.4
      vertex 18.1734 -7.56495 2.4
    endloop
  endfacet
  facet normal 0 0 1
    outer loop
      vertex 18.5083 28.489 2.4
      vertex 13.9917 28.489 2.4
      vertex 13.8839 28.3661 2.4
    endloop
  endfacet
  facet normal 0 0 1
    outer loop
      vertex 19.1765 28.0426 2.4
      vertex 17.435 -6.82659 2.4
      vertex 17.8284 -7.17157 2.4
    endloop
  endfacet
  facet normal 0 0 1
    outer loop
      vertex 14.25 29.25 2.4
      vertex 18.25 46.75 2.4
      vertex 14.25 46.75 2.4
    endloop
  endfacet
  facet normal 0 0 1
    outer loop
      vertex 18.2607 46.9132 2.4
      vertex 14.25 46.75 2.4
      vertex 18.25 46.75 2.4
    endloop
  endfacet
  facet normal 0 0 1
    outer loop
      vertex 14.2393 46.9132 2.4
      vertex 18.2607 46.9132 2.4
      vertex 18.2926 47.0735 2.4
    endloop
  endfacet
  facet normal 0 0 1
    outer loop
      vertex 14.2074 47.0735 2.4
      vertex 18.2926 47.0735 2.4
      vertex 18.3451 47.2284 2.4
    endloop
  endfacet
  facet normal 0 0 1
    outer loop
      vertex 14.1548 47.2284 2.4
      vertex 18.3451 47.2284 2.4
      vertex 18.4175 47.375 2.4
    endloop
  endfacet
  facet normal 0 0 1
    outer loop
      vertex 14.0825 47.375 2.4
      vertex 18.4175 47.375 2.4
      vertex 18.5083 47.511 2.4
    endloop
  endfacet
  facet normal 0 0 1
    outer loop
      vertex 13.9917 47.511 2.4
      vertex 18.5083 47.511 2.4
      vertex 18.6161 47.6339 2.4
    endloop
  endfacet
  facet normal 0 0 1
    outer loop
      vertex 13.8839 47.6339 2.4
      vertex 18.6161 47.6339 2.4
      vertex 18.739 47.7417 2.4
    endloop
  endfacet
  facet normal 0 0 1
    outer loop
      vertex 13.761 47.7417 2.4
      vertex 18.739 47.7417 2.4
      vertex 18.875 47.8325 2.4
    endloop
  endfacet
  facet normal 0 0 1
    outer loop
      vertex 13.625 47.8325 2.4
      vertex 18.875 47.8325 2.4
      vertex 19.0216 47.9049 2.4
    endloop
  endfacet
  facet normal 0 0 1
    outer loop
      vertex 13.4784 47.9049 2.4
      vertex 19.0216 47.9049 2.4
      vertex 19.1765 47.9574 2.4
    endloop
  endfacet
  facet normal 0 0 1
    outer loop
      vertex 18.2607 46.9132 2.4
      vertex 14.2393 46.9132 2.4
      vertex 14.25 46.75 2.4
    endloop
  endfacet
  facet normal 0 0 1
    outer loop
      vertex 18.2926 47.0735 2.4
      vertex 14.2074 47.0735 2.4
      vertex 14.2393 46.9132 2.4
    endloop
  endfacet
  facet normal 0 0 1
    outer loop
      vertex 13.3235 47.9574 2.4
      vertex 19.1765 47.9574 2.4
      vertex 19.3368 47.9893 2.4
    endloop
  endfacet
  facet normal 0 0 1
    outer loop
      vertex 18.3451 47.2284 2.4
      vertex 14.1548 47.2284 2.4
      vertex 14.2074 47.0735 2.4
    endloop
  endfacet
  facet normal 0 0 1
    outer loop
      vertex 19.5 48 2.4
      vertex 13 48 2.4
      vertex 19.3368 47.9893 2.4
    endloop
  endfacet
  facet normal 0 0 1
    outer loop
      vertex 18.4175 47.375 2.4
      vertex 14.0825 47.375 2.4
      vertex 14.1548 47.2284 2.4
    endloop
  endfacet
  facet normal 0 0 1
    outer loop
      vertex 18.5083 47.511 2.4
      vertex 13.9917 47.511 2.4
      vertex 14.0825 47.375 2.4
    endloop
  endfacet
  facet normal 0 0 1
    outer loop
      vertex 18.6161 47.6339 2.4
      vertex 13.8839 47.6339 2.4
      vertex 13.9917 47.511 2.4
    endloop
  endfacet
  facet normal 0 0 1
    outer loop
      vertex 18.739 47.7417 2.4
      vertex 13.761 47.7417 2.4
      vertex 13.8839 47.6339 2.4
    endloop
  endfacet
  facet normal 0 0 1
    outer loop
      vertex 18.875 47.8325 2.4
      vertex 13.625 47.8325 2.4
      vertex 13.761 47.7417 2.4
    endloop
  endfacet
  facet normal 0 0 1
    outer loop
      vertex 19.0216 47.9049 2.4
      vertex 13.4784 47.9049 2.4
      vertex 13.625 47.8325 2.4
    endloop
  endfacet
  facet normal 0 0 1
    outer loop
      vertex 19.1765 47.9574 2.4
      vertex 13.3235 47.9574 2.4
      vertex 13.4784 47.9049 2.4
    endloop
  endfacet
  facet normal 0 0 1
    outer loop
      vertex 19.3368 47.9893 2.4
      vertex 13.1632 47.9893 2.4
      vertex 13.3235 47.9574 2.4
    endloop
  endfacet
  facet normal 0 0 1
    outer loop
      vertex 19.3368 47.9893 2.4
      vertex 13 48 2.4
      vertex 13.1632 47.9893 2.4
    endloop
  endfacet
  facet normal 0 0 1
    outer loop
      vertex 6.5 48 2.4
      vertex 13 48 2.4
      vertex 94.5 60.6 2.4
    endloop
  endfacet
  facet normal 0 0 1
    outer loop
      vertex 11.75 46.75 2.4
      vertex 7.75 46.75 2.4
      vertex 11.75 29.25 2.4
    endloop
  endfacet
  facet normal 0 0 1
    outer loop
      vertex 11.7607 46.9132 2.4
      vertex 7.75 46.75 2.4
      vertex 11.75 46.75 2.4
    endloop
  endfacet
  facet normal 0 0 1
    outer loop
      vertex 7.73931 46.9132 2.4
      vertex 11.7607 46.9132 2.4
      vertex 11.7926 47.0735 2.4
    endloop
  endfacet
  facet normal 0 0 1
    outer loop
      vertex 7.70741 47.0735 2.4
      vertex 11.7926 47.0735 2.4
      vertex 11.8451 47.2284 2.4
    endloop
  endfacet
  facet normal 0 0 1
    outer loop
      vertex 7.65485 47.2284 2.4
      vertex 11.8451 47.2284 2.4
      vertex 11.9175 47.375 2.4
    endloop
  endfacet
  facet normal 0 0 1
    outer loop
      vertex 7.58253 47.375 2.4
      vertex 11.9175 47.375 2.4
      vertex 12.0083 47.511 2.4
    endloop
  endfacet
  facet normal 0 0 1
    outer loop
      vertex 7.49169 47.511 2.4
      vertex 12.0083 47.511 2.4
      vertex 12.1161 47.6339 2.4
    endloop
  endfacet
  facet normal 0 0 1
    outer loop
      vertex 7.38388 47.6339 2.4
      vertex 12.1161 47.6339 2.4
      vertex 12.239 47.7417 2.4
    endloop
  endfacet
  facet normal 0 0 1
    outer loop
      vertex 7.26095 47.7417 2.4
      vertex 12.239 47.7417 2.4
      vertex 12.375 47.8325 2.4
    endloop
  endfacet
  facet normal 0 0 1
    outer loop
      vertex 7.125 47.8325 2.4
      vertex 12.375 47.8325 2.4
      vertex 12.5216 47.9049 2.4
    endloop
  endfacet
  facet normal 0 0 1
    outer loop
      vertex 6.97835 47.9049 2.4
      vertex 12.5216 47.9049 2.4
      vertex 12.6765 47.9574 2.4
    endloop
  endfacet
  facet normal 0 0 1
    outer loop
      vertex 11.7607 46.9132 2.4
      vertex 7.73931 46.9132 2.4
      vertex 7.75 46.75 2.4
    endloop
  endfacet
  facet normal 0 0 1
    outer loop
      vertex 11.7926 47.0735 2.4
      vertex 7.70741 47.0735 2.4
      vertex 7.73931 46.9132 2.4
    endloop
  endfacet
  facet normal 0 0 1
    outer loop
      vertex 6.82352 47.9574 2.4
      vertex 12.6765 47.9574 2.4
      vertex 12.8368 47.9893 2.4
    endloop
  endfacet
  facet normal 0 0 1
    outer loop
      vertex 11.8451 47.2284 2.4
      vertex 7.65485 47.2284 2.4
      vertex 7.70741 47.0735 2.4
    endloop
  endfacet
  facet normal 0 0 1
    outer loop
      vertex 13 48 2.4
      vertex 6.5 48 2.4
      vertex 12.8368 47.9893 2.4
    endloop
  endfacet
  facet normal 0 0 1
    outer loop
      vertex 11.9175 47.375 2.4
      vertex 7.58253 47.375 2.4
      vertex 7.65485 47.2284 2.4
    endloop
  endfacet
  facet normal 0 0 1
    outer loop
      vertex 12.0083 47.511 2.4
      vertex 7.49169 47.511 2.4
      vertex 7.58253 47.375 2.4
    endloop
  endfacet
  facet normal 0 0 1
    outer loop
      vertex 12.1161 47.6339 2.4
      vertex 7.38388 47.6339 2.4
      vertex 7.49169 47.511 2.4
    endloop
  endfacet
  facet normal 0 0 1
    outer loop
      vertex 12.239 47.7417 2.4
      vertex 7.26095 47.7417 2.4
      vertex 7.38388 47.6339 2.4
    endloop
  endfacet
  facet normal 0 0 1
    outer loop
      vertex 12.375 47.8325 2.4
      vertex 7.125 47.8325 2.4
      vertex 7.26095 47.7417 2.4
    endloop
  endfacet
  facet normal 0 0 1
    outer loop
      vertex 12.5216 47.9049 2.4
      vertex 6.97835 47.9049 2.4
      vertex 7.125 47.8325 2.4
    endloop
  endfacet
  facet normal 0 0 1
    outer loop
      vertex 12.6765 47.9574 2.4
      vertex 6.82352 47.9574 2.4
      vertex 6.97835 47.9049 2.4
    endloop
  endfacet
  facet normal 0 0 1
    outer loop
      vertex 12.8368 47.9893 2.4
      vertex 6.66316 47.9893 2.4
      vertex 6.82352 47.9574 2.4
    endloop
  endfacet
  facet normal 0 0 1
    outer loop
      vertex 12.8368 47.9893 2.4
      vertex 6.5 48 2.4
      vertex 6.66316 47.9893 2.4
    endloop
  endfacet
  facet normal 0 0 1
    outer loop
      vertex 0 48 2.4
      vertex 6.5 48 2.4
      vertex 94.5 60.6 2.4
    endloop
  endfacet
  facet normal 0 0 1
    outer loop
      vertex 5.25 46.75 2.4
      vertex 1.25 46.75 2.4
      vertex 5.25 29.25 2.4
    endloop
  endfacet
  facet normal 0 0 1
    outer loop
      vertex 5.26069 46.9132 2.4
      vertex 1.25 46.75 2.4
      vertex 5.25 46.75 2.4
    endloop
  endfacet
  facet normal 0 0 1
    outer loop
      vertex 1.23931 46.9132 2.4
      vertex 5.26069 46.9132 2.4
      vertex 5.29259 47.0735 2.4
    endloop
  endfacet
  facet normal 0 0 1
    outer loop
      vertex 1.20741 47.0735 2.4
      vertex 5.29259 47.0735 2.4
      vertex 5.34515 47.2284 2.4
    endloop
  endfacet
  facet normal 0 0 1
    outer loop
      vertex 1.15485 47.2284 2.4
      vertex 5.34515 47.2284 2.4
      vertex 5.41747 47.375 2.4
    endloop
  endfacet
  facet normal 0 0 1
    outer loop
      vertex 1.08253 47.375 2.4
      vertex 5.41747 47.375 2.4
      vertex 5.50831 47.511 2.4
    endloop
  endfacet
  facet normal 0 0 1
    outer loop
      vertex 0.991692 47.511 2.4
      vertex 5.50831 47.511 2.4
      vertex 5.61612 47.6339 2.4
    endloop
  endfacet
  facet normal 0 0 1
    outer loop
      vertex 0.883883 47.6339 2.4
      vertex 5.61612 47.6339 2.4
      vertex 5.73905 47.7417 2.4
    endloop
  endfacet
  facet normal 0 0 1
    outer loop
      vertex 0.760951 47.7417 2.4
      vertex 5.73905 47.7417 2.4
      vertex 5.875 47.8325 2.4
    endloop
  endfacet
  facet normal 0 0 1
    outer loop
      vertex 0.625 47.8325 2.4
      vertex 5.875 47.8325 2.4
      vertex 6.02165 47.9049 2.4
    endloop
  endfacet
  facet normal 0 0 1
    outer loop
      vertex 0.478354 47.9049 2.4
      vertex 6.02165 47.9049 2.4
      vertex 6.17648 47.9574 2.4
    endloop
  endfacet
  facet normal 0 0 1
    outer loop
      vertex 5.26069 46.9132 2.4
      vertex 1.23931 46.9132 2.4
      vertex 1.25 46.75 2.4
    endloop
  endfacet
  facet normal 0 0 1
    outer loop
      vertex 5.29259 47.0735 2.4
      vertex 1.20741 47.0735 2.4
      vertex 1.23931 46.9132 2.4
    endloop
  endfacet
  facet normal 0 0 1
    outer loop
      vertex 0.323524 47.9574 2.4
      vertex 6.17648 47.9574 2.4
      vertex 6.33684 47.9893 2.4
    endloop
  endfacet
  facet normal 0 0 1
    outer loop
      vertex 5.34515 47.2284 2.4
      vertex 1.15485 47.2284 2.4
      vertex 1.20741 47.0735 2.4
    endloop
  endfacet
  facet normal 0 0 1
    outer loop
      vertex 5.41747 47.375 2.4
      vertex 1.08253 47.375 2.4
      vertex 1.15485 47.2284 2.4
    endloop
  endfacet
  facet normal 0 0 1
    outer loop
      vertex 6.5 48 2.4
      vertex 0 48 2.4
      vertex 6.33684 47.9893 2.4
    endloop
  endfacet
  facet normal 0 0 1
    outer loop
      vertex 5.50831 47.511 2.4
      vertex 0.991692 47.511 2.4
      vertex 1.08253 47.375 2.4
    endloop
  endfacet
  facet normal 0 0 1
    outer loop
      vertex 5.61612 47.6339 2.4
      vertex 0.883883 47.6339 2.4
      vertex 0.991692 47.511 2.4
    endloop
  endfacet
  facet normal 0 0 1
    outer loop
      vertex 5.73905 47.7417 2.4
      vertex 0.760951 47.7417 2.4
      vertex 0.883883 47.6339 2.4
    endloop
  endfacet
  facet normal 0 0 1
    outer loop
      vertex 5.875 47.8325 2.4
      vertex 0.625 47.8325 2.4
      vertex 0.760951 47.7417 2.4
    endloop
  endfacet
  facet normal 0 0 1
    outer loop
      vertex 6.02165 47.9049 2.4
      vertex 0.478354 47.9049 2.4
      vertex 0.625 47.8325 2.4
    endloop
  endfacet
  facet normal 0 0 1
    outer loop
      vertex 6.17648 47.9574 2.4
      vertex 0.323524 47.9574 2.4
      vertex 0.478354 47.9049 2.4
    endloop
  endfacet
  facet normal 0 0 1
    outer loop
      vertex 6.33684 47.9893 2.4
      vertex 0.163157 47.9893 2.4
      vertex 0.323524 47.9574 2.4
    endloop
  endfacet
  facet normal 0 0 1
    outer loop
      vertex 6.33684 47.9893 2.4
      vertex 0 48 2.4
      vertex 0.163157 47.9893 2.4
    endloop
  endfacet
  facet normal 0 0 1
    outer loop
      vertex -6.5 48 2.4
      vertex 0 48 2.4
      vertex 94.5 60.6 2.4
    endloop
  endfacet
  facet normal 0 0 1
    outer loop
      vertex -1.25 46.75 2.4
      vertex -5.25 46.75 2.4
      vertex -1.25 29.25 2.4
    endloop
  endfacet
  facet normal 0 0 1
    outer loop
      vertex -1.23931 46.9132 2.4
      vertex -5.25 46.75 2.4
      vertex -1.25 46.75 2.4
    endloop
  endfacet
  facet normal 0 0 1
    outer loop
      vertex -5.26069 46.9132 2.4
      vertex -1.23931 46.9132 2.4
      vertex -1.20741 47.0735 2.4
    endloop
  endfacet
  facet normal 0 0 1
    outer loop
      vertex -5.29259 47.0735 2.4
      vertex -1.20741 47.0735 2.4
      vertex -1.15485 47.2284 2.4
    endloop
  endfacet
  facet normal 0 0 1
    outer loop
      vertex -5.34515 47.2284 2.4
      vertex -1.15485 47.2284 2.4
      vertex -1.08253 47.375 2.4
    endloop
  endfacet
  facet normal 0 0 1
    outer loop
      vertex -5.41747 47.375 2.4
      vertex -1.08253 47.375 2.4
      vertex -0.991692 47.511 2.4
    endloop
  endfacet
  facet normal 0 0 1
    outer loop
      vertex -5.50831 47.511 2.4
      vertex -0.991692 47.511 2.4
      vertex -0.883883 47.6339 2.4
    endloop
  endfacet
  facet normal 0 0 1
    outer loop
      vertex -5.61612 47.6339 2.4
      vertex -0.883883 47.6339 2.4
      vertex -0.760951 47.7417 2.4
    endloop
  endfacet
  facet normal 0 0 1
    outer loop
      vertex -5.73905 47.7417 2.4
      vertex -0.760951 47.7417 2.4
      vertex -0.625 47.8325 2.4
    endloop
  endfacet
  facet normal 0 0 1
    outer loop
      vertex -5.875 47.8325 2.4
      vertex -0.625 47.8325 2.4
      vertex -0.478354 47.9049 2.4
    endloop
  endfacet
  facet normal 0 0 1
    outer loop
      vertex -6.02165 47.9049 2.4
      vertex -0.478354 47.9049 2.4
      vertex -0.323524 47.9574 2.4
    endloop
  endfacet
  facet normal 0 0 1
    outer loop
      vertex -1.23931 46.9132 2.4
      vertex -5.26069 46.9132 2.4
      vertex -5.25 46.75 2.4
    endloop
  endfacet
  facet normal 0 0 1
    outer loop
      vertex -1.20741 47.0735 2.4
      vertex -5.29259 47.0735 2.4
      vertex -5.26069 46.9132 2.4
    endloop
  endfacet
  facet normal 0 0 1
    outer loop
      vertex -6.17648 47.9574 2.4
      vertex -0.323524 47.9574 2.4
      vertex -0.163157 47.9893 2.4
    endloop
  endfacet
  facet normal 0 0 1
    outer loop
      vertex -1.15485 47.2284 2.4
      vertex -5.34515 47.2284 2.4
      vertex -5.29259 47.0735 2.4
    endloop
  endfacet
  facet normal 0 0 1
    outer loop
      vertex -1.08253 47.375 2.4
      vertex -5.41747 47.375 2.4
      vertex -5.34515 47.2284 2.4
    endloop
  endfacet
  facet normal 0 0 1
    outer loop
      vertex 0 48 2.4
      vertex -6.5 48 2.4
      vertex -0.163157 47.9893 2.4
    endloop
  endfacet
  facet normal 0 0 1
    outer loop
      vertex -0.991692 47.511 2.4
      vertex -5.50831 47.511 2.4
      vertex -5.41747 47.375 2.4
    endloop
  endfacet
  facet normal 0 0 1
    outer loop
      vertex -0.883883 47.6339 2.4
      vertex -5.61612 47.6339 2.4
      vertex -5.50831 47.511 2.4
    endloop
  endfacet
  facet normal 0 0 1
    outer loop
      vertex -0.760951 47.7417 2.4
      vertex -5.73905 47.7417 2.4
      vertex -5.61612 47.6339 2.4
    endloop
  endfacet
  facet normal 0 0 1
    outer loop
      vertex -0.625 47.8325 2.4
      vertex -5.875 47.8325 2.4
      vertex -5.73905 47.7417 2.4
    endloop
  endfacet
  facet normal 0 0 1
    outer loop
      vertex -0.478354 47.9049 2.4
      vertex -6.02165 47.9049 2.4
      vertex -5.875 47.8325 2.4
    endloop
  endfacet
  facet normal 0 0 1
    outer loop
      vertex -0.323524 47.9574 2.4
      vertex -6.17648 47.9574 2.4
      vertex -6.02165 47.9049 2.4
    endloop
  endfacet
  facet normal 0 0 1
    outer loop
      vertex -0.163157 47.9893 2.4
      vertex -6.33684 47.9893 2.4
      vertex -6.17648 47.9574 2.4
    endloop
  endfacet
  facet normal 0 0 1
    outer loop
      vertex -0.163157 47.9893 2.4
      vertex -6.5 48 2.4
      vertex -6.33684 47.9893 2.4
    endloop
  endfacet
  facet normal -0 0 1
    outer loop
      vertex -94.5 60.6 2.4
      vertex -6.5 48 2.4
      vertex 94.5 60.6 2.4
    endloop
  endfacet
  facet normal 0 0 1
    outer loop
      vertex -7.75 46.75 2.4
      vertex -11.75 46.75 2.4
      vertex -7.75 29.25 2.4
    endloop
  endfacet
  facet normal 0 0 1
    outer loop
      vertex -7.73931 46.9132 2.4
      vertex -11.75 46.75 2.4
      vertex -7.75 46.75 2.4
    endloop
  endfacet
  facet normal 0 0 1
    outer loop
      vertex -11.7607 46.9132 2.4
      vertex -7.73931 46.9132 2.4
      vertex -7.70741 47.0735 2.4
    endloop
  endfacet
  facet normal 0 0 1
    outer loop
      vertex -11.7926 47.0735 2.4
      vertex -7.70741 47.0735 2.4
      vertex -7.65485 47.2284 2.4
    endloop
  endfacet
  facet normal 0 0 1
    outer loop
      vertex -11.8451 47.2284 2.4
      vertex -7.65485 47.2284 2.4
      vertex -7.58253 47.375 2.4
    endloop
  endfacet
  facet normal 0 0 1
    outer loop
      vertex -11.9175 47.375 2.4
      vertex -7.58253 47.375 2.4
      vertex -7.49169 47.511 2.4
    endloop
  endfacet
  facet normal 0 0 1
    outer loop
      vertex -12.0083 47.511 2.4
      vertex -7.49169 47.511 2.4
      vertex -7.38388 47.6339 2.4
    endloop
  endfacet
  facet normal 0 0 1
    outer loop
      vertex -12.1161 47.6339 2.4
      vertex -7.38388 47.6339 2.4
      vertex -7.26095 47.7417 2.4
    endloop
  endfacet
  facet normal 0 0 1
    outer loop
      vertex -12.239 47.7417 2.4
      vertex -7.26095 47.7417 2.4
      vertex -7.125 47.8325 2.4
    endloop
  endfacet
  facet normal 0 0 1
    outer loop
      vertex -12.375 47.8325 2.4
      vertex -7.125 47.8325 2.4
      vertex -6.97835 47.9049 2.4
    endloop
  endfacet
  facet normal 0 0 1
    outer loop
      vertex -12.5216 47.9049 2.4
      vertex -6.97835 47.9049 2.4
      vertex -6.82352 47.9574 2.4
    endloop
  endfacet
  facet normal 0 0 1
    outer loop
      vertex -7.73931 46.9132 2.4
      vertex -11.7607 46.9132 2.4
      vertex -11.75 46.75 2.4
    endloop
  endfacet
  facet normal 0 0 1
    outer loop
      vertex -7.70741 47.0735 2.4
      vertex -11.7926 47.0735 2.4
      vertex -11.7607 46.9132 2.4
    endloop
  endfacet
  facet normal 0 0 1
    outer loop
      vertex -12.6765 47.9574 2.4
      vertex -6.82352 47.9574 2.4
      vertex -6.66316 47.9893 2.4
    endloop
  endfacet
  facet normal 0 0 1
    outer loop
      vertex -7.65485 47.2284 2.4
      vertex -11.8451 47.2284 2.4
      vertex -11.7926 47.0735 2.4
    endloop
  endfacet
  facet normal 0 0 1
    outer loop
      vertex -7.58253 47.375 2.4
      vertex -11.9175 47.375 2.4
      vertex -11.8451 47.2284 2.4
    endloop
  endfacet
  facet normal 0 -0 1
    outer loop
      vertex -13 48 2.4
      vertex -6.5 48 2.4
      vertex -94.5 60.6 2.4
    endloop
  endfacet
  facet normal 0 0 1
    outer loop
      vertex -7.49169 47.511 2.4
      vertex -12.0083 47.511 2.4
      vertex -11.9175 47.375 2.4
    endloop
  endfacet
  facet normal 0 0 1
    outer loop
      vertex -7.38388 47.6339 2.4
      vertex -12.1161 47.6339 2.4
      vertex -12.0083 47.511 2.4
    endloop
  endfacet
  facet normal 0 0 1
    outer loop
      vertex -7.26095 47.7417 2.4
      vertex -12.239 47.7417 2.4
      vertex -12.1161 47.6339 2.4
    endloop
  endfacet
  facet normal 0 0 1
    outer loop
      vertex -7.125 47.8325 2.4
      vertex -12.375 47.8325 2.4
      vertex -12.239 47.7417 2.4
    endloop
  endfacet
  facet normal 0 0 1
    outer loop
      vertex -6.97835 47.9049 2.4
      vertex -12.5216 47.9049 2.4
      vertex -12.375 47.8325 2.4
    endloop
  endfacet
  facet normal 0 0 1
    outer loop
      vertex -6.82352 47.9574 2.4
      vertex -12.6765 47.9574 2.4
      vertex -12.5216 47.9049 2.4
    endloop
  endfacet
  facet normal 0 0 1
    outer loop
      vertex -6.66316 47.9893 2.4
      vertex -12.8368 47.9893 2.4
      vertex -12.6765 47.9574 2.4
    endloop
  endfacet
  facet normal 0 0 1
    outer loop
      vertex -6.66316 47.9893 2.4
      vertex -13 48 2.4
      vertex -12.8368 47.9893 2.4
    endloop
  endfacet
  facet normal 0 0 1
    outer loop
      vertex -6.5 48 2.4
      vertex -13 48 2.4
      vertex -6.66316 47.9893 2.4
    endloop
  endfacet
  facet normal 0 0 1
    outer loop
      vertex -18.25 29.25 2.4
      vertex -14.25 29.25 2.4
      vertex -14.25 46.75 2.4
    endloop
  endfacet
  facet normal 0 0 1
    outer loop
      vertex -18.2926 28.9265 2.4
      vertex -14.25 29.25 2.4
      vertex -18.2607 29.0868 2.4
    endloop
  endfacet
  facet normal 0 0 1
    outer loop
      vertex -18.3451 28.7716 2.4
      vertex -14.25 29.25 2.4
      vertex -18.2926 28.9265 2.4
    endloop
  endfacet
  facet normal 0 0 1
    outer loop
      vertex -18.4175 28.625 2.4
      vertex -14.25 29.25 2.4
      vertex -18.3451 28.7716 2.4
    endloop
  endfacet
  facet normal 0 0 1
    outer loop
      vertex -18.5083 28.489 2.4
      vertex -14.25 29.25 2.4
      vertex -18.4175 28.625 2.4
    endloop
  endfacet
  facet normal 0 0 1
    outer loop
      vertex -18.6161 28.3661 2.4
      vertex -14.25 29.25 2.4
      vertex -18.5083 28.489 2.4
    endloop
  endfacet
  facet normal 0 0 1
    outer loop
      vertex -18.739 28.2583 2.4
      vertex -14.25 29.25 2.4
      vertex -18.6161 28.3661 2.4
    endloop
  endfacet
  facet normal 0 0 1
    outer loop
      vertex -18.25 46.75 2.4
      vertex -14.25 46.75 2.4
      vertex -14.2393 46.9132 2.4
    endloop
  endfacet
  facet normal 0 0 1
    outer loop
      vertex -18.875 28.1675 2.4
      vertex -14.25 29.25 2.4
      vertex -18.739 28.2583 2.4
    endloop
  endfacet
  facet normal 0 0 1
    outer loop
      vertex -14.25 46.75 2.4
      vertex -18.25 46.75 2.4
      vertex -18.25 29.25 2.4
    endloop
  endfacet
  facet normal 0 0 1
    outer loop
      vertex -18.2607 46.9132 2.4
      vertex -14.2393 46.9132 2.4
      vertex -14.2074 47.0735 2.4
    endloop
  endfacet
  facet normal 0 0 1
    outer loop
      vertex -18.2926 47.0735 2.4
      vertex -14.2074 47.0735 2.4
      vertex -14.1548 47.2284 2.4
    endloop
  endfacet
  facet normal 0 0 1
    outer loop
      vertex -18.3451 47.2284 2.4
      vertex -14.1548 47.2284 2.4
      vertex -14.0825 47.375 2.4
    endloop
  endfacet
  facet normal 0 0 1
    outer loop
      vertex -18.4175 47.375 2.4
      vertex -14.0825 47.375 2.4
      vertex -13.9917 47.511 2.4
    endloop
  endfacet
  facet normal 0 0 1
    outer loop
      vertex -18.5083 47.511 2.4
      vertex -13.9917 47.511 2.4
      vertex -13.8839 47.6339 2.4
    endloop
  endfacet
  facet normal 0 0 1
    outer loop
      vertex -18.6161 47.6339 2.4
      vertex -13.8839 47.6339 2.4
      vertex -13.761 47.7417 2.4
    endloop
  endfacet
  facet normal 0 0 1
    outer loop
      vertex -18.739 47.7417 2.4
      vertex -13.761 47.7417 2.4
      vertex -13.625 47.8325 2.4
    endloop
  endfacet
  facet normal 0 0 1
    outer loop
      vertex -18.875 47.8325 2.4
      vertex -13.625 47.8325 2.4
      vertex -13.4784 47.9049 2.4
    endloop
  endfacet
  facet normal 0 0 1
    outer loop
      vertex -19.0216 47.9049 2.4
      vertex -13.4784 47.9049 2.4
      vertex -13.3235 47.9574 2.4
    endloop
  endfacet
  facet normal 0 0 1
    outer loop
      vertex -14.2393 46.9132 2.4
      vertex -18.2607 46.9132 2.4
      vertex -18.25 46.75 2.4
    endloop
  endfacet
  facet normal 0 0 1
    outer loop
      vertex -14.2074 47.0735 2.4
      vertex -18.2926 47.0735 2.4
      vertex -18.2607 46.9132 2.4
    endloop
  endfacet
  facet normal 0 0 1
    outer loop
      vertex -19.1765 47.9574 2.4
      vertex -13.3235 47.9574 2.4
      vertex -13.1632 47.9893 2.4
    endloop
  endfacet
  facet normal 0 0 1
    outer loop
      vertex -14.1548 47.2284 2.4
      vertex -18.3451 47.2284 2.4
      vertex -18.2926 47.0735 2.4
    endloop
  endfacet
  facet normal 0 0 1
    outer loop
      vertex -14.0825 47.375 2.4
      vertex -18.4175 47.375 2.4
      vertex -18.3451 47.2284 2.4
    endloop
  endfacet
  facet normal 0 -0 1
    outer loop
      vertex -19.5 48 2.4
      vertex -13 48 2.4
      vertex -94.5 60.6 2.4
    endloop
  endfacet
  facet normal 0 0 1
    outer loop
      vertex -13.9917 47.511 2.4
      vertex -18.5083 47.511 2.4
      vertex -18.4175 47.375 2.4
    endloop
  endfacet
  facet normal 0 0 1
    outer loop
      vertex -13.8839 47.6339 2.4
      vertex -18.6161 47.6339 2.4
      vertex -18.5083 47.511 2.4
    endloop
  endfacet
  facet normal 0 0 1
    outer loop
      vertex -13.761 47.7417 2.4
      vertex -18.739 47.7417 2.4
      vertex -18.6161 47.6339 2.4
    endloop
  endfacet
  facet normal 0 0 1
    outer loop
      vertex -13.625 47.8325 2.4
      vertex -18.875 47.8325 2.4
      vertex -18.739 47.7417 2.4
    endloop
  endfacet
  facet normal 0 0 1
    outer loop
      vertex -13.4784 47.9049 2.4
      vertex -19.0216 47.9049 2.4
      vertex -18.875 47.8325 2.4
    endloop
  endfacet
  facet normal 0 0 1
    outer loop
      vertex -13.3235 47.9574 2.4
      vertex -19.1765 47.9574 2.4
      vertex -19.0216 47.9049 2.4
    endloop
  endfacet
  facet normal 0 0 1
    outer loop
      vertex -13.1632 47.9893 2.4
      vertex -19.3368 47.9893 2.4
      vertex -19.1765 47.9574 2.4
    endloop
  endfacet
  facet normal 0 0 1
    outer loop
      vertex -13.1632 47.9893 2.4
      vertex -19.5 48 2.4
      vertex -19.3368 47.9893 2.4
    endloop
  endfacet
  facet normal 0 0 1
    outer loop
      vertex -13 48 2.4
      vertex -19.5 48 2.4
      vertex -13.1632 47.9893 2.4
    endloop
  endfacet
  facet normal 0 0 1
    outer loop
      vertex -20.75 46.75 2.4
      vertex -24.75 46.75 2.4
      vertex -20.75 29.25 2.4
    endloop
  endfacet
  facet normal 0 0 1
    outer loop
      vertex -20.7393 46.9132 2.4
      vertex -24.75 46.75 2.4
      vertex -20.75 46.75 2.4
    endloop
  endfacet
  facet normal 0 0 1
    outer loop
      vertex -24.7607 46.9132 2.4
      vertex -20.7393 46.9132 2.4
      vertex -20.7074 47.0735 2.4
    endloop
  endfacet
  facet normal 0 0 1
    outer loop
      vertex -24.7926 47.0735 2.4
      vertex -20.7074 47.0735 2.4
      vertex -20.6549 47.2284 2.4
    endloop
  endfacet
  facet normal 0 0 1
    outer loop
      vertex -24.8451 47.2284 2.4
      vertex -20.6549 47.2284 2.4
      vertex -20.5825 47.375 2.4
    endloop
  endfacet
  facet normal 0 0 1
    outer loop
      vertex -24.9175 47.375 2.4
      vertex -20.5825 47.375 2.4
      vertex -20.4917 47.511 2.4
    endloop
  endfacet
  facet normal 0 0 1
    outer loop
      vertex -25.0083 47.511 2.4
      vertex -20.4917 47.511 2.4
      vertex -20.3839 47.6339 2.4
    endloop
  endfacet
  facet normal 0 0 1
    outer loop
      vertex -25.1161 47.6339 2.4
      vertex -20.3839 47.6339 2.4
      vertex -20.261 47.7417 2.4
    endloop
  endfacet
  facet normal 0 0 1
    outer loop
      vertex -25.239 47.7417 2.4
      vertex -20.261 47.7417 2.4
      vertex -20.125 47.8325 2.4
    endloop
  endfacet
  facet normal 0 0 1
    outer loop
      vertex -25.375 47.8325 2.4
      vertex -20.125 47.8325 2.4
      vertex -19.9784 47.9049 2.4
    endloop
  endfacet
  facet normal 0 0 1
    outer loop
      vertex -25.5216 47.9049 2.4
      vertex -19.9784 47.9049 2.4
      vertex -19.8235 47.9574 2.4
    endloop
  endfacet
  facet normal 0 0 1
    outer loop
      vertex -20.7393 46.9132 2.4
      vertex -24.7607 46.9132 2.4
      vertex -24.75 46.75 2.4
    endloop
  endfacet
  facet normal 0 0 1
    outer loop
      vertex -20.7074 47.0735 2.4
      vertex -24.7926 47.0735 2.4
      vertex -24.7607 46.9132 2.4
    endloop
  endfacet
  facet normal 0 0 1
    outer loop
      vertex -25.6765 47.9574 2.4
      vertex -19.8235 47.9574 2.4
      vertex -19.6632 47.9893 2.4
    endloop
  endfacet
  facet normal 0 0 1
    outer loop
      vertex -20.6549 47.2284 2.4
      vertex -24.8451 47.2284 2.4
      vertex -24.7926 47.0735 2.4
    endloop
  endfacet
  facet normal 0 0 1
    outer loop
      vertex -20.5825 47.375 2.4
      vertex -24.9175 47.375 2.4
      vertex -24.8451 47.2284 2.4
    endloop
  endfacet
  facet normal 0 0 1
    outer loop
      vertex -20.4917 47.511 2.4
      vertex -25.0083 47.511 2.4
      vertex -24.9175 47.375 2.4
    endloop
  endfacet
  facet normal 0 -0 1
    outer loop
      vertex -26 48 2.4
      vertex -19.5 48 2.4
      vertex -94.5 60.6 2.4
    endloop
  endfacet
  facet normal 0 0 1
    outer loop
      vertex -20.3839 47.6339 2.4
      vertex -25.1161 47.6339 2.4
      vertex -25.0083 47.511 2.4
    endloop
  endfacet
  facet normal 0 0 1
    outer loop
      vertex -20.261 47.7417 2.4
      vertex -25.239 47.7417 2.4
      vertex -25.1161 47.6339 2.4
    endloop
  endfacet
  facet normal 0 0 1
    outer loop
      vertex -20.125 47.8325 2.4
      vertex -25.375 47.8325 2.4
      vertex -25.239 47.7417 2.4
    endloop
  endfacet
  facet normal 0 0 1
    outer loop
      vertex -19.9784 47.9049 2.4
      vertex -25.5216 47.9049 2.4
      vertex -25.375 47.8325 2.4
    endloop
  endfacet
  facet normal 0 0 1
    outer loop
      vertex -19.8235 47.9574 2.4
      vertex -25.6765 47.9574 2.4
      vertex -25.5216 47.9049 2.4
    endloop
  endfacet
  facet normal 0 0 1
    outer loop
      vertex -19.6632 47.9893 2.4
      vertex -25.8368 47.9893 2.4
      vertex -25.6765 47.9574 2.4
    endloop
  endfacet
  facet normal 0 0 1
    outer loop
      vertex -19.5 48 2.4
      vertex -26 48 2.4
      vertex -19.6632 47.9893 2.4
    endloop
  endfacet
  facet normal 0 0 1
    outer loop
      vertex -19.6632 47.9893 2.4
      vertex -26 48 2.4
      vertex -25.8368 47.9893 2.4
    endloop
  endfacet
  facet normal 0 0 1
    outer loop
      vertex -55.0204 28.875 2.4
      vertex -27.25 29.25 2.4
      vertex -27.25 46.75 2.4
    endloop
  endfacet
  facet normal 0 0 1
    outer loop
      vertex -57.125 30.9796 2.4
      vertex -27.25 46.75 2.4
      vertex -27.2393 46.9132 2.4
    endloop
  endfacet
  facet normal 0 0 1
    outer loop
      vertex -57.7996 31.3123 2.4
      vertex -27.2393 46.9132 2.4
      vertex -27.2074 47.0735 2.4
    endloop
  endfacet
  facet normal 0 0 1
    outer loop
      vertex -58.5118 31.5541 2.4
      vertex -27.2074 47.0735 2.4
      vertex -27.1549 47.2284 2.4
    endloop
  endfacet
  facet normal 0 0 1
    outer loop
      vertex -58.5118 31.5541 2.4
      vertex -27.1549 47.2284 2.4
      vertex -27.0825 47.375 2.4
    endloop
  endfacet
  facet normal 0 0 1
    outer loop
      vertex -59.2495 31.7008 2.4
      vertex -27.0825 47.375 2.4
      vertex -26.9917 47.511 2.4
    endloop
  endfacet
  facet normal 0 0 1
    outer loop
      vertex -94.5 60.6 2.4
      vertex -26.9917 47.511 2.4
      vertex -26.8839 47.6339 2.4
    endloop
  endfacet
  facet normal 0 0 1
    outer loop
      vertex -94.5 60.6 2.4
      vertex -26.8839 47.6339 2.4
      vertex -26.761 47.7417 2.4
    endloop
  endfacet
  facet normal 0 0 1
    outer loop
      vertex -27.2393 29.0868 2.4
      vertex -54.2992 26.7505 2.4
      vertex -54.25 26 2.4
    endloop
  endfacet
  facet normal 0 0 1
    outer loop
      vertex -27.25 29.25 2.4
      vertex -54.4459 27.4882 2.4
      vertex -54.2992 26.7505 2.4
    endloop
  endfacet
  facet normal 0 0 1
    outer loop
      vertex -27.25 29.25 2.4
      vertex -54.6877 28.2004 2.4
      vertex -54.4459 27.4882 2.4
    endloop
  endfacet
  facet normal 0 0 1
    outer loop
      vertex -27.25 29.25 2.4
      vertex -55.0204 28.875 2.4
      vertex -54.6877 28.2004 2.4
    endloop
  endfacet
  facet normal 0 0 1
    outer loop
      vertex -94.5 60.6 2.4
      vertex -26.761 47.7417 2.4
      vertex -26.625 47.8325 2.4
    endloop
  endfacet
  facet normal 0 0 1
    outer loop
      vertex -27.25 46.75 2.4
      vertex -55.4382 29.5004 2.4
      vertex -55.0204 28.875 2.4
    endloop
  endfacet
  facet normal 0 0 1
    outer loop
      vertex -27.25 46.75 2.4
      vertex -55.9341 30.0659 2.4
      vertex -55.4382 29.5004 2.4
    endloop
  endfacet
  facet normal 0 0 1
    outer loop
      vertex -27.25 46.75 2.4
      vertex -56.4996 30.5618 2.4
      vertex -55.9341 30.0659 2.4
    endloop
  endfacet
  facet normal 0 0 1
    outer loop
      vertex -27.25 46.75 2.4
      vertex -57.125 30.9796 2.4
      vertex -56.4996 30.5618 2.4
    endloop
  endfacet
  facet normal 0 0 1
    outer loop
      vertex -27.2393 46.9132 2.4
      vertex -57.7996 31.3123 2.4
      vertex -57.125 30.9796 2.4
    endloop
  endfacet
  facet normal 0 0 1
    outer loop
      vertex -27.2074 47.0735 2.4
      vertex -58.5118 31.5541 2.4
      vertex -57.7996 31.3123 2.4
    endloop
  endfacet
  facet normal 0 0 1
    outer loop
      vertex -27.0825 47.375 2.4
      vertex -59.2495 31.7008 2.4
      vertex -58.5118 31.5541 2.4
    endloop
  endfacet
  facet normal 0 0 1
    outer loop
      vertex -26.9917 47.511 2.4
      vertex -60 31.75 2.4
      vertex -59.2495 31.7008 2.4
    endloop
  endfacet
  facet normal 0 0 1
    outer loop
      vertex -94.5 60.6 2.4
      vertex -26.625 47.8325 2.4
      vertex -26.4784 47.9049 2.4
    endloop
  endfacet
  facet normal 0 0 1
    outer loop
      vertex -26.9917 47.511 2.4
      vertex -94.5 60.6 2.4
      vertex -60 31.75 2.4
    endloop
  endfacet
  facet normal 0 0 1
    outer loop
      vertex -60 31.75 2.4
      vertex -94.5 60.6 2.4
      vertex -60.7505 31.7008 2.4
    endloop
  endfacet
  facet normal 0 0 1
    outer loop
      vertex -60.7505 31.7008 2.4
      vertex -94.5 60.6 2.4
      vertex -61.4882 31.5541 2.4
    endloop
  endfacet
  facet normal 0 0 1
    outer loop
      vertex -65.7008 26.7505 2.4
      vertex -101.6 53.5 2.4
      vertex -65.75 26 2.4
    endloop
  endfacet
  facet normal 0 0 1
    outer loop
      vertex -65.5541 27.4882 2.4
      vertex -101.6 53.5 2.4
      vertex -65.7008 26.7505 2.4
    endloop
  endfacet
  facet normal 0 0 1
    outer loop
      vertex -65.3123 28.2004 2.4
      vertex -101.6 53.5 2.4
      vertex -65.5541 27.4882 2.4
    endloop
  endfacet
  facet normal 0 0 1
    outer loop
      vertex -64.9796 28.875 2.4
      vertex -101.6 53.5 2.4
      vertex -65.3123 28.2004 2.4
    endloop
  endfacet
  facet normal 0 0 1
    outer loop
      vertex -64.5618 29.5004 2.4
      vertex -101.6 53.5 2.4
      vertex -64.9796 28.875 2.4
    endloop
  endfacet
  facet normal -0 0 1
    outer loop
      vertex -101.6 53.5 2.4
      vertex -64.5618 29.5004 2.4
      vertex -94.5 60.6 2.4
    endloop
  endfacet
  facet normal 0 0 1
    outer loop
      vertex -64.0659 30.0659 2.4
      vertex -94.5 60.6 2.4
      vertex -64.5618 29.5004 2.4
    endloop
  endfacet
  facet normal 0 0 1
    outer loop
      vertex -63.5004 30.5618 2.4
      vertex -94.5 60.6 2.4
      vertex -64.0659 30.0659 2.4
    endloop
  endfacet
  facet normal 0 0 1
    outer loop
      vertex -62.875 30.9796 2.4
      vertex -94.5 60.6 2.4
      vertex -63.5004 30.5618 2.4
    endloop
  endfacet
  facet normal 0 0 1
    outer loop
      vertex -62.2004 31.3123 2.4
      vertex -94.5 60.6 2.4
      vertex -62.875 30.9796 2.4
    endloop
  endfacet
  facet normal 0 0 1
    outer loop
      vertex -61.4882 31.5541 2.4
      vertex -94.5 60.6 2.4
      vertex -62.2004 31.3123 2.4
    endloop
  endfacet
  facet normal 0 0 1
    outer loop
      vertex -26.3235 47.9574 2.4
      vertex -94.5 60.6 2.4
      vertex -26.4784 47.9049 2.4
    endloop
  endfacet
  facet normal 0 0 1
    outer loop
      vertex -26.1632 47.9893 2.4
      vertex -94.5 60.6 2.4
      vertex -26.3235 47.9574 2.4
    endloop
  endfacet
  facet normal 0 0 1
    outer loop
      vertex -26 48 2.4
      vertex -94.5 60.6 2.4
      vertex -26.1632 47.9893 2.4
    endloop
  endfacet
  facet normal -0 0 1
    outer loop
      vertex 62.3756 9.44162 2.4
      vertex 101.6 -53.5 2.4
      vertex 62.575 9.53997 2.4
    endloop
  endfacet
  facet normal 0 0 1
    outer loop
      vertex 65.1205 13.5497 2.4
      vertex 65.75 14 2.4
      vertex 65.15 14 2.4
    endloop
  endfacet
  facet normal 0 0 1
    outer loop
      vertex 65.1059 13.3278 2.4
      vertex 65.75 14 2.4
      vertex 65.1205 13.5497 2.4
    endloop
  endfacet
  facet normal 0 0 1
    outer loop
      vertex 65.0626 13.1097 2.4
      vertex 65.75 14 2.4
      vertex 65.1059 13.3278 2.4
    endloop
  endfacet
  facet normal 0 0 1
    outer loop
      vertex 64.9745 12.6671 2.4
      vertex 65.75 14 2.4
      vertex 65.0626 13.1097 2.4
    endloop
  endfacet
  facet normal 0 0 1
    outer loop
      vertex 64.903 12.4565 2.4
      vertex 65.75 14 2.4
      vertex 64.9745 12.6671 2.4
    endloop
  endfacet
  facet normal 0 0 1
    outer loop
      vertex 64.758 12.0292 2.4
      vertex 65.75 14 2.4
      vertex 64.903 12.4565 2.4
    endloop
  endfacet
  facet normal -0 0 1
    outer loop
      vertex 61.9708 9.24202 2.4
      vertex 101.6 -53.5 2.4
      vertex 62.3756 9.44162 2.4
    endloop
  endfacet
  facet normal -0 0 1
    outer loop
      vertex 61.5435 9.09696 2.4
      vertex 101.6 -53.5 2.4
      vertex 61.9708 9.24202 2.4
    endloop
  endfacet
  facet normal -0 0 1
    outer loop
      vertex 61.3329 9.02548 2.4
      vertex 101.6 -53.5 2.4
      vertex 61.5435 9.09696 2.4
    endloop
  endfacet
  facet normal 0 0 1
    outer loop
      vertex 101.539 -54.4267 2.4
      vertex 94.5 -60.6 2.4
      vertex 101.358 -55.3376 2.4
    endloop
  endfacet
  facet normal 0 0 1
    outer loop
      vertex 100.649 -57.05 2.4
      vertex 94.5 -60.6 2.4
      vertex 100.133 -57.8222 2.4
    endloop
  endfacet
  facet normal 0 0 1
    outer loop
      vertex 97.217 -60.0595 2.4
      vertex 94.5 -60.6 2.4
      vertex 96.3376 -60.3581 2.4
    endloop
  endfacet
  facet normal 0 0 1
    outer loop
      vertex 96.3376 -60.3581 2.4
      vertex 94.5 -60.6 2.4
      vertex 95.4267 -60.5393 2.4
    endloop
  endfacet
  facet normal 0 0 1
    outer loop
      vertex 98.8222 -59.1328 2.4
      vertex 94.5 -60.6 2.4
      vertex 98.05 -59.6488 2.4
    endloop
  endfacet
  facet normal 0 0 1
    outer loop
      vertex 98.05 -59.6488 2.4
      vertex 94.5 -60.6 2.4
      vertex 97.217 -60.0595 2.4
    endloop
  endfacet
  facet normal 0 0 1
    outer loop
      vertex 99.5205 -58.5205 2.4
      vertex 94.5 -60.6 2.4
      vertex 98.8222 -59.1328 2.4
    endloop
  endfacet
  facet normal 0 0 1
    outer loop
      vertex 100.133 -57.8222 2.4
      vertex 94.5 -60.6 2.4
      vertex 99.5205 -58.5205 2.4
    endloop
  endfacet
  facet normal 0 0 1
    outer loop
      vertex 101.358 -55.3376 2.4
      vertex 94.5 -60.6 2.4
      vertex 101.06 -56.2171 2.4
    endloop
  endfacet
  facet normal 0 0 1
    outer loop
      vertex 101.06 -56.2171 2.4
      vertex 94.5 -60.6 2.4
      vertex 100.649 -57.05 2.4
    endloop
  endfacet
  facet normal 0 -0 1
    outer loop
      vertex 94.5 -60.6 2.4
      vertex 101.6 -53.5 2.4
      vertex 61.3329 9.02548 2.4
    endloop
  endfacet
  facet normal 0 0 1
    outer loop
      vertex 101.6 -53.5 2.4
      vertex 94.5 -60.6 2.4
      vertex 101.539 -54.4267 2.4
    endloop
  endfacet
  facet normal -0 0 1
    outer loop
      vertex 60.8903 8.93744 2.4
      vertex 94.5 -60.6 2.4
      vertex 61.3329 9.02548 2.4
    endloop
  endfacet
  facet normal -0 0 1
    outer loop
      vertex 60.6722 8.89406 2.4
      vertex 94.5 -60.6 2.4
      vertex 60.8903 8.93744 2.4
    endloop
  endfacet
  facet normal -0 0 1
    outer loop
      vertex 60.4503 8.87952 2.4
      vertex 94.5 -60.6 2.4
      vertex 60.6722 8.89406 2.4
    endloop
  endfacet
  facet normal -0 0 1
    outer loop
      vertex 60 8.85 2.4
      vertex 94.5 -60.6 2.4
      vertex 60.4503 8.87952 2.4
    endloop
  endfacet
  facet normal 0 0 1
    outer loop
      vertex 18.9658 -26.5221 2.4
      vertex 60 8.85 2.4
      vertex 59.5497 8.87952 2.4
    endloop
  endfacet
  facet normal 0 0 1
    outer loop
      vertex 18.9658 -26.5221 2.4
      vertex 59.5497 8.87952 2.4
      vertex 59.3278 8.89406 2.4
    endloop
  endfacet
  facet normal 0 0 1
    outer loop
      vertex 19 -26 2.4
      vertex 59.3278 8.89406 2.4
      vertex 59.1097 8.93744 2.4
    endloop
  endfacet
  facet normal 0 0 1
    outer loop
      vertex 19 -26 2.4
      vertex 59.1097 8.93744 2.4
      vertex 58.6671 9.02548 2.4
    endloop
  endfacet
  facet normal 0 0 1
    outer loop
      vertex 19 -26 2.4
      vertex 58.6671 9.02548 2.4
      vertex 58.4565 9.09696 2.4
    endloop
  endfacet
  facet normal 0 0 1
    outer loop
      vertex 19 -26 2.4
      vertex 58.4565 9.09696 2.4
      vertex 58.0292 9.24202 2.4
    endloop
  endfacet
  facet normal 0 0 1
    outer loop
      vertex 19 -10 2.4
      vertex 58.0292 9.24202 2.4
      vertex 57.6244 9.44162 2.4
    endloop
  endfacet
  facet normal 0 0 1
    outer loop
      vertex 19 -10 2.4
      vertex 57.6244 9.44162 2.4
      vertex 57.425 9.53997 2.4
    endloop
  endfacet
  facet normal 0 0 1
    outer loop
      vertex 19 -10 2.4
      vertex 57.425 9.53997 2.4
      vertex 57.0498 9.79069 2.4
    endloop
  endfacet
  facet normal 0 0 1
    outer loop
      vertex 19 -10 2.4
      vertex 57.0498 9.79069 2.4
      vertex 56.8649 9.91423 2.4
    endloop
  endfacet
  facet normal 0 0 1
    outer loop
      vertex 18.9658 -9.47789 2.4
      vertex 56.8649 9.91423 2.4
      vertex 56.5256 10.2118 2.4
    endloop
  endfacet
  facet normal 0 0 1
    outer loop
      vertex 18.9658 -9.47789 2.4
      vertex 56.5256 10.2118 2.4
      vertex 56.3584 10.3584 2.4
    endloop
  endfacet
  facet normal 0 0 1
    outer loop
      vertex 18.9658 -9.47789 2.4
      vertex 56.3584 10.3584 2.4
      vertex 56.2118 10.5256 2.4
    endloop
  endfacet
  facet normal 0 0 1
    outer loop
      vertex 18.9658 -9.47789 2.4
      vertex 56.2118 10.5256 2.4
      vertex 55.9142 10.8649 2.4
    endloop
  endfacet
  facet normal 0 0 1
    outer loop
      vertex 18.9658 -9.47789 2.4
      vertex 55.9142 10.8649 2.4
      vertex 55.7907 11.0498 2.4
    endloop
  endfacet
  facet normal 0 0 1
    outer loop
      vertex 18.9658 -9.47789 2.4
      vertex 55.7907 11.0498 2.4
      vertex 55.54 11.425 2.4
    endloop
  endfacet
  facet normal 0 0 1
    outer loop
      vertex 54.25 14 2.4
      vertex 55.097 12.4565 2.4
      vertex 55.0255 12.6671 2.4
    endloop
  endfacet
  facet normal 0 0 1
    outer loop
      vertex 54.25 14 2.4
      vertex 54.9374 13.1097 2.4
      vertex 54.8941 13.3278 2.4
    endloop
  endfacet
  facet normal -0 0 1
    outer loop
      vertex 54.25 14 2.4
      vertex 54.8795 13.5497 2.4
      vertex 54.85 14 2.4
    endloop
  endfacet
  facet normal 0 0 1
    outer loop
      vertex 54.8795 13.5497 2.4
      vertex 54.25 14 2.4
      vertex 54.8941 13.3278 2.4
    endloop
  endfacet
  facet normal 0 0 1
    outer loop
      vertex 54.9374 13.1097 2.4
      vertex 54.25 14 2.4
      vertex 55.0255 12.6671 2.4
    endloop
  endfacet
  facet normal 0 0 1
    outer loop
      vertex 55.097 12.4565 2.4
      vertex 54.25 14 2.4
      vertex 55.242 12.0292 2.4
    endloop
  endfacet
  facet normal 0 0 1
    outer loop
      vertex 18.9658 -9.47789 2.4
      vertex 55.242 12.0292 2.4
      vertex 54.25 14 2.4
    endloop
  endfacet
  facet normal 0 0 1
    outer loop
      vertex 18.9658 -9.47789 2.4
      vertex 55.4416 11.6244 2.4
      vertex 55.242 12.0292 2.4
    endloop
  endfacet
  facet normal 0 0 1
    outer loop
      vertex 54.2992 26.7505 2.4
      vertex 27.2393 29.0868 2.4
      vertex 54.25 26 2.4
    endloop
  endfacet
  facet normal -0 0 1
    outer loop
      vertex 27.2074 28.9265 2.4
      vertex 54.25 26 2.4
      vertex 27.2393 29.0868 2.4
    endloop
  endfacet
  facet normal -0 0 1
    outer loop
      vertex 27.1549 28.7716 2.4
      vertex 54.25 26 2.4
      vertex 27.2074 28.9265 2.4
    endloop
  endfacet
  facet normal -0 0 1
    outer loop
      vertex 27.0825 28.625 2.4
      vertex 54.25 26 2.4
      vertex 27.1549 28.7716 2.4
    endloop
  endfacet
  facet normal 0 0 1
    outer loop
      vertex 54.25 26 2.4
      vertex 27.0825 28.625 2.4
      vertex 54.25 14 2.4
    endloop
  endfacet
  facet normal -0 0 1
    outer loop
      vertex 26.9917 28.489 2.4
      vertex 54.25 14 2.4
      vertex 27.0825 28.625 2.4
    endloop
  endfacet
  facet normal -0 0 1
    outer loop
      vertex 26.8839 28.3661 2.4
      vertex 54.25 14 2.4
      vertex 26.9917 28.489 2.4
    endloop
  endfacet
  facet normal -0 0 1
    outer loop
      vertex 26.761 28.2583 2.4
      vertex 54.25 14 2.4
      vertex 26.8839 28.3661 2.4
    endloop
  endfacet
  facet normal -0 0 1
    outer loop
      vertex 26.625 28.1675 2.4
      vertex 54.25 14 2.4
      vertex 26.761 28.2583 2.4
    endloop
  endfacet
  facet normal -0 0 1
    outer loop
      vertex 26.4784 28.0951 2.4
      vertex 54.25 14 2.4
      vertex 26.625 28.1675 2.4
    endloop
  endfacet
  facet normal -0 0 1
    outer loop
      vertex 26.3235 28.0426 2.4
      vertex 54.25 14 2.4
      vertex 26.4784 28.0951 2.4
    endloop
  endfacet
  facet normal 0 0 1
    outer loop
      vertex 18.9658 -9.47789 2.4
      vertex 55.54 11.425 2.4
      vertex 55.4416 11.6244 2.4
    endloop
  endfacet
  facet normal 0 0 1
    outer loop
      vertex 18.9658 -9.47789 2.4
      vertex 54.25 14 2.4
      vertex 26.3235 28.0426 2.4
    endloop
  endfacet
  facet normal 0 0 1
    outer loop
      vertex 18.9658 -9.47789 2.4
      vertex 26.3235 28.0426 2.4
      vertex 26.1632 28.0107 2.4
    endloop
  endfacet
  facet normal 0 0 1
    outer loop
      vertex 18.9658 -9.47789 2.4
      vertex 26.1632 28.0107 2.4
      vertex 26 28 2.4
    endloop
  endfacet
  facet normal 0 0 1
    outer loop
      vertex 18.9658 -9.47789 2.4
      vertex 26 28 2.4
      vertex 25.8368 28.0107 2.4
    endloop
  endfacet
  facet normal 0 0 1
    outer loop
      vertex 19.6632 28.0107 2.4
      vertex 25.8368 28.0107 2.4
      vertex 25.6765 28.0426 2.4
    endloop
  endfacet
  facet normal 0 0 1
    outer loop
      vertex 19.8235 28.0426 2.4
      vertex 25.6765 28.0426 2.4
      vertex 25.5216 28.0951 2.4
    endloop
  endfacet
  facet normal 0 0 1
    outer loop
      vertex 19.9784 28.0951 2.4
      vertex 25.5216 28.0951 2.4
      vertex 25.375 28.1675 2.4
    endloop
  endfacet
  facet normal 0 0 1
    outer loop
      vertex 20.125 28.1675 2.4
      vertex 25.375 28.1675 2.4
      vertex 25.239 28.2583 2.4
    endloop
  endfacet
  facet normal 0 0 1
    outer loop
      vertex 20.261 28.2583 2.4
      vertex 25.239 28.2583 2.4
      vertex 25.1161 28.3661 2.4
    endloop
  endfacet
  facet normal 0 0 1
    outer loop
      vertex 20.3839 28.3661 2.4
      vertex 25.1161 28.3661 2.4
      vertex 25.0083 28.489 2.4
    endloop
  endfacet
  facet normal 0 0 1
    outer loop
      vertex 20.75 29.25 2.4
      vertex 24.75 29.25 2.4
      vertex 20.75 46.75 2.4
    endloop
  endfacet
  facet normal 0 0 1
    outer loop
      vertex 24.75 29.25 2.4
      vertex 20.75 29.25 2.4
      vertex 24.7607 29.0868 2.4
    endloop
  endfacet
  facet normal 0 0 1
    outer loop
      vertex 20.7393 29.0868 2.4
      vertex 24.7607 29.0868 2.4
      vertex 20.75 29.25 2.4
    endloop
  endfacet
  facet normal 0 0 1
    outer loop
      vertex 24.7607 29.0868 2.4
      vertex 20.7393 29.0868 2.4
      vertex 24.7926 28.9265 2.4
    endloop
  endfacet
  facet normal 0 0 1
    outer loop
      vertex 20.7074 28.9265 2.4
      vertex 24.7926 28.9265 2.4
      vertex 20.7393 29.0868 2.4
    endloop
  endfacet
  facet normal 0 0 1
    outer loop
      vertex 24.7926 28.9265 2.4
      vertex 20.7074 28.9265 2.4
      vertex 24.8451 28.7716 2.4
    endloop
  endfacet
  facet normal 0 0 1
    outer loop
      vertex 20.6549 28.7716 2.4
      vertex 24.8451 28.7716 2.4
      vertex 20.7074 28.9265 2.4
    endloop
  endfacet
  facet normal 0 0 1
    outer loop
      vertex 24.8451 28.7716 2.4
      vertex 20.6549 28.7716 2.4
      vertex 24.9175 28.625 2.4
    endloop
  endfacet
  facet normal 0 0 1
    outer loop
      vertex 20.5825 28.625 2.4
      vertex 24.9175 28.625 2.4
      vertex 20.6549 28.7716 2.4
    endloop
  endfacet
  facet normal 0 0 1
    outer loop
      vertex 24.9175 28.625 2.4
      vertex 20.5825 28.625 2.4
      vertex 25.0083 28.489 2.4
    endloop
  endfacet
  facet normal 0 0 1
    outer loop
      vertex 20.4917 28.489 2.4
      vertex 25.0083 28.489 2.4
      vertex 20.5825 28.625 2.4
    endloop
  endfacet
  facet normal 0 0 1
    outer loop
      vertex 20.3839 28.3661 2.4
      vertex 25.0083 28.489 2.4
      vertex 20.4917 28.489 2.4
    endloop
  endfacet
  facet normal 0 0 1
    outer loop
      vertex 25.1161 28.3661 2.4
      vertex 20.3839 28.3661 2.4
      vertex 20.261 28.2583 2.4
    endloop
  endfacet
  facet normal 0 0 1
    outer loop
      vertex 25.239 28.2583 2.4
      vertex 20.261 28.2583 2.4
      vertex 20.125 28.1675 2.4
    endloop
  endfacet
  facet normal 0 0 1
    outer loop
      vertex 25.375 28.1675 2.4
      vertex 20.125 28.1675 2.4
      vertex 19.9784 28.0951 2.4
    endloop
  endfacet
  facet normal 0 0 1
    outer loop
      vertex 25.5216 28.0951 2.4
      vertex 19.9784 28.0951 2.4
      vertex 19.8235 28.0426 2.4
    endloop
  endfacet
  facet normal 0 0 1
    outer loop
      vertex 25.6765 28.0426 2.4
      vertex 19.8235 28.0426 2.4
      vertex 19.6632 28.0107 2.4
    endloop
  endfacet
  facet normal 0 0 1
    outer loop
      vertex 18.9658 -9.47789 2.4
      vertex 25.8368 28.0107 2.4
      vertex 19.6632 28.0107 2.4
    endloop
  endfacet
  facet normal 0 0 1
    outer loop
      vertex 18.9658 -9.47789 2.4
      vertex 19.6632 28.0107 2.4
      vertex 19.5 28 2.4
    endloop
  endfacet
  facet normal 0 0 1
    outer loop
      vertex 18.9658 -9.47789 2.4
      vertex 19.5 28 2.4
      vertex 19.3368 28.0107 2.4
    endloop
  endfacet
  facet normal 0 0 1
    outer loop
      vertex 18.9658 -9.47789 2.4
      vertex 19.3368 28.0107 2.4
      vertex 19.1765 28.0426 2.4
    endloop
  endfacet
  facet normal 0 0 1
    outer loop
      vertex 13.3235 28.0426 2.4
      vertex 19.1765 28.0426 2.4
      vertex 19.0216 28.0951 2.4
    endloop
  endfacet
  facet normal 0 0 1
    outer loop
      vertex 58.0292 9.24202 2.4
      vertex 19 -10 2.4
      vertex 19 -26 2.4
    endloop
  endfacet
  facet normal 0 0 1
    outer loop
      vertex 59.3278 8.89406 2.4
      vertex 19 -26 2.4
      vertex 18.9658 -26.5221 2.4
    endloop
  endfacet
  facet normal 0 0 1
    outer loop
      vertex 60 8.85 2.4
      vertex 18.9658 -26.5221 2.4
      vertex 94.5 -60.6 2.4
    endloop
  endfacet
  facet normal -0 0 1
    outer loop
      vertex 18.8637 -27.0353 2.4
      vertex 94.5 -60.6 2.4
      vertex 18.9658 -26.5221 2.4
    endloop
  endfacet
  facet normal -0 0 1
    outer loop
      vertex 18.6955 -27.5307 2.4
      vertex 94.5 -60.6 2.4
      vertex 18.8637 -27.0353 2.4
    endloop
  endfacet
  facet normal -0 0 1
    outer loop
      vertex 18.4641 -28 2.4
      vertex 94.5 -60.6 2.4
      vertex 18.6955 -27.5307 2.4
    endloop
  endfacet
  facet normal -0 0 1
    outer loop
      vertex 18.1734 -28.435 2.4
      vertex 94.5 -60.6 2.4
      vertex 18.4641 -28 2.4
    endloop
  endfacet
  facet normal 0 0 1
    outer loop
      vertex 10 -59.4 2.4
      vertex 18.1734 -28.435 2.4
      vertex 17.8284 -28.8284 2.4
    endloop
  endfacet
  facet normal 0 0 1
    outer loop
      vertex 10 -59.4 2.4
      vertex 17.8284 -28.8284 2.4
      vertex 17.435 -29.1734 2.4
    endloop
  endfacet
  facet normal 0 0 1
    outer loop
      vertex 10 -59.4 2.4
      vertex 17.435 -29.1734 2.4
      vertex 17 -29.4641 2.4
    endloop
  endfacet
  facet normal 0 0 1
    outer loop
      vertex 10 -59.4 2.4
      vertex 17 -29.4641 2.4
      vertex 16.5307 -29.6955 2.4
    endloop
  endfacet
  facet normal 0 0 1
    outer loop
      vertex 10 -59.4 2.4
      vertex 16.5307 -29.6955 2.4
      vertex 16.0353 -29.8637 2.4
    endloop
  endfacet
  facet normal 0 0 1
    outer loop
      vertex 10 -59.4 2.4
      vertex 16.0353 -29.8637 2.4
      vertex 15.5221 -29.9658 2.4
    endloop
  endfacet
  facet normal 0 0 1
    outer loop
      vertex 10 -59.4 2.4
      vertex 15.5221 -29.9658 2.4
      vertex 15 -30 2.4
    endloop
  endfacet
  facet normal 0 0 1
    outer loop
      vertex 18.1734 -28.435 2.4
      vertex 10 -59.4 2.4
      vertex 94.5 -60.6 2.4
    endloop
  endfacet
  facet normal 0 0 1
    outer loop
      vertex 94.5 -60.6 2.4
      vertex 10 -59.4 2.4
      vertex 10 -60.6 2.4
    endloop
  endfacet
  facet normal 0 0 1
    outer loop
      vertex 18.25 29.25 2.4
      vertex 14.25 29.25 2.4
      vertex 14.2393 29.0868 2.4
    endloop
  endfacet
  facet normal 0 0 1
    outer loop
      vertex 18.6161 28.3661 2.4
      vertex 13.8839 28.3661 2.4
      vertex 13.761 28.2583 2.4
    endloop
  endfacet
  facet normal 0 0 1
    outer loop
      vertex 19.1765 28.0426 2.4
      vertex 17 -6.5359 2.4
      vertex 17.435 -6.82659 2.4
    endloop
  endfacet
  facet normal 0 0 1
    outer loop
      vertex 18.739 28.2583 2.4
      vertex 13.761 28.2583 2.4
      vertex 13.625 28.1675 2.4
    endloop
  endfacet
  facet normal 0 0 1
    outer loop
      vertex 19.1765 28.0426 2.4
      vertex 16.5307 -6.30448 2.4
      vertex 17 -6.5359 2.4
    endloop
  endfacet
  facet normal 0 0 1
    outer loop
      vertex 18.875 28.1675 2.4
      vertex 13.625 28.1675 2.4
      vertex 13.4784 28.0951 2.4
    endloop
  endfacet
  facet normal 0 0 1
    outer loop
      vertex 19.1765 28.0426 2.4
      vertex 16.0353 -6.1363 2.4
      vertex 16.5307 -6.30448 2.4
    endloop
  endfacet
  facet normal 0 0 1
    outer loop
      vertex 19.0216 28.0951 2.4
      vertex 13.4784 28.0951 2.4
      vertex 13.3235 28.0426 2.4
    endloop
  endfacet
  facet normal 0 0 1
    outer loop
      vertex 19.1765 28.0426 2.4
      vertex 15.5221 -6.03422 2.4
      vertex 16.0353 -6.1363 2.4
    endloop
  endfacet
  facet normal 0 0 1
    outer loop
      vertex 19.1765 28.0426 2.4
      vertex 13.3235 28.0426 2.4
      vertex 13.1632 28.0107 2.4
    endloop
  endfacet
  facet normal 0 0 1
    outer loop
      vertex 19.1765 28.0426 2.4
      vertex 13.1632 28.0107 2.4
      vertex 15.5221 -6.03422 2.4
    endloop
  endfacet
  facet normal 0 0 1
    outer loop
      vertex 15.5221 -6.03422 2.4
      vertex 13.1632 28.0107 2.4
      vertex 15 -6 2.4
    endloop
  endfacet
  facet normal -0 0 1
    outer loop
      vertex 13 28 2.4
      vertex 15 -6 2.4
      vertex 13.1632 28.0107 2.4
    endloop
  endfacet
  facet normal 0 0 1
    outer loop
      vertex 12.8368 28.0107 2.4
      vertex 15 -6 2.4
      vertex 13 28 2.4
    endloop
  endfacet
  facet normal 0 0 1
    outer loop
      vertex 6.66316 28.0107 2.4
      vertex 12.8368 28.0107 2.4
      vertex 12.6765 28.0426 2.4
    endloop
  endfacet
  facet normal 0 0 1
    outer loop
      vertex 6.82352 28.0426 2.4
      vertex 12.6765 28.0426 2.4
      vertex 12.5216 28.0951 2.4
    endloop
  endfacet
  facet normal 0 0 1
    outer loop
      vertex 6.97835 28.0951 2.4
      vertex 12.5216 28.0951 2.4
      vertex 12.375 28.1675 2.4
    endloop
  endfacet
  facet normal 0 0 1
    outer loop
      vertex 7.125 28.1675 2.4
      vertex 12.375 28.1675 2.4
      vertex 12.239 28.2583 2.4
    endloop
  endfacet
  facet normal 0 0 1
    outer loop
      vertex 7.26095 28.2583 2.4
      vertex 12.239 28.2583 2.4
      vertex 12.1161 28.3661 2.4
    endloop
  endfacet
  facet normal 0 0 1
    outer loop
      vertex 7.38388 28.3661 2.4
      vertex 12.1161 28.3661 2.4
      vertex 12.0083 28.489 2.4
    endloop
  endfacet
  facet normal 0 0 1
    outer loop
      vertex 7.49169 28.489 2.4
      vertex 12.0083 28.489 2.4
      vertex 11.9175 28.625 2.4
    endloop
  endfacet
  facet normal 0 0 1
    outer loop
      vertex 7.58253 28.625 2.4
      vertex 11.9175 28.625 2.4
      vertex 11.8451 28.7716 2.4
    endloop
  endfacet
  facet normal 0 0 1
    outer loop
      vertex 7.65485 28.7716 2.4
      vertex 11.8451 28.7716 2.4
      vertex 11.7926 28.9265 2.4
    endloop
  endfacet
  facet normal 0 0 1
    outer loop
      vertex 7.70741 28.9265 2.4
      vertex 11.7926 28.9265 2.4
      vertex 11.7607 29.0868 2.4
    endloop
  endfacet
  facet normal 0 0 1
    outer loop
      vertex 7.75 29.25 2.4
      vertex 11.75 29.25 2.4
      vertex 7.75 46.75 2.4
    endloop
  endfacet
  facet normal 0 0 1
    outer loop
      vertex 11.75 29.25 2.4
      vertex 7.75 29.25 2.4
      vertex 11.7607 29.0868 2.4
    endloop
  endfacet
  facet normal 0 0 1
    outer loop
      vertex 7.73931 29.0868 2.4
      vertex 11.7607 29.0868 2.4
      vertex 7.75 29.25 2.4
    endloop
  endfacet
  facet normal 0 0 1
    outer loop
      vertex 7.70741 28.9265 2.4
      vertex 11.7607 29.0868 2.4
      vertex 7.73931 29.0868 2.4
    endloop
  endfacet
  facet normal 0 0 1
    outer loop
      vertex 11.7926 28.9265 2.4
      vertex 7.70741 28.9265 2.4
      vertex 7.65485 28.7716 2.4
    endloop
  endfacet
  facet normal 0 0 1
    outer loop
      vertex 11.8451 28.7716 2.4
      vertex 7.65485 28.7716 2.4
      vertex 7.58253 28.625 2.4
    endloop
  endfacet
  facet normal 0 0 1
    outer loop
      vertex 11.9175 28.625 2.4
      vertex 7.58253 28.625 2.4
      vertex 7.49169 28.489 2.4
    endloop
  endfacet
  facet normal 0 0 1
    outer loop
      vertex 12.0083 28.489 2.4
      vertex 7.49169 28.489 2.4
      vertex 7.38388 28.3661 2.4
    endloop
  endfacet
  facet normal 0 0 1
    outer loop
      vertex 12.1161 28.3661 2.4
      vertex 7.38388 28.3661 2.4
      vertex 7.26095 28.2583 2.4
    endloop
  endfacet
  facet normal 0 0 1
    outer loop
      vertex 12.239 28.2583 2.4
      vertex 7.26095 28.2583 2.4
      vertex 7.125 28.1675 2.4
    endloop
  endfacet
  facet normal 0 0 1
    outer loop
      vertex 12.375 28.1675 2.4
      vertex 7.125 28.1675 2.4
      vertex 6.97835 28.0951 2.4
    endloop
  endfacet
  facet normal 0 0 1
    outer loop
      vertex 12.5216 28.0951 2.4
      vertex 6.97835 28.0951 2.4
      vertex 6.82352 28.0426 2.4
    endloop
  endfacet
  facet normal 0 0 1
    outer loop
      vertex 12.6765 28.0426 2.4
      vertex 6.82352 28.0426 2.4
      vertex 6.66316 28.0107 2.4
    endloop
  endfacet
  facet normal 0 0 1
    outer loop
      vertex 12.8368 28.0107 2.4
      vertex 6.66316 28.0107 2.4
      vertex 15 -6 2.4
    endloop
  endfacet
  facet normal -0 0 1
    outer loop
      vertex 6.5 28 2.4
      vertex 15 -6 2.4
      vertex 6.66316 28.0107 2.4
    endloop
  endfacet
  facet normal 0 0 1
    outer loop
      vertex 6.33684 28.0107 2.4
      vertex 15 -6 2.4
      vertex 6.5 28 2.4
    endloop
  endfacet
  facet normal 0 0 1
    outer loop
      vertex 0.163157 28.0107 2.4
      vertex 6.33684 28.0107 2.4
      vertex 6.17648 28.0426 2.4
    endloop
  endfacet
  facet normal 0 0 1
    outer loop
      vertex 0.323524 28.0426 2.4
      vertex 6.17648 28.0426 2.4
      vertex 6.02165 28.0951 2.4
    endloop
  endfacet
  facet normal 0 0 1
    outer loop
      vertex 0.478354 28.0951 2.4
      vertex 6.02165 28.0951 2.4
      vertex 5.875 28.1675 2.4
    endloop
  endfacet
  facet normal 0 0 1
    outer loop
      vertex 0.625 28.1675 2.4
      vertex 5.875 28.1675 2.4
      vertex 5.73905 28.2583 2.4
    endloop
  endfacet
  facet normal 0 0 1
    outer loop
      vertex 0.760951 28.2583 2.4
      vertex 5.73905 28.2583 2.4
      vertex 5.61612 28.3661 2.4
    endloop
  endfacet
  facet normal 0 0 1
    outer loop
      vertex 0.883883 28.3661 2.4
      vertex 5.61612 28.3661 2.4
      vertex 5.50831 28.489 2.4
    endloop
  endfacet
  facet normal 0 0 1
    outer loop
      vertex 0.991692 28.489 2.4
      vertex 5.50831 28.489 2.4
      vertex 5.41747 28.625 2.4
    endloop
  endfacet
  facet normal 0 0 1
    outer loop
      vertex 1.08253 28.625 2.4
      vertex 5.41747 28.625 2.4
      vertex 5.34515 28.7716 2.4
    endloop
  endfacet
  facet normal 0 0 1
    outer loop
      vertex 1.15485 28.7716 2.4
      vertex 5.34515 28.7716 2.4
      vertex 5.29259 28.9265 2.4
    endloop
  endfacet
  facet normal 0 0 1
    outer loop
      vertex 1.25 29.25 2.4
      vertex 5.25 29.25 2.4
      vertex 1.25 46.75 2.4
    endloop
  endfacet
  facet normal 0 0 1
    outer loop
      vertex 5.25 29.25 2.4
      vertex 1.25 29.25 2.4
      vertex 5.26069 29.0868 2.4
    endloop
  endfacet
  facet normal 0 0 1
    outer loop
      vertex 1.23931 29.0868 2.4
      vertex 5.26069 29.0868 2.4
      vertex 1.25 29.25 2.4
    endloop
  endfacet
  facet normal 0 0 1
    outer loop
      vertex 5.26069 29.0868 2.4
      vertex 1.23931 29.0868 2.4
      vertex 5.29259 28.9265 2.4
    endloop
  endfacet
  facet normal 0 0 1
    outer loop
      vertex 1.20741 28.9265 2.4
      vertex 5.29259 28.9265 2.4
      vertex 1.23931 29.0868 2.4
    endloop
  endfacet
  facet normal 0 0 1
    outer loop
      vertex 1.15485 28.7716 2.4
      vertex 5.29259 28.9265 2.4
      vertex 1.20741 28.9265 2.4
    endloop
  endfacet
  facet normal 0 0 1
    outer loop
      vertex 5.34515 28.7716 2.4
      vertex 1.15485 28.7716 2.4
      vertex 1.08253 28.625 2.4
    endloop
  endfacet
  facet normal 0 0 1
    outer loop
      vertex 5.41747 28.625 2.4
      vertex 1.08253 28.625 2.4
      vertex 0.991692 28.489 2.4
    endloop
  endfacet
  facet normal 0 0 1
    outer loop
      vertex 5.50831 28.489 2.4
      vertex 0.991692 28.489 2.4
      vertex 0.883883 28.3661 2.4
    endloop
  endfacet
  facet normal 0 0 1
    outer loop
      vertex 5.61612 28.3661 2.4
      vertex 0.883883 28.3661 2.4
      vertex 0.760951 28.2583 2.4
    endloop
  endfacet
  facet normal 0 0 1
    outer loop
      vertex 5.73905 28.2583 2.4
      vertex 0.760951 28.2583 2.4
      vertex 0.625 28.1675 2.4
    endloop
  endfacet
  facet normal 0 0 1
    outer loop
      vertex 5.875 28.1675 2.4
      vertex 0.625 28.1675 2.4
      vertex 0.478354 28.0951 2.4
    endloop
  endfacet
  facet normal 0 0 1
    outer loop
      vertex 6.02165 28.0951 2.4
      vertex 0.478354 28.0951 2.4
      vertex 0.323524 28.0426 2.4
    endloop
  endfacet
  facet normal 0 0 1
    outer loop
      vertex 6.17648 28.0426 2.4
      vertex 0.323524 28.0426 2.4
      vertex 0.163157 28.0107 2.4
    endloop
  endfacet
  facet normal 0 0 1
    outer loop
      vertex 6.33684 28.0107 2.4
      vertex 0.163157 28.0107 2.4
      vertex 15 -6 2.4
    endloop
  endfacet
  facet normal -0 0 1
    outer loop
      vertex 0 28 2.4
      vertex 15 -6 2.4
      vertex 0.163157 28.0107 2.4
    endloop
  endfacet
  facet normal 0 0 1
    outer loop
      vertex -15 -6 2.4
      vertex 0 28 2.4
      vertex -0.163157 28.0107 2.4
    endloop
  endfacet
  facet normal 0 0 1
    outer loop
      vertex -6.33684 28.0107 2.4
      vertex -0.163157 28.0107 2.4
      vertex -0.323524 28.0426 2.4
    endloop
  endfacet
  facet normal 0 0 1
    outer loop
      vertex -6.17648 28.0426 2.4
      vertex -0.323524 28.0426 2.4
      vertex -0.478354 28.0951 2.4
    endloop
  endfacet
  facet normal 0 0 1
    outer loop
      vertex -6.02165 28.0951 2.4
      vertex -0.478354 28.0951 2.4
      vertex -0.625 28.1675 2.4
    endloop
  endfacet
  facet normal 0 0 1
    outer loop
      vertex -5.875 28.1675 2.4
      vertex -0.625 28.1675 2.4
      vertex -0.760951 28.2583 2.4
    endloop
  endfacet
  facet normal 0 0 1
    outer loop
      vertex -5.73905 28.2583 2.4
      vertex -0.760951 28.2583 2.4
      vertex -0.883883 28.3661 2.4
    endloop
  endfacet
  facet normal 0 0 1
    outer loop
      vertex -5.61612 28.3661 2.4
      vertex -0.883883 28.3661 2.4
      vertex -0.991692 28.489 2.4
    endloop
  endfacet
  facet normal 0 0 1
    outer loop
      vertex -5.50831 28.489 2.4
      vertex -0.991692 28.489 2.4
      vertex -1.08253 28.625 2.4
    endloop
  endfacet
  facet normal 0 0 1
    outer loop
      vertex -5.41747 28.625 2.4
      vertex -1.08253 28.625 2.4
      vertex -1.15485 28.7716 2.4
    endloop
  endfacet
  facet normal 0 0 1
    outer loop
      vertex -5.25 29.25 2.4
      vertex -1.25 29.25 2.4
      vertex -5.25 46.75 2.4
    endloop
  endfacet
  facet normal 0 0 1
    outer loop
      vertex -1.25 29.25 2.4
      vertex -5.25 29.25 2.4
      vertex -1.23931 29.0868 2.4
    endloop
  endfacet
  facet normal 0 0 1
    outer loop
      vertex -5.26069 29.0868 2.4
      vertex -1.23931 29.0868 2.4
      vertex -5.25 29.25 2.4
    endloop
  endfacet
  facet normal 0 0 1
    outer loop
      vertex -1.23931 29.0868 2.4
      vertex -5.26069 29.0868 2.4
      vertex -1.20741 28.9265 2.4
    endloop
  endfacet
  facet normal 0 0 1
    outer loop
      vertex -5.29259 28.9265 2.4
      vertex -1.20741 28.9265 2.4
      vertex -5.26069 29.0868 2.4
    endloop
  endfacet
  facet normal 0 0 1
    outer loop
      vertex -1.20741 28.9265 2.4
      vertex -5.29259 28.9265 2.4
      vertex -1.15485 28.7716 2.4
    endloop
  endfacet
  facet normal 0 0 1
    outer loop
      vertex -5.34515 28.7716 2.4
      vertex -1.15485 28.7716 2.4
      vertex -5.29259 28.9265 2.4
    endloop
  endfacet
  facet normal 0 0 1
    outer loop
      vertex -5.41747 28.625 2.4
      vertex -1.15485 28.7716 2.4
      vertex -5.34515 28.7716 2.4
    endloop
  endfacet
  facet normal 0 0 1
    outer loop
      vertex -1.08253 28.625 2.4
      vertex -5.41747 28.625 2.4
      vertex -5.50831 28.489 2.4
    endloop
  endfacet
  facet normal 0 0 1
    outer loop
      vertex -0.991692 28.489 2.4
      vertex -5.50831 28.489 2.4
      vertex -5.61612 28.3661 2.4
    endloop
  endfacet
  facet normal 0 0 1
    outer loop
      vertex -0.883883 28.3661 2.4
      vertex -5.61612 28.3661 2.4
      vertex -5.73905 28.2583 2.4
    endloop
  endfacet
  facet normal 0 0 1
    outer loop
      vertex -0.760951 28.2583 2.4
      vertex -5.73905 28.2583 2.4
      vertex -5.875 28.1675 2.4
    endloop
  endfacet
  facet normal 0 0 1
    outer loop
      vertex -0.625 28.1675 2.4
      vertex -5.875 28.1675 2.4
      vertex -6.02165 28.0951 2.4
    endloop
  endfacet
  facet normal 0 0 1
    outer loop
      vertex -0.478354 28.0951 2.4
      vertex -6.02165 28.0951 2.4
      vertex -6.17648 28.0426 2.4
    endloop
  endfacet
  facet normal 0 0 1
    outer loop
      vertex -0.323524 28.0426 2.4
      vertex -6.17648 28.0426 2.4
      vertex -6.33684 28.0107 2.4
    endloop
  endfacet
  facet normal 0 0 1
    outer loop
      vertex -0.163157 28.0107 2.4
      vertex -6.33684 28.0107 2.4
      vertex -15 -6 2.4
    endloop
  endfacet
  facet normal 0 0 1
    outer loop
      vertex -15 -6 2.4
      vertex -6.33684 28.0107 2.4
      vertex -6.5 28 2.4
    endloop
  endfacet
  facet normal 0 0 1
    outer loop
      vertex -15 -6 2.4
      vertex -6.5 28 2.4
      vertex -6.66316 28.0107 2.4
    endloop
  endfacet
  facet normal 0 0 1
    outer loop
      vertex -12.8368 28.0107 2.4
      vertex -6.66316 28.0107 2.4
      vertex -6.82352 28.0426 2.4
    endloop
  endfacet
  facet normal 0 0 1
    outer loop
      vertex -12.6765 28.0426 2.4
      vertex -6.82352 28.0426 2.4
      vertex -6.97835 28.0951 2.4
    endloop
  endfacet
  facet normal 0 0 1
    outer loop
      vertex -12.5216 28.0951 2.4
      vertex -6.97835 28.0951 2.4
      vertex -7.125 28.1675 2.4
    endloop
  endfacet
  facet normal 0 0 1
    outer loop
      vertex -12.375 28.1675 2.4
      vertex -7.125 28.1675 2.4
      vertex -7.26095 28.2583 2.4
    endloop
  endfacet
  facet normal 0 0 1
    outer loop
      vertex -12.239 28.2583 2.4
      vertex -7.26095 28.2583 2.4
      vertex -7.38388 28.3661 2.4
    endloop
  endfacet
  facet normal 0 0 1
    outer loop
      vertex -12.1161 28.3661 2.4
      vertex -7.38388 28.3661 2.4
      vertex -7.49169 28.489 2.4
    endloop
  endfacet
  facet normal 0 0 1
    outer loop
      vertex -12.0083 28.489 2.4
      vertex -7.49169 28.489 2.4
      vertex -7.58253 28.625 2.4
    endloop
  endfacet
  facet normal 0 0 1
    outer loop
      vertex -11.75 29.25 2.4
      vertex -7.75 29.25 2.4
      vertex -11.75 46.75 2.4
    endloop
  endfacet
  facet normal 0 0 1
    outer loop
      vertex -7.75 29.25 2.4
      vertex -11.75 29.25 2.4
      vertex -7.73931 29.0868 2.4
    endloop
  endfacet
  facet normal 0 0 1
    outer loop
      vertex -11.7607 29.0868 2.4
      vertex -7.73931 29.0868 2.4
      vertex -11.75 29.25 2.4
    endloop
  endfacet
  facet normal 0 0 1
    outer loop
      vertex -7.73931 29.0868 2.4
      vertex -11.7607 29.0868 2.4
      vertex -7.70741 28.9265 2.4
    endloop
  endfacet
  facet normal 0 0 1
    outer loop
      vertex -11.7926 28.9265 2.4
      vertex -7.70741 28.9265 2.4
      vertex -11.7607 29.0868 2.4
    endloop
  endfacet
  facet normal 0 0 1
    outer loop
      vertex -7.70741 28.9265 2.4
      vertex -11.7926 28.9265 2.4
      vertex -7.65485 28.7716 2.4
    endloop
  endfacet
  facet normal 0 0 1
    outer loop
      vertex -11.8451 28.7716 2.4
      vertex -7.65485 28.7716 2.4
      vertex -11.7926 28.9265 2.4
    endloop
  endfacet
  facet normal 0 0 1
    outer loop
      vertex -7.65485 28.7716 2.4
      vertex -11.8451 28.7716 2.4
      vertex -7.58253 28.625 2.4
    endloop
  endfacet
  facet normal 0 0 1
    outer loop
      vertex -11.9175 28.625 2.4
      vertex -7.58253 28.625 2.4
      vertex -11.8451 28.7716 2.4
    endloop
  endfacet
  facet normal 0 0 1
    outer loop
      vertex -12.0083 28.489 2.4
      vertex -7.58253 28.625 2.4
      vertex -11.9175 28.625 2.4
    endloop
  endfacet
  facet normal 0 0 1
    outer loop
      vertex -7.49169 28.489 2.4
      vertex -12.0083 28.489 2.4
      vertex -12.1161 28.3661 2.4
    endloop
  endfacet
  facet normal 0 0 1
    outer loop
      vertex -7.38388 28.3661 2.4
      vertex -12.1161 28.3661 2.4
      vertex -12.239 28.2583 2.4
    endloop
  endfacet
  facet normal 0 0 1
    outer loop
      vertex -7.26095 28.2583 2.4
      vertex -12.239 28.2583 2.4
      vertex -12.375 28.1675 2.4
    endloop
  endfacet
  facet normal 0 0 1
    outer loop
      vertex -7.125 28.1675 2.4
      vertex -12.375 28.1675 2.4
      vertex -12.5216 28.0951 2.4
    endloop
  endfacet
  facet normal 0 0 1
    outer loop
      vertex -6.97835 28.0951 2.4
      vertex -12.5216 28.0951 2.4
      vertex -12.6765 28.0426 2.4
    endloop
  endfacet
  facet normal 0 0 1
    outer loop
      vertex -6.82352 28.0426 2.4
      vertex -12.6765 28.0426 2.4
      vertex -12.8368 28.0107 2.4
    endloop
  endfacet
  facet normal 0 0 1
    outer loop
      vertex -6.66316 28.0107 2.4
      vertex -12.8368 28.0107 2.4
      vertex -15 -6 2.4
    endloop
  endfacet
  facet normal 0 0 1
    outer loop
      vertex -15 -6 2.4
      vertex -12.8368 28.0107 2.4
      vertex -13 28 2.4
    endloop
  endfacet
  facet normal 0 0 1
    outer loop
      vertex -15 -6 2.4
      vertex -13 28 2.4
      vertex -13.1632 28.0107 2.4
    endloop
  endfacet
  facet normal 0 0 1
    outer loop
      vertex -15 -6 2.4
      vertex -13.1632 28.0107 2.4
      vertex -13.3235 28.0426 2.4
    endloop
  endfacet
  facet normal 0 0 1
    outer loop
      vertex -15 -6 2.4
      vertex -13.3235 28.0426 2.4
      vertex -13.4784 28.0951 2.4
    endloop
  endfacet
  facet normal 0 0 1
    outer loop
      vertex -15 -6 2.4
      vertex -13.4784 28.0951 2.4
      vertex -13.625 28.1675 2.4
    endloop
  endfacet
  facet normal 0 0 1
    outer loop
      vertex -15 -6 2.4
      vertex -13.625 28.1675 2.4
      vertex -13.761 28.2583 2.4
    endloop
  endfacet
  facet normal 0 0 1
    outer loop
      vertex -15 -6 2.4
      vertex -13.761 28.2583 2.4
      vertex -13.8839 28.3661 2.4
    endloop
  endfacet
  facet normal 0 0 1
    outer loop
      vertex -15 -6 2.4
      vertex -13.8839 28.3661 2.4
      vertex -13.9917 28.489 2.4
    endloop
  endfacet
  facet normal 0 0 1
    outer loop
      vertex 0 28 2.4
      vertex -15 -6 2.4
      vertex 15 -6 2.4
    endloop
  endfacet
  facet normal 0 0 1
    outer loop
      vertex -14.0825 28.625 2.4
      vertex -15 -6 2.4
      vertex -13.9917 28.489 2.4
    endloop
  endfacet
  facet normal 0 0 1
    outer loop
      vertex -14.1548 28.7716 2.4
      vertex -15 -6 2.4
      vertex -14.0825 28.625 2.4
    endloop
  endfacet
  facet normal 0 0 1
    outer loop
      vertex -14.2074 28.9265 2.4
      vertex -15 -6 2.4
      vertex -14.1548 28.7716 2.4
    endloop
  endfacet
  facet normal 0 0 1
    outer loop
      vertex -14.2393 29.0868 2.4
      vertex -15 -6 2.4
      vertex -14.2074 28.9265 2.4
    endloop
  endfacet
  facet normal 0 0 1
    outer loop
      vertex -15 -6 2.4
      vertex -14.2393 29.0868 2.4
      vertex -14.25 29.25 2.4
    endloop
  endfacet
  facet normal 0 0 1
    outer loop
      vertex -14.25 29.25 2.4
      vertex -18.25 29.25 2.4
      vertex -18.2607 29.0868 2.4
    endloop
  endfacet
  facet normal 0 0 1
    outer loop
      vertex -19.0216 28.0951 2.4
      vertex -14.25 29.25 2.4
      vertex -18.875 28.1675 2.4
    endloop
  endfacet
  facet normal 0 0 1
    outer loop
      vertex -14.25 29.25 2.4
      vertex -19.0216 28.0951 2.4
      vertex -15 -6 2.4
    endloop
  endfacet
  facet normal -0 0 1
    outer loop
      vertex -19.1765 28.0426 2.4
      vertex -15 -6 2.4
      vertex -19.0216 28.0951 2.4
    endloop
  endfacet
  facet normal -0 0 1
    outer loop
      vertex -19.3368 28.0107 2.4
      vertex -15 -6 2.4
      vertex -19.1765 28.0426 2.4
    endloop
  endfacet
  facet normal 0 0 1
    outer loop
      vertex -15 -6 2.4
      vertex -19.3368 28.0107 2.4
      vertex -15.5221 -6.03422 2.4
    endloop
  endfacet
  facet normal -0 0 1
    outer loop
      vertex -19.5 28 2.4
      vertex -15.5221 -6.03422 2.4
      vertex -19.3368 28.0107 2.4
    endloop
  endfacet
  facet normal 0 0 1
    outer loop
      vertex -15.5221 -6.03422 2.4
      vertex -19.5 28 2.4
      vertex -16.0353 -6.1363 2.4
    endloop
  endfacet
  facet normal 0 0 1
    outer loop
      vertex -19.6632 28.0107 2.4
      vertex -16.0353 -6.1363 2.4
      vertex -19.5 28 2.4
    endloop
  endfacet
  facet normal 0 0 1
    outer loop
      vertex -16.0353 -6.1363 2.4
      vertex -19.6632 28.0107 2.4
      vertex -16.5307 -6.30448 2.4
    endloop
  endfacet
  facet normal -0 0 1
    outer loop
      vertex -25.8368 28.0107 2.4
      vertex -16.5307 -6.30448 2.4
      vertex -19.6632 28.0107 2.4
    endloop
  endfacet
  facet normal 0 0 1
    outer loop
      vertex -16.5307 -6.30448 2.4
      vertex -25.8368 28.0107 2.4
      vertex -17 -6.5359 2.4
    endloop
  endfacet
  facet normal -0 0 1
    outer loop
      vertex -26 28 2.4
      vertex -17 -6.5359 2.4
      vertex -25.8368 28.0107 2.4
    endloop
  endfacet
  facet normal 0 0 1
    outer loop
      vertex -26.1632 28.0107 2.4
      vertex -17 -6.5359 2.4
      vertex -26 28 2.4
    endloop
  endfacet
  facet normal 0 0 1
    outer loop
      vertex -26.3235 28.0426 2.4
      vertex -17.435 -6.82659 2.4
      vertex -26.1632 28.0107 2.4
    endloop
  endfacet
  facet normal 0 0 1
    outer loop
      vertex -17 -6.5359 2.4
      vertex -26.1632 28.0107 2.4
      vertex -17.435 -6.82659 2.4
    endloop
  endfacet
  facet normal 0 1 0
    outer loop
      vertex 94.5 -60.6 22.5
      vertex 10 -60.6 9.4
      vertex -94.5 -60.6 22.5
    endloop
  endfacet
  facet normal 0 1 -0
    outer loop
      vertex 94.5 -60.6 2.4
      vertex 10 -60.6 9.4
      vertex 94.5 -60.6 22.5
    endloop
  endfacet
  facet normal 0 1 0
    outer loop
      vertex 10 -60.6 9.4
      vertex 94.5 -60.6 2.4
      vertex 10 -60.6 2.4
    endloop
  endfacet
  facet normal 0 1 -0
    outer loop
      vertex -10 -60.6 9.4
      vertex -94.5 -60.6 22.5
      vertex 10 -60.6 9.4
    endloop
  endfacet
  facet normal 0 1 0
    outer loop
      vertex -94.5 -60.6 2.4
      vertex -10 -60.6 9.4
      vertex -10 -60.6 2.4
    endloop
  endfacet
  facet normal 0 1 0
    outer loop
      vertex -10 -60.6 9.4
      vertex -94.5 -60.6 2.4
      vertex -94.5 -60.6 22.5
    endloop
  endfacet
  facet normal 0 1 -0
    outer loop
      vertex -43 -60.6 24.8668
      vertex -57 -60.6 26.3332
      vertex -43 -60.6 26.3332
    endloop
  endfacet
  facet normal 0 1 0
    outer loop
      vertex -57 -60.6 26.3332
      vertex -43 -60.6 24.8668
      vertex -57 -60.6 24.8668
    endloop
  endfacet
  facet normal 0 1 -0
    outer loop
      vertex 57 -60.6 24.8668
      vertex 43 -60.6 26.3332
      vertex 57 -60.6 26.3332
    endloop
  endfacet
  facet normal 0 1 0
    outer loop
      vertex 43 -60.6 26.3332
      vertex 57 -60.6 24.8668
      vertex 43 -60.6 24.8668
    endloop
  endfacet
  facet normal 0.997841 -0.0656828 0
    outer loop
      vertex -101.6 53.5 22.5
      vertex -101.539 54.4267 2.4
      vertex -101.539 54.4267 22.5
    endloop
  endfacet
  facet normal 0.997841 -0.0656828 0
    outer loop
      vertex -101.539 54.4267 2.4
      vertex -101.6 53.5 22.5
      vertex -101.6 53.5 2.4
    endloop
  endfacet
  facet normal -1 0 0
    outer loop
      vertex 101.6 53.5 2.4
      vertex 101.6 16.25 11.75
      vertex 101.6 53.5 22.5
    endloop
  endfacet
  facet normal -1 0 0
    outer loop
      vertex 101.6 53.5 2.4
      vertex 101.6 3.75 11.75
      vertex 101.6 16.25 11.75
    endloop
  endfacet
  facet normal -1 0 0
    outer loop
      vertex 101.6 3.75 11.75
      vertex 101.6 -3.75 11.75
      vertex 101.6 3.75 19.25
    endloop
  endfacet
  facet normal -1 0 0
    outer loop
      vertex 101.6 53.5 2.4
      vertex 101.6 -3.75 11.75
      vertex 101.6 3.75 11.75
    endloop
  endfacet
  facet normal -1 0 0
    outer loop
      vertex 101.6 -53.5 2.4
      vertex 101.6 -3.75 11.75
      vertex 101.6 53.5 2.4
    endloop
  endfacet
  facet normal -1 0 0
    outer loop
      vertex 101.6 -16.25 11.75
      vertex 101.6 -22.5 13.5
      vertex 101.6 -16.25 19.25
    endloop
  endfacet
  facet normal -1 0 0
    outer loop
      vertex 101.6 -53.5 2.4
      vertex 101.6 -22.5 13.5
      vertex 101.6 -16.25 11.75
    endloop
  endfacet
  facet normal -1 -0 0
    outer loop
      vertex 101.6 -3.75 11.75
      vertex 101.6 -53.5 2.4
      vertex 101.6 -16.25 11.75
    endloop
  endfacet
  facet normal -1 0 0
    outer loop
      vertex 101.6 -53.5 22.5
      vertex 101.6 -37.5 13.5
      vertex 101.6 -53.5 2.4
    endloop
  endfacet
  facet normal -1 -0 0
    outer loop
      vertex 101.6 -22.5 13.5
      vertex 101.6 -53.5 2.4
      vertex 101.6 -37.5 13.5
    endloop
  endfacet
  facet normal -1 0 0
    outer loop
      vertex 101.6 16.25 19.25
      vertex 101.6 53.5 22.5
      vertex 101.6 16.25 11.75
    endloop
  endfacet
  facet normal -1 0 0
    outer loop
      vertex 101.6 3.75 19.25
      vertex 101.6 53.5 22.5
      vertex 101.6 16.25 19.25
    endloop
  endfacet
  facet normal -1 0 0
    outer loop
      vertex 101.6 -3.75 19.25
      vertex 101.6 3.75 19.25
      vertex 101.6 -3.75 11.75
    endloop
  endfacet
  facet normal -1 0 0
    outer loop
      vertex 101.6 -3.75 19.25
      vertex 101.6 53.5 22.5
      vertex 101.6 3.75 19.25
    endloop
  endfacet
  facet normal -1 0 0
    outer loop
      vertex 101.6 -53.5 22.5
      vertex 101.6 -3.75 19.25
      vertex 101.6 -16.25 19.25
    endloop
  endfacet
  facet normal -1 0 0
    outer loop
      vertex 101.6 -22.5 17.5
      vertex 101.6 -16.25 19.25
      vertex 101.6 -22.5 13.5
    endloop
  endfacet
  facet normal -1 0 0
    outer loop
      vertex 101.6 -37.5 17.5
      vertex 101.6 -16.25 19.25
      vertex 101.6 -22.5 17.5
    endloop
  endfacet
  facet normal -1 0 0
    outer loop
      vertex 101.6 -3.75 19.25
      vertex 101.6 -53.5 22.5
      vertex 101.6 53.5 22.5
    endloop
  endfacet
  facet normal -1 0 0
    outer loop
      vertex 101.6 -37.5 17.5
      vertex 101.6 -53.5 22.5
      vertex 101.6 -16.25 19.25
    endloop
  endfacet
  facet normal -1 0 0
    outer loop
      vertex 101.6 -37.5 13.5
      vertex 101.6 -53.5 22.5
      vertex 101.6 -37.5 17.5
    endloop
  endfacet
  facet normal 0.997841 0.0656828 0
    outer loop
      vertex -101.539 -54.4267 22.5
      vertex -101.6 -53.5 2.4
      vertex -101.6 -53.5 22.5
    endloop
  endfacet
  facet normal 0.997841 0.0656828 0
    outer loop
      vertex -101.6 -53.5 2.4
      vertex -101.539 -54.4267 22.5
      vertex -101.539 -54.4267 2.4
    endloop
  endfacet
  facet normal 1 -0 0
    outer loop
      vertex -101.6 -53.5 22.5
      vertex -101.6 53.5 2.4
      vertex -101.6 53.5 22.5
    endloop
  endfacet
  facet normal 1 0 0
    outer loop
      vertex -101.6 53.5 2.4
      vertex -101.6 -53.5 22.5
      vertex -101.6 -53.5 2.4
    endloop
  endfacet
  facet normal 0 -1 0
    outer loop
      vertex -94.5 60.6 2.4
      vertex 94.5 60.6 22.5
      vertex -94.5 60.6 22.5
    endloop
  endfacet
  facet normal 0 -1 -0
    outer loop
      vertex 94.5 60.6 22.5
      vertex -94.5 60.6 2.4
      vertex 94.5 60.6 2.4
    endloop
  endfacet
  facet normal 0 -1 0
    outer loop
      vertex -57 60.6 24.8668
      vertex -43 60.6 26.3332
      vertex -57 60.6 26.3332
    endloop
  endfacet
  facet normal 0 -1 -0
    outer loop
      vertex -43 60.6 26.3332
      vertex -57 60.6 24.8668
      vertex -43 60.6 24.8668
    endloop
  endfacet
  facet normal 0 -1 0
    outer loop
      vertex 43 60.6 24.8668
      vertex 57 60.6 26.3332
      vertex 43 60.6 26.3332
    endloop
  endfacet
  facet normal 0 -1 -0
    outer loop
      vertex 57 60.6 26.3332
      vertex 43 60.6 24.8668
      vertex 57 60.6 24.8668
    endloop
  endfacet
  facet normal -0.980824 -0.194894 0
    outer loop
      vertex 101.539 54.4267 2.4
      vertex 101.358 55.3376 22.5
      vertex 101.358 55.3376 2.4
    endloop
  endfacet
  facet normal -0.980824 -0.194894 0
    outer loop
      vertex 101.358 55.3376 22.5
      vertex 101.539 54.4267 2.4
      vertex 101.539 54.4267 22.5
    endloop
  endfacet
  facet normal -0.751783 0.659411 0
    outer loop
      vertex 99.5205 -58.5205 2.4
      vertex 100.133 -57.8222 22.5
      vertex 100.133 -57.8222 2.4
    endloop
  endfacet
  facet normal -0.751783 0.659411 0
    outer loop
      vertex 100.133 -57.8222 22.5
      vertex 99.5205 -58.5205 2.4
      vertex 99.5205 -58.5205 22.5
    endloop
  endfacet
  facet normal 0.831453 -0.555594 0
    outer loop
      vertex -100.649 57.05 22.5
      vertex -100.133 57.8222 2.4
      vertex -100.133 57.8222 22.5
    endloop
  endfacet
  facet normal 0.831453 -0.555594 0
    outer loop
      vertex -100.133 57.8222 2.4
      vertex -100.649 57.05 22.5
      vertex -100.649 57.05 2.4
    endloop
  endfacet
  facet normal -0.659289 -0.751889 0
    outer loop
      vertex 98.8222 59.1328 2.4
      vertex 99.5205 58.5205 22.5
      vertex 98.8222 59.1328 22.5
    endloop
  endfacet
  facet normal -0.659289 -0.751889 -0
    outer loop
      vertex 99.5205 58.5205 22.5
      vertex 98.8222 59.1328 2.4
      vertex 99.5205 58.5205 2.4
    endloop
  endfacet
  facet normal -0.0653612 -0.997862 0
    outer loop
      vertex 94.5 60.6 2.4
      vertex 95.4267 60.5393 22.5
      vertex 94.5 60.6 22.5
    endloop
  endfacet
  facet normal -0.0653612 -0.997862 -0
    outer loop
      vertex 95.4267 60.5393 22.5
      vertex 94.5 60.6 2.4
      vertex 95.4267 60.5393 2.4
    endloop
  endfacet
  facet normal 0.442211 -0.896911 0
    outer loop
      vertex -98.05 59.6488 2.4
      vertex -97.217 60.0595 22.5
      vertex -98.05 59.6488 22.5
    endloop
  endfacet
  facet normal 0.442211 -0.896911 0
    outer loop
      vertex -97.217 60.0595 22.5
      vertex -98.05 59.6488 2.4
      vertex -97.217 60.0595 2.4
    endloop
  endfacet
  facet normal -0.997841 -0.0656828 0
    outer loop
      vertex 101.6 53.5 2.4
      vertex 101.539 54.4267 22.5
      vertex 101.539 54.4267 2.4
    endloop
  endfacet
  facet normal -0.997841 -0.0656828 0
    outer loop
      vertex 101.539 54.4267 22.5
      vertex 101.6 53.5 2.4
      vertex 101.6 53.5 22.5
    endloop
  endfacet
  facet normal 0.555594 0.831453 -0
    outer loop
      vertex -98.05 -59.6488 2.4
      vertex -98.8222 -59.1328 22.5
      vertex -98.05 -59.6488 22.5
    endloop
  endfacet
  facet normal 0.555594 0.831453 0
    outer loop
      vertex -98.8222 -59.1328 22.5
      vertex -98.05 -59.6488 2.4
      vertex -98.8222 -59.1328 2.4
    endloop
  endfacet
  facet normal 0.980824 -0.194894 0
    outer loop
      vertex -101.539 54.4267 22.5
      vertex -101.358 55.3376 2.4
      vertex -101.358 55.3376 22.5
    endloop
  endfacet
  facet normal 0.980824 -0.194894 0
    outer loop
      vertex -101.358 55.3376 2.4
      vertex -101.539 54.4267 22.5
      vertex -101.539 54.4267 2.4
    endloop
  endfacet
  facet normal 0.94711 -0.320908 0
    outer loop
      vertex -101.358 55.3376 22.5
      vertex -101.06 56.2171 2.4
      vertex -101.06 56.2171 22.5
    endloop
  endfacet
  facet normal 0.94711 -0.320908 0
    outer loop
      vertex -101.06 56.2171 2.4
      vertex -101.358 55.3376 22.5
      vertex -101.358 55.3376 2.4
    endloop
  endfacet
  facet normal 0.896762 -0.442513 0
    outer loop
      vertex -101.06 56.2171 22.5
      vertex -100.649 57.05 2.4
      vertex -100.649 57.05 22.5
    endloop
  endfacet
  facet normal 0.896762 -0.442513 0
    outer loop
      vertex -100.649 57.05 2.4
      vertex -101.06 56.2171 22.5
      vertex -101.06 56.2171 2.4
    endloop
  endfacet
  facet normal 0.659289 -0.751889 0
    outer loop
      vertex -99.5205 58.5205 2.4
      vertex -98.8222 59.1328 22.5
      vertex -99.5205 58.5205 22.5
    endloop
  endfacet
  facet normal 0.659289 -0.751889 0
    outer loop
      vertex -98.8222 59.1328 22.5
      vertex -99.5205 58.5205 2.4
      vertex -98.8222 59.1328 2.4
    endloop
  endfacet
  facet normal 0.555594 -0.831453 0
    outer loop
      vertex -98.8222 59.1328 2.4
      vertex -98.05 59.6488 22.5
      vertex -98.8222 59.1328 22.5
    endloop
  endfacet
  facet normal 0.555594 -0.831453 0
    outer loop
      vertex -98.05 59.6488 22.5
      vertex -98.8222 59.1328 2.4
      vertex -98.05 59.6488 2.4
    endloop
  endfacet
  facet normal 0.751783 -0.659411 0
    outer loop
      vertex -100.133 57.8222 22.5
      vertex -99.5205 58.5205 2.4
      vertex -99.5205 58.5205 22.5
    endloop
  endfacet
  facet normal 0.751783 -0.659411 0
    outer loop
      vertex -99.5205 58.5205 2.4
      vertex -100.133 57.8222 22.5
      vertex -100.133 57.8222 2.4
    endloop
  endfacet
  facet normal -0.831453 -0.555594 0
    outer loop
      vertex 100.649 57.05 2.4
      vertex 100.133 57.8222 22.5
      vertex 100.133 57.8222 2.4
    endloop
  endfacet
  facet normal -0.831453 -0.555594 0
    outer loop
      vertex 100.133 57.8222 22.5
      vertex 100.649 57.05 2.4
      vertex 100.649 57.05 22.5
    endloop
  endfacet
  facet normal -0.94711 -0.320908 0
    outer loop
      vertex 101.358 55.3376 2.4
      vertex 101.06 56.2171 22.5
      vertex 101.06 56.2171 2.4
    endloop
  endfacet
  facet normal -0.94711 -0.320908 0
    outer loop
      vertex 101.06 56.2171 22.5
      vertex 101.358 55.3376 2.4
      vertex 101.358 55.3376 22.5
    endloop
  endfacet
  facet normal -0.751783 -0.659411 0
    outer loop
      vertex 100.133 57.8222 2.4
      vertex 99.5205 58.5205 22.5
      vertex 99.5205 58.5205 2.4
    endloop
  endfacet
  facet normal -0.751783 -0.659411 0
    outer loop
      vertex 99.5205 58.5205 22.5
      vertex 100.133 57.8222 2.4
      vertex 100.133 57.8222 22.5
    endloop
  endfacet
  facet normal -0.32152 -0.946903 0
    outer loop
      vertex 96.3376 60.3581 2.4
      vertex 97.217 60.0595 22.5
      vertex 96.3376 60.3581 22.5
    endloop
  endfacet
  facet normal -0.32152 -0.946903 -0
    outer loop
      vertex 97.217 60.0595 22.5
      vertex 96.3376 60.3581 2.4
      vertex 97.217 60.0595 2.4
    endloop
  endfacet
  facet normal -0.195101 -0.980783 0
    outer loop
      vertex 95.4267 60.5393 2.4
      vertex 96.3376 60.3581 22.5
      vertex 95.4267 60.5393 22.5
    endloop
  endfacet
  facet normal -0.195101 -0.980783 -0
    outer loop
      vertex 96.3376 60.3581 22.5
      vertex 95.4267 60.5393 2.4
      vertex 96.3376 60.3581 2.4
    endloop
  endfacet
  facet normal 0.195101 -0.980783 0
    outer loop
      vertex -96.3376 60.3581 2.4
      vertex -95.4267 60.5393 22.5
      vertex -96.3376 60.3581 22.5
    endloop
  endfacet
  facet normal 0.195101 -0.980783 0
    outer loop
      vertex -95.4267 60.5393 22.5
      vertex -96.3376 60.3581 2.4
      vertex -95.4267 60.5393 2.4
    endloop
  endfacet
  facet normal 0.0653612 -0.997862 0
    outer loop
      vertex -95.4267 60.5393 2.4
      vertex -94.5 60.6 22.5
      vertex -95.4267 60.5393 22.5
    endloop
  endfacet
  facet normal 0.0653612 -0.997862 0
    outer loop
      vertex -94.5 60.6 22.5
      vertex -95.4267 60.5393 2.4
      vertex -94.5 60.6 2.4
    endloop
  endfacet
  facet normal 0.32152 -0.946903 0
    outer loop
      vertex -97.217 60.0595 2.4
      vertex -96.3376 60.3581 22.5
      vertex -97.217 60.0595 22.5
    endloop
  endfacet
  facet normal 0.32152 -0.946903 0
    outer loop
      vertex -96.3376 60.3581 22.5
      vertex -97.217 60.0595 2.4
      vertex -96.3376 60.3581 2.4
    endloop
  endfacet
  facet normal -0.997841 0.0656828 0
    outer loop
      vertex 101.539 -54.4267 2.4
      vertex 101.6 -53.5 22.5
      vertex 101.6 -53.5 2.4
    endloop
  endfacet
  facet normal -0.997841 0.0656828 0
    outer loop
      vertex 101.6 -53.5 22.5
      vertex 101.539 -54.4267 2.4
      vertex 101.539 -54.4267 22.5
    endloop
  endfacet
  facet normal -0.980824 0.194894 0
    outer loop
      vertex 101.358 -55.3376 2.4
      vertex 101.539 -54.4267 22.5
      vertex 101.539 -54.4267 2.4
    endloop
  endfacet
  facet normal -0.980824 0.194894 0
    outer loop
      vertex 101.539 -54.4267 22.5
      vertex 101.358 -55.3376 2.4
      vertex 101.358 -55.3376 22.5
    endloop
  endfacet
  facet normal 0.751783 0.659411 0
    outer loop
      vertex -99.5205 -58.5205 22.5
      vertex -100.133 -57.8222 2.4
      vertex -100.133 -57.8222 22.5
    endloop
  endfacet
  facet normal 0.751783 0.659411 0
    outer loop
      vertex -100.133 -57.8222 2.4
      vertex -99.5205 -58.5205 22.5
      vertex -99.5205 -58.5205 2.4
    endloop
  endfacet
  facet normal 0.0653612 0.997862 -0
    outer loop
      vertex -94.5 -60.6 2.4
      vertex -95.4267 -60.5393 22.5
      vertex -94.5 -60.6 22.5
    endloop
  endfacet
  facet normal 0.0653612 0.997862 0
    outer loop
      vertex -95.4267 -60.5393 22.5
      vertex -94.5 -60.6 2.4
      vertex -95.4267 -60.5393 2.4
    endloop
  endfacet
  facet normal 0.195101 0.980783 -0
    outer loop
      vertex -95.4267 -60.5393 2.4
      vertex -96.3376 -60.3581 22.5
      vertex -95.4267 -60.5393 22.5
    endloop
  endfacet
  facet normal 0.195101 0.980783 0
    outer loop
      vertex -96.3376 -60.3581 22.5
      vertex -95.4267 -60.5393 2.4
      vertex -96.3376 -60.3581 2.4
    endloop
  endfacet
  facet normal -0.659289 0.751889 0
    outer loop
      vertex 99.5205 -58.5205 2.4
      vertex 98.8222 -59.1328 22.5
      vertex 99.5205 -58.5205 22.5
    endloop
  endfacet
  facet normal -0.659289 0.751889 0
    outer loop
      vertex 98.8222 -59.1328 22.5
      vertex 99.5205 -58.5205 2.4
      vertex 98.8222 -59.1328 2.4
    endloop
  endfacet
  facet normal -0.831453 0.555594 0
    outer loop
      vertex 100.133 -57.8222 2.4
      vertex 100.649 -57.05 22.5
      vertex 100.649 -57.05 2.4
    endloop
  endfacet
  facet normal -0.831453 0.555594 0
    outer loop
      vertex 100.649 -57.05 22.5
      vertex 100.133 -57.8222 2.4
      vertex 100.133 -57.8222 22.5
    endloop
  endfacet
  facet normal -0.195101 0.980783 0
    outer loop
      vertex 96.3376 -60.3581 2.4
      vertex 95.4267 -60.5393 22.5
      vertex 96.3376 -60.3581 22.5
    endloop
  endfacet
  facet normal -0.195101 0.980783 0
    outer loop
      vertex 95.4267 -60.5393 22.5
      vertex 96.3376 -60.3581 2.4
      vertex 95.4267 -60.5393 2.4
    endloop
  endfacet
  facet normal -0.0653612 0.997862 0
    outer loop
      vertex 95.4267 -60.5393 2.4
      vertex 94.5 -60.6 22.5
      vertex 95.4267 -60.5393 22.5
    endloop
  endfacet
  facet normal -0.0653612 0.997862 0
    outer loop
      vertex 94.5 -60.6 22.5
      vertex 95.4267 -60.5393 2.4
      vertex 94.5 -60.6 2.4
    endloop
  endfacet
  facet normal -0.442211 0.896911 0
    outer loop
      vertex 98.05 -59.6488 2.4
      vertex 97.217 -60.0595 22.5
      vertex 98.05 -59.6488 22.5
    endloop
  endfacet
  facet normal -0.442211 0.896911 0
    outer loop
      vertex 97.217 -60.0595 22.5
      vertex 98.05 -59.6488 2.4
      vertex 97.217 -60.0595 2.4
    endloop
  endfacet
  facet normal -0.896762 -0.442513 0
    outer loop
      vertex 101.06 56.2171 2.4
      vertex 100.649 57.05 22.5
      vertex 100.649 57.05 2.4
    endloop
  endfacet
  facet normal -0.896762 -0.442513 0
    outer loop
      vertex 100.649 57.05 22.5
      vertex 101.06 56.2171 2.4
      vertex 101.06 56.2171 22.5
    endloop
  endfacet
  facet normal -0.442211 -0.896911 0
    outer loop
      vertex 97.217 60.0595 2.4
      vertex 98.05 59.6488 22.5
      vertex 97.217 60.0595 22.5
    endloop
  endfacet
  facet normal -0.442211 -0.896911 -0
    outer loop
      vertex 98.05 59.6488 22.5
      vertex 97.217 60.0595 2.4
      vertex 98.05 59.6488 2.4
    endloop
  endfacet
  facet normal -0.555594 -0.831453 0
    outer loop
      vertex 98.05 59.6488 2.4
      vertex 98.8222 59.1328 22.5
      vertex 98.05 59.6488 22.5
    endloop
  endfacet
  facet normal -0.555594 -0.831453 -0
    outer loop
      vertex 98.8222 59.1328 22.5
      vertex 98.05 59.6488 2.4
      vertex 98.8222 59.1328 2.4
    endloop
  endfacet
  facet normal -0.94711 0.320908 0
    outer loop
      vertex 101.06 -56.2171 2.4
      vertex 101.358 -55.3376 22.5
      vertex 101.358 -55.3376 2.4
    endloop
  endfacet
  facet normal -0.94711 0.320908 0
    outer loop
      vertex 101.358 -55.3376 22.5
      vertex 101.06 -56.2171 2.4
      vertex 101.06 -56.2171 22.5
    endloop
  endfacet
  facet normal 0.831453 0.555594 0
    outer loop
      vertex -100.133 -57.8222 22.5
      vertex -100.649 -57.05 2.4
      vertex -100.649 -57.05 22.5
    endloop
  endfacet
  facet normal 0.831453 0.555594 0
    outer loop
      vertex -100.649 -57.05 2.4
      vertex -100.133 -57.8222 22.5
      vertex -100.133 -57.8222 2.4
    endloop
  endfacet
  facet normal 0.896762 0.442513 0
    outer loop
      vertex -100.649 -57.05 22.5
      vertex -101.06 -56.2171 2.4
      vertex -101.06 -56.2171 22.5
    endloop
  endfacet
  facet normal 0.896762 0.442513 0
    outer loop
      vertex -101.06 -56.2171 2.4
      vertex -100.649 -57.05 22.5
      vertex -100.649 -57.05 2.4
    endloop
  endfacet
  facet normal 0.659289 0.751889 -0
    outer loop
      vertex -98.8222 -59.1328 2.4
      vertex -99.5205 -58.5205 22.5
      vertex -98.8222 -59.1328 22.5
    endloop
  endfacet
  facet normal 0.659289 0.751889 0
    outer loop
      vertex -99.5205 -58.5205 22.5
      vertex -98.8222 -59.1328 2.4
      vertex -99.5205 -58.5205 2.4
    endloop
  endfacet
  facet normal 0.32152 0.946903 -0
    outer loop
      vertex -96.3376 -60.3581 2.4
      vertex -97.217 -60.0595 22.5
      vertex -96.3376 -60.3581 22.5
    endloop
  endfacet
  facet normal 0.32152 0.946903 0
    outer loop
      vertex -97.217 -60.0595 22.5
      vertex -96.3376 -60.3581 2.4
      vertex -97.217 -60.0595 2.4
    endloop
  endfacet
  facet normal -0.32152 0.946903 0
    outer loop
      vertex 97.217 -60.0595 2.4
      vertex 96.3376 -60.3581 22.5
      vertex 97.217 -60.0595 22.5
    endloop
  endfacet
  facet normal -0.32152 0.946903 0
    outer loop
      vertex 96.3376 -60.3581 22.5
      vertex 97.217 -60.0595 2.4
      vertex 96.3376 -60.3581 2.4
    endloop
  endfacet
  facet normal 0.442211 0.896911 -0
    outer loop
      vertex -97.217 -60.0595 2.4
      vertex -98.05 -59.6488 22.5
      vertex -97.217 -60.0595 22.5
    endloop
  endfacet
  facet normal 0.442211 0.896911 0
    outer loop
      vertex -98.05 -59.6488 22.5
      vertex -97.217 -60.0595 2.4
      vertex -98.05 -59.6488 2.4
    endloop
  endfacet
  facet normal -0.555594 0.831453 0
    outer loop
      vertex 98.8222 -59.1328 2.4
      vertex 98.05 -59.6488 22.5
      vertex 98.8222 -59.1328 22.5
    endloop
  endfacet
  facet normal -0.555594 0.831453 0
    outer loop
      vertex 98.05 -59.6488 22.5
      vertex 98.8222 -59.1328 2.4
      vertex 98.05 -59.6488 2.4
    endloop
  endfacet
  facet normal -0.896762 0.442513 0
    outer loop
      vertex 100.649 -57.05 2.4
      vertex 101.06 -56.2171 22.5
      vertex 101.06 -56.2171 2.4
    endloop
  endfacet
  facet normal -0.896762 0.442513 0
    outer loop
      vertex 101.06 -56.2171 22.5
      vertex 100.649 -57.05 2.4
      vertex 100.649 -57.05 22.5
    endloop
  endfacet
  facet normal 0.980779 0.195124 0
    outer loop
      vertex -18.8637 -27.0353 2.4
      vertex -18.9658 -26.5221 0
      vertex -18.9658 -26.5221 2.4
    endloop
  endfacet
  facet normal 0.980779 0.195124 0
    outer loop
      vertex -18.9658 -26.5221 0
      vertex -18.8637 -27.0353 2.4
      vertex -18.8637 -27.0353 0
    endloop
  endfacet
  facet normal 0.94691 0.321498 0
    outer loop
      vertex -18.6955 -27.5307 2.4
      vertex -18.8637 -27.0353 0
      vertex -18.8637 -27.0353 2.4
    endloop
  endfacet
  facet normal 0.94691 0.321498 0
    outer loop
      vertex -18.8637 -27.0353 0
      vertex -18.6955 -27.5307 2.4
      vertex -18.6955 -27.5307 0
    endloop
  endfacet
  facet normal 0.997861 0.0653646 0
    outer loop
      vertex -18.9658 -26.5221 2.4
      vertex -19 -26 0
      vertex -19 -26 2.4
    endloop
  endfacet
  facet normal 0.997861 0.0653646 0
    outer loop
      vertex -19 -26 0
      vertex -18.9658 -26.5221 2.4
      vertex -18.9658 -26.5221 0
    endloop
  endfacet
  facet normal -0.555626 0.831432 0
    outer loop
      vertex 17.435 -29.1734 0
      vertex 17 -29.4641 2.4
      vertex 17.435 -29.1734 2.4
    endloop
  endfacet
  facet normal -0.555626 0.831432 0
    outer loop
      vertex 17 -29.4641 2.4
      vertex 17.435 -29.1734 0
      vertex 17 -29.4641 0
    endloop
  endfacet
  facet normal 0.555626 0.831432 -0
    outer loop
      vertex -17 -29.4641 0
      vertex -17.435 -29.1734 2.4
      vertex -17 -29.4641 2.4
    endloop
  endfacet
  facet normal 0.555626 0.831432 0
    outer loop
      vertex -17.435 -29.1734 2.4
      vertex -17 -29.4641 0
      vertex -17.435 -29.1734 0
    endloop
  endfacet
  facet normal 0.896898 0.442238 0
    outer loop
      vertex -18.4641 -28 2.4
      vertex -18.6955 -27.5307 0
      vertex -18.6955 -27.5307 2.4
    endloop
  endfacet
  facet normal 0.896898 0.442238 0
    outer loop
      vertex -18.6955 -27.5307 0
      vertex -18.4641 -28 2.4
      vertex -18.4641 -28 0
    endloop
  endfacet
  facet normal 0.997862 -0.0653634 0
    outer loop
      vertex -19 -10 2.4
      vertex -18.9658 -9.47789 0
      vertex -18.9658 -9.47789 2.4
    endloop
  endfacet
  facet normal 0.997862 -0.0653634 0
    outer loop
      vertex -18.9658 -9.47789 0
      vertex -19 -10 2.4
      vertex -19 -10 0
    endloop
  endfacet
  facet normal 0.442268 -0.896883 0
    outer loop
      vertex -17 -6.5359 0
      vertex -16.5307 -6.30448 2.4
      vertex -17 -6.5359 2.4
    endloop
  endfacet
  facet normal 0.442268 -0.896883 0
    outer loop
      vertex -16.5307 -6.30448 2.4
      vertex -17 -6.5359 0
      vertex -16.5307 -6.30448 0
    endloop
  endfacet
  facet normal 0.831462 -0.555582 0
    outer loop
      vertex -18.4641 -8 2.4
      vertex -18.1734 -7.56495 0
      vertex -18.1734 -7.56495 2.4
    endloop
  endfacet
  facet normal 0.831462 -0.555582 0
    outer loop
      vertex -18.1734 -7.56495 0
      vertex -18.4641 -8 2.4
      vertex -18.4641 -8 0
    endloop
  endfacet
  facet normal -0.94692 -0.321469 0
    outer loop
      vertex 18.8637 -8.96472 0
      vertex 18.6955 -8.46927 2.4
      vertex 18.6955 -8.46927 0
    endloop
  endfacet
  facet normal -0.94692 -0.321469 0
    outer loop
      vertex 18.6955 -8.46927 2.4
      vertex 18.8637 -8.96472 0
      vertex 18.8637 -8.96472 2.4
    endloop
  endfacet
  facet normal -0.980776 -0.195135 0
    outer loop
      vertex 18.9658 -9.47789 0
      vertex 18.8637 -8.96472 2.4
      vertex 18.8637 -8.96472 0
    endloop
  endfacet
  facet normal -0.980776 -0.195135 0
    outer loop
      vertex 18.8637 -8.96472 2.4
      vertex 18.9658 -9.47789 0
      vertex 18.9658 -9.47789 2.4
    endloop
  endfacet
  facet normal -0.997861 0.0653646 0
    outer loop
      vertex 18.9658 -26.5221 0
      vertex 19 -26 2.4
      vertex 19 -26 0
    endloop
  endfacet
  facet normal -0.997861 0.0653646 0
    outer loop
      vertex 19 -26 2.4
      vertex 18.9658 -26.5221 0
      vertex 18.9658 -26.5221 2.4
    endloop
  endfacet
  facet normal -0.997862 -0.0653634 0
    outer loop
      vertex 19 -10 0
      vertex 18.9658 -9.47789 2.4
      vertex 18.9658 -9.47789 0
    endloop
  endfacet
  facet normal -0.997862 -0.0653634 0
    outer loop
      vertex 18.9658 -9.47789 2.4
      vertex 19 -10 0
      vertex 19 -10 2.4
    endloop
  endfacet
  facet normal -0.0653646 0.997861 0
    outer loop
      vertex 15.5221 -29.9658 0
      vertex 15 -30 2.4
      vertex 15.5221 -29.9658 2.4
    endloop
  endfacet
  facet normal -0.0653646 0.997861 0
    outer loop
      vertex 15 -30 2.4
      vertex 15.5221 -29.9658 0
      vertex 15 -30 0
    endloop
  endfacet
  facet normal 0.195124 0.980779 -0
    outer loop
      vertex -15.5221 -29.9658 0
      vertex -16.0353 -29.8637 2.4
      vertex -15.5221 -29.9658 2.4
    endloop
  endfacet
  facet normal 0.195124 0.980779 0
    outer loop
      vertex -16.0353 -29.8637 2.4
      vertex -15.5221 -29.9658 0
      vertex -16.0353 -29.8637 0
    endloop
  endfacet
  facet normal 1 -0 0
    outer loop
      vertex -19 -26 2.4
      vertex -19 -10 0
      vertex -19 -10 2.4
    endloop
  endfacet
  facet normal 1 0 0
    outer loop
      vertex -19 -10 0
      vertex -19 -26 2.4
      vertex -19 -26 0
    endloop
  endfacet
  facet normal 0.659321 -0.751861 0
    outer loop
      vertex -17.8284 -7.17157 0
      vertex -17.435 -6.82659 2.4
      vertex -17.8284 -7.17157 2.4
    endloop
  endfacet
  facet normal 0.659321 -0.751861 0
    outer loop
      vertex -17.435 -6.82659 2.4
      vertex -17.8284 -7.17157 0
      vertex -17.435 -6.82659 0
    endloop
  endfacet
  facet normal 0.751826 -0.659362 0
    outer loop
      vertex -18.1734 -7.56495 2.4
      vertex -17.8284 -7.17157 0
      vertex -17.8284 -7.17157 2.4
    endloop
  endfacet
  facet normal 0.751826 -0.659362 0
    outer loop
      vertex -17.8284 -7.17157 0
      vertex -18.1734 -7.56495 2.4
      vertex -18.1734 -7.56495 0
    endloop
  endfacet
  facet normal 0.555613 -0.831441 0
    outer loop
      vertex -17.435 -6.82659 0
      vertex -17 -6.5359 2.4
      vertex -17.435 -6.82659 2.4
    endloop
  endfacet
  facet normal 0.555613 -0.831441 0
    outer loop
      vertex -17 -6.5359 2.4
      vertex -17.435 -6.82659 0
      vertex -17 -6.5359 0
    endloop
  endfacet
  facet normal 0.896887 -0.44226 0
    outer loop
      vertex -18.6955 -8.46927 2.4
      vertex -18.4641 -8 0
      vertex -18.4641 -8 2.4
    endloop
  endfacet
  facet normal 0.896887 -0.44226 0
    outer loop
      vertex -18.4641 -8 0
      vertex -18.6955 -8.46927 2.4
      vertex -18.6955 -8.46927 0
    endloop
  endfacet
  facet normal -0.751826 -0.659362 0
    outer loop
      vertex 18.1734 -7.56495 0
      vertex 17.8284 -7.17157 2.4
      vertex 17.8284 -7.17157 0
    endloop
  endfacet
  facet normal -0.751826 -0.659362 0
    outer loop
      vertex 17.8284 -7.17157 2.4
      vertex 18.1734 -7.56495 0
      vertex 18.1734 -7.56495 2.4
    endloop
  endfacet
  facet normal -0.195087 -0.980786 0
    outer loop
      vertex 15.5221 -6.03422 0
      vertex 16.0353 -6.1363 2.4
      vertex 15.5221 -6.03422 2.4
    endloop
  endfacet
  facet normal -0.195087 -0.980786 -0
    outer loop
      vertex 16.0353 -6.1363 2.4
      vertex 15.5221 -6.03422 0
      vertex 16.0353 -6.1363 0
    endloop
  endfacet
  facet normal -0.321464 -0.946922 0
    outer loop
      vertex 16.0353 -6.1363 0
      vertex 16.5307 -6.30448 2.4
      vertex 16.0353 -6.1363 2.4
    endloop
  endfacet
  facet normal -0.321464 -0.946922 -0
    outer loop
      vertex 16.5307 -6.30448 2.4
      vertex 16.0353 -6.1363 0
      vertex 16.5307 -6.30448 0
    endloop
  endfacet
  facet normal -0.442268 -0.896883 0
    outer loop
      vertex 16.5307 -6.30448 0
      vertex 17 -6.5359 2.4
      vertex 16.5307 -6.30448 2.4
    endloop
  endfacet
  facet normal -0.442268 -0.896883 -0
    outer loop
      vertex 17 -6.5359 2.4
      vertex 16.5307 -6.30448 0
      vertex 17 -6.5359 0
    endloop
  endfacet
  facet normal -0.659321 -0.751861 0
    outer loop
      vertex 17.435 -6.82659 0
      vertex 17.8284 -7.17157 2.4
      vertex 17.435 -6.82659 2.4
    endloop
  endfacet
  facet normal -0.659321 -0.751861 -0
    outer loop
      vertex 17.8284 -7.17157 2.4
      vertex 17.435 -6.82659 0
      vertex 17.8284 -7.17157 0
    endloop
  endfacet
  facet normal 0 -1 0
    outer loop
      vertex -15 -6 0
      vertex 15 -6 2.4
      vertex -15 -6 2.4
    endloop
  endfacet
  facet normal 0 -1 -0
    outer loop
      vertex 15 -6 2.4
      vertex -15 -6 0
      vertex 15 -6 0
    endloop
  endfacet
  facet normal -0.0654027 -0.997859 0
    outer loop
      vertex 15 -6 0
      vertex 15.5221 -6.03422 2.4
      vertex 15 -6 2.4
    endloop
  endfacet
  facet normal -0.0654027 -0.997859 -0
    outer loop
      vertex 15.5221 -6.03422 2.4
      vertex 15 -6 0
      vertex 15.5221 -6.03422 0
    endloop
  endfacet
  facet normal 0.0654027 -0.997859 0
    outer loop
      vertex -15.5221 -6.03422 0
      vertex -15 -6 2.4
      vertex -15.5221 -6.03422 2.4
    endloop
  endfacet
  facet normal 0.0654027 -0.997859 0
    outer loop
      vertex -15 -6 2.4
      vertex -15.5221 -6.03422 0
      vertex -15 -6 0
    endloop
  endfacet
  facet normal -0.896898 0.442238 0
    outer loop
      vertex 18.4641 -28 0
      vertex 18.6955 -27.5307 2.4
      vertex 18.6955 -27.5307 0
    endloop
  endfacet
  facet normal -0.896898 0.442238 0
    outer loop
      vertex 18.6955 -27.5307 2.4
      vertex 18.4641 -28 0
      vertex 18.4641 -28 2.4
    endloop
  endfacet
  facet normal -1 0 0
    outer loop
      vertex 19 -26 0
      vertex 19 -10 2.4
      vertex 19 -10 0
    endloop
  endfacet
  facet normal -1 -0 0
    outer loop
      vertex 19 -10 2.4
      vertex 19 -26 0
      vertex 19 -26 2.4
    endloop
  endfacet
  facet normal 0 1 -0
    outer loop
      vertex 15 -30 0
      vertex -15 -30 2.4
      vertex 15 -30 2.4
    endloop
  endfacet
  facet normal 0 1 0
    outer loop
      vertex -15 -30 2.4
      vertex 15 -30 0
      vertex -15 -30 0
    endloop
  endfacet
  facet normal 0.321498 0.94691 -0
    outer loop
      vertex -16.0353 -29.8637 0
      vertex -16.5307 -29.6955 2.4
      vertex -16.0353 -29.8637 2.4
    endloop
  endfacet
  facet normal 0.321498 0.94691 0
    outer loop
      vertex -16.5307 -29.6955 2.4
      vertex -16.0353 -29.8637 0
      vertex -16.5307 -29.6955 0
    endloop
  endfacet
  facet normal 0.442238 0.896898 -0
    outer loop
      vertex -16.5307 -29.6955 0
      vertex -17 -29.4641 2.4
      vertex -16.5307 -29.6955 2.4
    endloop
  endfacet
  facet normal 0.442238 0.896898 0
    outer loop
      vertex -17 -29.4641 2.4
      vertex -16.5307 -29.6955 0
      vertex -17 -29.4641 0
    endloop
  endfacet
  facet normal 0.659343 0.751842 -0
    outer loop
      vertex -17.435 -29.1734 0
      vertex -17.8284 -28.8284 2.4
      vertex -17.435 -29.1734 2.4
    endloop
  endfacet
  facet normal 0.659343 0.751842 0
    outer loop
      vertex -17.8284 -28.8284 2.4
      vertex -17.435 -29.1734 0
      vertex -17.8284 -28.8284 0
    endloop
  endfacet
  facet normal 0.980776 -0.195135 0
    outer loop
      vertex -18.9658 -9.47789 2.4
      vertex -18.8637 -8.96472 0
      vertex -18.8637 -8.96472 2.4
    endloop
  endfacet
  facet normal 0.980776 -0.195135 0
    outer loop
      vertex -18.8637 -8.96472 0
      vertex -18.9658 -9.47789 2.4
      vertex -18.9658 -9.47789 0
    endloop
  endfacet
  facet normal 0.94692 -0.321469 0
    outer loop
      vertex -18.8637 -8.96472 2.4
      vertex -18.6955 -8.46927 0
      vertex -18.6955 -8.46927 2.4
    endloop
  endfacet
  facet normal 0.94692 -0.321469 0
    outer loop
      vertex -18.6955 -8.46927 0
      vertex -18.8637 -8.96472 2.4
      vertex -18.8637 -8.96472 0
    endloop
  endfacet
  facet normal -0.555613 -0.831441 0
    outer loop
      vertex 17 -6.5359 0
      vertex 17.435 -6.82659 2.4
      vertex 17 -6.5359 2.4
    endloop
  endfacet
  facet normal -0.555613 -0.831441 -0
    outer loop
      vertex 17.435 -6.82659 2.4
      vertex 17 -6.5359 0
      vertex 17.435 -6.82659 0
    endloop
  endfacet
  facet normal -0.831462 -0.555582 0
    outer loop
      vertex 18.4641 -8 0
      vertex 18.1734 -7.56495 2.4
      vertex 18.1734 -7.56495 0
    endloop
  endfacet
  facet normal -0.831462 -0.555582 0
    outer loop
      vertex 18.1734 -7.56495 2.4
      vertex 18.4641 -8 0
      vertex 18.4641 -8 2.4
    endloop
  endfacet
  facet normal 0.321464 -0.946922 0
    outer loop
      vertex -16.5307 -6.30448 0
      vertex -16.0353 -6.1363 2.4
      vertex -16.5307 -6.30448 2.4
    endloop
  endfacet
  facet normal 0.321464 -0.946922 0
    outer loop
      vertex -16.0353 -6.1363 2.4
      vertex -16.5307 -6.30448 0
      vertex -16.0353 -6.1363 0
    endloop
  endfacet
  facet normal 0.195087 -0.980786 0
    outer loop
      vertex -16.0353 -6.1363 0
      vertex -15.5221 -6.03422 2.4
      vertex -16.0353 -6.1363 2.4
    endloop
  endfacet
  facet normal 0.195087 -0.980786 0
    outer loop
      vertex -15.5221 -6.03422 2.4
      vertex -16.0353 -6.1363 0
      vertex -15.5221 -6.03422 0
    endloop
  endfacet
  facet normal -0.195124 0.980779 0
    outer loop
      vertex 16.0353 -29.8637 0
      vertex 15.5221 -29.9658 2.4
      vertex 16.0353 -29.8637 2.4
    endloop
  endfacet
  facet normal -0.195124 0.980779 0
    outer loop
      vertex 15.5221 -29.9658 2.4
      vertex 16.0353 -29.8637 0
      vertex 15.5221 -29.9658 0
    endloop
  endfacet
  facet normal 0.0653646 0.997861 -0
    outer loop
      vertex -15 -30 0
      vertex -15.5221 -29.9658 2.4
      vertex -15 -30 2.4
    endloop
  endfacet
  facet normal 0.0653646 0.997861 0
    outer loop
      vertex -15.5221 -29.9658 2.4
      vertex -15 -30 0
      vertex -15.5221 -29.9658 0
    endloop
  endfacet
  facet normal -0.896887 -0.44226 0
    outer loop
      vertex 18.6955 -8.46927 0
      vertex 18.4641 -8 2.4
      vertex 18.4641 -8 0
    endloop
  endfacet
  facet normal -0.896887 -0.44226 0
    outer loop
      vertex 18.4641 -8 2.4
      vertex 18.6955 -8.46927 0
      vertex 18.6955 -8.46927 2.4
    endloop
  endfacet
  facet normal -0.442238 0.896898 0
    outer loop
      vertex 17 -29.4641 0
      vertex 16.5307 -29.6955 2.4
      vertex 17 -29.4641 2.4
    endloop
  endfacet
  facet normal -0.442238 0.896898 0
    outer loop
      vertex 16.5307 -29.6955 2.4
      vertex 17 -29.4641 0
      vertex 16.5307 -29.6955 0
    endloop
  endfacet
  facet normal -0.321498 0.94691 0
    outer loop
      vertex 16.5307 -29.6955 0
      vertex 16.0353 -29.8637 2.4
      vertex 16.5307 -29.6955 2.4
    endloop
  endfacet
  facet normal -0.321498 0.94691 0
    outer loop
      vertex 16.0353 -29.8637 2.4
      vertex 16.5307 -29.6955 0
      vertex 16.0353 -29.8637 0
    endloop
  endfacet
  facet normal -0.94691 0.321498 0
    outer loop
      vertex 18.6955 -27.5307 0
      vertex 18.8637 -27.0353 2.4
      vertex 18.8637 -27.0353 0
    endloop
  endfacet
  facet normal -0.94691 0.321498 0
    outer loop
      vertex 18.8637 -27.0353 2.4
      vertex 18.6955 -27.5307 0
      vertex 18.6955 -27.5307 2.4
    endloop
  endfacet
  facet normal -0.831432 0.555626 0
    outer loop
      vertex 18.1734 -28.435 0
      vertex 18.4641 -28 2.4
      vertex 18.4641 -28 0
    endloop
  endfacet
  facet normal -0.831432 0.555626 0
    outer loop
      vertex 18.4641 -28 2.4
      vertex 18.1734 -28.435 0
      vertex 18.1734 -28.435 2.4
    endloop
  endfacet
  facet normal -0.980779 0.195124 0
    outer loop
      vertex 18.8637 -27.0353 0
      vertex 18.9658 -26.5221 2.4
      vertex 18.9658 -26.5221 0
    endloop
  endfacet
  facet normal -0.980779 0.195124 0
    outer loop
      vertex 18.9658 -26.5221 2.4
      vertex 18.8637 -27.0353 0
      vertex 18.8637 -27.0353 2.4
    endloop
  endfacet
  facet normal -0.751842 0.659343 0
    outer loop
      vertex 17.8284 -28.8284 0
      vertex 18.1734 -28.435 2.4
      vertex 18.1734 -28.435 0
    endloop
  endfacet
  facet normal -0.751842 0.659343 0
    outer loop
      vertex 18.1734 -28.435 2.4
      vertex 17.8284 -28.8284 0
      vertex 17.8284 -28.8284 2.4
    endloop
  endfacet
  facet normal -0.659343 0.751842 0
    outer loop
      vertex 17.8284 -28.8284 0
      vertex 17.435 -29.1734 2.4
      vertex 17.8284 -28.8284 2.4
    endloop
  endfacet
  facet normal -0.659343 0.751842 0
    outer loop
      vertex 17.435 -29.1734 2.4
      vertex 17.8284 -28.8284 0
      vertex 17.435 -29.1734 0
    endloop
  endfacet
  facet normal 0.751842 0.659343 0
    outer loop
      vertex -17.8284 -28.8284 2.4
      vertex -18.1734 -28.435 0
      vertex -18.1734 -28.435 2.4
    endloop
  endfacet
  facet normal 0.751842 0.659343 0
    outer loop
      vertex -18.1734 -28.435 0
      vertex -17.8284 -28.8284 2.4
      vertex -17.8284 -28.8284 0
    endloop
  endfacet
  facet normal 0.831432 0.555626 0
    outer loop
      vertex -18.1734 -28.435 2.4
      vertex -18.4641 -28 0
      vertex -18.4641 -28 2.4
    endloop
  endfacet
  facet normal 0.831432 0.555626 0
    outer loop
      vertex -18.4641 -28 0
      vertex -18.1734 -28.435 2.4
      vertex -18.1734 -28.435 0
    endloop
  endfacet
  facet normal 1 0 0
    outer loop
      vertex -10 -60.6 9.4
      vertex -10 -63 9.4
      vertex -10 -60.6 2.4
    endloop
  endfacet
  facet normal 1 -0 0
    outer loop
      vertex -10 -60.6 2.4
      vertex -10 -59.4 0
      vertex -10 -59.4 2.4
    endloop
  endfacet
  facet normal 1 0 0
    outer loop
      vertex -10 -60.6 2.4
      vertex -10 -63 0
      vertex -10 -59.4 0
    endloop
  endfacet
  facet normal 1 0 0
    outer loop
      vertex -10 -63 0
      vertex -10 -60.6 2.4
      vertex -10 -63 9.4
    endloop
  endfacet
  facet normal 0 0 -1
    outer loop
      vertex -10 -63 9.4
      vertex 10 -60.6 9.4
      vertex 10 -63 9.4
    endloop
  endfacet
  facet normal -0 0 -1
    outer loop
      vertex 10 -60.6 9.4
      vertex -10 -63 9.4
      vertex -10 -60.6 9.4
    endloop
  endfacet
  facet normal -1 0 0
    outer loop
      vertex 10 -59.4 0
      vertex 10 -60.6 2.4
      vertex 10 -59.4 2.4
    endloop
  endfacet
  facet normal -1 0 0
    outer loop
      vertex 10 -63 0
      vertex 10 -60.6 2.4
      vertex 10 -59.4 0
    endloop
  endfacet
  facet normal -1 0 0
    outer loop
      vertex 10 -63 9.4
      vertex 10 -60.6 2.4
      vertex 10 -63 0
    endloop
  endfacet
  facet normal -1 0 0
    outer loop
      vertex 10 -60.6 2.4
      vertex 10 -63 9.4
      vertex 10 -60.6 9.4
    endloop
  endfacet
  facet normal 0 -1 0
    outer loop
      vertex -10 -59.4 0
      vertex 10 -59.4 2.4
      vertex -10 -59.4 2.4
    endloop
  endfacet
  facet normal 0 -1 -0
    outer loop
      vertex 10 -59.4 2.4
      vertex -10 -59.4 0
      vertex 10 -59.4 0
    endloop
  endfacet
  facet normal 0 0 -1
    outer loop
      vertex 101.6 3.75 19.25
      vertex 104 16.25 19.25
      vertex 104 3.75 19.25
    endloop
  endfacet
  facet normal -0 0 -1
    outer loop
      vertex 104 16.25 19.25
      vertex 101.6 3.75 19.25
      vertex 101.6 16.25 19.25
    endloop
  endfacet
  facet normal -0 0 1
    outer loop
      vertex 101.6 16.25 11.75
      vertex 104 3.75 11.75
      vertex 104 16.25 11.75
    endloop
  endfacet
  facet normal 0 0 1
    outer loop
      vertex 104 3.75 11.75
      vertex 101.6 16.25 11.75
      vertex 101.6 3.75 11.75
    endloop
  endfacet
  facet normal 0 1 -0
    outer loop
      vertex 104 3.75 11.75
      vertex 101.6 3.75 19.25
      vertex 104 3.75 19.25
    endloop
  endfacet
  facet normal 0 1 0
    outer loop
      vertex 101.6 3.75 19.25
      vertex 104 3.75 11.75
      vertex 101.6 3.75 11.75
    endloop
  endfacet
  facet normal 0 -1 0
    outer loop
      vertex 101.6 16.25 11.75
      vertex 104 16.25 19.25
      vertex 101.6 16.25 19.25
    endloop
  endfacet
  facet normal 0 -1 -0
    outer loop
      vertex 104 16.25 19.25
      vertex 101.6 16.25 11.75
      vertex 104 16.25 11.75
    endloop
  endfacet
  facet normal 0 0 -1
    outer loop
      vertex 101.6 -16.25 19.25
      vertex 104 -3.75 19.25
      vertex 104 -16.25 19.25
    endloop
  endfacet
  facet normal -0 0 -1
    outer loop
      vertex 104 -3.75 19.25
      vertex 101.6 -16.25 19.25
      vertex 101.6 -3.75 19.25
    endloop
  endfacet
  facet normal 0 -1 0
    outer loop
      vertex 101.6 -3.75 11.75
      vertex 104 -3.75 19.25
      vertex 101.6 -3.75 19.25
    endloop
  endfacet
  facet normal 0 -1 -0
    outer loop
      vertex 104 -3.75 19.25
      vertex 101.6 -3.75 11.75
      vertex 104 -3.75 11.75
    endloop
  endfacet
  facet normal -0 0 1
    outer loop
      vertex 101.6 -3.75 11.75
      vertex 104 -16.25 11.75
      vertex 104 -3.75 11.75
    endloop
  endfacet
  facet normal 0 0 1
    outer loop
      vertex 104 -16.25 11.75
      vertex 101.6 -3.75 11.75
      vertex 101.6 -16.25 11.75
    endloop
  endfacet
  facet normal 0 1 -0
    outer loop
      vertex 104 -16.25 11.75
      vertex 101.6 -16.25 19.25
      vertex 104 -16.25 19.25
    endloop
  endfacet
  facet normal 0 1 0
    outer loop
      vertex 101.6 -16.25 19.25
      vertex 104 -16.25 11.75
      vertex 101.6 -16.25 11.75
    endloop
  endfacet
  facet normal 0 0 -1
    outer loop
      vertex 101.6 -37.5 17.5
      vertex 104 -22.5 17.5
      vertex 104 -37.5 17.5
    endloop
  endfacet
  facet normal -0 0 -1
    outer loop
      vertex 104 -22.5 17.5
      vertex 101.6 -37.5 17.5
      vertex 101.6 -22.5 17.5
    endloop
  endfacet
  facet normal -0 0 1
    outer loop
      vertex 101.6 -22.5 13.5
      vertex 104 -37.5 13.5
      vertex 104 -22.5 13.5
    endloop
  endfacet
  facet normal 0 0 1
    outer loop
      vertex 104 -37.5 13.5
      vertex 101.6 -22.5 13.5
      vertex 101.6 -37.5 13.5
    endloop
  endfacet
  facet normal 0 1 -0
    outer loop
      vertex 104 -37.5 13.5
      vertex 101.6 -37.5 17.5
      vertex 104 -37.5 17.5
    endloop
  endfacet
  facet normal 0 1 0
    outer loop
      vertex 101.6 -37.5 17.5
      vertex 104 -37.5 13.5
      vertex 101.6 -37.5 13.5
    endloop
  endfacet
  facet normal 0 -1 0
    outer loop
      vertex 101.6 -22.5 13.5
      vertex 104 -22.5 17.5
      vertex 101.6 -22.5 17.5
    endloop
  endfacet
  facet normal 0 -1 -0
    outer loop
      vertex 104 -22.5 17.5
      vertex 101.6 -22.5 13.5
      vertex 104 -22.5 13.5
    endloop
  endfacet
endsolid OpenSCAD_Model
